celex,recordId,programKey,annex,measure,startDate,reason,schema,name,alias,weakAlias,previousName,country,nationality,jurisdiction,birthDate,birthPlace,position,passportNumber,gender,appearance,ethnicity,fatherName,motherName,incorporationDate,legalForm,sector,registrationNumber,taxNumber,idNumber,innCode,ogrnCode,kppCode,okpoCode,leiCode,swiftBic,ticker,imoNumber,mmsi,flag,address,phone,email,website,notes
32014R0833,1,EU-RUS,III,Financial restrictions,,,LegalEntity,SBERBANK,,,,,,,,,,,,,,,,,,,,,,,,,,,,,,,,,,,,
32014R0833,2,EU-RUS,III,Financial restrictions,,,LegalEntity,VTB BANK,,,,,,,,,,,,,,,,,,,,,,,,,,,,,,,,,,,,
32014R0833,3,EU-RUS,III,Financial restrictions,,,LegalEntity,GAZPROMBANK,,,,,,,,,,,,,,,,,,,,,,,,,,,,,,,,,,,,
32014R0833,4,EU-RUS,III,Financial restrictions,,,LegalEntity,VNESHECONOMBANK (VEB),,,,,,,,,,,,,,,,,,,,,,,,,,,,,,,,,,,,
32014R0833,5,EU-RUS,III,Financial restrictions,,,LegalEntity,ROSSELKHOZBANK,,,,,,,,,,,,,,,,,,,,,,,,,,,,,,,,,,,,
32014R0833,1,EU-RUS,IV,Export control,12.9.2014,,LegalEntity,JSC Sirius,Открытое Акционерное Общество «Концерн «Сириус» (ОАО «Концерн «Сириус»); JSC Concern Sirius; Kontsern Sirius,,,,,,,,,,,,,,,,,,7704730655 (Tax ID/INN),,,,,,,,,,,,,"119435, Moscow, Pirogovskaya M. Str., 18, Building 1, Russian Federation",+ 7 (495) 926-78-9; + 7 (495) 772-42-82; + 7 (926) 998-67-10,,www.con-sirius.ru; http://rostec.ru/about/company/341,
32014R0833,2,EU-RUS,IV,Export control,12.9.2014,,LegalEntity,OJSC Stankoinstrument,Акционерное Общество «РТ-Станкоинструмент» (АО «РТ-Станкоинструмент»); Joint Stock Company “RT-Stankoinstrument”,,,,,,,,,,,,,,,,,,7702715348 (Tax ID/INN),,,,,,,,,,,,,"107996, Moscow, Gilyarovskogo Str., 65, Building 1, Russian Federation","+ 7 (495) 681-16-18, 681-10-39",info@rt-stanko.ru,http://www.rt-stanko.ru,
32014R0833,3,EU-RUS,IV,Export control,12.9.2014,,LegalEntity,OAO JSC Chemcomposite,Акционерное Общество «РТ-Химические технологии и композиционные материалы» (АО «РТ-Химкомпозит»); OJSC Khimkompozit; RT-Chemical Technologies and Composite Materials,,,,,,,,,,,,,,,,,,7734613934 (Tax ID/INN),,,,,,,,,,,,,"117218, Moscow, Krzhiszhanovskogo Str., 29, Room 6, Russian Federation; 119435, Bolshoy Savvinskiy Lane, 11, Entrance 1, Floor 4, Russian Federation",+ 7 (495) 783-6444,office@rt-cc.ru,http://rt-chemcomposite.ru/,
32014R0833,4,EU-RUS,IV,Export control,12.9.2014,,LegalEntity,JSC Kalashnikov,Акционерное Общество «Концерн «Калашников» (АО «Концерн «Калашников»); JSC Concern Kalashnikov; Izhevskiy Mashinostroitel’nyi Zavod; NPO Izhmash,,,,,,,,,,,,,,,,,,1832090230 (Tax ID/INN),,,,,,,,,,,,,"426006, Udmurt Republic, Izhevsk, Deryabina Avenue, 2/193, Room 78, Russian Federation",8-800-200-1807,,https://kalashnikovgroup.ru,
32014R0833,5,EU-RUS,IV,Export control,12.9.2014,,LegalEntity,JSC Tula Arms Plant,Публичное Акционерное Общество «Императорский Тульский Оружейный Завод» (ПАО «Императорский Тульский Оружейный Завод»); PJSC Imperial Tula Arms Plant; Public Joint Stock Company “Imperatorsky Tulsky Oruzheiny Zavod”,,,,,,,,,,,,,,,,,,7107003303 (Tax ID/INN),,,,,,,,,,,,,"300041, Tula Oblast, Tula, Sovetskaya Str., 1A, Russian Federation",+ 7 (4872) 32-14-99,mail@tulatoz.ru,https://www.itoz.ru/,
32014R0833,6,EU-RUS,IV,Export control,12.9.2014,,LegalEntity,NPK Technologii Maschinostrojenija,Акционерное Общество «Научно-Производственный Концерн «Технологии Машиностроения» (АО «НПК «Техмаш»); NPK Engineering Technology; Tecmash Concern; Kontsern “Tecmash” JSC Research and Production Concern Machine Building Technologies; JSC “Scientific-Production Concern “Mechanical Engineering”; Joint Stock Company Scientific Production Concern Tekhmash,,,,,,,,,,,,,,,,,,7743813961 (Tax ID/INN),,,,,,,,,,,,,"115184, Moscow, Bolshaya Tatarskaya Str., 35, Building 5, Office 728, Russian Federation; 125212, Moscow, Leningradskoe Highway, 58, Building 4, Russian Federation",+ 7 (495) 459-99-05; + 7 (495) 459-98-81,info@tecmash.ru,http://www.tecmash.ru/,
32014R0833,7,EU-RUS,IV,Export control,12.9.2014,,LegalEntity,OAO Wysokototschnye Kompleksi,Акционерное Общество «НПО «Высокоточные Комплексы» (АО «НПО «Высокоточные Комплексы»); JSC NPO “High-precision complexes”; High Precision Systems; NPO Vysokotochnye Kompleksy AO,,,,,,,,,,,,,,,,,,7704721192 (Tax ID/INN),,,,,,,,,,,,,"119019, Moscow, Gogolevsky Boulevard, 21, Building 1, Russian Federation; 121059, Moscow, Kievskaya Str., 7, Russian Federation",+ 7 (495) 981-92-77,npovk@npovk.ru,https://www.npovk.ru/,
32014R0833,8,EU-RUS,IV,Export control,12.9.2014,,LegalEntity,OAO Almaz Antey,"Акционерное Общество «Концерн Воздушно-Космической Обороны «Алмаз - Антей» (АО «Концерн ВКО «Алмаз - Антей»); JSC Concern VKO “Almaz-Antey”; Almaz-Antey Corporation; “Almaz – Antey” Air and Space Defence Corporation”, Joint Stock Company",,,,,,,,,,,,,,,,,,7731084175 (Tax ID/INN),,,,,,,,,,,,,"121471, Moscow, Vereyskaya Str., 41, Russian Federation","+ 7 (495) 276 29 75, + 7 (495) 231 70 45, + 7 (495) 276 29 80, + 7 (495) 231 70 45",antey@almaz-antey.ru,http://www.almaz-antey.ru/,
32014R0833,9,EU-RUS,IV,Export control,12.9.2014,,LegalEntity,OAO NPO Bazalt,Акционерное Общество ‘Научно-Производственное Объединение ‘Базальт’” (АО “НПО ‘Базальт’”); JSC “Scientific and Production Association ‘Basalt’”; Joint Stock Company “Research and Production Association ‘BAZALT’”,,,,,,,,,,,,,,,,,,7719830028 (Tax ID/INN),,,,,,,,,,,,,"105318, Moscow, Velyaminovskaya Str. 32, Russian Federation; 141292, Krasnoarmeysk, Dachnaya Str., 2A, Russian Federation; 300004, Tula, Shcheglovskaya Zaseka Str., 53, Russian Federation; 157800, Nerekhta, Metallistov Square, 1, Russian Federation",+ 7 (499) 369-01-22; + 7 (495) 993-60-81; + 7 (4872) 70-18-26; + 7 (49431) 7-55-43,moscow@bazalt.ru; knpp@bazalt.ru; tpp@bazalt.ru; nmz@bazalt.ru,https://bazalt.ru/,
32014R0833,10,EU-RUS,IV,Export control,25.2.2022,,LegalEntity,Admiralty Shipyard JSC,Акционерное Общество «Адмиралтейские Верфи» (АО «Адмиралтейские Верфи»); JSC Admiralteyskiye Verfi; Soviet Shipyard No. 194,,,,,,,,,,,,,,,,,,7839395419 (Tax ID/INN),,,,,,,,,,,,,"190121, St. Petersburg, Fontanka River Embankment, 203, Russian Federation",+ 7 (812) 714-88-33,info@ashipyards.com,http://admship.ru/,
32014R0833,11,EU-RUS,IV,Export control,25.2.2022,,LegalEntity,Aleksandrov Scientific Research Technological Institute NITI,Федеральное Государственное Унитарное Предприятие «Научно-Исследовательский Технологический Институт имени А.П. Александрова» (ФГУП «НИТИ им. А.П. Александрова»); Federal State unitary Enterprise Alexandrov Research Institute of Technology; FGUP “A.P. Aleksandrov NITI”; FSUE Alexandrov NITI,,,,,,,,,,,,,,,,,,4714000067 (Tax ID/INN),,,,,,,,,,,,,"188540, Leningrad Oblast, Sosnovy Bor, Koporskoye Shosse, 72, Russian Federation",+ 7 81369 22667,foton@niti.ru,https://niti.ru/,
32014R0833,12,EU-RUS,IV,Export control,25.2.2022,,LegalEntity,Argut OOO,Общество с Ограниченной Ответственностью «Аргут» (ООО «Аргут»); Argut LLC,,,,,,,,,,,,,,,,,,7714419505 (Tax ID/INN),,,,,,,,,,,,,"127287, Moscow, Khutorskaya Str., 2, 38A, Building 1, Russian Federation; 123007, Moscow, Mnyovniki Str., 6, Floor 3, Premises II, Room 13, Russian Federation; 123007, Moscow, 2nd Magistralny Tupik, 7A, Building 1, Russian Federation; 123423, Moscow, MO Khoroshevo-Mnevniki, Narodnogo Opolcheniya Str., 34, Floor 3, Office 330, Russian Federation",8 499 346-06-32; 8 800 555-60-12,info@argut.net,https://argut.net/,
32014R0833,13,EU-RUS,IV,Export control,25.2.2022,,LegalEntity,Communication Center of the Ministry of Defense,Департамент информации и массовых коммуникаций Министерства обороны Российской Федерации; Department of Information and Mass Communications of the Ministry of Defence of the Russian Federation,,,,,,,,,,,,,,,,,,,,,,,,,,,,,,,"119019, Moscow, Khamovniki, Bolshoi Znamensky Pereulok, 21, Russian Federation; 119160, Moscow, Frunzenskaya Embankment, 22/2, Russian Federation",8 (495) 498-02-74,press@mil.ru,https://structure.mil.ru/structure/ministry_of_defence/details.htm?id=9581@egOrganization,
32014R0833,14,EU-RUS,IV,Export control,25.2.2022,,LegalEntity,Federal Research Center Boreskov Institute of Catalysis,"Федеральное Государственное Бюджетное Учреждение Науки «Федеральный Исследовательский Центр «Институт Катализа им. Г.К. Борескова Сибирского Отделения Российской Академии Наук» (ИК СО РАН, Институт Катализа СО РАН); Institute of Catalysis named after G. K. Boreskov SB RAS; IR SB RAS; Institute of Catalysis SB RAS; BIC",,,,,,,,,,,,,,,,,,5408100177 (Tax ID/INN),,,,,,,,,,,,,"630090, Novosibirsk Oblast, Novosibirsk, Akademika Lavrentiev Prospekt, 5, Russian Federation",+ 7 (383) 330-80-56,bic@catalysis.ru,https://catalysis.ru /,
32014R0833,15,EU-RUS,IV,Export control,25.2.2022,,LegalEntity,Federal State Budgetary Enterprise of the Administration of the President of Russia,Управление делами Президента Российской Федерации; Administration of the President of the Russian Federation; The Administrative Directorate of the President of the Russian Federation,,,,,,,,,,,,,,,,,,7710023340 (Tax ID/INN),,,,,,,,,,,,,"103132, Moscow, Nikitnikov Pereulok, 2, Building 5, Russian Federation",+ 7 495 606-92-33,udprf@gov.ru,https://udprf.ru/,
32014R0833,16,EU-RUS,IV,Export control,25.2.2022,,LegalEntity,Federal State Budgetary Enterprise Special Flight Unit Rossiya of the Administration of the President of Russia,Федеральное Государственное Бюджетное Учреждение «Специальный Летный Отряд «Россия» Управления Делами Президента Российской Федерации (ФГБУ «СЛО «Россия»); Federal State Budgetary Institution “Special Flight Detachment “Russia”; FGBU SLO Rossya; Federal State Budgetary Institution “Special Flight Squad” Russia”,,,,,,,,,,,,,,,,,,7732537999 (Tax ID/INN),,,,,,,,,,,,,"119027, Moscow, 1st Reisovaya Str., 2, Russian Federation",+ 7 495 122-99-99; + 7 495 122-99-45,office@sfdrussia.ru,https://udprf.ru/content/federalnoe-gosudarstvennoe-byudzhetnoe-uchrezhdenie-specialnyy-letnyy-otryad-rossiya,
32014R0833,17,EU-RUS,IV,Export control,25.2.2022,,LegalEntity,Federal State Unitary Enterprise Dukhov Automatics Research Institute (VNIIA),Федеральное Государственное Унитарное Предприятие «Всероссийский Научно-Исследовательский Институт Автоматики им. Н.Л. Духова» (ФГУП «ВНИИА»); Federal State Unitary Enterprise “All-Russian Research Institute of Automation named after N.L. Dukhov”; FSUE “VNIIA”,,,,,,,,,,,,,,,,,,7707074137 (Tax ID/INN),,,,,,,,,,,,,"127030, Moscow, Sushchevskaya S, 22, Russian Federation",+ 7 (499) 978-7803,vniia@vniia.ru,https://vniia.ru/,
32014R0833,18,EU-RUS,IV,Export control,25.2.2022,,LegalEntity,Foreign Intelligence Service (SVR),Служба Внешней Разведки Российской Федерации (СВР России); Foreign Intelligence Service of the Russian Federation (SVR of Russia),,,,,,,,,,,,,,,,,,7728302546 (Tax ID/INN),,,,,,,,,,,,,"119034, Moscow, Ostozhenka Str., 51, Building 1, Russian Federation",+ 7 495 247-19-38; + 7 (499) 245-3368; + 7 (499) 255-7938,,http://свр.рф/,
32014R0833,19,EU-RUS,IV,Export control,25.2.2022,,LegalEntity,Forensic Center of Nizhniy Novgorod Region Main Directorate of the Ministry of Interior Affairs,Главное Управление Министерства Внутренних Дел Российской Федерации по Нижегородской Области (ГУ МВД России по Нижегородской Области); Main Directorate of the Ministry of Internal Affairs of the Russian Federation for the Nizhny Novgorod Region; GU MIA of Russia for the Nizhny Novgorod Region,,,,,,,,,,,,,,,,,,5260040766 (Tax ID/INN),,,,,,,,,,,,,"603000, Nizhny Novgorod Oblast, Nizhny Novgorod, Maxim Gorky Str., 71, Russian Federation",268-73-06,,http://mvdnn.ru/,
32014R0833,20,EU-RUS,IV,Export control,25.2.2022,,LegalEntity,International Center for Quantum Optics and Quantum Technologies (The Russian Quantum Center),Общество с Ограниченной Ответственностью «Международный Центр Квантовой Оптики И Квантовых Технологий» (ООО «МЦКТ»); Российский квантовый центр (РКЦ); RCC; RQC; LLC “MCCT”; OOO MTsKT,,,,,,,,,,,,,,,,,,7743801910 (Tax ID/INN),,,,,,,,,,,,,"121205, Moscow, Territory of the Skolkovo Innovation Center, Bolshoi Boulevard, 30, Building 1, Russian Federation",+ 7 495 280 1291,mail@rqc.ru,https://rqc.ru/,
32014R0833,21,EU-RUS,IV,Export control,25.2.2022,,LegalEntity,Irkut Corporation,Публичное Акционерное Общество «Яковлев» (ПАО «Яковлев»); Публичное Акционерное Общество «Научно-Производственная Корпорация «Иркут» (ПАО «Корпорация «Иркут»); Public Joint Stock Company Yakovlev; PJSC Yakovlev; Irkut Research and Production Corporation Public Joint Company; PJSC Irkut Corporation,,,,,,,,,,,,,,,,,,3807002509 (Tax ID/INN),,,,,,,,,,,,,"125315, Moscow, Leningradsky Prospekt, 68, Russian Federation",+ 7 495 777-21-01,office@yakovlev.ru,https://yakovlev.ru/,
32014R0833,22,EU-RUS,IV,Export control,25.2.2022,,LegalEntity,Joint Stock Company Scientific Research Institute of Computing Machinery,Акционерное Общество «Научно-Исследовательский Институт Средств Вычислительной Техники» (АО «НИИ СВТ»); Scientific Research Institute of Computer Technology; JSC NII SVT; AO NII SVT,,,,,,,,,,,,,,,,,,4345309407 (Tax ID/INN),,,,,,,,,,,,,"610025, Kirov, Melnichnaya Str., 31, Russian Federation",8(8332) 67-99-75,niisvt@niisvt.ru,https://niisvt.ru/,
32014R0833,23,EU-RUS,IV,Export control,25.2.2022,,LegalEntity,JSC Central Research Institute of Machine Building (JSC TsNIIMash),Акционерное Общество «Центральный Научно-Исследовательский Институт Машиностроения» (АО «ЦНИИМаш»); Federal State Unitary Enterprise Central Research Institute for Machine Building,,,,,,,,,,,,,,,,,,5018200994 (Tax ID/INN),,,,,,,,,,,,,"141070, Moscow Oblast, Korolev, Pionerskaya Str. 4, Building 22, Russian Federation",+ 7 (495) 513-59-51,corp@tsniimash.ru,https://www.tsniimash.ru/,
32014R0833,24,EU-RUS,IV,Export control,25.2.2022,,LegalEntity,JSC Kazan Helicopter Plant Repair Service,"Акционерное Общество «Казанский Вертолетный Завод-Ремонт, Сервис» (АО «КВЗ-РемСервис»); Kazanski Vertoletny Zavod Remservis; KVZ Remservis",,,,,,,,,,,,,,,,,,1653002439 (Tax ID/INN),,,,,,,,,,,,,"420085, Republic of Tatarstan, Kazan, Tetsevskaya Str., 14, Building 22, Russian Federation",+ 7 (843) 571-90-67,info@kvz-remservice.ru,https://kvz-remservice.ru/,
32014R0833,25,EU-RUS,IV,Export control,25.2.2022,,LegalEntity,JSC Shipyard Zaliv (Zaliv Shipbuilding Yard),Открытое Акционерное Общество «Судостроительный Завод «Залив» (ОАО «Судостроительный Завод «Залив»); Zaliv Shipbuilding Plant,,,,,,,,,,,,,,,,,,9111001119 (Tax ID/INN),,,,,,,,,,,,,"298310, Republic of Crimea, Kerch, Tankistov Str., 4",+ 7 978 705-23-88,zaliv@zaliv.com,http://zaliv.com/,
32014R0833,26,EU-RUS,IV,Export control,25.2.2022,,LegalEntity,JSC Rocket and Space Centre – Progress,«Ракетно-Космический Центр «Прогресс» (РКЦ «Прогресс»); JSC Progress; RKTs Progress; Progress Rocket Space Centre,,,,,,,,,,,,,,,,,,6312139922 (Tax ID/INN),,,,,,,,,,,,,"443009, Samara Oblast, Samara, Zemets Str., 18, Russian Federation; Moscow, Gilyarovsky Str., 39, Building 1, Room 203, Russian Federation; Arkhangelsk Oblast, Mirny, Lesnaya Str., 10, Russian Federation; Amur Oblast, Svobodnensky District, Uglegorsk Village, Marshala Nedelina Str., 13a, Russian Federation",+ 7 (846) 955-13-61,mail@samspace.ru,https://www.samspace.ru/,
32014R0833,27,EU-RUS,IV,Export control,25.2.2022,,LegalEntity,Kamensk-Uralsky Metallurgical Works JSC,Открытое Акционерное Общество «Каменск-Уральский Металлургический Завод» (ОАО «КУМЗ»); KUMZ JSC; Kamensk-Ural Metallurgical Plant,,,,,,,,,,,,,,,,,,6665002150 (Tax ID/INN),,,,,,,,,,,,,"623405, Sverdlovsk region, Kamensk-Uralsky, Zavodskaya Str., 5, Russian Federation",+ 7 (3439)39-51-16,any@kumw.ru,https://kumz.ru/,
32014R0833,28,EU-RUS,IV,Export control,25.2.2022,,LegalEntity,Kazan Helicopter Plant PJSC,Акционерное Общество «Казанский Вертолетный Завод» (АО «Казанский Вертолетный Завод»); Kazan Helicopters; Kazanski Vertoletny Zavod AO,,,,,,,,,,,,,,,,,,1656002652 (Tax ID/INN),,,,,,,,,,,,,"420085, Republic of Tatarstan, Kazan, Tetsevskaya Str., 14, Russian Federation",+ 7 (843) 549 66 99,kvz@kazanhelicopters.com,https://www.rhc.aero/structure/kazanskiy-vertoletnyy-zavod,
32014R0833,29,EU-RUS,IV,Export control,25.2.2022,,LegalEntity,Komsomolsk-na-Amur Aviation Production Organization (KNAAPO),Комсомольский-на-Амуре Авиационный Завод имени Ю. А. Гагарина (КнААЗ); Открытое Акционерное Общество «Комсомольское-на-Амуре Авиационное Производственное Объединение имени Ю.А. Гагарина» (ОАО «КнААПО»); Komsomolsk-on-Amur Aviation Plant named after Y. A. Gagarin; KnAAZ; Branch of PJSC United Aircraft Corporation Yuri Gagarin Komsomolsk-on-Amur Aircraft Plant; Branch of AO Company Sukhoi Yuri Gagarin Komsomolsk-on-Amur Aircraft Plant,,,,,,,,,,,,,,,,,,,,,,,,,,,,,,,"681018, Khabarovsk Krai, Komsomolsk-on-Amur, Sovetskaya Str., 1, Russian Federation",+ 7 (4217) 52-62-00; + 7 (4217) 22-85-25,info@knaaz.org,http://knaaz.org/; https://www.uacrussia.ru/ru/corporation/company/filial-otkrytogo-aktsionernogo-obshchestva-aviatsionnaya-kholdingovaya-kompaniya-sukhoy-komsomolskiy/,
32014R0833,30,EU-RUS,IV,Export control,25.2.2022,,LegalEntity,Ministry of Defence of the Russian Federation,Министерство Обороны Российской Федерации (Минобороны России); MOD RF; MO RF,,,,,,,,,,,,,,,,,,7704252261 (Tax ID/INN),,,,,,,,,,,,,"119019, Moscow, Znamenka Str., 19, Russian Federation",,info@mil.ru,http://mil.ru/,
32014R0833,31,EU-RUS,IV,Export control,25.2.2022,,LegalEntity,Moscow Institute of Physics and Technology,"Федеральное Государственное Автономное Образовательное Учреждение Высшего Образования «Московский Физико-Технический Институт (Национальный Исследовательский Университет)» (МФТИ, ФИЗТЕХ); MFTI, FizTech; MIPT",,,,,,,,,,,,,,,,,,5008006211(Tax ID/INN),,,,,,,,,,,,,"117303, Moscow, Kerchenskaya Str., 1A, Building 1, Russian Federation; 141701, Moscow Oblast, Dolgoprudny, Institutskiy Pereulok, 9, Russian Federation; 115184, Moscow, Klimentovsky Pereulok, 1, Building 1 (Moscow Campus), Russian Federation; 140180, Moscow Oblast, Zhukovsky, Gagarina Str., 16 (FALT), Russian Federation; 123098, Moscow, Maksimova Str., 4 (INBICST), Russian Federation; 117485, Moscow, Profsoyuznaya Str., 84/32 (Department of Applied Physics, FPFE), Russian Federation",+ 7 (495) 408-45-54,info@mipt.ru,http://mipt.ru/,
32014R0833,32,EU-RUS,IV,Export control,25.2.2022,,LegalEntity,NPO Splav JSC,Акционерное Общество «Научно-Производственное Объединение «Сплав» имени А.Н. Ганичева» (АО «НПО «Сплав» им. А.Н. Ганичева»); Scientific and Production Association “SPLAV”; JSC A.N. Ganichev Scientific and Production Association “SPLAV”,,,,,,,,,,,,,,,,,,7105515987 (Tax ID/INN),,,,,,,,,,,,,"300004, Tula Oblast, Tula, Shcheglovskaya Zaseka Str., 33, Russian Federation",+ 7 (4872) 25-55-64,popova.kd@splavtula.ru; nevmerzhitskiy.dn@splavtula.ru,https://splav-kran.ru/,
32014R0833,33,EU-RUS,IV,Export control,25.2.2022,,LegalEntity,OPK Oboronprom,Акционерное Общество «Объединенная Промышленная Корпорация «Оборонпром» (АО «ОПК «Оборонпром»); United Industrial Corporation Oboronprom,,,,,,,,,,,,,,,,,,7718218951 (Tax ID/INN),,,,,,,,,,,,,"121357, Moscow, Vereyskaya Str., 29, Building 141, Russian Federation",+ 7 (495) 984-02-15,mail@oboronprom.ru,https://oboronprom.com/; www.oboronprom.ru,
32014R0833,34,EU-RUS,IV,Export control,25.2.2022,,LegalEntity,PJSC Beriev Aircraft Company,Публичное Акционерное Общество «Таганрогский Авиационный Научно-Технический Комплекс им. Г.М. Бериева» (ПАО «ТАНТК им. Г.М. Бериева»); Taganrog Aviation Scientific and Technical Complex named after G. M. Beriev; Public Joint-Stock Company “Beriev Aircraft”; TANTK,,,,,,,,,,,,,,,,,,6154028021 (Tax ID/INN),,,,,,,,,,,,,"347923, Rostov Oblast, Taganrog, Aviatorov Square, 1, Russian Federation",+ 7 (8634) 390-901,info@beriev.com,http://beriev.com/,
32014R0833,35,EU-RUS,IV,Export control,25.2.2022,,LegalEntity,POLYUS Research Institute of M.F. Stelmakh Joint Stock Company,Акционерное Общество «Научно-Исследовательский Институт «Полюс» им. М.Ф.Стельмаха» (АО «НИИ «Полюс» им. М.Ф.Стельмаха»); Joint Stock Company Institute for Scientific Research Polyus Named After M. F. Stelmakha; NII Polyus; Polyus Scientific Research Institute,,,,,,,,,,,,,,,,,,7728816598 (Tax ID/INN),,,,,,,,,,,,,"117342, Moscow, Vvedenskogo Str. 3, Building 1, Russian Federation",+ 7 495 333-91-44,bereg@niipolyus.ru,https://niipolyus.ru/,
32014R0833,36,EU-RUS,IV,Export control,25.2.2022,,LegalEntity,"Promtech-Dubna, JSC",Акционерное Общество «Промтех-Дубна» (АО «Промтех-Дубна»),,,,,,,,,,,,,,,,,,5010041037 (Tax ID/INN),,,,,,,,,,,,,"141983, Moscow Oblast, Dubna, Programistov Str., 4, Room 364, Russian Federation; 141983, Moscow Oblast, Dubna, Nauki Prospekt, 14, Russian Federation",+ 7 (495) 526-69-93,info@promtech-dubna.ru,https://promtech-dubna.ru/,
32014R0833,37,EU-RUS,IV,Export control,25.2.2022,,LegalEntity,Public Joint Stock Company United Aircraft Corporation,Публичное Акционерное Общество «Объединенная Авиастроительная Корпорация» (ПАО «ОАК»); PAO AOK; PJSC UAC,,,,,,,,,,,,,,,,,,7708619320 (Tax ID/INN),,,,,,,,,,,,,"115054, Moscow, Bolshaya Pionerskaya Str., 1, Russian Federation",+ 7 495 926-14-20,office@uacrussia.ru,http://uacrussia.ru/,
32014R0833,38,EU-RUS,IV,Export control,25.2.2022,,LegalEntity,Radiotechnical and Information Systems (RTI) Concern,Акционерное Общество «Научно-Производственное Объединение Дальней Радиолокации» (АО «НПО Дальней Радиолокации»); Акционерное Общество «Концерн «Радиотехнические и Информационные Системы» (АО «Концерн «РТИ Системы»); RTI Systems; Joint Stock Company “Scientific and Production Association of Long-Range Radar”; AO NPO Dalney Radiolokatsii,,,,,,,,,,,,,,,,,,7713269230 (Tax ID/INN),,,,,,,,,,,,,"127083, Moscow, 8 Marta Str., 10, Building 1, Russian Federation",+ 7 (495) 723-83-49,inbox@krtis.ru,https://www.krtis.ru/,
32014R0833,39,EU-RUS,IV,Export control,25.2.2022,,LegalEntity,Rapart Services LLC,Общество с Ограниченной ответственностью «РАпарт Сервисез» (ООО «РАпарт Сервисез»),,,,,,,,,,,,,,,,,,7725497858 (Tax ID/INN),,,,,,,,,,,,,"141580, Moscow Oblast, Khimki, Dubrovki District, Aeroportskaya Str., 2/2, “Sherland” Business Centre, Russian Federation; 141580, Moscow Oblast, Khimki, Dubrovki District, Aeroportskaya Str., 6, Building 2, Russian Federation",+ 7 (495) 798-75-44,info@rapart.yakovlev.ru,https://rapart.aero/,
32014R0833,40,EU-RUS,IV,Export control,25.2.2022,,LegalEntity,Rosoboronexport OJSC (ROE),Акционерное Общество «Рособоронэкспорт» (АО «Рособоронэкспорт»),,,,,,,,,,,,,,,,,,7718852163 (Tax ID/INN),,,,,,,,,,,,,"107076, Moscow, Stromynka Str., 272, Russian Federation",+ 7 (495) 534 61 83,roe@roe.ru,https://roe.ru/,
32014R0833,41,EU-RUS,IV,Export control,25.2.2022,,LegalEntity,Rostec (Russian Technologies State Corporation),"Государственная Корпорация по Содействию Разработке, Производству и Экспорту Высокотехнологичной Промышленной Продукции «Ростех» (Государственная Корпорация «Ростех»); Rostekh; Russian Technologies; State Corporation for the Promotion of the Development, Manufacture, and Export of High-Tech Products “Rostec”; Rostekhnologii",,,,,,,,,,,,,,,,,,7704274402 (Tax ID/INN),,,,,,,,,,,,,"119991, Moscow, Gogolevsky Boulevard, 21, Building 1, Russian Federation; Moscow, Volokolamskoe Shosse, 75A, Russian Federation; 119048, Moscow, Usacheva Str., 24, Russian Federation",+ 7 (495) 287-25-25,info@rostec.ru,https://rostec.ru/,
32014R0833,42,EU-RUS,IV,Export control,25.2.2022,,LegalEntity,Rostekh – Azimuth,Акционерное Общество «Азимут» (АО «Азимут»); Azimut JSC,,,,,,,,,,,,,,,,,,7701583410 (Tax ID/INN),,,,,,,,,,,,,"125167, Moscow, Naryshkinskaya Alleya, 5, Building 2, Floor 2, Premises X, Room 15, Russian Federation",+ 7 495 926 37 69,mailbox@azimut.ru,https://azimut.ru/,
32014R0833,43,EU-RUS,IV,Export control,25.2.2022,,LegalEntity,Russian Aircraft Corporation MiG,Акционерное Общество «Российская Самолетостроительная Корпорация «МиГ» (АО «РСК «МиГ»); JSC “RAC MiG”; Mikoyan,,,,,,,,,,,,,,,,,,,,,,,,,,,,,,,"125171, Moscow, Leningradskoe Shosse, 6, Building 1, Russian Federation",+ 7(495) 721-81-00,inbox@rsk-mig.ru,http://www.migavia.ru/,
32014R0833,44,EU-RUS,IV,Export control,25.2.2022,,LegalEntity,Russian Helicopters JSC,Акционерное Общество «Вертолеты России» (АО «Вертолеты России»); AO Vertolety Rossii,,,,,,,,,,,,,,,,,,7731559044 (Tax ID/INN),,,,,,,,,,,,,"123610, Moscow, Bolshaya Pionerskaya, 1, Russian Federation; 123557, Moscow, Presnensky Val, 14, Russian Federation",+ 7 (495) 660-5560,hsc@hsc-copter.com,https://www.rhc.aero/,
32014R0833,45,EU-RUS,IV,Export control,25.2.2022,,LegalEntity,SP KVANT (Sovmestnoe Predpriyatie Kvantovye Tekhnologii),Общество с Ограниченной Ответственностью «Совместное Предприятие «Квантовые Технологии» (ООО «СП «Квант»); Joint Venture Quantum Technologies,,,,,,,,,,,,,,,,,,7726464220 (Tax ID/INN),,,,,,,,,,,,,"121205, Moscow, Territory of the Skolkovo Innovation Centre, Nobelya Str., 1, Russian Federation; 115230, Moscow, Varshavskoe Shosse, 46, Floor 6, Premises 600K, Russian Federation",+ 7 495 280 1291,NQL@rosatom.ru,https://quant-digital.ru/,
32014R0833,46,EU-RUS,IV,Export control,25.2.2022,,LegalEntity,Sukhoi Aviation JSC,Акционерное Общество «Авиационная Холдинговая Компания «Сухой» (АО «Компания «Сухой»); Joint Stock Company “Aviation Holding Company “Sukhoi”,,,,,,,,,,,,,,,,,,,,,,,,,,,,,,,"125284, Moscow, Polikarpova Str., 23B, Russian Federation",+ 7 (499) 550-01-06,info@sukhoi.org,https://www.sukhoi.org/,
32014R0833,47,EU-RUS,IV,Export control,25.2.2022,,LegalEntity,Sukhoi Civil Aircraft,Акционерное Общество «Гражданские Самолеты Сухого» (АО «ГСС»); SACC; Sukhoi Civil Aircraft Company (SCAC); AO GSS,,,,,,,,,,,,,,,,,,,,,,,,,,,,,,,"115280, Moscow, Leninskaya Sloboda Str., 26, Floor 1, Premises IV, Room 54, Russian Federation; 125284, Moscow, Polikarpova Str., 23B, Building 2, Russian Federation",7 (495) 727-19-88,info@scac.ru,http://www.scac.ru/,
32014R0833,48,EU-RUS,IV,Export control,25.2.2022,,LegalEntity,Tactical Missiles Corporation JSC,Акционерное Общество «Корпорация «Тактическое Ракетное Вооружение» (АО «Корпорация «Тактическое Ракетное Вооружение»); KTRV,,,,,,,,,,,,,,,,,,5099000013,,,,,,,,,,,,,"141080, Moscow Oblast, Korolev, Ilycha Str., 7, Russian Federation",+ 7 (495) 542-57-09,kmo@ktrv.ru,https://ktrv.ru/,
32014R0833,49,EU-RUS,IV,Export control,25.2.2022,,LegalEntity,Tupolev JSC,Акционерное Общество «Туполев» (АО «Туполев»),,,,,,,,,,,,,,,,,,7705313252 (Tax ID/INN),,,,,,,,,,,,,"105005, Moscow, Akademika Tupoleva Embankment, 17, Russian Federation",+ 7 (499) 263-77-77,info@tupolev.ru,https://tupolev.ru/,
32014R0833,50,EU-RUS,IV,Export control,25.2.2022,,LegalEntity,UEC-Saturn,Публичное Акционерное Общество «ОДК-Сатурн» (ПАО «ОДК-Сатурн»); United Engine Corporation – Saturn; ODK-Saturn PAO; PJSC UEC-Saturn,,,,,,,,,,,,,,,,,,7610052644 (Tax ID/INN),,,,,,,,,,,,,"152903, Yaroslavl Oblast, Rybinsk, Lenina Prospekt, 163, Russian Federation",+ 7 (4855) 329-000,saturn@uec-saturn.ru,https://www.uecrus.com/about/structure/pao-odk-saturn/,
32014R0833,51,EU-RUS,IV,Export control,25.2.2022,,LegalEntity,JSC AeroKompozit,Акционерное Общество «АэроКомпозит» (АО «АэроКомпозит»); Joint Stock Company “AeroComposit”,,,,,,,,,,,,,,,,,,7714759967 (Tax ID/INN),,,,,,,,,,,,,"125284, Moscow, Polikarpova Str. 23B, Building 2, Russian Federation; 125167, Moscow, Leningradsky Prospekt, 47, Russian Federation",+ 7 (495) 940-87-11,info@aerocomposit.ru,http://aerocomposit.ru (offline); https://www.yakovlev.ru/structure/aerocomposit/,
32014R0833,52,EU-RUS,IV,Export control,25.2.2022,,LegalEntity,United Engine Corporation,Акционерное Общество «Объединенная Двигателестроительная Корпорация» (АО «ОДК»); JSC UEC; AO ODK,,,,,,,,,,,,,,,,,,7731644035 (Tax ID/INN),,,,,,,,,,,,,"105118, Moscow, Budyonny Prospekt, 16, Russian Federation; 109147, Moscow, Mayakovsky Pereulok, 11, Russian Federation",+ 7 495 232 55 02; + 7 (499) 558-16-94,info@uecrus.com,https://uecrus.com/,
32014R0833,53,EU-RUS,IV,Export control,25.2.2022,,LegalEntity,UEC-Aviadvigatel JSC,Акционерное Общество «ОДК-Авиадвигатель» (АО «ОДК-Авиадвигатель»); AO ODK-Aviadvigatel,,,,,,,,,,,,,,,,,,5904000620 (Tax ID/INN),,,,,,,,,,,,,"614010, Perm Krai, Perm, Komsomolsky Prospekt, 93, Building 61, Russian Federation",+ 7 (342) 240-97-86,office@avid.ru,https://www.avid.ru/; https://uecrus.com/about/structure/ao-odk-aviadvigatel/,
32014R0833,54,EU-RUS,IV,Export control,25.2.2022,,LegalEntity,United Instrument Manufacturing Corporation,Акционерное Общество «Объединенная Приборостроительная Корпорация» (АО «ОПК»); AO OPK; UIMC,,,,,,,,,,,,,,,,,,7704859803 (Tax ID/INN),,,,,,,,,,,,,"121357, Moscow, Vereyskaya Str., 29, Building 141, Russian Federation",+ 7 (495) 357-09-04,info@opkrt.ru,http://rtopk.ru/,
32014R0833,55,EU-RUS,IV,Export control,25.2.2022,,LegalEntity,United Shipbuilding Corporation,"Объединённая судостроительная корпорация, ОСК; USC; AO OSK",,,,,,,,,,,,,,,,,,7838395215 (Tax ID/INN),,,,,,,,,,,,,"191119, St. Petersburg, Marata Str., 90, Russian Federation; 115184, Moscow, Bolshaya Tatarskaya Str., 11, Building V, Russian Federation",+ 7 495 617-33-00; + 7 812 494-17-42,info@aoosk.ru,https://aoosk.ru/,
32014R0833,56,EU-RUS,IV,Export control,25.2.2022,,LegalEntity,JSC PO Sevmash,Акционерное Общество «Производственное Объединение «Северное Машиностроительное Предприятие» (АО «ПО «СевМаш»); JSC “Production Association “Northern Machine Building Enterprise”,,,,,,,,,,,,,,,,,,2902059091 (Tax ID/INN),,,,,,,,,,,,,"164500, Arkhangelsk Oblast, Severodvinsk, Arkhangelskoye Shosse, 58, Russian Federation",+ 7 (88184) 50-46-09,smp@sevmash.ru,https://sevmash.ru/,
32014R0833,57,EU-RUS,IV,Export control,25.2.2022,,LegalEntity,Krasnoye Sormovo Shipyard,Публичное Акционерное Общество «Завод «Красное Сормово» (ПАО «Завод «Красное Сормово»); PJSC “Zavod “Krasnoye Sormovo”,,,,,,,,,,,,,,,,,,5263006629 (Tax ID/INN),,,,,,,,,,,,,"603003, Nizhny Novgorod Oblast, Nizhny Novgorod, Barrikad Str., 1, Russian Federation",+ 7 (831) 229-61-05; + 7 (831) 229-61-27,info@krsormovo.ru,http://krsormovo.nnov.ru/,
32014R0833,58,EU-RUS,IV,Export control,25.2.2022,,LegalEntity,Severnaya Shipyard,Публичное Акционерное Общество Судостроительный Завод «Северная Верфь» (ПАО СЗ «Северная Верфь»); PJSC Shipbuilding Plant “Severnaya Verf”; PAO SZ “Severnaya Verf”,,,,,,,,,,,,,,,,,,7805034277 (Tax ID/INN),,,,,,,,,,,,,"198096, St. Petersburg, Korabelnaya Str., 61, Russian Federation",+ 7 (812) 600-52-60,info@nordsy.spb.ru,https://nordsy.spb.ru/,
32014R0833,59,EU-RUS,IV,Export control,25.2.2022,,LegalEntity,Shipyard Yantar,Акционерное Общество «Прибалтийский Судостроительный Завод «Янтарь» (АО «ПСЗ «Янтарь»); JSC “Pribaltic Shipbuilding Factory “Yantar”; AO PSZ Yantar,,,,,,,,,,,,,,,,,,3900000111 (Tax ID/INN),,,,,,,,,,,,,"236005, Kaliningrad Oblast, Kaliningrad, Guskova Square, 1, Russian Federation",+ 7 (4012) 61 30 71; + 7 (4012) 61 30 83,office@shipyard-yantar.ru,https://shipyard-yantar.ru/,
32014R0833,60,EU-RUS,IV,Export control,25.2.2022,,LegalEntity,UralVagonZavod,Акционерное Общество «Научно-Производственная Корпорация «Уралвагонзавод» имени Ф.Э. Дзержинского» (АО «Научно-Производственная Корпорация «Уралвагонзавод»); JSC “Scientific and Production Corporation “Uralvagonzavod” named after F. E. Dzerzhinsky”; Research and Production Corporation Ural Wagon Factory,,,,,,,,,,,,,,,,,,6623029538 (Tax ID/INN),,,,,,,,,,,,,"622007, Sverdlovsk Oblast, Nizhny Tagil, Vostochnoye Shosse, 28, Russian Federation; 119049, Moscow, Bolshaya Yakimanka Str., 40",+ 7 (495) 737-00-80; + 7 (3435) 344-209,web@npk.uvz.ru,http://uvz.ru/; http://uralvagonzavod.ru/,
32014R0833,61,EU-RUS,IV,Export control,15.3.2022,,LegalEntity,Baikal Electronics,Акционерноe Обществo «Байкал Электроникс» (АО «Байкал Электроникс»); AO “Baikal Elektroniks”,,,,,,,,,,,,,,,,,,7808035536 (Tax ID/INN),,,,,,,,,,,,,"143421, Moscow Oblast, Krasnogorsk District, 26th Kilometer of the M9 “Baltia” Highway, 5 (RigaLand Business Centre), Building 1, Russian Federation; 123182, Moscow, Marshala Vasilevskogo Str., 15, Building 20, Russian Federation; 124498, Moscow, Zelenograd, Proezd 4922th, 4, Building 5, Russian Federation",+ 7 (495) 956-54-90; + 7 (495) 221-39-47,Info@baikalelectronics.ru,https://www.baikalelectronics.ru/,
32014R0833,62,EU-RUS,IV,Export control,15.3.2022,,LegalEntity,Center for Technological Competencies in Radiophtonics,Центр Технологических Компетенций в Области Радиофотоники,,,,,,,,,,,,,,,,,,,,,,,,,,,,,,,"127083, Moscow, 8th March Str., 10, Building 1, Russian Federation",,,,
32014R0833,63,EU-RUS,IV,Export control,15.3.2022,,LegalEntity,Central Research and Development Institute Tsiklon,"""Акционерное Общество «Центральный Научно-Исследовательский Институт «Циклон» (АО """"ЦНИИ «Циклон»)""; Cyclone TsNII; CRI Cyclone; Central Research Institute Cyclone JSC",,,,,,,,,,,,,,,,,,7718159209 (Tax ID/INN),,,,,,,,,,,,,"107497, Moscow, Golyanovo Municipal District, Shchelkovskoe Shosse, 77, Russian Federation",+ 7 (495) 460-48-00; + 7 (499) 606-06-06,info@cyclone-jsc.ru,https://cyclone.su/,
32014R0833,64,EU-RUS,IV,Export control,15.3.2022,,LegalEntity,Crocus Nano Electronics,Общество С Ограниченной Ответственностью «Крокус Наноэлектроника» (ООО «Крокус Наноэлектроника»); OOO Krokus Nanoelektronika; OOO Crocusnano,,,,,,,,,,,,,,,,,,7710889933 (Tax ID/INN),,,,,,,,,,,,,"109129, Moscow, Tekstilshschiki Municipal District, 8th Testilshchikov Str., 11, Building 2, Russian Federation; 109129, Moscow, Volgogradsky Prospekt, 42, Building 5, Floor 1, Premises 1, Russian Federation",+ 7 (909) 921-55-55; + 7 (495) 640-51-86,info@crocusnano.com,http://crocusnano.com,
32014R0833,65,EU-RUS,IV,Export control,15.3.2022,,LegalEntity,Dalzavod Ship-Repair Center,Акционерное Общество «Центр Судоремонта «Дальзавод» (АО «ЦСД»); AO TsSD; DCSS; AO Tsentr Sudoremonta Dalzavod; JSC CSD,,,,,,,,,,,,,,,,,,2536210349 (Tax ID/INN),,,,,,,,,,,,,"690950, Vladivostok, Svetlanskaya Str., 72, Russian Federation; 690001, Primorsky Krai, Vladivostok, Dalzavodskaya Str., 2, Premises 22, Room 2-27, Russian Federation",+ 7 (423) 222-38-12; + 7 (423) 220-57-88; + 7 (423) 265-17-36,dalzavod@dcss.ru; DCSS@DCSS.RU,https://dcss.ru/,
32014R0833,66,EU-RUS,IV,Export control,15.3.2022,,LegalEntity,Elara,"Акционерное Общество «Научно-Производственный Комплекс «Элара» имени Г.А. Ильенко» (АО «Элара»); JSC Scientific and Production Complex Elara named after G.A. Illienko; The Ilyenko Elara Research and Production Complex, Joint-Stock Company",,,,,,,,,,,,,,,,,,2129017646 (Tax ID/INN),,,,,,,,,,,,,"428034, Chuvash Republic, Cheboksary, Moskovsky Prospekt, 40, Russian Federation; 127055, Moscow, Obraztsova Str., 7, Russian Federation; 198097, St. Petersburg, Marshala Govorova Str., 29, Letter A, Russian Federation",+ 7 (8352) 45-36-50; + 7 (8352) 22-17-13; + 7 (8352) 45-10-48,elara@elara.ru,https://elara.ru/,
32014R0833,67,EU-RUS,IV,Export control,15.3.2022,,LegalEntity,Electronic Computing and Information Systems,"Акционерное Общество Научно-Производственный Центр «Электронные Вычислительно-Информационные Системы» (АО НПЦ «Элвис»); ELVIS, JSC Research and Development Center ELVEES; Scientific Production Center Elvis",,,,,,,,,,,,,,,,,,7735582816 (Tax ID/INN),,,,,,,,,,,,,"124460, Moscow, Solino Municipal District, Zelenograd, Konstruktora Lukina Str., 14, Building 14, Russian Federation",+ 7 (495) 926-79-57,secretary@elvees.com,https://elvees.ru,
32014R0833,68,EU-RUS,IV,Export control,15.3.2022,,LegalEntity,ELPROM,Общество с Ограниченной Ответственностью «Элпром» (ООО «Элпром»); OOO Elprom; Elprom LLC,,,,,,,,,,,,,,,,,,7805592546 (Tax ID/INN),,,,,,,,,,,,,"196142, St. Petersburg, Zvezdoe Municipal District, Pulkovskaya Str., 2, Building 1, Letter A; 198095, St. Petersburg, Marshala Govorova Str., 40, Letter A, Premises 2-N, Room 34, Russian Federation",+ 7 (812) 332-70-04,,http://elprom-llc.com/,
32014R0833,69,EU-RUS,IV,Export control,15.3.2022,,LegalEntity,Engineering Center Ltd.,Общество с Ограниченной Ответственностью «Инжиниринговый Центр» (ООО «Инжиниринговый Центр»); OOO Engineering Center; LCEC; EC,,,,,,,,,,,,,,,,,,7733829842 (Tax ID/INN),,,,,,,,,,,,,"125367, Moscow, Pokrovskoye-Streshnevo Municipal District, Gabricheskogo Str., 4, Room 124, Russian Federation; 125424, Moscow, Volokolamskoye Shosse, 73, Russian Federation",+ 7 (495) 663-91-92,info@lcec.ru,http://www.lcec.ru/,
32014R0833,70,EU-RUS,IV,Export control,15.3.2022,,LegalEntity,Forss Technology Ltd.,Общество с Ограниченной Ответственностью «Форсс Технологии» (ООО «ФТ»); OOO FT,,,,,,,,,,,,,,,,,,7838480196 (Tax ID/INN),,,,,,,,,,,,,"190013, St. Petersburg, Semenovsky Municipal District, Bronnitskaya Str., 44, Letter 1, Premises 1N, Russian Federation","8 (812) 363-14-67, 8 (812) 363-14-68",info@forss.su,https://forss.tech/,
32014R0833,71,EU-RUS,IV,Export control,15.3.2022,,LegalEntity,Integral SPB,Совместное Предприятие Акционерное Общество «Интеграл СПБ» (СП АО «Интеграл СПБ»); Joint Venture JSC Integral SPB,,,,,,,,,,,,,,,,,,7801047839 (Tax ID/INN),,,,,,,,,,,,,"195279, St. Petersburg, Irinovsky Prospekt, 21, Building 1, Russian Federation",+ 7 (812) 527-78-90; + 7 (812) 527-78-87,order@integralspb.ru; komplekt@integ.spb.ru,http://integralspb.ru/,
32014R0833,72,EU-RUS,IV,Export control,15.3.2022,,LegalEntity,JSC Element,Акционерное Общество «Элемент» (АО «Элемент»); GK “Element”; Element Group of Companies,,,,,,,,,,,,,,,,,,9703014282 (Tax ID/INN),,,,,,,,,,,,,"123112, Moscow, Presnensky Municipal District, Presnenskaya Embankment, 12, Floor 20, Office 2024, Russian Federation; 123112, Moscow, Presnenskaya Embankment, 12, Federation Tower “Vostok”, Office 2024, Russian Federation",+ 7 (495) 770 03 33,info@elementec.ru,https://www.gkelement.ru/,
32014R0833,73,EU-RUS,IV,Export control,15.3.2022,,LegalEntity,JSC Pella-Mash,Общество с Ограниченной Ответственностью «Пелла-Маш» (ООО «Пелла-Маш»); Machine-Building Company Pella-Mash LLC,,,,,,,,,,,,,,,,,,4706036197 (Tax ID/INN),,,,,,,,,,,,,"187330, Leningrad Oblast, Kirovsky District, Otradnoye, Tsentralnaya Str., 4, Russian Federation",+ 7 (812) 312-67-49,pellamash@mail.ru,http://www.pellamash.ru/,
32014R0833,74,EU-RUS,IV,Export control,15.3.2022,,LegalEntity,JSC Shipyard Vympel,Публичное Акционерное Общество «Судостроительный Завод «Вымпел» (ПАО «ССЗ «Вымпел»); PAO SSZ “Vympel”; Shipbuilding Plant “Vympel”,,,,,,,,,,,,,,,,,,7610015674 (Tax ID/INN),,,,,,,,,,,,,"152912, Yaroslavl Oblast, Rybinsk, Novaya Str., 4, Russian Federation",+ 7 (4855) 20-24-42,post@vympel-rybinsk.ru,https://www.vympel-rybinsk.ru/,
32014R0833,75,EU-RUS,IV,Export control,15.3.2022,,LegalEntity,Kranark LLC,Общество с Ограниченной Ответственностью «Кранарк» (ООО «Кранарк»); OOO Kranark Technika,,,,,,,,,,,,,,,,,,7811550230 (Tax ID/INN),,,,,,,,,,,,,"192919, St. Petersburg, Professora Kachalova Str., 14, Letter A, Russian Federation",+ 7 (812) 365-50-50; + 7 (964) 349 71 63; + 7 (965) 046 52 90,info@kranark.ru,https://kranark.ru/,
32014R0833,76,EU-RUS,IV,Export control,15.3.2022,,LegalEntity,Lev Anatolyevich Yershov (Ershov),Лев Анатольевич Ершов,,,,,,,,,,,,,,,,,,781106099658 (Tax ID/INN),,,,,,,,,,,,,"196006, St. Petersburg, Tvetochnaya Str., 25, Building 3, Russian Federation",,,,
32014R0833,77,EU-RUS,IV,Export control,15.3.2022,,LegalEntity,LLC Center,Общество с Ограниченной Ответственностью «Центр» (ООО «Центр»); OOO Tsentr,,,,,,,,,,,,,,,,,,7716575919 (Tax ID/INN),,,,,,,,,,,,,"127322, Moscow, Butyrsky Municipal District, Yablochkova Str., 21, Building 3, Floor 3, Premises VIII, Room 1L, Russian Federation",+ 7 (495) 961-00-71; + 7 (495) 616-10-01,,,
32014R0833,78,EU-RUS,IV,Export control,15.3.2022,,LegalEntity,MCST Lebedev,Акционерное Общество «МЦСТ» (АО «МЦСТ»); MTsST Elbrus; Moscow Center of SPARC Technologies,,,,,,,,,,,,,,,,,,7736053886 (Tax ID/INN),,,,,,,,,,,,,"119991, Moscow, Leninsky Prospekt, 51, Russian Federation; 117437, Moscow, Profsoyuznaya Str., 108, Russian Federation; 117105, Moscow, Nagatinskaya Str. 1, Building 21, Russian Federation",+ 7 (495) 246-30-43; + 7 (495) 363-96-65,mcst@mcst.ru,http://www.mcst.ru/,
32014R0833,79,EU-RUS,IV,Export control,15.3.2022,,LegalEntity,Miass Machine-Building Factory,Акционерное Общество «Миасский Машиностроительный Завод» (АО «ММЗ»); AO MMZ,,,,,,,,,,,,,,,,,,7415061758 (Tax ID/INN),,,,,,,,,,,,,"456320, Chelyabinsk Oblast, Miass, Trugoyakskoye Shosse, 1, Russian Federation","+ 7 (3513) 298-271, + 7 (3513) 298-222",info@mmz.ru,http://www.mmz.ru/,
32014R0833,80,EU-RUS,IV,Export control,15.3.2022,,LegalEntity,Microelectronic Research and Development Center Novosibirsk,Новосибирский Филиал Федерального Государственного Бюджетного Учреждения Науки Института Физики Полупроводников имени А. В. Ржанова СО РАН «Конструкторско-Технологический Институт Прикладной Микроэлектроники» (КТИПМ СО РАН); KTIPM; IFP KTIPM SO RAN; Novosibirsk Branch of the Federal State Budgetary Institution of Science of the A.V. Rzhanov Institute of Semiconductor Physics SB RAS “Design and Technology Institute of Applied Microelectronics”,,,,,,,,,,,,,,,,,,,,,,,,,,,,,,,"630090, Novosibirsk Oblast, Novosibirsk, Nikolaeva Str., 8, Russian Federation; 630090, Novosibirsk Oblast, Novosibirsk, Akademika Lavrenteva Prospekt, 2/1, Russian Federation",+ 7 (383) 330-65-59,ktipm@oesd.ru,https://ktipm.isp.nsc.ru/,
32014R0833,81,EU-RUS,IV,Export control,15.3.2022,,LegalEntity,MPI Volna,Общество с Ограниченной Ответственностью «Машприборинторг-Волна» (ООО «Машприборинторг-Волна»); “Mashpriborintorg - Volna” Ltd.; Mashpriborintorg Wave,,,,,,,,,,,,,,,,,,7706001520 (Tax ID/INN),,,,,,,,,,,,,"111123, Moscow, Plekhanova Str., 4a, Floor 2, Business Centre “YUNIKON”, Russian Federation; 113184, Moscow, 1st Spasonalivkovsky Pereulok, 3/5, Russian Federation",+ 7 (495) 223-47-68; + 7 (495) 223-47-72,general@mpivolna.ru,https://www.mpi-volna.ru/,
32014R0833,82,EU-RUS,IV,Export control,15.3.2022,,LegalEntity,N.A. Dollezhal Order of Lenin Research and Design Institute of Power Engineering,Акционерное Общество «Ордена Ленина Научно-Исследовательский и Конструкторский Институт Энерготехники имени Н.А. Доллежаля» (АО «НИКИЭТ»); AO NIKIET; JSC “Lenin Order Research and Design Institute of Power Engineering named after N.A. Dollezhal”,,,,,,,,,,,,,,,,,,7708698473 (Tax ID/INN),,,,,,,,,,,,,"107140, Moscow, Krasnoselsky Municipal District, Malaya Krasnoselskaya Str., 2/8, Building 3, Russian Federation; 107140, Moscow, Krasnoselsky Municipal District, Akademika Dollezhala Square, 1/3, Russian Federation; 101000, Moscow, P.O. Box 788, Russian Federation",+ 7 (495) 263-73-13; + 7 (499) 264-00-40; + 7 (499) 263-73-37,nikiet@nikiet.ru,https://www.nikiet.ru/,
32014R0833,83,EU-RUS,IV,Export control,15.3.2022,,LegalEntity,Nerpa Shipyard,Филиал «Судоремонтный Завод «Нерпа» – Акционерное Общество «Центр Судоремонта «Звёздочка» (ФЛ «СРЗ «Нерпа» – АО «ЦС «Звёздочка»); SRZ Nerpa; Branch Nerpa Shipyard - JSC “Ship Repair Centre Zvyozdochka”,,,,,,,,,,,,,,,,,,,,,,,,,,,,,,,"184682, Murmansk Oblast, Snezhnogorsk, Russian Federation; 164509, Archangelsk Oblast, Severodvinsk, Proezd Mashinostroiteley, 12, Russian Federation",+ 7 (815-30) 67-101; + 7(8152) 799-299,info@srznerpa.ru,http://srznerpa.ru/,
32014R0833,84,EU-RUS,IV,Export control,15.3.2022,,LegalEntity,NM-Tekh,Общество с Ограниченной Ответственностью «НМ-Тех» (ООО «НМ-Тех»); NM-Tech LLC; HM-TEX,,,,,,,,,,,,,,,,,,7735183410 (Tax ID/INN),,,,,,,,,,,,,"124527, Moscow, Zelenograd, Solnechnaya Alleya, 6, Floor 1, Premises XII, Office 4, 4A, Russian Federation",+ 7 (499) 995-00-70,info@nm-tech.org,https://nm-tech.org/,
32014R0833,85,EU-RUS,IV,Export control,15.3.2022,,LegalEntity,Novorossiysk Shipyard JSC,Акционерное Общество «Новороссийский Судоремонтный Завод» (АО «НСРЗ»); OA Novosrossiyskiy Sudoremontnyy Zavod; JSC NSRZ,,,,,,,,,,,,,,,,,,2315007476 (Tax ID/INN),,,,,,,,,,,,,"353902, Krasnodar Krai, Novorossiysk, Sukhumskoye Shosse, Russian Federation",+ 8 (8617) 27-97-87,nsrz@nsrz.ru,nsrz@nsrz.ru,
32014R0833,86,EU-RUS,IV,Export control,15.3.2022,,LegalEntity,NPO Electronic Systems,Общество с Ограниченной Ответственностью «НПО Электронные Системы» (ООО «НПО Электронные Системы»); NPO Electric Systems; NPO Elektronnye Sistemy; NPO E-Systems,,,,,,,,,,,,,,,,,,7811660956 (Tax ID/INN),,,,,,,,,,,,,"196006, St. Petersburg, Moskovskaya Zastava Municipal District, Tashkentskaya Str., 4, Building 2, Letter U, Russian Federation; 196084, St. Petersburg, Kievskaya Str., 6, Russian Federation",+ 7(812) 564-66-43,info@npo-esystems.ru,http://npo-esystems.ru/,
32014R0833,87,EU-RUS,IV,Export control,15.3.2022,,LegalEntity,NPP Istok,Акционерное Общество «Научно-Производственное Предприятие «Исток» имени А. И. Шокина» (АО «Исток» им. Шокина»); JSC Scientific and Production Enterprise Istok named after A. I. Shokin; JSC Istok A. I. Shokin; Research and Production Corporation “Istok”,,,,,,,,,,,,,,,,,,5050108496 (Tax ID/INN),,,,,,,,,,,,,"141190, Moscow Oblast, Fryazino, Vokzalnaya Str., 2A, Russian Federation; 141190, Moscow Oblast, Fryazino, Okruzhnoy Proezd 4A, Russian Federation; 607210 Nizhny Novgorod Oblast, Chernukha, Azamassky District, Zavodskaya Str., 19, Russian Federation",+ 7 (495) 465-86-66; + 7 (495) 465-86-80,info@istokmw.ru,http://istokmw.ru,
32014R0833,88,EU-RUS,IV,Export control,15.3.2022,,LegalEntity,NTC Metrotek,Общество с Ограниченной Ответственностью «Научно-Технический Центр Метротек» (ООО «НТЦ Метротек»); Metrotek Inzhiniring; OOO Nauchno-Tekhnicheskii Tsentr Metrotek; NTTs Metrotek; Metrotek Science and Technology Center,,,,,,,,,,,,,,,,,,9715250083 (Tax ID/INN),,,,,,,,,,,,,"127322, Moscow, Yablochka Str., 21, Building 3, Russian Federation; 197341, St. Petersburg, Kolomyazhsky Prospekt, 27, Floor 4, Russian Federation",+ 7 (495) 616-10-01,Info@metrotek.ru,http://metrotek.ru/,
32014R0833,89,EU-RUS,IV,Export control,15.3.2022,,LegalEntity,OAO GosNIIKhimanalit,Акционерное Общество «Государственный Научно-Исследовательский Химико-Аналитический Институт» (АО «ГосНИИХимАналит»); State Research Chemical-Analytical Institute; HIMANALIT,,,,,,,,,,,,,,,,,,7839332218 (Tax ID/INN),,,,,,,,,,,,,"190020, St. Petersburg, Bumazhnaya Str., 17, Russian Federation",+ 7 (812) 786-61-59,himanalit@mail.ru; mail@himanalit.ru,https://himanalit.ru/,
32014R0833,90,EU-RUS,IV,Export control,15.3.2022,,LegalEntity,OAO Svetlovskoye Predpriyatiye Era,Акционерное Общество «Светловское Предприятие «Эра» (АО «СП «Эра»); AO SP Era; Svetlovsky Enterprise ERA,,,,,,,,,,,,,,,,,,3913007731 (Tax ID/INN),,,,,,,,,,,,,"238340, Kaliningrad Oblast, Svetly, Lizy Chaikinoy Str., 1, Russian Federation",+ 7 (40152) 2-22-46; + 7 (4012) 60-76-50; 8 (40152) 3-52-46,office@spera.ru,http://erasvetly.ru; https://www.aoosk.ru/companies/oao-svetlovskoe-predpriyatie-era-/,
32014R0833,91,EU-RUS,IV,Export control,15.3.2022,,LegalEntity,OJSC TSRY,Открытое Акционерное Общество «Туапсинский Судоремонтный Завод» (ОАО «Туапсинский Судоремонтный Завод»); Акционерное Общество «Туапсинский Морской Торговый Порт» (АО «ТМТП»); OJSC Tuapse Ship Repair Plant; OJSC Tuapse Shipyard; JSC Tuapse Sea Commercial Port; OA TMTP,,,,,,,,,,,,,,,,,,2322001997 (Tax ID/INN),,,,,,,,,,,,,"352800, Krasnodar Krai, Tuapse Maksima Gorkogo Str., 11; 352800, Krasnodar Krai, Tuapse, Morskoy Boulevard Str., 2, Russian Federation",+ 7 (86167) 2-38-15; + 7 (86167) 7-10-88,tsry@tuapse.ru,http://www.tsrz.tmtp.ru/; https://www.tmtp.ru; https://port.one/tmtp/,
32014R0833,92,EU-RUS,IV,Export control,15.3.2022,,LegalEntity,OOO Elkomtekh (Elkomtex),Общество с Ограниченной Ответственностью «Элкомтех» (ООО «Элкомтех»),,,,,,,,,,,,,,,,,,7839489650 (Tax ID/INN),,,,,,,,,,,,,"197229, St. Petersburg, Lakhta, Lakhtinsky Prospekt, 54, Russian Federation; 198095, St. Petersburg, Shkapina Str., 32-34, Letter A, Russian Federation",+ 7 (901) 305-48-30,,,
32014R0833,93,EU-RUS,IV,Export control,15.3.2022,,LegalEntity,OOO Planar,Общество с Ограниченной Ответственностью «Планар» (ООО «Планар»); Planar Elements; The Planar Company,,,,,,,,,,,,,,,,,,1833015934 (Tax ID/INN),,,,,,,,,,,,,"426034, Udmurt Republic, Izhevsk, Bazisnaya Str., 19, Russian Federation; 426034, Udmurt Republic, Izhevsk, Likhvintseva Str., 76, Office 1, Russian Federation; 426034, Udmurt Republic, Izhevsk, 8th Marta Str., 16, Russian Federation; 115093, Moscow, Partiyny Pereulok, 1, Building 58, Building 2, Office 23, Russian Federation",+ 7 (3412) 48-78-46; + 7 (3412) 76-23-02; + 7 (3412) 95-69-69,info@planar-elements.ru,http://planar-elements.ru/,
32014R0833,94,EU-RUS,IV,Export control,15.3.2022,,LegalEntity,OOO Sertal,Общество с Ограниченной Ответственностью «Сертал» (ООО «Сертал»); Sertal LLC,,,,,,,,,,,,,,,,,,9715216050 (Tax ID/INN),,,,,,,,,,,,,"127322, Moscow, Yablochkova Str., 21, Building 3, Floor 3, Premises VIII, Room 1I, Russian Federation; 109369, Moscow, Novocherkassky Boulevard, 47, Russian Federation; 117105, Moscow, Donskoy Municipal District, Varshavskoe Shosse, 1A, Russian Federation; 119333, Moscow, P.O. Box 364, Russian Federation",+ 7 (495) 124-98-29; + 7 495 133 72 47; + 7 (495) 204 10 92; + 7 495 932-92-40,info@sertal.ru,http://sertal.ru,
32014R0833,95,EU-RUS,IV,Export control,15.3.2022,,LegalEntity,Photon Pro LLC,Общество с Ограниченной Ответственностью «Фотон ПРО» (ООО «Фотон ПРО»); OOO Foton PRO,,,,,,,,,,,,,,,,,,1327025929 (Tax ID/INN),,,,,,,,,,,,,"430034, Mordovia Republic, Saransk, Lodygina Str., 3, Main Building, Floor 2, Premises 206, Russian Federation; 430032, Mordovia Republic, Saransk, R. Luxemburg Str., 11, Russian Federation",+ 7 (8342) 33-35-08; + 7 (917) 074-39-62; + 7 (962) 927-47-31; + 7 8342 33-35-03,info@photon.pro,https://photon.pro/,
32014R0833,96,EU-RUS,IV,Export control,15.3.2022,,LegalEntity,PJSC Zvezda,Публичное Акционерное Общество «Звезда» (ПАО «Звезда»),,,,,,,,,,,,,,,,,,7811038760 (Tax ID/INN),,,,,,,,,,,,,"192012, St. Petersburg, Babushkina Str., 123, Russian Federation",+ 7 (812) 703-00-70; + 7 (812) 703-00-74; + 7 (812) 362-07-47,office@zvezda.spb.ru,http://www.zvezda.spb.ru/,
32014R0833,97,EU-RUS,IV,Export control,15.3.2022,,LegalEntity,Amur Shipbuilding Factory PJSC,"Публичноe Акционерноe Обществo «Амурский судостроительный завод» (ПАО «АСЗ»); PAO Amurskiy Sudostroitelnyy Zavod, PJSC ASZ; Amursky Shipbuilding Plant PJSC",,,,,,,,,,,,,,,,,,2703000015 (Tax ID/INN),,,,,,,,,,,,,"681000, Khabarovsk Krai, Komsomolsk-on-Amur, Alleya Truda Str.,1, Russian Federation; 115184, Moscow, Bolshaya Tatarskaya Str., 2, Russian Federation",+ 7 (4217) 57-34-83; + 7(914) 427-7778; + 7(4217) 59-11-12; + 7 (495) 959-49-97,vostok@amurshipyard.ru; email@amurshipyard.ru,https://amurshipyard.ru,
32014R0833,98,EU-RUS,IV,Export control,15.3.2022,,LegalEntity,AO Center of Shipbuilding and Ship Repairing JSC,Акционерноe Обществo «Центр Технологии Судостроения и Судоремонта» (AO «ЦTCC»); AO Tsentr Tekhnologii Sudostroyeniya i Sudoremonta; AO TsSS; Joint Stock Corporation Shipbuilding and Ship Repair Technology Center; JSC “SSTC”,,,,,,,,,,,,,,,,,,7805482938,,,,,,,,,,,,,"198095, St. Petersburg, Promyshlennaya Str., 7, Russian Federation",+ 7 (812)786-19-10,inbox@sstc.spb.ru,http://sstc.spb.ru/,
32014R0833,99,EU-RUS,IV,Export control,15.3.2022,,LegalEntity,AO Kronshtadt,"Акционерноe Обществo «Кронштадт» (AО «Кронштадт»); Kronshtadt Group, Kronde Group, ZAO Kronshtadt, Kronshtadt",,,,,,,,,,,,,,,,,,7808035536 (Tax ID/INN),,,,,,,,,,,,,"192019, St. Petersburg, Obuchovskoy Oborony Prospekt, 21/2, Russian Federation; 123060, Moscow, Shukino Municipal District, Proezd 1st Volokolamskiy, 10, Building 1, “Diapazon” Business Centre, Russian Federation; 199178, St. Petersburg, Maly Prospekt V.O., 54, Building 4, Letter P, Russian Federation; 141983, Moscow Oblast, Dubna, Zhukovskogo Str., 2, Russian Federation",+ 7 (812) 325-31-31; + 7 (495) 748-35-77; + 7 (812) 449-90-90,uav@kronshtadt.ru; group@kronshtadt.ru; office@kronshtadt.ru,https://kronshtadt.ru/,
32014R0833,100,EU-RUS,IV,Export control,15.3.2022,,LegalEntity,Avant Space LLC,"Общество с Ограниченной Ответственностью «Авант - Спэйс» (ООО «Авант - Спэйс»); Avant Space Systems, Avant Space Propulsion Systems, OOO Avant-Spejs",,,,,,,,,,,,,,,,,,7706772795 (Tax ID/INN),,,,,,,,,,,,,"121205, Moscow, Skolkovo Innovation Center, Bolshoi Boulevard, 42, Building 1, Floor 4, Room 1434, 1431, Russian Federation; 123112, Moscow, Presnensky Municipal District, Presnenskaya Embankment, 12, Russian Federation; 117335, Moscow, Garibaldi Str., 15, Building 1, Russian Federation; 143026, Moscow, Skolkovo Innovation Center Lugovaya Str., Building 4/7, Russian Federation",+ 7 (499) 994-95-05; + 7 (495) 660-83-65,info@avantspace.com,https://avantspace.com/,
32014R0833,101,EU-RUS,IV,Export control,15.3.2022,,LegalEntity,Production Association Strela,Акционерное Общество «Производственное Объединение «Стрела» (АО «ПО «Стрела»); JSC “PA “STRELA”; Strela Manufacturing Association JSC; AO Proizvodstvennoye Obyedineniye Strela,,,,,,,,,,,,,,,,,,5609061432 (Tax ID/INN),,,,,,,,,,,,,"460005, Orenburg Oblast, Orenburg, Shevchenko Str., 26, Russian Federation",+ 7 (3532) 75-71-00; + 7 (3532) 75-51-22,mail@pa-strela.com; dep158@pa-strela.com; infopos@orgstrela.ru,http://www.pa-strela.com; https://orgstrela.ru/,
32014R0833,102,EU-RUS,IV,Export control,15.3.2022,,LegalEntity,Radioavtomatika,Общество с Ограниченной Ответственностью «Радиоавтоматика» (ООО «Радиоавтоматика»); Testprecision LLC; Radioautomatic LLC,,,,,,,,,,,,,,,,,,7725824287 (Tax ID/INN),,,,,,,,,,,,,"119602, Moscow, Municipal District Troparevo-Nikulino, Akademika Anokhina Str., 2, Building 7, Russian Federation; 101033, Moscow, Zolotorozhsky Val Str., 11, Building 22, Russian Federation; 197198, St. Petersburg, Maly Prospekt P.S., 5 Letter B, Russian Federation; 600007, Vladimir Oblast, Vladimir, Severnaya Str., 2a, Russian Federation; 143966, Moscow Oblast, Reutov, Gagarina Str., 3, Building 78, Russian Federation; 142100, Moscow Oblast, Podolsk, Komsomolskaya Str., 1, Russian Federation",+ 7 (495) 286-99-99; + 7 (495) 109-00-22; + 7 (812) 209-10-00; + 7 (495) 109-10-33,info@radioautomatic.ru,https://radioautomatic.ru/,
32014R0833,103,EU-RUS,IV,Export control,15.3.2022,,LegalEntity,Research Center Module,Акционерное Общество Научно-Технический Центр «Модуль» (АО НТЦ «Модуль»); NTTs Science and Technology Research Center Module; JSC STC Module; AO NTTs “Modul”; RC Module,,,,,,,,,,,,,,,,,,7714009178 (Tax ID/INN),,,,,,,,,,,,,"125167, Moscow, 4th 8 Marta Str., 3, Russian Federation; 125190, Moscow, P.O. Box 166, Russian Federation",+ 7 (495) 531-30-80,info@module.ru,http://module.ru,
32014R0833,104,EU-RUS,IV,Export control,15.3.2022,,LegalEntity,Robin Trade Limited,Общество с Ограниченной Ответственностью «Робин Трейд» (ООО «Робин Трейд»); OOO Robin Treid; Robin Trade LLC,,,,,,,,,,,,,,,,,,9715259583 (Tax ID/INN),,,,,,,,,,,,,"127322, Moscow, Yablochkova Str., 21, Building 3, Premises VIII, Russian Federation",,a.zibyrov@robin-trade.ru,https://robin-trade.ru/,
32014R0833,105,EU-RUS,IV,Export control,15.3.2022,,LegalEntity,R.Ye. Alekseyev Central Design Bureau for Hydrofoil Ships,Акционерное Общество «Центральное Конструкторское Бюро по Судам на Подводных Крыльях имени Р. Е. Алексеева» (АО «ЦКБ ПО СПК им. Р. Е. Алексеева»); OA Tsentralnoye Konstructorskoye Byuro po Sudam na Podvodnykh Krylyakh imeni R.E. Alekseyeva; JSC Alexeev’s Hydrofoil Design Bureau; R.E. Alekseev Central Hydrofoil Design Bureau; TsKB PO SPK named after R. E. Alekseev,,,,,,,,,,,,,,,,,,5263001420 (Tax ID/INN),,,,,,,,,,,,,"603003, Nizhny Novgorod Oblast, Nizhny Novgorod, Svobody Str., 51, Russian Federation; 606549, Nizhny Novgorod Oblast, Chkalovsky District, Kuznetsovo Village, Alekseev Str., 5, Russian Federation; 192286, St. Petersburg, Alpinskiy Pereulok, 29, Russian Federation",+ 7 (831) 229-14-90; + 7 (831) 273-02-48; + 7 (812) 331-63-56; + 7 (831) 437-17-64,alekseev@ckbspk.ru,http://ckbspk.ru/,
32014R0833,106,EU-RUS,IV,Export control,15.3.2022,,LegalEntity,Rubin Sever Design Bureau,"Акционерное Общество «Конструкторское Бюро «Рубин-Север» (АО «КБ «Рубин-Север»); Rubin Sever AO; Konstruktorskoe Byuro Rubin-Sever, PAO; Aktsionernoe Obshchestvo “Konstruktorskoe Byuro “Rubin-Sever”; JSC KB Rubin-Sever",,,,,,,,,,,,,,,,,,2902046014 (Tax ID/INN),,,,,,,,,,,,,"164500, Archangelsk Oblast, Severodvinsk, Archangelskoe Shosse, 58, Russian Federation",+ 7 (8184) 58-57-08,rubin-north@yandex.ru,http://rubin-sever.ru,
32014R0833,107,EU-RUS,IV,Export control,15.3.2022,,LegalEntity,Russian Space Systems,Акционерное Общество «Российская Корпорация Ракетно-Космического Приборостроения и Информационных Систем» (АО «Российские Космические Системы»); RKS; Joint Stock Company Russian Corporation of Rocket and Space Instrumentation and Information Systems; RSS,,,,,,,,,,,,,,,,,,7722698789 (Tax ID/INN),,,,,,,,,,,,,"111250, Moscow, Aviamotornaya Str., 53, Russian Federation; 127490, Moscow, Dekabristov Str., 51, Russian Federation; 676470, Amur Oblast, Tsiolkovsky, Sosnovaya Str., 222, Russian Federation","+ 7 (495) 673-93-20, + 7 (495) 509-12-01; + 7 495 673 9430",contact@spacecorp.ru,https://russianspacesystems.ru/,
32014R0833,108,EU-RUS,IV,Export control,15.3.2022,,LegalEntity,Rybinsk Shipyard Engineering,Общество с Ограниченной Ответственностью «Рыбинская Верфь» (ООО «РВ»); Rybinsk Shipyard; OOO Rybinskaya Verf; OOO “RV”,,,,,,,,,,,,,,,,,,7610128727 (Tax ID/INN),,,,,,,,,,,,,"152978, Yaroslavl Oblast, Rybinsk District, Sudoverf, Sudostroitelnaya Str.,1A, Russian Federation",+ 7 (4855) 29-56-77; + 7 (4855) 29-56-78; + 7 (495) 744-03-72,office@rybinskshipyard.ru,https://kalashnikovgroup.ru/catalog/sudostroenie/rybinskaya-verf; http://rybinskshipyard.ru/,
32014R0833,109,EU-RUS,IV,Export control,15.3.2022,,LegalEntity,Scientific Research Institute of Applied Chemistry,Акционерное Общество «Федеральный Научно-Производственный Центр «Научно-Исследовательский Институт Прикладной Химии» (АО «ФНПЦ «НИИ Прикладной Химии»); Federal Research and Production Center Research Institute of Applied Chemistry; NIIPH; AO FNPTs NII Prikladnoy Khimii; JSC FNPC Research Institute of Applied Chemistry,,,,,,,,,,,,,,,,,,5042120394 (Tax ID/INN),,,,,,,,,,,,,"141300, Moscow Oblast, Sergiev Posad, Akademika Silina Str., 3, Russian Federation",+ 7 (495) 632-78-79; + 7 (495) 975-21-70; + 7 (496) 548-69-08,niiph@niiph.ru,https://niiph.ru/,
32014R0833,110,EU-RUS,IV,Export control,15.3.2022,,LegalEntity,Scientific-Research Institute of Electronics,Акционерное Общество «Научно-Исследовательский Институт Электронной Техники» (АО «НИИЭТ»); AO Scientific Research Institute of Electronics; NIIET; AO Scientific Research Institute of Electronic Technology; Joint Stock Company Institute for Scientific Research Elektronnoy Tekhniki,,,,,,,,,,,,,,,,,,3661057900 (Tax ID/INN),,,,,,,,,,,,,"394033, Voronezh Oblast, Voronezh, Starykh Bolshevikov Str., 5, Russian Federation; 141008, Moscow, Mytishi, Kollakova Str., 24A (Business Centre “Artium”), Russian Federation; 394042, Voronezh Oblast, Voronezh, Leninsky Prospekt, 119A, Russian Federation",+ 7 (473) 226-20-35; + 7 (473) 226-97-68; + 7 (473) 280-22-94,niiet@niiet.ru,https://niiet.ru/,
32014R0833,111,EU-RUS,IV,Export control,15.3.2022,,LegalEntity,Scientific Research Institute of Hypersonic Systems,«Научно-Исследовательское Предприятие Гиперзвуковых Систем» (ОАО «НИПГС»); OJSC Scientific Research Enterprise Hypersonic Systems; Hypersonic Systems Research Institute; OAO NIPGS; HSRI; Hypersonic Systems Research Institute of “Leninetz” Holding Company,,,,,,,,,,,,,,,,,,7810224530 (Tax ID/INN),,,,,,,,,,,,,"196066, St. Petersburg, Moskovsky Prospekt, 212, Russian Federation","+ 7 (812) 371-98-67, + 7 (812) 371-01-54",nipgs@inbox.ru; mail@hypersonics.ru,http://www.hypersonics.ru/,
32014R0833,112,EU-RUS,IV,Export control,15.3.2022,,LegalEntity,Scientific Research Institute NII Submikron,Акционерное Общество «Научно-Исследовательский Институт «Субмикрон» (АО «НИИ «Субмикрон»); Submicron; AO NII Submikron,,,,,,,,,,,,,,,,,,7735574607 (Tax ID/INN),,,,,,,,,,,,,"124460, Moscow, Zelenograd, Georgievsky Prospekt, 5, Building 2, Floor 4, Premises I, Room 50, Russian Federation",+ 7 (499) 731-89-31,submicron@se.zgrad.ru,http://submicron.ru,
32014R0833,113,EU-RUS,IV,Export control,15.3.2022,,LegalEntity,Sergey IONOV,Сергей Ионов,,,,,,,,,,,,,,,,,,,,,,,,,,,,,,,"198095, St. Petersburg, Marshala Govorova Str., 40, Letter A, Office 34, Russian Federation",,,,
32014R0833,114,EU-RUS,IV,Export control,15.3.2022,,LegalEntity,Serniya Engineering,Общество с Ограниченной Ответственностью «Серния Инжиниринг» (ООО «Серния Инжиниринг»); Sernia Engineering,,,,,,,,,,,,,,,,,,9715292478 (Tax ID/INN),,,,,,,,,,,,,"117292, Moscow, Vavilova Str., 57A, Floor 2, Premises 211, Room 211-3, Russian Federation; 127322, Moscow, Ogorodnyy Proezd, 27, Floor 6, Office 8, Russian Federation; 603093, Nizhny Novgorod Oblast, Nizhny Novgorod, Rodionova Str., 167B, Russian Federation; 196084, St. Petersburg, Ligovsky Prospekt, 270, Section B, Office 2201, Russian Federation; Sverdlovsk Oblast, Yekaterinburg, Sibirskiy Tract, 1A, Russian Federation",+ 7 (905) 718-93-71; + 7 (812) 509 20 91; + 7 (495) 204 13 17; + 8 (800) 301 13 17,office@sernia.ru,https://sernia.ru/,
32014R0833,115,EU-RUS,IV,Export control,15.3.2022,,LegalEntity,Ship Maintenance Center Zvezdochka,Акционерное Общество «Центр Судоремонта «Звёздочка» (АО «ЦС «Звёздочка»); JSC Ship Repair Center “Zvezdochka”; Zvezdochka Shipyard; AO TsS Zvyozdochka; JSC Center Sudoremonta Zvezdochka; JSC SC “Zvyozdochka”,,,,,,,,,,,,,,,,,,2902060361 (Tax ID/INN),,,,,,,,,,,,,"164509, Archangelsk Oblast, Severodvinsk, Proezd Mashinostroiteley, 12, Russian Federation","+ 7 (8184) 59-63-09, + 7 (8184) 59-63-67, + 7 (8184) 27-02-97; + 7 (8184) 59-66-29",info@star.ru,https://www.star.ru/,
32014R0833,116,EU-RUS,IV,Export control,15.3.2022,,LegalEntity,State Governmental Scientific Testing Area of Aircraft Systems (GkNIPAS),Федеральное Казенное Предприятие «Государственный Казенный Научно-Испытательный Полигон Авиационных Систем имени Л. К. Сафронова» (ФКП «ГКНИПАС имени Л. К. Сафронова»); Federal State Enterprise State Research and Testing Ground for Aviation Systems named after L. K. Safronov,,,,,,,,,,,,,,,,,,5005020218 (Tax ID/INN),,,,,,,,,,,,,"140250, Moscow Oblast, Voskresensk District, Beloozersky, Russian Federation",+ 7 (495) 556-07-09; + 7 (495) 556-07-40,info@gknipas.ru,http://www.fkpgknipas.ru/,
32014R0833,117,EU-RUS,IV,Export control,15.3.2022,,LegalEntity,State Machine Building Design Bureau Raduga Bereznya,Акционерное Общество «Государственное Машиностроительное Конструкторское Бюро «Радуга» имени А.Я. Березняка» (АО «ГосМКБ «Радуга» им. А.Я. Березняка»); JSC State Machine-Building Design Bureau Raduga named after A.Ya. Bereznyak; AO “GosMKB “Raduga” IM. A.Ya.Bereznyaka”; Joint Stock Company “State Machine-Building Design Bureau “Raduga”; MKB Raduga; GosMKB “Rainbow” named after A. Ya. Bereznyak,,,,,,,,,,,,,,,,,,5010031470 (Tax ID/INN),,,,,,,,,,,,,"141980, Moscow Oblast, Dubna, Zhukovskogo Str., 2A, Russian Federation",+ 7 (49621) 2-46-47; + 7(495) 777-07-20,raduga@dubna.ru,https://ktrv.ru/about/structure/raduga.html,
32014R0833,118,EU-RUS,IV,Export control,15.3.2022,,LegalEntity,State Scientific Center AO GNTs RF—FEI A.I. Leypunskiy Physico-Energy Institute,Акционерное Общество «Государственный Научный Центр Российской Федерации - Физико - Энергетический Институт имени А. И. Лейпунского» (АО «ГНЦ РФ – ФЭИ»); Leypunsky Institute of Physics and Power Engineering; IPPE; Joint Stock Company “State Scientific Centre of the Russian Federation - Leipunsky Institute of Physics and Energy”; AO GNTs RF - FEI,,,,,,,,,,,,,,,,,,4025442583 (Tax ID/INN),,,,,,,,,,,,,"249033, Kaluga Oblast, Obninsk, Bondarenko Square, 1, Russian Federation",+ 7 (48439) 9-82-49; + 7 (484) 399-89-61,postboxs@ippe.ru,http://ippe.ru,
32014R0833,119,EU-RUS,IV,Export control,15.3.2022,,LegalEntity,State Scientific Research Institute of Machine Building Bakhirev (GosNIImash),Акционерное Общество «Государственный Научно-Исследовательский Институт Машиностроения им. В.В. Бахирева» (АО «ГосНИИмаш»); State Scientific Research Institute of Machine Building Bakhirev (GosNIImash); JSC “State Scientific Research Institute of Mechanical Engineering named after V.V. Bakhirev”,,,,,,,,,,,,,,,,,,5249093130 (Tax ID/INN),,,,,,,,,,,,,"606002, Nizhny Novgorod Oblast, Dzerzhinsk, Sverdlova Prospekt, 11 A, Russian Federation","+ 7 (8313) 36-70-00, + 7 (831) 324-90-00",niimash@mts-nn.ru,http://www.gosniimash.ru/,
32014R0833,120,EU-RUS,IV,Export control,15.3.2022,,LegalEntity,Tomsk Microwave and Photonic Integrated Circuits and Modules Collective Design Center,Общество с Ограниченной Ответственностью «ТУСУР-Электроника» (ООО «ТУСУР-Электроника»); TUSUR-Electronica Research Company; TUSUR-Electronics LLC,,,,,,,,,,,,,,,,,,7017255070 (Tax ID/INN),,,,,,,,,,,,,"634045, Tomsk Oblast, Tomsk, 19 Gvardeyskoy Divizii Str., 15, Apartment 64, Russian Federation; 634045, Tomsk Oblast; Tomsk, Krasnoarmeyskaya Str., 147, Office 101, Russian Federation",+ 7 (3822) 41-32-29,leonid.babak@mail.ru,https://engineers.tusur.ru/laboratories/collective-design; https://tusur.ru/ru/nauka-i-innovatsii/innovatsionnaya-deyatelnost/malye-innovatsionnye-predpriyatiya-s-uchastiem-tusura#ooo_tusur_elektronika,
32014R0833,121,EU-RUS,IV,Export control,15.3.2022,,LegalEntity,UAB Pella-Fjord,Закрытое Акционерное Общество «Пелла-Фиорд» (ЗАО «Пелла-Фиорд»); Pella-Fjord CJSC; Pella-Fiord Shipbuilding Company,,,,,,,,,,,,,,,,,,4706000313 (Tax ID/INN),,,,,,,,,,,,,"187330, Leningrad Oblast, Kirovsky District, Otradnoe, Tsentralnaya Str., 4, Russian Federation",+ 7 (81362) 4-30-07; + 7 (812) 380-40-91,p-fiord@mail.ru; info@pellafiord.ru; pellafiord@mail.ru,https://pellafiord.ru/,
32014R0833,122,EU-RUS,IV,Export control,15.3.2022,,LegalEntity,United Shipbuilding Corporation JSC “35th Shipyard”,Филиал «35 Судоремонтный Завод» – Акционерное Общество «Центр Судоремонта «Звёздочка» (ФЛ «35 СРЗ» – АО «ЦС «Звёздочка»); SRZ-35; Branch “35 SRZ” – Joint Stock Company “Ship Repair Center Zvyozdochka”; 35-y SRZ; 35th Ship Repair Plant,,,,,,,,,,,,,,,,,,,,,,,,,,,,,,,"183017, Murmansk Oblast, Murmansk, Admiral Lobov Str., 100, Russian Federation; 164509, Archangelsk Oblast, Severodvinsk, Proezd Mashinostroiteley, 12, Russian Federation",+ 7 (8152) 22-19-18; + 7 (8152) 221-942,info@35srz.ru,https://35srz.ru/; https://www.star.ru/Filiali/35-y-SRZ,
32014R0833,123,EU-RUS,IV,Export control,15.3.2022,,LegalEntity,United Shipbuilding Corporation JSC “Astrakhan Shipyard”,Филиал «Астраханский Судоремонтный Завод» – Акционерное Общество «Центр Судоремонта «Звёздочка» (ФЛ «Астраханский Судоремонтный Завод» – АО «ЦС «Звёздочка»); Astrahansky Shipyard; Astrahanskiy SRZ; Astrakhan Ship Repair Plant; Branch “Astrakhansky Sudoremontny Zavod” – Joint Stock Company “Ship Repair Center “Zvyozdochka”,,,,,,,,,,,,,,,,,,,,,,,,,,,,,,,"414009, Astrakhan Oblast, Astrakhan, Atarbekova Str., 37, Russian Federation; 164509, Archangelsk Oblast, Severodvinsk, Proezd Mashinostroiteley, 12, Russian Federation",+ 8 (8512) 27-00-88,aoasrz@mail.ru,https://www.star.ru/Filiali/Astrahanskiy-SRZ,
32014R0833,124,EU-RUS,IV,Export control,15.3.2022,,LegalEntity,United Shipbuilding Corporation JSC “Aysberg Central Design Bureau”,Акционерное Общество «Центральное Конструкторское Бюро «Айсберг» (АО «ЦКБ «Айсберг»); Iceberg Central Design Bureau; AO TsKB Aysberg,,,,,,,,,,,,,,,,,,7801005606 (Tax ID/INN),,,,,,,,,,,,,"199034, St. Petersburg, V.O., Bolshoy Prospekt, 36, Russian Federation",+ 7 (812) 677-36-09; + 7 (812) 677-12-31,main@iceberg.sp.ru,https://iceberg.org.ru/,
32014R0833,125,EU-RUS,IV,Export control,15.3.2022,,LegalEntity,United Shipbuilding Corporation JSC “Baltic Shipbuilding Factory”,"Акционерное Общество «Балтийский Завод» (АО «Балтийский Завод»); JSC Baltiski Zavod; Baltic Shipyard, JSC",,,,,,,,,,,,,,,,,,7830001910 (Tax ID/INN),,,,,,,,,,,,,"199106, St. Petersburg, Kosaya Liniya Str., 16, Russian Federation",+ 8 (812) 324-94-35; + 8 (812) 324-93-70,zavod@bz.ru,https://www.bz.ru/,
32014R0833,126,EU-RUS,IV,Export control,15.3.2022,,LegalEntity,United Shipbuilding Corporation “Scientific Research Design Technological Bureau Onega”,Акционерное Общество «Научно-Исследовательское Проектно-Технологическое Бюро «Онега» (AO «НИПТБ «Онега»); Nauchno-Issledovatelskoe Proektno-Teknnologicheskoe Byuro Onega PJSC; SC NIPTB Onega,,,,,,,,,,,,,,,,,,2902057961 (Tax ID/INN),,,,,,,,,,,,,"164509, Archangelsk Oblast, Severodvinsk, Proezd Mashinostroiteley., 12, Russian Federation",+ 7 (8184) 52-55-52; + 7 (8184) 59-65-41; + 7(8184) 50-30-38,niptb@onegastar.ru,http://onegastar.ru/,
32014R0833,127,EU-RUS,IV,Export control,15.3.2022,,LegalEntity,United Shipbuilding Corporation “Sredne-Nevsky Shipyard”,Акционерное Общество «Средне-Невский Судостроительный Завод» (АО «СНСЗ»); JSC SNSZ; Aktcionernoe Obshestvo “Sredne-Nevsky Sudostroyelny Plant”; Middle Neva Shipbuilding Plant; Federal State Unitary Enterprise “Sredne-Nevsky Shipbuilding Plant”,,,,,,,,,,,,,,,,,,7817315385 (Tax ID/INN),,,,,,,,,,,,,"196643, St. Petersburg, Pontonny, Zavodskaya Str., 10, Russian Federation",+ 7 (812) 462-75-35; + 7 (812) 648-30-50; + 7 (812) 648-30-51,office@snsz.ru,http://snsz.ru,
32014R0833,128,EU-RUS,IV,Export control,15.3.2022,,LegalEntity,Ural Scientific Research Institute for Composite Materials,Акционерное Общество «Уральский Научно-Исследовательский Институт Композиционных Материалов» (АО «УНИИКМ»); UNIIKM; JSC “Ural Research Institute of Composite Materials”,,,,,,,,,,,,,,,,,,5906092190 (Tax ID/INN),,,,,,,,,,,,,"614014, Perm Krai, Perm, Novozvyaginskaya Str., 57, Russian Federation",+ 7 (342) 267-07-68; + 7 (342) 263-16-00,uniikm@yandex.ru,http://www.uniikm.ru/,
32014R0833,129,EU-RUS,IV,Export control,15.3.2022,,LegalEntity,Urals Project Design Bureau Detal,Акционерное Общество «Уральское Проектно-Конструкторское Бюро «Деталь» (АО «УПКБ «Деталь»); Joint-Stock Company Ural Design Bureau “Detal”; JSC Ural Design and Construction Bureau “Detal”; Aktsionernoe Obshchestvo Uralskoe Proektno Konstruktorskoe Byuro “Detal”; AO UPKB “Detal”,,,,,,,,,,,,,,,,,,6612011546 (Tax ID/INN),,,,,,,,,,,,,"623409, Sverdlovsk Oblast, Kamensk-Uralski, Pionerskaya Str., 8, Russian Federation",+ 7 (3439) 37-58-50; + 7 (3439) 37-58-61,upkb@upkb.ru,https://upkb.ru/,
32014R0833,130,EU-RUS,IV,Export control,15.3.2022,,LegalEntity,Vega Pilot Plant,«Опытный Завод «Вега» – Филиал Акционерного Общества «Центр Судоремонта «Звездочка» («ОЗ «Вега» – Филиал АО «ЦС «Звездочка»); Experimental Plant Vega – Branch of Joint Stock Company Zvezdochka Ship Repair Centre; OZ Vega – Filial AO TSS Zvezdochka; Experimental Plant Vega,,,,,,,,,,,,,,,,,,,,,,,,,,,,,,,"249010, Kaluga Oblast, Borovsk, Lenina Str., 73, Russian Federation; 165509, Archangelsk Oblast, Severodvinsk, Proezd Mashinostroiteley, 12, Russian Federation",+ 8 (48438) 4-18-96,vega@borovsk.ru,https://www.star.ru/Filiali/OZ-Vega,
32014R0833,131,EU-RUS,IV,Export control,15.3.2022,,LegalEntity,Vertikal LLC,Общество с Ограниченной Ответственностью «Вертикаль» (ООО «Вертикаль»); OOO “Vertikal”,,,,,,,,,,,,,,,,,,7840410492 (Tax ID/INN),,,,,,,,,,,,,"196006, St. Petersburg, Moskovskaya Zastava Municipal District, Moskovsky Prospekt, 148, Letter D, Premises 8, Russian Federation",+ 7 (812) 425-38-85,info@vertical-e.ru,http://vertical-e.ru/,
32014R0833,132,EU-RUS,IV,Export control,15.3.2022,,LegalEntity,Vladislav Vladimirovich Fedorenko,Федоренко Владислав Владимирович,,,,,,,,,,,,,,,,,,781706521543 (Tax ID/INN),,,,,,,,,,,,,"191014, St. Petersburg, Artilleriyskaya Str., 1, Letter А, Premises 26-N, Russian Federation",,,,
32014R0833,133,EU-RUS,IV,Export control,15.3.2022,,LegalEntity,VTK Ltd,"Общество с Ограниченной Ответственностью «Ваша Топливная Компания» (ООО «ВТК»); Limited Liability Company “Your Fuel Company”, LLC “VTK”",,,,,,,,,,,,,,,,,,7811550255 (Tax ID/INN),,,,,,,,,,,,,"192019, St. Petersburg, Professora Kachalova Str., 14, Letter A, Russian Federation; 198207, St. Petersburg, Tramvaynyy Prospekt, 12, Letter A, Russian Federation",+ 7 (812) 365-11-11,MB@dtoplivo.ru,http://dtoplivo.ru/,
32014R0833,134,EU-RUS,IV,Export control,15.3.2022,,LegalEntity,Yaroslavl Shipbuilding Factory,Публичное Акционерное Общество «Ярославский Судостроительный Завод» (ПАО «ЯСЗ»); PAO Yaroslavskiy Sudostroitelnyy Zavod; PAO YaSZ; Yaroslavsky Shipyard,,,,,,,,,,,,,,,,,,7601001080 (Tax ID/INN),,,,,,,,,,,,,"150006, Yaroslavl Oblast, Yaroslavl, Korabelnaya Str., 1, Russian Federation; 196084, St. Petersburg, Izmailovskoye Municipal District, Krasutskogo Str., 4b, Letter B, Russian Federation",+ 7 (4852) 27-72-73; + 7 (4852) 27-72-48; + 7 (4852) 46-52-41; + 7 (4852) 28-88-88,shipyard@yaroslavl.ru; info@yarshipyard.com,http://yarshipyard.ru/,
32014R0833,135,EU-RUS,IV,Export control,15.3.2022,,LegalEntity,ZAO Elmiks-VS,Закрытое Акционерное Общество «Элмикс-ВС» (ЗАО «Элмикс-ВС»); CJSC Elmiks-VS,,,,,,,,,,,,,,,,,,7841352941 (Tax ID/INN),,,,,,,,,,,,,"191014, St. Petersburg, Artilleriyskaya Str., 1, Letter А, Premises 26-N, Russian Federation",+ 8 (812) 332-69-92; + 7 (812) 275-47-27; + 7 (812) 252-62-82,,http://elmiks.com/,
32014R0833,136,EU-RUS,IV,Export control,15.3.2022,,LegalEntity,ZAO Sparta,Акционерное Общество «Спарта» (АО «Спарта»); AO Sparta,,,,,,,,,,,,,,,,,,7826138686 (Tax ID/INN),,,,,,,,,,,,,"191028, St. Petersburg, Mokhovaya Str., 18, Letter A, Premises 7N, Russian Federation; 196084, St. Petersburg, Izmailovskoye Municipal District, Krasutskogo Str., 4b, Letter B, Russian Federation",+ 7 (812) 677-68-21,office@nio-sparta.ru,https://www.sparta-components.ru/,
32014R0833,137,EU-RUS,IV,Export control,15.3.2022,,LegalEntity,ZAO Svyaz Inzhiniring,Акционерное Общество «Связь Инжиниринг» (АО «Связь Инжиниринг»); Svyaz Engineering,,,,,,,,,,,,,,,,,,7713159847 (Tax ID/INN),,,,,,,,,,,,,"115404, Moscow, 6th Radialnaya Str., 9, Russian Federation; 127083, Moscow, 8 Marta Str., 10, Building 3, Russian Federation",+ 7 (910) 404-23-24; + 7 (495) 544-21-90,info@sipower.ru,http://sipower.ru/,
32014R0833,138,EU-RUS,IV,Export control,3.6.2022,,LegalEntity,46th TSNII Central Scientific Research Institute,Федеральное Государственное Бюджетное Учреждение «46 Центральный Научно-Исследовательский Институт» Министерства Обороны Российской Федерации (ФГБУ «46 ЦНИИ» Минобороны России); 46 TsNII; 46 TsNII MO RF,,,,,,,,,,,,,,,,,,7716567668 (Tax ID/INN),,,,,,,,,,,,,"129327, Moscow, Chukotskiy Proezd, 10, Russian Federation",+ 7 (495) 471-17-07; + 7 (926) 353-24-55,,,
32014R0833,139,EU-RUS,IV,Export control,3.6.2022,,LegalEntity,Alagir Resistor Factory,Открытое Акционерное Общество «Алагирский Завод Сопротивлений» (ОАО «АЗС»); Alagirsky Resistor Factory; OJSC “AZS”,,,,,,,,,,,,,,,,,,1514010249 (Tax ID/INN),,,,,,,,,,,,,"363240, Republic of North Ossetia - Alania, Alagir, L. Tolstoy Str., 202, Russian Federation","+ 7 (86731) 2-22-25, + 7 (928) 863-80-77",alzas@mail.ru,http://alzas.ru/,
32014R0833,140,EU-RUS,IV,Export control,3.6.2022,,LegalEntity,All-Russian Research Institute of Optical and Physical Measurements,Федеральное Государственное Бюджетное Учреждение «Всероссийский Научно-Исследовательский Институт Оптико-Физических Измерений» (ФГБУ «ВНИИОФИ»); All-Russian Research Institute for Optical and Physical Measurements Federal State Budgetary Institution; FGBU VNIIOFI; FSUE VNIIOFI,,,,,,,,,,,,,,,,,,9729338933 (Tax ID/INN),,,,,,,,,,,,,"119361, Moscow, Ozernaya Str., 46, 202, Russian Federation",+ 7 (495) 430-42-89,vniiofi@vniiofi.ru,https://www.vniiofi.ru/,
32014R0833,141,EU-RUS,IV,Export control,3.6.2022,,LegalEntity,All-Russian Scientific-Research Institute Etalon JSC,Акционерное Общество «Всероссийский Научно-Исследовательский Институт «Эталон» (АО «ВНИИ «Эталон»); VNII Etalon JSC,,,,,,,,,,,,,,,,,,7714613189 (Tax ID/INN),,,,,,,,,,,,,"125040, Moscow, 1st Yamskogo Polya Str., 19, Russian Federation",8 (499) 251-37-71,info@vnii-etalon.ru,http://vnii-etalon.ru/,
32014R0833,142,EU-RUS,IV,Export control,3.6.2022,,LegalEntity,"Almaz, JSC",Акционерное Общество «Алмаз» (АО «Алмаз»); Almaz,,,,,,,,,,,,,,,,,,6166055693 (Tax ID/INN),,,,,,,,,,,,,"344093, Rostov Oblast, Rostov-on-Don, Tupolev Str., 16, Russian Federation",+ 7 (863) 252-60-00,info@almazrostov.ru,http://almazrostov.ru/,
32014R0833,143,EU-RUS,IV,Export control,3.6.2022,,LegalEntity,Arzam Scientific Production Enterprise Temp Avia,Акционерное Общество «Арзамасское Научно-Производственное Предприятие «Темп-Авиа» (АО АНПП «Темп-Авиа»); Temp-Avia Arzamas Research and Production Association JSC; OKB Temp; ANPP Temp-Avia,,,,,,,,,,,,,,,,,,5243001887 (Tax ID/INN),,,,,,,,,,,,,"607220, Nizhny Novgorod Oblast, Arzamas, Kirov Str., 26, Russian Federation",+ 7 (83147) 7-83-86,ao@temp-avia.ru,https://temp-avia.ru/,
32014R0833,144,EU-RUS,IV,Export control,3.6.2022,,LegalEntity,"Automated Procurement System for State Defense Orders, LLC",Общество с Ограниченной Ответственностью «Автоматизированная Система Торгов Государственного Оборонного Заказа» (ООО «АСТ ГОЗ»); AST GOZ LLC,,,,,,,,,,,,,,,,,,7728312865 (Tax ID/INN),,,,,,,,,,,,,"117393, Moscow, Profsoyuznaya Str., 78, Building 1, Russian Federation",+ 7 (495) 811-18-18,info@astgoz.ru,http://www.astgoz.ru/,
32014R0833,145,EU-RUS,IV,Export control,3.6.2022,,LegalEntity,Dolgoprudniy Design Bureau of Automatics (DDBA JSC),Акционерное Общество «Долгопрудненское Конструкторское Бюро Автоматики» (АО «ДКБА»); DKBA JSC; Dolgoprudno Design Bureau of Automation; Joint Stock Company “Dolgoprudnenskoe Design Bureau of Automatics”,,,,,,,,,,,,,,,,,,5008058393 (Tax ID/INN),,,,,,,,,,,,,"141700, Moscow Oblast, Dolgoprudny, Letnaya Str., 1, Russian Federation",8 (495) 408-75-11,dkba@dkba.ru,http://dkba.ru/,
32014R0833,146,EU-RUS,IV,Export control,3.6.2022,,LegalEntity,Electronic Computing Technology Scientific-Research Center JSC,Акционерное Общество «Научно - Исследовательский Центр Электронной Вычислительной Техники» (АО «НИЦЭВТ»); NICEVEY; NICEVT,,,,,,,,,,,,,,,,,,7726019325 (Tax ID/INN),,,,,,,,,,,,,"117587, Moscow, Varshavskoye Shosse, 125, Russian Federation",+ 7 (495) 319-17-90,info@nicevt.ru,http://nicevt.ru/,
32014R0833,147,EU-RUS,IV,Export control,3.6.2022,,LegalEntity,"Electrosignal, JSC",Акционерное Общество «Электросигнал» (АО «Электросигнал»),,,,,,,,,,,,,,,,,,3650001159 (Tax ID/INN),,,,,,,,,,,,,"394026, Voronezh Oblast, Voronezh, Elektrosignalnaya Str., 1, Russian Federation",+ 7 (473) 246-10-51; + 7 (473) 221-04-94,electrosignal@pad.vsi.ru,http://elektrosignal.ru/,
32014R0833,148,EU-RUS,IV,Export control,3.6.2022,,LegalEntity,JSC Energiya,Публичное Акционерное Общество «Энергия» (ПАО «Энергия»); PAO “Energiya”,,,,,,,,,,,,,,,,,,4821000142 (Tax ID/INN),,,,,,,,,,,,,"399775, Lipetsk Oblast, Yelets, Elektrik Settlement, 1, Russian Federation jsc-energiya.com/",+ 7 (47467) 4-02-17,marketing@ao-energiya.ru,https://jsc-energiya.com/,
32014R0833,149,EU-RUS,IV,Export control,3.6.2022,,LegalEntity,Engineering Center Moselectronproekt,Акционерное Общество «МосЭлектронПроект» (АО «МосЭП»); Moselectronproekt (JSC); MosEP JSC,,,,,,,,,,,,,,,,,,7712008203 (Tax ID/INN),,,,,,,,,,,,,"127299, Moscow, Kosmonavta Volkova Str., 12, Russian Federation",+ 7 (495) 225-15-22,info@mosep.ru,https://mosep.ru/,
32014R0833,150,EU-RUS,IV,Export control,3.6.2022,,LegalEntity,Etalon Scientific and Production Association,Общество с Ограниченной Ответственностью «Научно-Производственное Объединение «Эталон» (ООО «НПО «Эталон»); NPO Etalon LLC,,,,,,,,,,,,,,,,,,5906078439 (Tax ID/INN),,,,,,,,,,,,,"618740, Perm Krai, Dobryanka, Proezd Tsentralny, 3, Russian Federation",+ 7 (34265) 2-29-13; + 7 (34265) 2-27-46; + 7 (342) 294-39-45,info@npoetalon.ru,https://npoetalon.ru/,
32014R0833,151,EU-RUS,IV,Export control,3.6.2022,,LegalEntity,Evgeny Krayushin,Евгений Краюшин,,,,,,,,,,,,,,,,,,,,,,,,,,,,,,,"Moscow Oblast, Dmitrov, Zheleznodorozhniy Pereulok, 3, Building 41, Russian Federation; 117403, Moscow, Melitopolskaya Str., 9, Building 3, Russian Federation",,,,
32014R0833,152,EU-RUS,IV,Export control,3.6.2022,,LegalEntity,Foreign Trade Association Mashpriborintorg,Акционерное Общество «Внешнеэкономическое Объединение «Машприборинторг» (АО «ВО «Машприборинторг»); FTA Mashpriborintorg JSC; Joint Stock Company “Foreign Economic Association “Mashpriborintorg”,,,,,,,,,,,,,,,,,,7719813840 (Tax ID/INN),,,,,,,,,,,,,"105318, Moscow, Shcherbakovskaya Str., 3, Russian Federation; 105318, Moscow, Tkatskaya Str., 19, Russian Federation; 121108, Moscow, Fili-Davydkovo Municipal District, Ivana Franko Str., 4, Building 10, Russian Federation; 121059, Moscow, Ukrainsky Boulevard, 8, Building 1, Russian Federation",+ 7 (495) 974-83-50; + 7 (499) 110-49-76,post@mashpriborintorg.com,http://mashpriborintorg.com/,
32014R0833,153,EU-RUS,IV,Export control,3.6.2022,,LegalEntity,Ineko LLC,Общество с Ограниченной Ответственностью «Инеко» (ООО «Инеко); OO Ineko,,,,,,,,,,,,,,,,,,5007104304 (Tax ID/INN),,,,,,,,,,,,,"141800, Moscow Oblast, Dmitrov, Zheleznodorozhny Pereulok, 3, Premises 41, Russian Federation",+ 7 985 507 31 52,inekocom@mail.ru,https://www.inekocom.ru/,
32014R0833,154,EU-RUS,IV,Export control,3.6.2022,,LegalEntity,Informakustika JSC,Акционерное Общество «Информакустика» (АО «Информакустика»); Joint Stock Company “Informacoustics”,,,,,,,,,,,,,,,,,,7813487947 (Tax ID/INN),,,,,,,,,,,,,"194021, St. Petersburg, Politekhnicheskaya Str., 22, Letter A, Russian Federation; 197376, St. Petersburg, R. Krestovki Embankment, 3, Russian Federation",+ 7 (812) 777-78-84,info@forso.ru,http://forso.ru/,
32014R0833,155,EU-RUS,IV,Export control,3.6.2022,,LegalEntity,Institute of High Energy Physics,Федеральное Государственное Бюджетное Учреждение «Институт Физики Высоких Энергий имени А.А. Логунова Национального Исследовательского Центра «Курчатовский Институт» (НИЦ «Курчатовский Институт» – ИФВЭ); IHEP; NITs Kurchatovsky Institute IFVE; Federal State Budgetary Institution “Institute of High Energy Physics named after A.A. Logunov of the National Research Center “Kurchatov Institute”,,,,,,,,,,,,,,,,,,5037007869 (Tax ID/INN),,,,,,,,,,,,,"142281, Moscow Oblast, Protvino, Nauki Square, 1, Russian Federation; 142281, Moscow Oblast, Protvino, Pobedy Str., 1, Russian Federation",+ 7 (4967) 71-36-23; + 8 (4967) 71-33-66,fgbu@ihep.ru,http://www.ihep.ru/,
32014R0833,156,EU-RUS,IV,Export control,3.6.2022,,LegalEntity,Institute of Theoretical and Experimental Physics,Национальный Исследовательский Центр «Курчатовский Институт» – Курчатовский Комплекс Теоретической и Экспериментальной Физики (НИЦ «Курчатовский Институт» – ИТЭФ); ITEP; ITEF; Kurchatovsky Institute ITEF; Federal State Budgetary Institution “Institute of Theoretical and Experimental Physics named after A. I. Alikhanov of the National Research Center “Kurchatov Institute”; Kurchatov Complex of Theoretical and Experimental Physics,,,,,,,,,,,,,,,,,,,,,,,,,,,,,,,"117218, Moscow, Bolshaya Cheremushkinskaya Str., 25, Russian Federation; 117209, Moscow, Sevastopolsky Prospekt, 24, Russian Federation",+ 8 (499) 789-62-12,chancellery@itep.ru,http://www.itep.ru/,
32014R0833,157,EU-RUS,IV,Export control,3.6.2022,,LegalEntity,Inteltech PJSC,Публичное Акционерное Общество «Информационные Телекоммуникационные Технологии» (ПАО «Интелтех»); Information Telecommunications Technology PJSC; Inteltekh,,,,,,,,,,,,,,,,,,7802030605 (Tax ID/INN),,,,,,,,,,,,,"197342, St. Petersburg, Kantemirovskaya Str., 8, Russian Federation; 194100, St. Petersburg, Kantemirovskaya Str. 5, Russian Federation",+ 7 (812) 295-50-69; + 7 (812) 313-12-51,intelteh@inteltech.ru,https://www.inteltech.ru/,
32014R0833,158,EU-RUS,IV,Export control,3.6.2022,,LegalEntity,ISE SO RAN Institute of High-Current Electronics,Федеральное Государственное Бюджетное Учреждение Науки Институт Сильноточной Электроники Сибирского Отделения Российской Академии Наук (ИСЭ СО РАН); Institute of High Current Electronics of the Siberian Branch of the Russian Academy of Sciences; IHE SB RAS,,,,,,,,,,,,,,,,,,7021001375 (Tax ID/INN),,,,,,,,,,,,,"634055, Tomsk, Akademichesky Prospekt, 2/3, Russian Federation",+ 7 (3822) 491-544,contact@hcei.tsc.ru,https://hcei.tsc.ru//,
32014R0833,159,EU-RUS,IV,Export control,3.6.2022,,LegalEntity,Kaluga Scientific-Research Institute of Telemechanical Devices JSC,Акционерное Общество «Калужский Научно-Исследовательский Институт Телемеханических Устройств» (АО «КНИИТМУ»); KNIITMU JSC,,,,,,,,,,,,,,,,,,4027100480 (Tax ID/INN),,,,,,,,,,,,,"248650, Kaluga Oblast, Kaluga, Pushkina Str., 19, Russian Federation; 248000, Kaluga Oblast, Kaluga, Karla Marksa Str., 4, Russian Federation",+ 7 (4842) 74-35-00,kniitmu@kaluga.net,http://www.kniitmu.ru/,
32014R0833,160,EU-RUS,IV,Export control,3.6.2022,,LegalEntity,Kulon Scientific-Research Institute JSC,Акционерное Общество «Научно-Исследовательский Институт «Кулон» (АО «НИИ «Кулон»); NII Kulon JSC,,,,,,,,,,,,,,,,,,7717149279 (Tax ID/INN),,,,,,,,,,,,,"129075, Moscow, Ostankinsky Municipal District, Murmansky Proezd, 14, Russian Federation",+ 7 (495) 966-05-66,mail@niikulon.ru,https://niikulon.ru/,
32014R0833,161,EU-RUS,IV,Export control,3.6.2022,,LegalEntity,Lutch Design Office JSC,Акционерное Общество «Конструкторское бюро «Луч» (АО «КБ «Луч»); Lutch Design Bureau JCS; Lutch JSC; KB-Lutch,,,,,,,,,,,,,,,,,,7610063043 (Tax ID/INN),,,,,,,,,,,,,"152920, Yaroslavl Oblast, Rybinsk, Pobedy Boulevard, 25, Russian Federation",+ 8 (4855) 28-58-22,kb@kb-lutch.ru,https://kb-lutch.ru/,
32014R0833,162,EU-RUS,IV,Export control,3.6.2022,,LegalEntity,Meteor Plant JSC,Акционерное Общество «Завод «Метеор» (АО «Завод «Метеор»); AO Zavod Meteor,,,,,,,,,,,,,,,,,,3435000717 (Tax ID/INN),,,,,,,,,,,,,"404130, Volgograd Oblast, Volzhsky, Loginova Str., 23, Russian Federation; 404122, Volgograd Oblast, Volzhsky, Gorkogo Str., 1, Russian Federation",+ 7 (8443) 34-26-94,info@meteor.su,http://meteor.su/,
32014R0833,163,EU-RUS,IV,Export control,3.6.2022,,LegalEntity,Moscow Communications Research Institute JSC,Акционерное Общество «Московский Научно-Исследовательский Институт Связи» (АО «МНИИС»); MNIIS JSC,,,,,,,,,,,,,,,,,,7726336229 (Tax ID/INN),,,,,,,,,,,,,"117534, Moscow, Kirovogradsky Proezd, 3, Building 2, Russian Federation; 121170, Moscow Kutuzovsky Prospekt, 34, Russian Federation",+ 7 (499) 249 40 88,mniis@mniis.ru,http://mniis.ru/,
32014R0833,164,EU-RUS,IV,Export control,3.6.2022,,LegalEntity,Moscow Order of the Red Banner of Labor Research Radio Engineering Institute JSC,Акционерное Общество «Московский Ордена Трудового Красного Знамени Научно-Исследовательский Радиотехнический Институт» (АО «МНИРТИ»); MNIRTI JSC.,,,,,,,,,,,,,,,,,,7709899951 (Tax ID/INN),,,,,,,,,,,,,"103028, Moscow, Bolshoi Trekhsvyatitelsky Pereulok, 2/1, Russian Federation",+ 7 (495) 626-23-44,astra@mnirti.ru,https://mnirti.ru/,
32014R0833,165,EU-RUS,IV,Export control,3.6.2022,,LegalEntity,Joint Stock Company NPO Elektromechaniki,Акционерное Общество «Научно-Производственное Объединение Электромеханики» (АО «НПО Электромеханики»); NPO Elektromechaniki JSC; Scientific and Production Association “Electromechanics” JSC,,,,,,,,,,,,,,,,,,7415044181 (Tax ID/INN),,,,,,,,,,,,,"45630, Chelyabinsk Oblast, Miass, Mendeleeva Str., 31, Russian Federation",+ 7 (3513) 28-88-04,root@npoe.ru,https://npoe.ru/; http://npomash.ru/npom/ru/electromeh.htm,
32014R0833,166,EU-RUS,IV,Export control,3.6.2022,,LegalEntity,Omsk Production Union Irtysh JSC,Акционерное Общество «Омское Производственное Объединение «Иртыш» (АО «ОмПО «Иртыш»); OmPO Irtysh,,,,,,,,,,,,,,,,,,,,,,,,,,,,,,,"644060, Omsk Oblast, Omsk, Gurteva Str., 18, Russian Federation",+ 7 (3812) 44-87-05,irtysh@irtysh.com.ru,https://irtysh.ru/,
32014R0833,167,EU-RUS,IV,Export control,3.6.2022,,LegalEntity,Omsk Scientific-Research Institute of Instrument Engineering JSC,Акционерное общество «Омский Научно-Исследовательский Институт Приборостроения» (АО «ОНИИП»); JSC Omsk Research Institute of Instrument Engineering; AO ONIIP,,,,,,,,,,,,,,,,,,5506218498 (Tax ID/INN),,,,,,,,,,,,,"644071, Omsk Oblast, Omsk, Maslennikova Str., 231, Russian Federation",+ 7 (3812) 44-85-45,info@oniip.ru,http://www.oniip.ru/,
32014R0833,168,EU-RUS,IV,Export control,3.6.2022,,LegalEntity,"Optron, JSC",Акционерное общество «Оптрон» (АО «Оптрон»),,,,,,,,,,,,,,,,,,7719019691 (Tax ID/INN),,,,,,,,,,,,,"105318, Moscow, Shcherbakovskaya Str., 53, Russian Federation",+ 8 (495) 366-22-66,main@optron.ru,https://www.optron.ru/,
32014R0833,169,EU-RUS,IV,Export control,3.6.2022,,LegalEntity,Pella Shipyard OJSC,Акционерное общество «Ленинградский Судостроительный Завод «Пелла» (АО «Пелла»); JSC Leningrad Shipyard Pella; AO “Leningradsky Sudostroitelny Zavod “Pella”; AO “Pella”,,,,,,,,,,,,,,,,,,4706000296 (Tax ID/INN),,,,,,,,,,,,,"187330, Leningrad Oblast, Kirovsky District, Otradnoe, Tsentralnaya Str., 4, Russian Federation",+ 7 (812) 336 4066; + 7 (812) 336 40 55,mail@pellaship.ru,http://pellaship.ru/,
32014R0833,170,EU-RUS,IV,Export control,3.6.2022,,LegalEntity,Polyot Chelyabinsk Radio Plant JSC,Акционерное Общество «Челябинский Радиозавод «Полёт» (АО «ЧРЗ «Полет»); AO “ChRZ “Polyot”; Chelyabinsk Radio Plant Polet; ChRP “Polet”,,,,,,,,,,,,,,,,,,7453140915 (Tax ID/INN),,,,,,,,,,,,,"454080, Chelyabinsk Oblast, Chelyabinsk, Terponolskaya Str., 6, Russian Federation",+ 7 (351) 267-02-20,chrz@polyot.ru,https://www.polyot.ru/,
32014R0833,171,EU-RUS,IV,Export control,3.6.2022,,LegalEntity,Pskov Distance Communications Equipment Plant,Акционерное Общество «Псковский Завод Аппаратуры Дальней Связи» (АО «Псковский Завод АДС»); Pskov Plant ADS JSC; Pskov Distance Communications Equipment (ADS),,,,,,,,,,,,,,,,,,6027014643 (Tax ID/INN),,,,,,,,,,,,,"180004, Pskov Oblast, Pskov, Gagarina Str., 4, Russian Federation",+ 8 (8112) 79-41-12; + 8 (8112) 79-41-00,office@ads-pskov.ru,http://www.ads-pskov.ru/,
32014R0833,172,EU-RUS,IV,Export control,3.6.2022,,LegalEntity,"Radiozavod, JSC",Акционерное Общество «Радиозавод» (АО «Радиозавод»),,,,,,,,,,,,,,,,,,5835049799 (Tax ID/INN),,,,,,,,,,,,,"440039, Penza Oblast, Penza, Baydukova Str., 1, Russian Federation",+ 7 (8412) 92-80-96,radio@rf58.ru,https://www.penza-radiozavod.ru/,
32014R0833,173,EU-RUS,IV,Export control,3.6.2022,,LegalEntity,Razryad JSC,Акционерное Общество «Разряд» (АО «Разряд»); Zavod Razryad,,,,,,,,,,,,,,,,,,1513030980 (Tax ID/INN),,,,,,,,,,,,,"362031, Republic of North Ossetia – Alania, Vladikavkaz, Kosta Prospekt, 233, Russian Federation",+ 8 (8672) 51-52-94; + 8 (8672) 51-61-82; + 8 (8672) 51-81-83,info@zavod-razryad.ru,http://www.zavod-razryad.ru/,
32014R0833,174,EU-RUS,IV,Export control,3.6.2022,,LegalEntity,Research Production Association Mars,Федеральный Научно-Производственный Центр Акционерное Общество «Научно-Производственное Объединение «Марс» (ФНПЦ АО «НПО «Марс»); RPA Mars; NPO Mars; Federal Research and Development Center JSC Scientific Production Association “Mars”; FNPTs AO “NPO “MARS”,,,,,,,,,,,,,,,,,,7303026811 (Tax ID/INN),,,,,,,,,,,,,"432022, Ulyanovsk Oblast, Ulyanovsk, Solnechnaya Str., 20, Russian Federation",+ 7 (8422) 52-47-22,mars@mv.ru,http://npomars.com/ru/,
32014R0833,175,EU-RUS,IV,Export control,3.6.2022,,LegalEntity,Ryazan Radio-Plant,Акционерное Общество «Рязанский Радиозавод» (АО «Рязанский Радиозавод»),,,,,,,,,,,,,,,,,,6231006875 (Tax ID/INN),,,,,,,,,,,,,"390023, Ryazan Oblast, Ryazan Lermontova Str., 11, Russian Federation",+ 7 (4912) 29-27-33; + 7 (4912) 29-29-30,mail@radiozavod.ru,https://radiozavod.ru/,
32014R0833,176,EU-RUS,IV,Export control,3.6.2022,,LegalEntity,Scientific Production Center Vigstar JSC,Акционерное Общество «Научно-Производственный Центр «Вигстар» (АО «НПЦ «Вигстар»); AO Nauchno-Proizvodstvennyy Tsentr Vigstar; JSC SRC Vigstar; AO NPTs Vigstar,,,,,,,,,,,,,,,,,,7726687555 (Tax ID/INN),,,,,,,,,,,,,"117545, Moscow, 1st Dorozhny Proezd, 8, Russian Federation",+ 7 (495) 276 5201; + 7 (495) 276 5202,vigstar@vigstar.ru,https://www.vigstar.ru/,
32014R0833,177,EU-RUS,IV,Export control,3.6.2022,,LegalEntity,Scientific Production Enterprise “Radiosviaz”,Акционерное Общество «Научно-Производственное Предприятие «Радиосвязь» (АО «НПП «Радиосвязь»); AO NPP Radiosvyaz; Joint Stock Company “Research and Production Enterprise “Radiosvyaz”,,,,,,,,,,,,,,,,,,2460243408 (Tax ID/INN),,,,,,,,,,,,,"660021, Krasnoyarsk Krai, Krasnoyarsk, Dekabristov Str., 19, Russian Federation",+ 7 (391) 204-11-02,info@krtz.su,https://krtz.su/,
32014R0833,178,EU-RUS,IV,Export control,3.6.2022,,LegalEntity,Scientific Research Institute Ferrite-Domen,Акционерное Общество «Научно-Исследовательский Институт «Феррит-Домен» (АО «НИИ «Феррит-Домен»); AO NII Ferrit-Domen,,,,,,,,,,,,,,,,,,7810245940 (Tax ID/INN),,,,,,,,,,,,,"196006, St. Petersburg, Zvetochnaya Str., 25, Building 3, Letter B, Room 417, Russian Federation",+ 7 (812) 676-28-83,dpo@domen.ru,https://www.domen.ru/,
32014R0833,179,EU-RUS,IV,Export control,3.6.2022,,LegalEntity,Scientific Research Institute of Communication Management Systems,Акционерное Общество «Научно-Исследовательский Институт Систем Связи и Управления» (АО «НИИСУ»); AO NIISU; Joint Stock Company “Research and Development Institute of Communication and Management Systems”,,,,,,,,,,,,,,,,,,7728804257 (Tax ID/INN),,,,,,,,,,,,,"117630, Moscow, Starokaluzhkoe Shosse, 58, Russian Federation",+ 7 (495) 333-75-03,niissu@niissu.ru,https://niissu.ru/,
32014R0833,180,EU-RUS,IV,Export control,3.6.2022,,LegalEntity,Scientific-Production Association and Scientific-Research Institute of Radio-Components,Общество с Ограниченной Ответственностью «Научно-Производственное Объединение НИИРК» (ООО «НПО НИИРК»); NIIRK; Limited Liability Company “Research and Production Association NIIRK”; OOO NPO NIIRK,,,,,,,,,,,,,,,,,,7706265403 (Tax ID/INN),,,,,,,,,,,,,"119049, Moscow, Krymsky Val Str., 3, Building 1, Office 1, Russian Federation",+ 8 (499)764-58-89,niirk@yandex.ru,http://niirk.ru/,
32014R0833,181,EU-RUS,IV,Export control,3.6.2022,,LegalEntity,Scientific-Production Enterprise “Kant”,Акционерное Общество «Научно-Производственное Предприятие «Кант» (АО «НПП «Кант»); AO NPP Kant; Joint Stock Company “Research and Production Enterprise “Kant”,,,,,,,,,,,,,,,,,,7709868424 (Tax ID/INN),,,,,,,,,,,,,"109316, Moscow, Talalikhina Str., 12, Building 7, Russian Federation; 129626, Moscow, 3rd Mytishchinskaya Str., 16, Russian Federation",+ 7 (495) 902-73-27; + 7 (495) 902-72-37,info@npp-kvant.ru,https://npp-kvant.ru/,
32014R0833,182,EU-RUS,IV,Export control,3.6.2022,,LegalEntity,Scientific-Production Enterprise “Svyaz”,Акционерное Общество «Научно-Производственное Предприятие «Связь» (АО «НПП «Связь»); AO NPP Svyaz; Joint Stock Company “Research and Production Enterprise “Svyaz”,,,,,,,,,,,,,,,,,,7118011916 (Tax ID/INN),,,,,,,,,,,,,"301214, Tula Oblast, Shekinsky District, Yasnaya Polyana Village, Shkolnaya Str., 19, Russian Federation",+ 8 (487) 517-63-68,mail@nppsvyaz.ru,http://www.nppsvyaz.ru/,
32014R0833,183,EU-RUS,IV,Export control,3.6.2022,,LegalEntity,Scientific-Production Enterprise Almaz JSC,Акционерное Общество «Научно-Производственное Предприятие «Алмаз» (АО «НПП «Алмаз»); AO NPP Almaz; Joint Stock Company “Research and Production Enterprise “Almaz”; Almaz Research and Production Enterprise; RPE Almaz,,,,,,,,,,,,,,,,,,6453119615 (Tax ID/INN),,,,,,,,,,,,,"410033, Saratov Oblast, Saratov, Panfilov I.V. Str., 1A, Building 1, Russian Federation",+ 7 (8452) 63-35-58,info@almaz-rpe.ru,https://almaz-rpe.ru/,
32014R0833,184,EU-RUS,IV,Export control,3.6.2022,,LegalEntity,Scientific-Production Enterprise Salyut JSC,Акционерное Общество «Научно-Производственное Предприятие «Салют» (АО «НПП «Салют»); AO NPP Salyut; Joint Stock Company “Research and Production Enterprise “Salute”,,,,,,,,,,,,,,,,,,5261079332 (Tax ID/INN),,,,,,,,,,,,,"603107, Nizhny Novgorod Oblast, Nizhny Novgorod, Larina Str., 7, Building 4, Office 4264, Russian Federation",+ 7 (831) 211-40-00,salut@nppsalut.ru,https://nppsalut.ru/,
32014R0833,185,EU-RUS,IV,Export control,3.6.2022,,LegalEntity,Scientific-Production Enterprise Volna,Акционерное Общество «Научно-Производственное Предприятие «Волна» (АО «НПП «Волна»); AO NPP Volna; Joint Stock Company “Research and Production Enterprise “Wave”,,,,,,,,,,,,,,,,,,7726534774 (Tax ID/INN),,,,,,,,,,,,,"117105, Moscow, Varshavskoe Shosse, 26, Russian Federation",+ 8 (499) 611-31-00; + 8 (499) 782 20 31,volna@volna.ru,http://volna.ru/,
32014R0833,186,EU-RUS,IV,Export control,3.6.2022,,LegalEntity,Scientific-Production Enterprise Vostok JSC,Акционерное Общество «Научно-Производственное Предприятие «Восток» (АО «НПП «Восток»); AO NPP Vostok; Joint Stock Company “Research and Production Enterprise “Wave”,,,,,,,,,,,,,,,,,,,,,,,,,,,,,,,"630049, Novosibirsk Oblast, Novosibirsk, Dusi Kovalchuk Str. 276, Russian Federation",+ 7 (383) 226-57-17,vostok@nzpp.ru,http://vostok.nsk.su/,
32014R0833,187,EU-RUS,IV,Export control,3.6.2022,,LegalEntity,Scientific-Research Institute “Argon”,Акционерное Общество «Научно-Исследовательский Институт «Аргон» (АО «НИИ «Аргон»); AO NII Argon; Joint Stock Company “Scientific Research Institute “Argon”,,,,,,,,,,,,,,,,,,7726694231 (Tax ID/INN),,,,,,,,,,,,,"117587, Moscow, Varshavskoe Shosse, 125, Building 1, Russian Federation",+ 7 (495) 319-78-67,argon@argon.ru,http://www.argon.ru/,
32014R0833,188,EU-RUS,IV,Export control,3.6.2022,,LegalEntity,Scientific-Research Institute and Factory Platan,Акционерное Общество «Научно-Исследовательский Институт «Платан» с Заводом при НИИ» (АО «НИИ «Платан» с Заводом при НИИ»); AO NII Platan s Zavodom pri NIII; Joint Stock Company “Scientific Research Institute “Platan”; Joint Stock Company “Scientific Research Institute “Platan” with a Plant at the Research Institute”,,,,,,,,,,,,,,,,,,5052023047 (Tax ID/INN),,,,,,,,,,,,,"141190, Moscow Oblast, Fryazino, Territory Vostochnaya Zavodskaya Promyshlennaya, 16, Russian Federation; 141190, Moscow Oblast, Fryazino, Zavodskoy Proezd, 2, Room 225, Russian Federation",+ 7 (496) 566-90-17; + 7 (495) 221-71-43,info@f-platan.ru,https://f-platan.ru/,
32014R0833,189,EU-RUS,IV,Export control,3.6.2022,,LegalEntity,Scientific-Research Institute of Automated Systems and Communications Complexes Neptune JSC,Акционерное Общество «Научно-Исследовательский Институт Автоматизированных Систем и Комплексов Связи «Нептун» (АО «НИИ «Нептун»); AO NII Neptun,,,,,,,,,,,,,,,,,,7801563590 (Tax ID/INN),,,,,,,,,,,,,"199178, St. Petersburg, Vasilyevsky Island, 7th Line, 80, Building 1, Letter A, Russian Federation",+ 7 (812) 327-09-72,inform@niineptun.ru,http://www.niineptun.ru/,
32014R0833,190,EU-RUS,IV,Export control,3.6.2022,,LegalEntity,Special Design and Technical Bureau for Relay Technology,Акционерное Общество «Специальное Конструкторско-Технологическое Бюро по Релейной Технике» (АО «СКТБ РТ»); Relay Technology Bureau JSC; AO SKTB RT; Joint Stock Company Special Relay System Design and Engineering Bureau,,,,,,,,,,,,,,,,,,5321095589 (Tax ID/INN),,,,,,,,,,,,,"173021, Novgorod Oblast, Veliky Novgorod, Nekhinskaya Str., 55, Russian Federation",+ 7 8162 629 001,office@sktbrt.ru,http://sktbrt.ru/,
32014R0833,191,EU-RUS,IV,Export control,3.6.2022,,LegalEntity,Special Design Bureau Salute JSC,Акционерное общество «Особое Конструкторское Бюро «Салют» (АО «ОКБ «Салют»); AO OKB Salyut,,,,,,,,,,,,,,,,,,5402512720 (Tax ID/INN),,,,,,,,,,,,,"630049, Novosibirsk Oblast, Novosibirsk, Krasny Prospekt, 153, Russian Federation",+ 7 (383) 226-57-19,info@okb-salyut.ru,http://okb-salyut.ru/,
32014R0833,192,EU-RUS,IV,Export control,3.6.2022,,LegalEntity,"Tactical Missile Company, Joint Stock Company “Salute”",АО «Салют»; AO Salyut; Zavod “Salyut”; Kuibyshev Mechanical Plant,,,,,,,,,,,,,,,,,,6313034986 (Tax ID/INN),,,,,,,,,,,,,"443028, Samara Oblast, Samara, Moskovskoe Shosse, 20, Russian Federation",+ 7 (846) 957-01-01,salut-info@yandex.ru,https://www.ao-salut.ru/; https://www.salut-samara.ru/,
32014R0833,193,EU-RUS,IV,Export control,3.6.2022,,LegalEntity,"Tactical Missile Company, Joint Stock Company “State Machine Building Design Bureau “Vympel” named after I.I.Toropov”",Акционерное Общество «Государственное Машиностроительное Конструкторское Бюро «Вымпел» им. И.И.Торопова» (АО «Гос МКБ «Вымпел» им. И.И. Торопова»); AO Gos MKB “Vympel” im. I.I. Toropova; NPO Vympel; JSC State Machine-Building Construction Bureau “Vympel” named after I.I. Toropov JSC,,,,,,,,,,,,,,,,,,7733546058 (Tax ID/INN),,,,,,,,,,,,,"125424, Moscow, Volokolamskoe Shosse, 90, Russian Federation",+ 7 (495) 491-06-74,info@vympelmkb.ru,https://vympelmkb.com/,
32014R0833,194,EU-RUS,IV,Export control,3.6.2022,,LegalEntity,"Tactical Missile Company, Joint Stock Company “Uralelement”",Акционерное Общество «Верхнеуфалейский Завод «Уралэлемент» (АО «Уралэлемент»); Joint Stock Company “Verkhneufaleysky Plant “Uralelement”; Aktsionernoe Obshchestvo Verkhneufaleysky Zavod Uralelement; AO Uralelement,,,,,,,,,,,,,,,,,,7402006277 (Tax ID/INN),,,,,,,,,,,,,"456800, Chelyabinsk Oblast, Verkhny Ufaley, Dmitrieva Str., 24, Russian Federation",+ 8 (351)-649-21-10,support@uralelement.ru,https://uralelement.ru/,
32014R0833,195,EU-RUS,IV,Export control,3.6.2022,,LegalEntity,"Tactical Missile Company, Joint Stock Company “Plant Dagdiesel”",Акционерное Общество «Завод «Дагдизель» (АО «Завод «Дагдизель»); Dagdizel Plant JSC; Factory Dagdizel; AO Zavod “Dagdizel”,,,,,,,,,,,,,,,,,,0545001919 (Tax ID/INN),,,,,,,,,,,,,"368399, Republic of Dagestan, Kaspiysk, Lenina Str., 1, Russian Federation",+ 8 (872) 465-27-34,info@dagdizel.ru,http://dagdizel.ru/,
32014R0833,196,EU-RUS,IV,Export control,3.6.2022,,LegalEntity,"Tactical Missile Company, Joint Stock Company “Scientific Research Institute of Marine Heat Engineering”",Акционерное Общество «Научно-Исследовательский Институт Морской Теплотехники» (АО «НИИ Мортеплотехники»); Research Institute of Morteplotehniki; AO NII Morteplotekhniki; Joint Stock Company “Scientific Research Institute of Marine Thermal Engineering”,,,,,,,,,,,,,,,,,,7819308094 (Tax ID/INN),,,,,,,,,,,,,"198412, St. Petersburg, Lomonosov, Chernikova Str., 44, Russian Federation",+ 7 (812) 363-8000,fmtt@mail.ru,https://gidropribor.ru/about/departments/morteplotekhniki.html,
32014R0833,197,EU-RUS,IV,Export control,3.6.2022,,LegalEntity,"Tactical Missile Company, Joint Stock Company Plant Kulakov",Акционерное Общество «Завод имени А.А.Кулакова» (AO «Завод им А.А. Кулакова»); JSC Plant named after A.A. Kulakov; AO Zavod im. A.A. Kulakova; JSC Zavod Kulakova,,,,,,,,,,,,,,,,,,7813346618 (Tax ID/INN),,,,,,,,,,,,,"197198, St. Petersburg, Yablochkova Str., 12, Letter A, Russian Federation",+ 7 (812) 233-29-02,office@zavodkulakova.ru,https://zavodkulakova.ru/,
32014R0833,198,EU-RUS,IV,Export control,3.6.2022,,LegalEntity,"Tactical Missile Company, Joint Stock Company Ravenstvo",Акционерное Общество «Равенство» (АО «Равенство»); Joint Stock Company Rawenstvo; AO Ravenstvo,,,,,,,,,,,,,,,,,,7805395957 (Tax ID/INN),,,,,,,,,,,,,"198095, St. Petersburg, Promyshlennaya Str., 19, Russian Federation",+ 7 (812) 252-93-33; + 7 (812) 252-93-42,rawenstvo@rawenstvo.ru,https://rawenstvo.ru/ru/,
32014R0833,199,EU-RUS,IV,Export control,3.6.2022,,LegalEntity,"Tactical Missile Company, Joint Stock Company Ravenstvo-Service",Акционерное Общество «Равенство-Сервис» (АО «Равенство-Сервис»); Joint Stock Company Rawenstvo-Service; AO Ravenstvo-Servis,,,,,,,,,,,,,,,,,,7805417618 (Tax ID/INN),,,,,,,,,,,,,"198095, St. Petersburg, Promyshlennaya Str., 19, Russian Federation",+ 7 (812) 252-92-00,rs@rawenstvo.ru,https://ktrv.ru/about/structure/ravenstvo-servis.html; https://www.granit-electron.ru/concern/subsidiaries/jsc-ravenstvo-service/,
32014R0833,200,EU-RUS,IV,Export control,3.6.2022,,LegalEntity,"Tactical Missile Company, Joint Stock Company Saratov Radio Instrument Plant",Акционерное Общество «Саратовский Радиоприборный Завод» (АО «СРЗ»); Aktsionernoe Obshchestvo Saratovsky Radiopriborny Zavod; AO SRZ,,,,,,,,,,,,,,,,,,6453104288 (Tax ID/INN),,,,,,,,,,,,,"410040, Saratov Oblast, Saratov, Prospekt 50 Let Oktyabrya, 108, Russian Federation",+ 7 (8452) 79-95-05,srz@granit-srz.ru,http://granit-srz.ru,
32014R0833,201,EU-RUS,IV,Export control,3.6.2022,,LegalEntity,"Tactical Missile Company, Joint Stock Company Severny Press",Акционерное Общество «Северный Пресс» (АО «Северный Пресс»); Joint Stock Company “Northern Press”; AO Severny Press,,,,,,,,,,,,,,,,,,7806337732 (Tax ID/INN),,,,,,,,,,,,,"195196, St. Petersburg, Tallinskaya Str., 7, Russian Federation",+ 7 (812) 445-21-36,post@nordpress.spb.su,http://new.nordpress.spb.su/; https://www.granit-electron.ru/concern/subsidiaries/ao-severnyy-press/,
32014R0833,202,EU-RUS,IV,Export control,3.6.2022,,LegalEntity,"Tactical Missile Company, Joint-Stock Company “Research Center for Automated Design”",Акционерное Общество «Научно-Исследовательский Центр Автоматизированных Систем Конструирования» (АО «НИЦ АСК»); AO NITs ASK; Joint Stock Company “Scientific Research Center for Automated Design Systems”,,,,,,,,,,,,,,,,,,7714022309 (Tax ID/INN),,,,,,,,,,,,,"125167, Moscow, Leningradsky Prospekt, 37, Building 12, Russian Federation",+ 7 (495) 666-32-74,info@nicask.ru,http://www.nicask.ru/,
32014R0833,203,EU-RUS,IV,Export control,3.6.2022,,LegalEntity,"Tactical Missile Company, KB Mashinostroeniya",Акционерное Общество «Научно-Производственная Корпорация «Конструкторское Бюро Машиностроения» (АО «НПК «КБМ»); Joint Stock Company “Research and Production Corporation “Design Bureau of Mechanical Engineering”; AO NPK KBM; Joint Stock Company “Research and Production Corporation “Machine Building Design Bureau”; Joint Stock Company Research and Production Corporation Konstruktorskoye Byuro Mashynostroyeniya; Kolomna Design Bureau of Machine-Building,,,,,,,,,,,,,,,,,,5022039177 (Tax ID/INN),,,,,,,,,,,,,"140402, Moscow Oblast, Kolomna, Oksky Prospekt, 42, Russian Federation",+ 7 (495) 363-38-56; + 7 kbm-kbm@mail.ru,kbm-kbm@mail.ru,https://ktrv.ru/about/structure/kb_mashinostroeniya.html,
32014R0833,204,EU-RUS,IV,Export control,3.6.2022,,LegalEntity,"Tactical Missile Company, NPO Lightning",Акционерное Общество «Научно-Производственное Объединение «Молния» (АО «НПО «Молния»); Research and Production Association Lightning JSC; Molniya Research & Industrial Corporation JSC; JSC NPO Molniya,,,,,,,,,,,,,,,,,,7733028761 (Tax ID/INN),,,,,,,,,,,,,"125363, Moscow, Lodochnaya Str., 5, Building 1, Russian Federation",+ 7 495 580-71-86; + 7 495 580-71-87,molniya@npomolniya.ru,http://www.npomolniya.ru/,
32014R0833,205,EU-RUS,IV,Export control,3.6.2022,,LegalEntity,"Tactical Missile Company, Petrovsky Electromechanical Plant “Molot”",Акционерное Общество «Петровский Электромеханический Завод «Молот» (АО «ПЭМЗ «Молот»); Aktsionernoe Obshchestvo Petrovskii Elektromekhanicheskii Zavod Molot; JSC Petrovsky Electromechanical Zavod Molot; AO PEMZ Molot,,,,,,,,,,,,,,,,,,6444009038 (Tax ID/INN),,,,,,,,,,,,,"412540, Saratov Oblast, Petrovsk, Gogolya Str., 40, Russian Federation",+ 7 (84555) 31-501; + 7 (84555) 3-37-01,ao@pemzmolot.ru; molot_pemz@mail.ru,https://ktrv.ru/about/structure/petrovskiy_emz_-molot.html; http://pemz-molot.ru/,
32014R0833,206,EU-RUS,IV,Export control,3.6.2022,,LegalEntity,"Tactical Missile Company, PJSC “MBDB “ISKRA”",Акционерное Общество «Машиностроительное Конструкторское Бюро «ИСКРА» имени Ивана Ивановича Картукова» (АО «МКБ «ИСКРА»); JSC “MDB “Iskra”; Joint Stock Company Machine Building Design Bureau “ISKRA”; Iskra Engineering Design Bureau JSC named after I.I. Kartukov; JSC MBDB ISKRA; Machine-Building Design Bureau “Iskra” named after Ivan Kartukov JSC; Aktsionernoe Obshchestvo “Mashinostroitelnoe; Konstruktorskoe Byuro “Iskra” Imeni Ivana Ivanovicha Kartukova; AO MKB ISKRA,,,,,,,,,,,,,,,,,,7714288059 (Tax ID/INN),,,,,,,,,,,,,"125284, Moscow, Leningradsky Prospekt, 35, Russian Federation",+ 7 (495) 612-53-51; + 7 (495) 945-43-59; + 7 (495) 614-00-52,info@iskramkb.ru,http://www.iskramkb.ru/,
32014R0833,207,EU-RUS,IV,Export control,3.6.2022,,LegalEntity,"Tactical Missile Corporation, “Central Design Bureau of Automation”",Акционерное Общество «Центральное Конструкторское Бюро Автоматики» (АО «ЦКБА»); CDBA; TsKBA; Central Design Bureau for Automatics Engineering JSC,,,,,,,,,,,,,,,,,,5506202219 (Tax ID/INN),,,,,,,,,,,,,"644027, Omsk Oblast, Omsk, Kosmichesky Prospekt, 24A, Russian Federation",+ 7 (3812) 53-98-30,aockba@ckba.net,http://www.ckba.net/,
32014R0833,208,EU-RUS,IV,Export control,3.6.2022,,LegalEntity,"Tactical Missile Corporation, 711 Aircraft Repair Plant",Акционерное Общество «711 Авиационный Ремонтный Завод» (АО «711 АРЗ»); 711 ARZ,,,,,,,,,,,,,,,,,,3604016369 (Tax ID/INN),,,,,,,,,,,,,"397171, Voronezh Oblast, Borisoglebsk, Chkalova Str., 18, Russian Federation",+ 7 (47354) 6-69-73,arz@711arz.ru,http://711arz.ru/,
32014R0833,209,EU-RUS,IV,Export control,3.6.2022,,LegalEntity,"Tactical Missile Corporation, AO GNPP “Region”",Акционерное Общество «Государственное Научно-Производственное Предприятие «Регион» (АО «ГНПП «Регион»); Aktsionernoe Obshchestvo Gosudarstvennoe Nauchno Proizvodstvennoe Predpriyatie Region; “Region” Scientific & Production Enterprise JSC; AO GNPP Region,,,,,,,,,,,,,,,,,,7724552070 (Tax ID/INN),,,,,,,,,,,,,"115230, Moscow, Kashirskoe Shosse, 13A, Russian Federation",+ 7 (495) 741-55-44; + 7 (499) 611-30-55,GNPPREGION@SOVINTEL.RU,https://gnppregion.ru/,
32014R0833,210,EU-RUS,IV,Export control,3.6.2022,,LegalEntity,"Tactical Missile Corporation, AO TMKB “Soyuz”","Акционерное Общество Тураевское Машиностроительное Конструкторское Бюро «Союз» (АО ТМКБ «Союз»); TMBDB Soyuz PJSC, Aktsionernoe Obshchestvo Turaevskoe Mashinostroitelnoe Konstruktorskoe Byuro “Soyuz”, JSC Turayev Machine-Building Design Bureau “Soyuz”",,,,,,,,,,,,,,,,,,5026000759 (Tax ID/INN),,,,,,,,,,,,,"140080, Moscow Oblast, Lytkarino, Industrial Zone Tyraevo, Building 10, Russian Federation",+ 7 (495) 552-57-21; + 7 (495) 555-08-77,info@tmkb-soyuz.ru,http://tmkb-soyuz.ru/,
32014R0833,211,EU-RUS,IV,Export control,3.6.2022,,LegalEntity,"Tactical Missile Corporation, Azov Optical and Mechanical Plant",Акционерное Общество «Азовский Оптико-Механический Завод» (АО «АОМЗ»); Azovsky Optiko-Mechanichesky Zavod; JSC AOMZ; Azov Optomechanical Plant JSC,,,,,,,,,,,,,,,,,,6140022069 (Tax ID/INN),,,,,,,,,,,,,"346780, Rostov Oblast, Azov, Promyshlennaya Str., 5, Russian Federation,",+ 7 863 424-07-67; + 8 (863-42) 4-07-67,volna.aomz@mail.ru,https://aomz.org/,
32014R0833,212,EU-RUS,IV,Export control,3.6.2022,,LegalEntity,"Tactical Missile Corporation, Concern “MPO – Gidropribor”",Акционерное Общество «Концерн «Морское Подводное Оружие - Гидроприбор» (АО «Концерн «МПО - Гидроприбор»); JSC Concern Sea Underwater Weapons Gidropribor; Central Research Institute “Gidropribor”; AO Konstern Morskoe Podvonoe Oruzhie Gidropribor,,,,,,,,,,,,,,,,,,7802375889 (Tax ID/INN),,,,,,,,,,,,,"194044, St. Petersburg, Bolshoi Sampsonievskiy Prospekt, 24A, Letter Z, Russian Federation","+ 7 (812) 542-01-47, + 7 (812) 542-95-51",info@gidropribor.ru,https://gidropribor.ru/,
32014R0833,213,EU-RUS,IV,Export control,3.6.2022,,LegalEntity,"Tactical Missile Corporation, Joint Stock Company “Krasny Gidropress”","Акционерное Общество «Красный Гидропресс» (АО «Красный Гидропресс»); Aktsionernoe Obshchestvo “Krasny Gidropress,”; JSC Red Hydraulic Press",,,,,,,,,,,,,,,,,,6154082903 (Tax ID/INN),,,,,,,,,,,,,"347928, Rostov Oblast, Taganrog, Severnaya Square, 3, Russian Federation",+ 7 (8634) 36-63-39; + 7 (8634) 366-338,hpress@mail.ru,http://aohpress.ru/,
32014R0833,214,EU-RUS,IV,Export control,3.6.2022,,LegalEntity,"Tactical Missile Corporation, Joint Stock Company Avangard",Акционерное Общество «Авангард» (АО «Авангард»),,,,,,,,,,,,,,,,,,6726504312 (Tax ID/INN),,,,,,,,,,,,,"215500, Smolensk Oblast, Safonovo, Oktyabrskaya Str., 78, Russian Federation",+ 7 (48142) 3-42-45; + 7 (481) 226 86-05; + 7 (48142) 3-42-32,info@avangard-plastik.ru,https://avangard-plastik.ru/,
32014R0833,215,EU-RUS,IV,Export control,3.6.2022,,LegalEntity,"Tactical Missile Corporation, Joint Stock Company Concern Granit-Electron",Акционерное Общество «Концерн «Гранит-Электрон» (АО «Концерн «Гранит-Электрон»); AO Konstern Granit Elektron,,,,,,,,,,,,,,,,,,7842335610 (Tax ID/INN),,,,,,,,,,,,,"191014, St. Petersburg, Gospitalnaya Str., 3, Russian Federation",+ 7 (812) 271-45-85; + 7 (812) 578-94-17,office@granit-electron.ru,https://www.granit-electron.ru/,
32014R0833,216,EU-RUS,IV,Export control,3.6.2022,,LegalEntity,"Tactical Missile Corporation, Joint Stock Company Elektrotyaga",Акционерное Общество «Электротяга» (АО «Электротяга»),,,,,,,,,,,,,,,,,,7805230257 (Tax ID/INN),,,,,,,,,,,,,"198099, St. Petersburg, Kalinina Str., 50 A, Russian Federation",+ 7 (812) 252-80-77; + 7 (812) 786-32-19; + 7 (812) 786-97-19; + 7 (812) 240-12-90,contact@aoelectrotyaga.ru,https://gidropribor.ru/about/departments/electrotyaga.html,
32014R0833,217,EU-RUS,IV,Export control,3.6.2022,,LegalEntity,"Tactical Missile Corporation, RKB Globus",Акционерное Общество «Рязанское Конструкторское Бюро «Глобус» (АО «РКБ «Глобус»); JSC Ryazan Design Bureau Globus,,,,,,,,,,,,,,,,,,6229060995 (Tax ID/INN),,,,,,,,,,,,,"390013, Ryazan Oblast, Ryazan, Vysokovoltnaya Str., 6, Russian Federation",+ 7 (4912) 76-52-16; + 7 (4912) 22-80-02,office@rkbglobus.ru,https://rkbglobus.ru/,
32014R0833,218,EU-RUS,IV,Export control,3.6.2022,,LegalEntity,"Tactical Missile Corporation, Smolensk Aviation Plant",Акционерное Общество «Смоленский Авиационный Завод» (АО «СмАЗ»); JSC “SMAZ”; Smolensk Aircraft Plant JSC,,,,,,,,,,,,,,,,,,6729001476 (Tax ID/INN),,,,,,,,,,,,,"214006, Smolensk Oblast, Smolensk, Frunze Str., 74, Russian Federation",+ 8 (4812) 29 93 07; + 7 (4812) 21-95-50; + 7 (4812) 21-82-58,oaosmaz@yandex.ru,http://www.smaz.ru/,
32014R0833,219,EU-RUS,IV,Export control,3.6.2022,,LegalEntity,"Tactical Missile Corporation, TRV Engineering",Акционерное Общество «ТРВ - Инжиниринг» (АО «ТРВ - Инжиниринг»),,,,,,,,,,,,,,,,,,5018205784 (Tax ID/INN),,,,,,,,,,,,,"141076, Moscow Oblast, Korolev, Ordzhonikidze Str., 2A, Russian Federation",+ 7 495 245 5132; + 7 (498) 601-29-49,trv-e@mail.ru; zvezda-strela@mail.ru,https://trv-e.ru/,
32014R0833,220,EU-RUS,IV,Export control,3.6.2022,,LegalEntity,"Tactical Missile Corporation, Zvezda-Strela Limited Liability Company",Акционерное Общество «Звезда-Стрела» (АО «Звезда-Стрела»); JSC Zvezda-Strela,,,,,,,,,,,,,,,,,,6154160069 (Tax ID/INN),,,,,,,,,,,,,"347904, Rostov Oblast, Taganrog, 18th Pereulok, 1, Building 1, Russian Federation",+ 7 (8634) 366-359; + 7 (8634) 366-341,taganrog@tdzs.ru,https://tdzs.ru/,
32014R0833,221,EU-RUS,IV,Export control,3.6.2022,,LegalEntity,Tambov Plant (TZ) “October”,Акционерное Общество «Тамбовский Завод «Октябрь» (АО «ТЗ «Октябрь»); Tambov AO “TZ Oktyabr”,,,,,,,,,,,,,,,,,,6829014768 (Tax ID/INN),,,,,,,,,,,,,"392029, Tambov Oblast, Tambov, Bastionnaya Str., 1, Russian Federation",+ 7 (4752) 73-77-60; + 7 (4752) 78-13-52,oktabr@t-sozvezdie.ru,https://www.oktabr-tz.ru/,
32014R0833,222,EU-RUS,IV,Export control,3.6.2022,,LegalEntity,United Shipbuilding Corporation “5th Shipyard”,Головной Филиал «5 Судоремонтный Завод» Акционерного Общества «Центр Судоремонта «Звездочка» (ФЛ «5 Судоремонтный Завод – АО «ЦС «Звездочка»); 5-y Sudoremontnyy Zavod; 5 SRZ; Head Branch “5 Shipyard” of Joint Stock Company “Zvezdochka Shiprepair Centre”; FL “5 Shipyard - JSC “CS Zvezdochka”; 5 Ship Repair Plant,,,,,,,,,,,,,,,,,,,,,,,,,,,,,,,"353500, Krasnodar Krai, Temryuk, Port, Lenina Str., 67, Russian Federation; 164509, Archangelsk Oblast, Severodvinsk, Proezd Mashinostroiteley, 12, Russian Federation",+ 8 (86148) 5-86-41,5srz@mail.ru,https://www.star.ru/Filiali/5-y-SRZ,
32014R0833,223,EU-RUS,IV,Export control,21.7.2022,,LegalEntity,Federal Center for Dual-Use Technology (FTsDT) Soyuz,Федеральное Государственное Унитарное Предприятие «Федеральный центр двойных технологий «Союз» (ФГУП «ФЦДТ «Союз»); FGUP FTsDT “Soyuz”; FSUE “FCDT “Soyuz”,,,,,,,,,,,,,,,,,,5027030450 (Tax ID/INN),,,,,,,,,,,,,"140090, Moscow Oblast, Dzerzhinsky, Akademika Zhukova Str., 42, Russian Federation",+ 7 (495) 551-76-00; + 7 (495) 551-72-00,soyuz@fcdt.ru,https://fcdt.ru/,
32014R0833,224,EU-RUS,IV,Export control,21.7.2022,,LegalEntity,Zhukovskiy Central Aerohydrodynamics Institute (TsAGI),Федеральное Автономное Учреждение «Центральный Аэрогидродинамический Институт имени Профессора Н.Е. Жуковского» (ФАУ «ЦАГИ»); Central Aerohydrodynamic Institute named after Professor N.E. Zhukovsky,,,,,,,,,,,,,,,,,,5040177331 (Tax ID/INN),,,,,,,,,,,,,"140180, Moscow Oblast, Zhukovsky, Zhukovsky Str., 1, Russian Federation",+ 8 (495) 556-43-03,info@tsagi.ru,http://www.tsagi.ru/,
32014R0833,225,EU-RUS,IV,Export control,21.7.2022,,LegalEntity,Rosatomflot,"Федеральное Государственное Унитарное Предприятие Атомного Флота (ФГУП «Атомфлот»); FSUE Rosatomflot, Federal State Unitary Enterprise “Atomflot”; Federal State Unitary Enterprise of the Atomic Fleet",,,,,,,,,,,,,,,,,,5192110268 (Tax ID/INN),,,,,,,,,,,,,"183038, Murmansk Oblast, Murmansk, Territory of Murmansk-17, 1, Russian Federation","+ 7 (8152) 28-91-16, + 7 (8152) 55-33-55",general@rosatomflot.ru,http://www.rosatomflot.ru/,
32014R0833,226,EU-RUS,IV,Export control,16.12.2022,,LegalEntity,A. Lyulki Experimental-Design Bureau,Опытно-конструкторское Бюро имени А. Люльки — Филиал ОДК-Уфимского Моторостроительного Производственного Объединения («ОКБ им. А. Люльки» – Филиал ПАО «ОДК-УМПО»); A. Lyulki OKB; Lyulki Experimental-Design Bureau Branch of UEC UMPO; Experimental Design Bureau named after A. Lyulka – Branch of ODK-Ufa Engine Building Production Association,,,,,,,,,,,,,,,,,,,,,,,,,,,,,,,"129301 Moscow, Kasatkina Str., 13, Russian Federation",+ 7 (495) 783-01-11,okb@okb.umpo.ru,https://www.uecrus.com/about/structure/okb-im-a-m-lyulki/,
32014R0833,227,EU-RUS,IV,Export control,16.12.2022,,LegalEntity,A. Lyulki Science and Technology Center,«Научно-Технический Центр им. А. Люльки» – Филиал ПАО «ОДК-Сатурн» (НТЦ им. А. Люльки); NTTs A. Lyulki; A. Lyulka Research and Engineering Centre – Branch of ODK-Saturn PJSC,,,,,,,,,,,,,,,,,,,,,,,,,,,,,,,"129301 Moscow, Kasatkina Str., 13, Russian Federation",+ 7 (495) 286-28-52,,,
32014R0833,228,EU-RUS,IV,Export control,16.12.2022,,LegalEntity,AO Aviaagregat,Акционерное Общество «Авиаагрегат» (АО «Авиаагрегат»); Aviaagregat JSC,,,,,,,,,,,,,,,,,,6319031396 (Tax ID/INN),,,,,,,,,,,,,"443009, Samara Oblast, Samara, Zavodskoye Shosse, 55, Russian Federation",+ 7 (846) 207-00-01,mail@aviaagregat.net,http://aviaagregat.net/,
32014R0833,229,EU-RUS,IV,Export control,16.12.2022,,LegalEntity,Closed Joint Stock Company Turborus (Turborus),Акционерное Общество «Турборус» (АО «Турборус»); Turborus ZAO,,,,,,,,,,,,,,,,,,7610005718 (Tax ID/INN),,,,,,,,,,,,,"152907, Yaroslavl Oblast, Rybinsk District, Rybinsk, Lenina Prospekt, 179, Russian Federation",+ 7(4855) 32 0040; + 7(4855) 296-416,info@turborus.com,https://www.turborus.com/,
32014R0833,230,EU-RUS,IV,Export control,16.12.2022,,LegalEntity,Federal Autonomous Institution Central Institute of Engine-Building N.A.P.I. Baranov; Central Institute of Aviation Motors (CIAM),"Государственный Научный Центр, Федеральное Автономное Учреждение «Центральный Институт Авиационного Моторостроения имени П.И. Баранова» (ФАУ «ЦИАМ им. П.И. Баранова»); Central Institute of Aviation Motors; CIAM",,,,,,,,,,,,,,,,,,7722497881 (Tax ID/INN),,,,,,,,,,,,,"111116, Moscow, Aviamotornaya Str., 2, Russian Federation; 140080, Moscow Oblast, Lytkarino, Turaevo industrial zone, Building 7, Russian Federation",+ 7 (499) 763-61-67,info@ciam.ru,https://ciam.ru/,
32014R0833,231,EU-RUS,IV,Export control,16.12.2022,,LegalEntity,Federal State Budgetary Institution National Research Center Institute N.A.N.E. Zhukovsky (Zhukovsky National Research Institute),Федеральное Государственное Бюджетное Учреждение «Национальный Исследовательский Центр «Институт имени Н.Е. Жуковского» (ФГБУ «НИЦ «Институт имени Н.Е. Жуковского»); NRCZH,,,,,,,,,,,,,,,,,,5040136208 (Tax ID/INN),,,,,,,,,,,,,"140180, Moscow Oblast, Zhukovsky, Zhukovskogo Str., 1, Russian Federation; 125319, Moscow, Viktorenko Str., 7, Russian Federation",+ 7 (495) 231-76-23; + 7 (495) 231-76-24,info@nrczh.ru,https://nrczh.ru/,
32014R0833,232,EU-RUS,IV,Export control,16.12.2022,,LegalEntity,Federal State Unitary Enterprise “State Scientific-Research Institute for Aviation Systems” (GosNIIAS),Федеральное Автономное Учреждение «Государственный Научно-Исследовательский Институт Авиационных Систем» (ФАУ «ГосНИИАС»); FAA GosNIIAS; State Research Institute of Aviation Systems,,,,,,,,,,,,,,,,,,7714482225 (Tax ID/INN),,,,,,,,,,,,,"125319, Moscow, Viktorenko Str., 7, Building 2, Russian Federation",+ 7 (499) 157-70-47,info@gosniias.ru,https://gosniias.ru/,
32014R0833,233,EU-RUS,IV,Export control,16.12.2022,,LegalEntity,Joint Stock Company 123 Aviation Repair Plant (123 ARZ),Акционерное Общество «123 Авиационный Ремонтный Завод» (АО «123 АРЗ»); JSC “123 Aircraft Repair Plant”,,,,,,,,,,,,,,,,,,5322010620 (Tax ID/INN),,,,,,,,,,,,,"175201, Novgorod Oblast, Staraya Russa, Starorussky District, Gorodok Microdistrict, Russian Federation",+ 7 (816 52) 368-00; + 7 (816 52) 368-51,aviaremont@aviaremont.ru; avia@avia.novgorod.com,http://aviaremont.ru/company/plants/123arz; http://avia.novgorod.com,
32014R0833,234,EU-RUS,IV,Export control,16.12.2022,,LegalEntity,Joint Stock Company 218 Aviation Repair Plant (218 ARZ),Акционерное Общество «218 Авиационный Ремонтный Завод» (АО «218 АРЗ»); Акционерное Общество «ОДК-Сервис» (АО «ОДК-Сервис»); United Engine Corporation-Service; Joint Stock Company “UEC-Service”; ODK-Service,,,,,,,,,,,,,,,,,,4705036363 (Tax ID/INN),,,,,,,,,,,,,"188307, Leningrad Oblast, Gatchina, Grigorina Str., 7A, Russian Federation",+ 8 (81371) 9-34-82,zavod@218arz.ru; zavod@uec-service.ru,https://www.uecrus.com/about/structure/ao-odk-servis/; https://218арз.рф/,
32014R0833,235,EU-RUS,IV,Export control,16.12.2022,,LegalEntity,Joint Stock Company 360 Aviation Repair Plant (360 ARZ),Акционерное Общество «360 Авиационный Ремонтный Завод» (АО «360 АРЗ»); JSC “360 Aircraft Repair Plant”,,,,,,,,,,,,,,,,,,6229059220 (Tax ID/INN),,,,,,,,,,,,,"390015, Ryazan Oblast, Ryazan, Zabaikalskaya Str., 13V, Russian Federation",+ 7 (4912) 392-509; + 7 (4912) 392-529,contact@360arz.ru,http://www.360arz.ru/,
32014R0833,236,EU-RUS,IV,Export control,16.12.2022,,LegalEntity,Joint Stock Company 514 Aviation Repair Plant (514 ARZ),Акционерное Общество «514 Авиационный Ремонтный Завод» (АО «514 АРЗ»); JSC “514 Aircraft Repair Plant”,,,,,,,,,,,,,,,,,,6914013187 (Tax ID/INN),,,,,,,,,,,,,"172383, Tver Oblast, Rzhev, Chelyuskintsev Str., 121, Russian Federation",+ 7 (48232) 6-02-01,info@arz514.ru,http://arz514.ru/,
32014R0833,237,EU-RUS,IV,Export control,16.12.2022,,LegalEntity,Joint Stock Company 766 UPTK,Акционерное Общество «766 Управление Производственно-Технологической Комплектации» (АО «766 УПТК»); Акционерное Общество «Специальное Конструкторское Бюро МО РФ» (АО «СКБ МО РФ»); JSC 766 UPTK; JSC “766 Management of Production and Technological Equipment”; Special Design Bureau of the Ministry of Defence of the Russian Federation; JSC “Special Design Bureau MO RF”; JSC SKB MO RF,,,,,,,,,,,,,,,,,,5024076350 (Tax ID/INN),,,,,,,,,,,,,"143432, Moscow Oblast, Krasnogorsk, Nakhabino, Institutskaya Str. 1, Russian Federation",+ 7 (495) 566-57-17,info@skbmo.ru,https://skbmo.ru/,
32014R0833,238,EU-RUS,IV,Export control,16.12.2022,,LegalEntity,Joint Stock Company Aramil Aviation Repair Plant (AARZ),Филиал АО «ОДК-Сервис» «Арамиль»; Aramil Branch of ODK-Service JSC,,,,,,,,,,,,,,,,,,,,,,,,,,,,,,,"624003, Sverdlovsk Oblast, Aramil, Garnizon Str., 11a, Building 1, Russian Federation",+ 7 (343) 383-15-17,info@aarz.ru,http://www.aarz.ru/,
32014R0833,239,EU-RUS,IV,Export control,16.12.2022,,LegalEntity,Joint Stock Company Aviaremont (Aviaremont),Акционерное Общество «Авиаремонт» (АО «Авиаремонт»),,,,,,,,,,,,,,,,,,7704726240 (Tax ID/INN),,,,,,,,,,,,,"119021, Moscow, Rossolimo Str. 17, Building 2, Floor 4, Section V, Rooms 11-28, Russian Federation",+ 7 (495) 911-69-02,aviaremont@aviaremont.ru,http://aviaremont.ru/,
32014R0833,240,EU-RUS,IV,Export control,16.12.2022,,LegalEntity,Joint Stock Company Flight Research Institute N.A. M.M. Gromov (FRI Gromov),Акционерное Общество «Летно-Исследовательский Институт имени М.М.Громова» (АО «ЛИИ им.М.М.Громова»); Aktsionernoe Obshchestvo Letno-Issledovatelski Institut Imeni M. M. Gromova; JSC LII named after M. M. Gromov,,,,,,,,,,,,,,,,,,5040114973 (Tax ID/INN),,,,,,,,,,,,,"140180, Moscow Oblast, Zhukovsky, Garnaeva Str., 2A, Russian Federation",+ 7 (495) 556-59-38,dir@lii.ru,http://www.lii.ru,
32014R0833,241,EU-RUS,IV,Export control,16.12.2022,,LegalEntity,Joint Stock Company Metallist Samara (Metallist Samara),Акционерное Общество «Металлист-Самара» (АО «Металлист-Самара»); Metalist,,,,,,,,,,,,,,,,,,6318105574 (Tax ID/INN),,,,,,,,,,,,,"443023, Samara Oblast, Samara, Promyshlennosti Str., 278, Russian Federation",+ 7 (846) 246-91-57,metallist@metallist-s.ru,http://metallist-s.ru/,
32014R0833,242,EU-RUS,IV,Export control,16.12.2022,,LegalEntity,Joint Stock Company Moscow Machine-Building Enterprise named after V. V. Chernyshev (MMP V.V. Chernyshev),Акционерное Общество «Московское Машиностроительное Предприятие имени В.В. Чернышева» (АО «ММП имени В.В. Чернышева»); Chernyshev UEC,,,,,,,,,,,,,,,,,,7733018650 (Tax ID/INN),,,,,,,,,,,,,"125362, Moscow, Vishnevaya Str., 7, Russian Federation",+ 7 (495) 491-57-44,zavod@avia500.ru,http://avia500.ru; https://www.uecrus.com/about/structure/ao-mmp-imeni-v-v-chernysheva/,
32014R0833,243,EU-RUS,IV,Export control,16.12.2022,,LegalEntity,JSC NII Steel,Акционерное Общество «Научно-Исследовательский Институт Стали» (АО «НИИ Стали»); Scientific Research Institute of Steel; Research Institute of Steel; AO NII Stali,,,,,,,,,,,,,,,,,,7713070243 (Tax ID/INN),,,,,,,,,,,,,"127411, Moscow, Dubninskaya Str., 81A, Russian Federation",+ 7 (495) 484-63-61,mail@niistali.ru,https://www.niistali.ru/,
32014R0833,244,EU-RUS,IV,Export control,16.12.2022,,LegalEntity,Joint Stock Company Remdizel,Акционерное Общество «Ремдизель» (АО «Ремдизель»); Remdiesel JSC,,,,,,,,,,,,,,,,,,1650004741 (Tax ID/INN),,,,,,,,,,,,,"423800, Republic of Tatarstan, Naberezhnye Chelny, Menzelinsky Trakt, 40, Russian Federation",+ 7 (8552) 30-80-00,info@remdizel.com,http://remdizel.com/,
32014R0833,245,EU-RUS,IV,Export control,16.12.2022,,LegalEntity,Joint Stock Company Special Industrial and Technical Base Zvezdochka (SPTB Zvezdochka),Акционерное Общество «Специальная Производственно-Техническая База Звездочка» (АО «СПТБ Звездочка»); JSC “Special Production and Technical Base Zvezdochka”; SPTB Zvezdochka,,,,,,,,,,,,,,,,,,5116060209 (Tax ID/INN),,,,,,,,,,,,,"184650, Murmansk Oblast, Polyarny, Komsomolskaya Str., 2/7, Russian Federation",+ 8 (8152) 21-20-20,m.star@sptb-mf.ru,http://sptb-mf.ru/,
32014R0833,246,EU-RUS,IV,Export control,16.12.2022,,LegalEntity,Joint Stock Company STAR,Акционерное Общество «ОДК-Стар» (AO «ОДК-Стар»); AO ODK-Star; JSC UEC-Star,,,,,,,,,,,,,,,,,,5904100329 (Tax ID/INN),,,,,,,,,,,,,"614990, Perm Oblast, Perm, Kuybyshev Str., 140A, Russian Federation; 615990, Perm Oblast, Perm, Komsomol Prospekt, 93, Russian Federation",+ 7 (342) 249-18-13,star@ao-star.ru,https://ao-star.ru/,
32014R0833,247,EU-RUS,IV,Export control,16.12.2022,,LegalEntity,Joint Stock Company Votkinsk Machine Building Plant,Акционерное Общество «Воткинский Завод» (АО «Воткинский Завод»); JSC “Votkinsk Plant”; AO Votkinsky Zavod,,,,,,,,,,,,,,,,,,1828020110 (Tax ID/INN),,,,,,,,,,,,,"427430, Udmurt Republic, Votkinsk, Kirov Str., 2, Russian Federation",+ 7 (34145) 6-53-53,zavod@vzavod.ru,https://vzavod.ru/,
32014R0833,248,EU-RUS,IV,Export control,16.12.2022,,LegalEntity,Joint Stock Company Yaroslav Radio Factory,Акционерное Общество «Ярославский Радиозавод» (АО «Ярославский Радиозавод»); PJSC “Yaroslavl Radiozavod”; Aktsionernoe Obschestvo Yaroslavskiy Radiozavod; JSC Yaroslavl Radio Plant; YRZ; YARZ,,,,,,,,,,,,,,,,,,7601000086 (Tax ID/INN),,,,,,,,,,,,,"150010, Yaroslavl Oblast, Yaroslavl, Margolina Str., 13, Russian Federation",+ 7 (4852) 48-78-69,yarz@yarz.ru,https://yarz.ru/,
32014R0833,249,EU-RUS,IV,Export control,16.12.2022,,LegalEntity,Joint Stock Company Zlatoustovsky Machine Building Plant (JSC Zlatmash),Акционерное Общество «Златоустовский Машиностроительный Завод» (АО «Златмаш»); JSC Zlatoust Machine-Building Plant,,,,,,,,,,,,,,,,,,7404052938 (Tax ID/INN),,,,,,,,,,,,,"456227, Chelyabinsk Oblast, Zlatoust, Parkovy Proezd, 1, Russian Federation",+ 7 (3513) 67-11-11,info@zlatmash.ru,http://zlatmash.ru/,
32014R0833,250,EU-RUS,IV,Export control,16.12.2022,,LegalEntity,Limited Liability Company Center for Specialized Production OSK Propulsion (OSK Propulsion),Общество с Ограниченной Ответственностью «Центр Продуктовой Специализации «ОСК-Движение» (ООО «ЦПС «ОСК-Движение»); OOO “Center for Product Specialization “USC-Movement”,,,,,,,,,,,,,,,,,,3017053239 (Tax ID/INN),,,,,,,,,,,,,"199226, Saint Petersburg, Municipal District Gavan, Galerny Passage, 3, Letter A, Room 75, Russian Federation",+ 7 (812) 603-69-99,info@osk-propulsion.ru,https://www.aoosk.ru/,
32014R0833,251,EU-RUS,IV,Export control,16.12.2022,,LegalEntity,Lytkarino Machine-Building Plant,Лыткаринский Машиностроительный Завод – Филиал ПАО «ОДК-УМПО»; Branch of UEC-UMPO Lytkarino Machine-Building Plant,,,,,,,,,,,,,,,,,,,,,,,,,,,,,,,"140080, Moscow Oblast, Lytkarino, Turayevskaya Str., 9, Russian Federation",+ 7 495 552-43-94,,,
32014R0833,252,EU-RUS,IV,Export control,16.12.2022,,LegalEntity,Moscow Aviation Institute,Федеральное Государственное Бюджетное Образовательное Учреждение Высшего Образования «Московский Авиационный Институт (Национальный Исследовательский Университет)»; MAI; Federal State Budgetary Establishment of Higher Education “Moscow Aviation Institute (National Research University)”,,,,,,,,,,,,,,,,,,7712038455 (Tax ID/INN),,,,,,,,,,,,,"125993, Moscow Region, Volokolamskoe Highway, 4, Russian Federation",+ 7 (499) 158-49-18,mai@mai.ru,https://mai.ru/,
32014R0833,253,EU-RUS,IV,Export control,16.12.2022,,LegalEntity,Moscow Institute of Thermal Technology,"Акционерное Общество «Корпорация «Московский Институт Теплотехники» (АО «Корпорация «МИТ»); AO Koporatsiya Moskovskiy Institut Teplotekhniki, JSC Corporation MIHT, Moscow Institute of Thermal Technology",,,,,,,,,,,,,,,,,,7715842760 (Tax ID/INN),,,,,,,,,,,,,"127273, Moscow, Berezovaya Alleya, 10, Russian Federation",8-499-907-37-74,mitemail@umail.ru,http://corp-mit.ru/,
32014R0833,254,EU-RUS,IV,Export control,16.12.2022,,LegalEntity,Omsk Motor-Manufacturing Design Bureau,Филиал ПАО «ОДК-Сатурн» - Омское Моторостроительное Конструкторское Бюро (ОМКБ); FL UEC-Saturn – OMKB; Omsk Engine Design Bureau; Branch of PAO UEC-Saturn Omsk Motor-Manufacturing Design Bureau,,,,,,,,,,,,,,,,,,,,,,,,,,,,,,,"644021, Omsk, Okruzhnaya Road Str., 3, Russian Federation",+ 7 (3812) 36-07-04,omkb@omkb.uec-saturn.ru,https://www.uecrus.com/about/structure/pao-odk-saturn/filial-pao-odk-saturn-omkb/,
32014R0833,255,EU-RUS,IV,Export control,16.12.2022,,LegalEntity,Open Joint Stock Company 170 Flight Support Equipment Repair Plant (170 RZ SOP),"Акционерное Общество «170 Ремонтный Завод Средств Обеспечения Полетов» (АО «170 РЗ СОП»); JSC «170 Repair Plant of Flight Support», OJSC “170 Maintenance Works of Flights Support”",,,,,,,,,,,,,,,,,,5262240714 (Tax ID/INN),,,,,,,,,,,,,"603104, Nizhny Novgorod, Meditsinskaya Str., 2, Russian Federation",+ 7 (495) 911-69-42; + 7 (831) 465 19 78,info@170rz.ru,http://170rz.ru/,
32014R0833,256,EU-RUS,IV,Export control,16.12.2022,,LegalEntity,Open Joint Stock Company 20 Aviation Repair Plant (20 ARZ),Акционерное Общество «20 Авиационный Ремонтный Завод» (АО «20 АРЗ»),,,,,,,,,,,,,,,,,,7820309254 (Tax ID/INN),,,,,,,,,,,,,"196603, St. Petersburg, Pushkin, Gatchinskoe Shosse, 11, Russian Federation",+ 7 (495) 911-69-42,20arz@inbox.ru,http://www.aviaremont.ru/company/plants/20arz/,
32014R0833,257,EU-RUS,IV,Export control,16.12.2022,,LegalEntity,Open Joint Stock Company 275 Aviation Repair Plant (275 ARZ),Акционерное Общество «275 Авиационный Ремонтный Завод» (АО «275 АРЗ»); PJSC “275 Aircraft Repair Plant”,,,,,,,,,,,,,,,,,,2311096404 (Tax ID/INN),,,,,,,,,,,,,"350090, Krasnodar, Dzerzhinsky Str., 141, Russian Federation",+ 7 (495) 911-69-42,275arz@bk.ru,http://www.aviaremont.ru/company/plants/275arz/; http://275arz.ru,
32014R0833,258,EU-RUS,IV,Export control,16.12.2022,,LegalEntity,Open Joint Stock Company 308 Aviation Repair Plant (308 ARZ),Акционерное Общество «308 Авиационный Ремонтный Завод» (АО «308 АРЗ»); AO 308 ARZ,,,,,,,,,,,,,,,,,,3702530967 (Tax ID/INN),,,,,,,,,,,,,"153035, Ivanovo, Lezhnevskaya Str., 118-B, Russian Federation",+ 7 (495) 911-69-42; + 7 (4932)23-40-26,arf308@yandex.ru,http://308arf.ru/,
32014R0833,259,EU-RUS,IV,Export control,16.12.2022,,LegalEntity,Open Joint Stock Company 32 Repair Plant of Flight Support Equipment (32 RZ SOP),Акционерное Общество «32 Ремонтный Завод Средств Обеспечения Полетов» (АО «32 РЗ СОП»); OJSC 32 Repair Plant of Flight Support Equipment; JSC “32 Flight Support Equipment Repair Plant”; JSC “32 RZ SOP”,,,,,,,,,,,,,,,,,,2510012328 (Tax ID/INN),,,,,,,,,,,,,"692243, Primorsky Krai, Spassk-Dalny, Hospitalnaya Str., 10, Russian Federation",+ 7 (495) 911-69-42; + 8 (42352) 24033,32rzsop@mail.ru,http://32rzsop.ru/,
32014R0833,260,EU-RUS,IV,Export control,16.12.2022,,LegalEntity,Open Joint Stock Company 322 Aviation Repair Plant (322 ARZ),Акционерное Общество «322 Авиационный Ремонтный Завод» (АО «322 АРЗ»); JSC “322 Aircraft Repair Plant”; JSC “322 ARP”,,,,,,,,,,,,,,,,,,2511055959 (Tax ID/INN),,,,,,,,,,,,,"692557, Primorsky Krai, Ussuriysky District, Vozdvizhenka Village, Zhukovsky Str., 5, Russian Federation",+ 7 (495) 911-69-42; (4234) 399-222,info@322arz.ru,http://322арз.рф/,
32014R0833,261,EU-RUS,IV,Export control,16.12.2022,,LegalEntity,Open Joint Stock Company 325 Aviation Repair Plant (325 ARZ),"Акционерное Общество «325 Авиационный Ремонтный Завод» (АО «325 АРЗ»); ""JSC “325 Aircraft Repair Plant""""""; JSC “325 ARP”",,,,,,,,,,,,,,,,,,6154105808 (Tax ID/INN),,,,,,,,,,,,,"347916, Rostov Oblast, Taganrog, Tsiolkovsky Str., 42, Russian Federation",+ 7 (495) 911-69-42; (8634) 33-45-74,325@mail.ru; asf325@pbox.ttn.ru,www.325arz.ru,
32014R0833,262,EU-RUS,IV,Export control,16.12.2022,,LegalEntity,Open Joint Stock Company 680 Aircraft Repair Plant (680 ARZ),Акционерное Общество «680 Авиационный Ремонтный Завод» (АО «680 АРЗ»); JSC “680 Aircraft Repair Plant”; JSC “680 ARP”,,,,,,,,,,,,,,,,,,2804012458 (Tax ID/INN),,,,,,,,,,,,,"676859, Amur Oblast, Belogorsk, Bazarnaya Str. 2a, Russian Federation",+ 7 (495) 911-69-42,arz680@mail.ru,http://aviaremont.ru/company/plants/680arz/,
32014R0833,263,EU-RUS,IV,Export control,16.12.2022,,LegalEntity,Open Joint Stock Company 720 Special Flight Support Equipment Repair Plant (720 RZ SOP),Акционерное Общество «720 Ремонтный Завод Средств Обеспечения Полетов» (АО «720 РЗ СОП»); JSC “720 Repair Plant of Flight Support Facilities”,,,,,,,,,,,,,,,,,,6725015051 (Tax ID/INN),,,,,,,,,,,,,"216507, Smolensk Oblast, Roslavl District, Krasnoarmeiskaya Str., 6, Russian Federation",+ 7 (495) 911-69-42,720rz@mail.ru,http://aviaremont.ru/company/plants/720rzsop/,
32014R0833,264,EU-RUS,IV,Export control,16.12.2022,,LegalEntity,Open Joint Stock Company Volgograd Radio-Technical Equipment Plant (VZ RTO),Акционерное Общество «Волгоградский Завод Радиотехнического Оборудования» (АО «ВЗРТО»); JSC VZRTO,,,,,,,,,,,,,,,,,,3443073324 (Tax ID/INN),,,,,,,,,,,,,"400010, Volgograd Oblast, Volgograd, Novodvinskaya Str., 60, Russian Federation",+ 7 (495) 911-69-42,vzrto@mail.ru,http://aviaremont.ru/company/plants/vzrto/,
32014R0833,265,EU-RUS,IV,Export control,16.12.2022,,LegalEntity,Public Joint Stock Company Agregat (PJSC Agregat),Публичное Акционерное Общество «Агрегат» (ПАО «Агрегат»),,,,,,,,,,,,,,,,,,7401000191 (Tax ID/INN),,,,,,,,,,,,,"456020, Chelyabinsk Oblast, Sim, Ashinsky District, Pushkin Str. 1, Russian Federation",+ 7 (35159) 79-022,info@agregat-avia.ru,https://www.agregat-avia.ru/,
32014R0833,266,EU-RUS,IV,Export control,16.12.2022,,LegalEntity,Salute Gas Turbine Research and Production Center,Производственный комплекс «Салют» АО «ОДК» (ПК «Салют» АО «ОДК»); Salyut Production Complex of UEC JSC; Scientific Production Center for Gas Turbine Engineering “Salyut” JSC,,,,,,,,,,,,,,,,,,,,,,,,,,,,,,,"105118, Moscow, Budyonnogo Avenue 16, Building 2, Russian Federation",+ 7 (499) 785-81-19; + 7 (499) 785-80-01,info@salut.ru,http://www.salut.ru/; https://www.uecrus.com/about/structure/ao-odk-pk-salyut/,
32014R0833,267,EU-RUS,IV,Export control,16.12.2022,,LegalEntity,Scientific-Production Association Vint of Zvezdochka Shipyard (SPU Vint),"Головной филиал «Научно-Производственное Объединение «Винт» Акционерное Общество «Центр Судоремонта «Звездочка» (Головной филиал «НПО «Винт» АО «ЦС «Звездочка»); NPO Vint; ""Head Branch “Scientific and Production Association “Vin”"""" of Joint Stock Company “Shiprepair Centre “Zvezdochka”""",,,,,,,,,,,,,,,,,,,,,,,,,,,,,,,"121099, Moscow, Novinsky Boulevard, 11, Russian Federation",+ 7 (495) 255-49-04,msk@vintnpo.ru,http://vintnpo.ru/,
32014R0833,268,EU-RUS,IV,Export control,16.12.2022,,LegalEntity,Scientific Research Institute of Applied Acoustics (NIIPA),Федеральное Государственное Унитарное Предприятие «Научно-Исследовательский Институт Прикладной Акустики» (ФГУП «НИИПА»); FSUE “Research Institute of Applied Acoustics”; FGUP NIIPA,,,,,,,,,,,,,,,,,,5010007607 (Tax ID/INN),,,,,,,,,,,,,"141980, Moscow, Dubna, 9 May Str., 7A, Russian Federation",+ 7 (49621) 276-37,info@niipa.ru,http://niipa.ru/,
32014R0833,269,EU-RUS,IV,Export control,16.12.2022,,LegalEntity,Siberian Scientific-Research Institute of Aviation N.A. S.A. Chaplygin (SibNIA),Федеральное Автономное Учреждение «Сибирский Научно-Исследовательский Институт Авиации им. С.А. Чаплыгина» (ФАУ «СибНИА им. С.А. Чаплыгина»); S.A. Chaplygin Siberian Research Institute of Aviation; Federal Autonomous Institution “Siberian Research Institute of Aviation named after S. A. Chaplygin”; FAU SibNIA im. S.A. Chplygina,,,,,,,,,,,,,,,,,,5405071094 (Tax ID/INN),,,,,,,,,,,,,"630051, Novosibirsk Oblast, Novosibirsk, Polzunova Str., 21, Russian Federation",+ 7 (383) 278-70-10,sibnia@sibnia.ru,https://www.sibnia.ru/,
32014R0833,270,EU-RUS,IV,Export control,16.12.2022,,LegalEntity,Software Research Institute,Акционерное Общество «Научно-Исследовательский Институт Программных Средств» (АО «НИИ ПС»); JSC Research Institute of Software Tools; JSC NII PS,,,,,,,,,,,,,,,,,,7804454896 (Tax ID/INN),,,,,,,,,,,,,"194021, St. Petersburg, Politekhnicheskaya Str., 22, Letter H, Russian Federation",+ 7 (812) 313-78-00,office@nii-ps.ru,http://www.nii-ps.ru/,
32014R0833,271,EU-RUS,IV,Export control,16.12.2022,,LegalEntity,Subsidiary Sevastopol Naval Plant of Zvezdochka Shipyard (Sevastopol Naval Plant),Акционерное Общество «Севастопольский Морской Завод имени Серго Орджоникидзе» (АО «СМЗ»); Филиал «Севастопольский морской завод» АО «Центр Судоремонта «Звездочка»; Sevastopol Naval Plant N.A. Sergo Ordzhonikidze; Sevastopol Marine Plant Branch of JSC “Ship Repair Center “Zvezdochka”; JSC “Sevastopolskiy Morskoy Zavod Imeni Sergo Ordjonikidze”,,,,,,,,,,,,,,,,,,9200010443 (Tax ID/INN),,,,,,,,,,,,,"299001, Sevastopol, Geroev Sevastopol Str., 13",+ 7 (8692) 55-99-50,info@aosmz.ru,https://aosmz.ru/,
32014R0833,272,EU-RUS,IV,Export control,16.12.2022,,LegalEntity,Russian Institute of Radio Navigation and Time,Акционерное Общество «Российский Институт Радионавигации и Времени» (АО «РИРВ»); RIRT; AO RIRV,,,,,,,,,,,,,,,,,,,,,,,,,,,,,,,"192012, St. Petersburg, Obukhovskaya Oborona Prospekt, 120, Letter ETs, Russian Federation; 105066, Moscow, Staraya Basmannaya Str., 19, Building 12, Russian Federation",+ 7 (812) 665-58-77; + 7 (812) 665-58-80; + 7 (495) 098-0213,office@rirt.ru; osp_rirt@mail.ru,https://rirt.ru/,
32014R0833,273,EU-RUS,IV,Export control,16.12.2022,,LegalEntity,Federal Technical Regulation and Metrology Agency (Rosstandart),Федеральное Агентство по Техническому Регулированию и Метрологии (Росстандарт); Federal Agency for Technical Regulation and Metrology,,,,,,,,,,,,,,,,,,7706406291 (Tax ID/INN),,,,,,,,,,,,,"123112, Moscow, Presnenskaya Naberezhnaya, 10, Building 2, Floors 7, 29, 39, Russian Federation; 123112, Moscow, Presnenskaya Naberezhnaya, 10, Building 2, Russian Federation",+ 7 (495) 547-51-51,info@rst.gov.ru,https://www.rst.gov.ru/,
32014R0833,274,EU-RUS,IV,Export control,16.12.2022,,LegalEntity,Federal State Budgetary Institution of Science P.I. K.A. Valiev RAS of the Ministry of Science and Higher Education of Russia (FTIAN),Федеральное Государственное Бюджетное Учреждение Науки Физико-Технологический Институт имени К.А. Валиева Российской Академии Наук (ФТИАН им. К.А.Валиева РАН); FTIAN im. K.A. Valiev RAS; FRI RAS,,,,,,,,,,,,,,,,,,7727084140 (Tax ID/INN),,,,,,,,,,,,,"117218, Moscow, Nakhimovsky Prospekt, 34, Russian Federation; 117218, Moscow, Nakhimovsky Prospekt, 36, Building 1, Russian Federation",+ 7 (499) 129-54-92,ftian.director@bk.ru; lukichev@ftian.ru,https://www.rst.gov.ru/,
32014R0833,275,EU-RUS,IV,Export control,16.12.2022,,LegalEntity,"Federal State Unitary Enterprise All-Russian Research Institute of Physical, Technical and Radio Engineering Measurements (VNIIFTRI)",Федеральное Государственное Унитарное Предприятие «Всероссийский Научно-Исследовательский Институт Физико-Технических и Радиотехнических Измерений» (ФГУП «ВНИИФТРИ»); FGUP VNIIFTRI; VNIIFTRI - State Scientific Center of the Russian Federation,,,,,,,,,,,,,,,,,,5044000102 (Tax ID/INN),,,,,,,,,,,,,"141570, Moscow Oblast, Solnechnogorsk, Mendeleevo Village, Industrial Zone of FGUP VNIIFTRI, Building 11, Russian Federation",+ 7 (495) 526-63-63,office@vniiftri.ru,https://vniiftri.ru/,
32014R0833,276,EU-RUS,IV,Export control,16.12.2022,,LegalEntity,Institute of Physics Named After P.N. Lebedev of the Russian Academy of Sciences (LPI),Федеральное Государственное Бюджетное Учреждение Науки Физический Институт им. П.Н. Лебедева Российской Академии Наук (ФИАН); Lebedev Physical Institute; LPI RAS; FIAN; R.N. Lebedev Physical Institute of the Russian Academy of Sciences,,,,,,,,,,,,,,,,,,7736037394 (Tax ID/INN),,,,,,,,,,,,,"119991, Moscow, Leninsky Prospekt, 53, Russian Federation",+ 7(495) 668-88-88,office@vniiftri.ru,https://lebedev.ru/,
32014R0833,277,EU-RUS,IV,Export control,16.12.2022,,LegalEntity,The Institute of Solid-State Physics of the Russian Academy of Sciences (ISSP),Федеральное Государственное Бюджетное Учреждение Науки Институт Физики Твердого Тела имени Ю.А. Осипьяна Российской Академии Наук (ИФТТ РАН); IFTT RAS; Federal State Budgetary Institution of Science Institute of Solid-State Physics N.A. Yu. A. Osipyan of the Russian Academy of Sciences; Osipyan Institute of Solid-State Physics RAS,,,,,,,,,,,,,,,,,,5031003120 (Tax ID/INN),,,,,,,,,,,,,"142432, Moscow Oblast, Chernogolovka, Akademika Osipyana Str., 2, Russian Federation",+ 7 906 095 4402; 8(496)52 219-82,adm@issp.ac.ru,http://issp.ac.ru/,
32014R0833,278,EU-RUS,IV,Export control,16.12.2022,,LegalEntity,"Rzhanov Institute of Semiconductor Physics, Siberian Branch of Russian Academy of Sciences (IPP SB RAS)",Федеральное Государственное Бюджетное Учреждение Науки Институт Физики Полупроводников им. А.В. Ржанова Сибирского Отделения Российской Академии Наук (ИФП СО РАН); IPP SB RAS; Institute of Semiconductor Physics NA A.V. Rzhanov; IFP SO RAN,,,,,,,,,,,,,,,,,,5408100057 (Tax ID/INN),,,,,,,,,,,,,"630090, Novosibirsk Oblast, Novosibirsk, Akademika Lavrenteva Prospekt, 13, Russian Federation",+ 7(383)330-90-55; + 7(383)333-29-65,ifp@isp.nsc.ru,https://www.isp.nsc.ru/,
32014R0833,279,EU-RUS,IV,Export control,16.12.2022,,LegalEntity,"UEC-Perm Engines, JSC",Акционерное Общество «ОДК-Пермские Моторы» (АО «ОДК-ПМ»); Permsky Motorny Zavod; AO ODK-PM; Perm Motors; Perm Engine Plant,,,,,,,,,,,,,,,,,,5904007312 (Tax ID/INN),,,,,,,,,,,,,"614010, Perm Krai, Perm, Komsomolsky Prospekt, 93, Building 61, Russian Federation",+ 7 (342) 211-39-39,,http://pmz.ru/; https://perm-motors.ru/,
32014R0833,280,EU-RUS,IV,Export control,16.12.2022,,LegalEntity,"Ural Works of Civil Aviation, JSC",Акционерное Общество «Уральский Завод Гражданской Авиации» (АО «УЗГА»); UZGA; Ural Civil Aviation Factory,,,,,,,,,,,,,,,,,,6664013640 (Tax ID/INN),,,,,,,,,,,,,"620025, Sverdlovsk Oblast, Ekaterinburg, Bakhchivandzhi Str., 2G, Russian Federation; 123308, Moscow, Marshala Zhukova Prospekt, 1, Building 1, Russian Federation",+ 7 (343) 295-51-51; + 7 (495) 122-25-33,,https://uwca.ru/,
32014R0833,281,EU-RUS,IV,Export control,16.12.2022,,LegalEntity,"Central Design Bureau for Marine Engineering “Rubin”, JSC",Акционерное Общество «Центральное Конструкторское Бюро Морской Техники «Рубин» (АО «ЦКБ МТ «Рубин»); “Rubin” Design Bureau; JSC Tsentralnoye Konstruktorskoye Byuro Morskoy Tekhniki Rubin; JSC TsKB MT Rubin; CDB ME “Rubin”,,,,,,,,,,,,,,,,,,7838418751 (Tax ID/INN),,,,,,,,,,,,,"191119, St. Petersburg, Marata Str., 90, Russian Federation",+ 7 812 407-51-32,neptun@ckb-rubin.ru,https://ckb-rubin.ru/,
32014R0833,282,EU-RUS,IV,Export control,16.12.2022,,LegalEntity,"“Aeropribor-Voskhod”, JSC",Акционерное Общество «Аэроприбор-Восход» (АО «АП Восход»); AO AP-Voskhod,,,,,,,,,,,,,,,,,,7719021450 (Tax ID/INN),,,,,,,,,,,,,"105318, Moscow, Tkatskaya Str. 19, Floor 4, Room 400, Russian Federation",+ 7 495 363-23-01,ext@aeropribor.ru,http://aeropribor.ru/,
32014R0833,283,EU-RUS,IV,Export control,16.12.2022,,LegalEntity,"Aerospace Equipment Corporation, JSC",Акционерное Общество «Корпорация «Аэрокосмическое Оборудование» (АО «КАО»); Aerospace Equipment JSC; KAO JSC,,,,,,,,,,,,,,,,,,7813132895 (Tax ID/INN),,,,,,,,,,,,,"198095, St. Petersburg, Marshala Govorova Str., 40, Building 11, Office 407., Russian Federation; 197101, St. Petersburg, Kropotkina Str., 1, Russian Federation",+ 8 (495) 926-66-77,info@aequipment.com,http://aequipment.ru,
32014R0833,284,EU-RUS,IV,Export control,16.12.2022,,LegalEntity,"Central Research Institute of Automation and Hydraulics (CNIIAG), JSC",Акционерное Общество «Центральный Научно-Исследовательский Институт Автоматики И Гидравлики» (АО «ЦНИИАГ»); TsNIIAG,,,,,,,,,,,,,,,,,,7715900066 (Tax ID/INN),,,,,,,,,,,,,"127018, Moscow, Sovetskaya Armiya Str., 5, Russian Federation",+ 7 (495) 631-29-44,cniiag@cniiag.ru,http://cniiag.ru/,
32014R0833,285,EU-RUS,IV,Export control,16.12.2022,,LegalEntity,"Aerospace Systems Design Bureau, JSC",Акционерное Общество «Опытно-Конструкторское Бюро «Аэрокосмические Системы» (АО «ОКБ «Аэрокосмические Системы»); JSC “OKB “Aerospace Systems”,,,,,,,,,,,,,,,,,,5010041950 (Tax ID/INN),,,,,,,,,,,,,"141983, Moscow Oblast, Dubna, Programistov Str., 4, Russian Federation",+ 7 (495) 526-69-77,info@aerospace-systems.ru,https://aerospace-systems.ru/,
32014R0833,286,EU-RUS,IV,Export control,16.12.2022,,LegalEntity,"Afanasyev Technomac, JSC","Акционерное Общество «Научно-Производственное Объединение «Техномаш» имени С.А. Афанасьева» (АО «НПО «Техномаш» им. С.А. Афанасьева»); JSC Scientific and Production Association “Tekhnomash” named after S.A. Afanasiev; Afanasyev Research and Production Enterprise Technomac, JSC; AO NPO Technomash",,,,,,,,,,,,,,,,,,9715411975 (Tax ID/INN),,,,,,,,,,,,,"127018, Moscow, Maryina Roshcha 3rd Proezd, 40, Building 1, Russian Federation",+ 8 (495) 689-50-66,info@tmnpo.ru,https://tmnpo.ru/,
32014R0833,287,EU-RUS,IV,Export control,16.12.2022,,LegalEntity,"Ak Bars Shipbuilding Corporation, CJSC",Акционерное Общество «Судостроительная Корпорация «Ак Барс» (АО «СК «Ак Барс»); Shipbuilding Corporation “Ak Bars”,,,,,,,,,,,,,,,,,,1648040380 (Tax ID/INN),,,,,,,,,,,,,"422546, Republic of Tatarstan, Zelenodolsk District, Zelenodolsk, Zavodskaya Str., 5, Russian Federation; 422546, Republic of Tatarstan, Zelenodolsk District, Zelenodolsk, Zavodskaya Str., 9a, Russian Federation",+ 7 (84-371) 2-11-66,info@sk-akbars.ru,https://sk-akbars.ru/,
32014R0833,288,EU-RUS,IV,Export control,16.12.2022,,LegalEntity,"AGAT, Gavrilov-Yaminskiy Machine-Building Plant, JSC",Акционерное Общество Гаврилов-Ямский Машиностроительный Завод «АГАТ» (АО ГМЗ «АГАТ»); AO GMZ AGAT,,,,,,,,,,,,,,,,,,7616002417 (Tax ID/INN),,,,,,,,,,,,,"152240, Yaroslavl Oblast, Gavrilov-Yamsky District, Gavrilov-Yam, Mashinostroiteley Proezd, 1, Russian Federation",+ 7(48534)2-54-34,tnpmag@gmzagat.ru,http://gmzagat.ru/,
32014R0833,289,EU-RUS,IV,Export control,16.12.2022,,LegalEntity,"Almaz Central Marine Design Bureau, JSC",Акционерное Общество «Центральное Морское Конструкторское Бюро «Алмаз» (АО «ЦМКБ «Алмаз»); JSC TsMKB Almaz; St. Petersburg Naval Design Bureau Almaz,,,,,,,,,,,,,,,,,,7810537558 (Tax ID/INN),,,,,,,,,,,,,"196128, St. Petersburg, Varshavskaya Str. 50, Russian Federation",+ 7 812 373 70 53; + 7 812 373 28 00,office@almaz-kb.ru,http://almaz-kb.ru/,
32014R0833,290,EU-RUS,IV,Export control,16.12.2022,,LegalEntity,Joint Stock Company Eleron,Акционерное Общество «Федеральный центр науки и высоких технологий «Специальное научно-производственное объединение «Элерон» (АО «ФЦНИВТ «СНПО «Элерон»); JSC “Federal Center for Science and High Technologies “Special Research and Production Association “Aileron”; AO FZNIVT SNPO Eleron,,,,,,,,,,,,,,,,,,7724313681 (Tax ID/INN),,,,,,,,,,,,,"115563, Moscow, Generala Belova Str., 14, Russian Federation",+ 7 (499) 725-02-06,support.atss@eleron.org,https://www.eleron.ru/,
32014R0833,291,EU-RUS,IV,Export control,16.12.2022,,LegalEntity,AO Rubin,Акционерное Общество «Рубин» (АО «Рубин»); Joint Stock Company Rubin,,,,,,,,,,,,,,,,,,7809002741 (Tax ID/INN),,,,,,,,,,,,,"191119, St. Petersburg, Marata Str., 86, Letter A, Russian Federation",+ 7 (812) 320 26 40,rubin@rubingroup.ru,https://rubingroup.ru/,
32014R0833,292,EU-RUS,IV,Export control,16.12.2022,,LegalEntity,Branch of PAO II – Aviastar,Филиал Публичного Акционерного Общества «Авиационный Комплекс Им. С.В. Ильюшина» - Авиастар (Филиал ПАО «Ил» - Авиастар); Aviastar-SP; Branch of the Public Joint Stock Company “S.V. Ilyushin Aviation Complex” – Aviastar; Branch of PJSC “IL” – Aviastar,,,,,,,,,,,,,,,,,,,,,,,,,,,,,,,"432072, Ulyanovsk, Antonova Avenue, 21, Russian Federation",+ 7 (8422) 28-09-09; + 7 (8422) 28-12-81,mail@aviastar-sp.ru,https://aviastar-sp.ru/,
32014R0833,293,EU-RUS,IV,Export control,16.12.2022,,LegalEntity,Branch of RSK MiG Nizhny Novgorod Aircraft-Construction Plant Sokol,Нижегородский Авиастроительный Завод «Сокол» – Филиал АО «Российская Самолетостроительная Корпорация «МиГ» (РСК «МиГ»); Филиал ПАО «Объединенная Авиастроительная Корпорация» – Нижегородский Авиастроительный завод «Сокол»; SOKOL NAZ; Nizhny Novgorod Aviation Plant Sokol; Sokol Aircraft Plant; United Aircraft Corporation PJSC Branch – Nizhny Novgorod Aircraft Building Plant Sokol,,,,,,,,,,,,,,,,,,,,,,,,,,,,,,,"603035, Nizhny Novgorod, Chaadaeva Str., 1, Russian Federation",+ 7 (831) 222-19-25,nazsokol@rsk-mig.ru,http://www.migavia.ru/index.php/ru/o-korporatsii/struktura; http://www.sokolplant.ru/o-nas/,
32014R0833,294,EU-RUS,IV,Export control,16.12.2022,,LegalEntity,Chkalov Novosibirsk Aviation Plant,Открытое Акционерное Общество «Новосибирское Авиационное Производственное Объединение им. В.П. Чкалова» (ОАО «НАПО им. В.П. Чкалова»); Новосибирский Авиационный Завод имени В.П. Чкалова - Филиал ПАО «Компания «Сухой»; Novosibirsk Aircraft Production Association Plant; OAO NAPO im. V. P. Chkalova; JSC Novosibirsk Aircraft Production Plant named after V.P. Chkalov; V.P. Chkalov Novosibirsk Aviation Plant - Branch of PJSC Sukhoi Company,,,,,,,,,,,,,,,,,,,,,,,,,,,,,,,"630051, Novosibirsk Oblast, Novosibirsk, Polzunova Str., 15, Russian Federation",(383) 278-85-01; + 7 (499) 550-01-06,info@naz.sukhoi.org,http://www.napo.ru/,
32014R0833,295,EU-RUS,IV,Export control,16.12.2022,,LegalEntity,Joint Stock Company All-Russian Scientific-Research Institute Gradient,Акционерное Общество «Всероссийский Научно-Исследовательский Институт «Градиент» (АО «ВНИИ «Градиент»); AO VNII Gradient,,,,,,,,,,,,,,,,,,6163111477 (Tax ID/INN),,,,,,,,,,,,,"344000, Rostov Oblast, Rostov-on-Don, Sokolov Avenue, 96, Russian Federation",8 (863) 232-47-70; + 7 (863) 204-20-31,rostov@gradient-rnd.ru,http://gradient-rnd.ru/; https://gradient.kret.com/,
32014R0833,296,EU-RUS,IV,Export control,16.12.2022,,LegalEntity,Joint Stock Company Almatyevsk Radiopribor Plant (JSC AZRP),Акционерное Общество «Альметьевский Завод «Радиоприбор» (АО «Альметьевский Завод «Радиоприбор»); JSC “Alymetyevsk Plant “Radiopribor”,,,,,,,,,,,,,,,,,,1644018390 (Tax ID/INN),,,,,,,,,,,,,"423457, Republic of Tatarstan, Almetyevsk District, Almetyevsk, 2, Stroiteley Prospekt, 2, Russian Federation",+ 7 (8553) 22-19-09,azrp@mail.ru; azrp@yandex.ru,https://radiopribor-zavod.kret.com/,
32014R0833,297,EU-RUS,IV,Export control,16.12.2022,,LegalEntity,Joint Stock Company Experimental-Design Bureau Elektroavtomatika named after P.A. Efimov,Акционерное Общество «Опытно-Конструкторское Бюро «Электроавтоматика» Имени П.А.Ефимова» (АО «ОКБ «Электроавтоматика»); JSC “Development аnd Design Bureau “Elektroavtomatika” named after P. A. Efimov”; AO OKB Elektroavtomatika,,,,,,,,,,,,,,,,,,7805326230 (Tax ID/INN),,,,,,,,,,,,,"198095, St. Petersburg, Marshala Govorova Str., 40, Russian Federation",+ 7 (812) 252-1398,postmaster@elavt.spb.ru,http://electroavtomatica.kret.com/,
32014R0833,298,EU-RUS,IV,Export control,16.12.2022,,LegalEntity,Joint Stock Company Industrial Controls Design Bureau,Акционерное Общество «Конструкторское Бюро Промышленной Автоматики» (АО «КБПА»); Joint Stock Company “Design Bureau of Industrial Automatics”; AO KBPA; Design Bureau for Industrial Automatics,,,,,,,,,,,,,,,,,,6452099998 (Tax ID/INN),,,,,,,,,,,,,"410005, Saratov Oblast, Saratov, Bolshaya Sadovaya Str., 239, Russian Federation",+ 7 845 247-86-70,pilot@kbpa.ru,https://kbpa.kret.com/,
32014R0833,299,EU-RUS,IV,Export control,16.12.2022,,LegalEntity,Joint Stock Company Kazan Instrument-Engineering and Design Bureau,Акционерное Общество «Казанское Приборостроительное Конструкторское Бюро» (АО «КПКБ»); JSC “Kazan Instrument Design Bureau”; AO KPKB,,,,,,,,,,,,,,,,,,1660151791 (Tax ID/INN),,,,,,,,,,,,,"420061, Republic of Tatarstan, Kazan, Sibirskiy Trakt Str., 1, Russian Federation",+ 7 (843) 202-0502 (112),kpkb@mail.ru; office@kpkb.ru,https://kpkb.kret.com/,
32014R0833,300,EU-RUS,IV,Export control,16.12.2022,,LegalEntity,Joint Stock Company Microtechnology,Акционерное Общество «Микротехника» (АО «Микротехника»); JSC Microtechnology; AO Mikrotechnica,,,,,,,,,,,,,,,,,,7813183628 (Tax ID/INN),,,,,,,,,,,,,"197110, St. Petersburg, Pionerskaya Str., 44, Letter R, Russian Federation",+ 7 (812) 230-45-33,info@microt.ru,http://microt.ru,
32014R0833,301,EU-RUS,IV,Export control,16.12.2022,,LegalEntity,Phasotron Scientific-Research Institute of Radio-Engineering,Акционерное Общество «Корпорация «Фазотрон - Научно-Исследовательский Институт Радиостроения» (АО «Корпорация «Фазотрон-НИИР»); Phasotron NIIR; Corporation “Fazotron – Research Institute of Radio Engineering” JSC,,,,,,,,,,,,,,,,,,7710037914 (Tax ID/INN),,,,,,,,,,,,,"115516, Moscow, Kavkazsky Boulevard, 59, Floor 3, Space XIV, Room 21, Russian Federation; 123557, Moscow, Elektrichesky Lane, 1, Russian Federation",+ 7 (495) 927-0777,info@phazotron.com,http://phazotron.kret.com/; http://www.phazotron.com/,
32014R0833,302,EU-RUS,IV,Export control,16.12.2022,,LegalEntity,Joint Stock Company Radiopribor,Акционерное Общество «Радиоприбор» (АО «Радиоприбор»); AO Radiopribor,,,,,,,,,,,,,,,,,,1659034109 (Tax ID/INN),,,,,,,,,,,,,"420021, Republic of Tatarstan, Kazan, Fatkullina Str., 2, Russian Federation",+ 7 843 293-38-00,rp@mi.ru,https://radiopribor.kret.com/,
32014R0833,303,EU-RUS,IV,Export control,16.12.2022,,LegalEntity,Joint Stock Company Ramensk Instrument-Engineering Bureau,"Акционерное Общество «Раменское Приборостроительное Конструкторское Бюро» (АО «РПКБ»); Joint-Stock Company Ramenskoye Instrument-Making Design Bureau; Ramenskoye Engineering Design Office, JSC; Ramenskoye Instrument-Making Design Bureau, JSC; RPKB",,,,,,,,,,,,,,,,,,5040007594 (Tax ID/INN),,,,,,,,,,,,,"140103, Moscow Oblast, Ramenskoye, Guriev Street, 2, Russian Federation",+ 7 (495) 992-56-96; + 7 (496) 463-21-07,rpkb@rpkb.ru,https://rpkb.kret.com/,
32014R0833,304,EU-RUS,IV,Export control,16.12.2022,,LegalEntity,Joint Stock Company Research and Production Center SAPSAN,Акционерное Общество «Научно-Производственный Центр «САПСАН» (АО НПЦ «САПСАН»); AO NPTs SAPSAN; NPC SAPSAN,,,,,,,,,,,,,,,,,,,,,,,,,,,,,,,"115280, Moscow, Avtozavodskaya Str., 25, Building 2, Russian Federation; 115280, Moscow, Avtozavodskaya Str., 23, Building 15, Russian Federation",+ 7-(495)-225-60-88; + 7 (495) 674-63-28,sapsan@systud.msk.su,http://www.sapsan.org.ru; http://npc-sapsan.ru/,
32014R0833,305,EU-RUS,IV,Export control,16.12.2022,,LegalEntity,Joint Stock Company Rychag,Акционерное Общество «Рычаг» (АО «Рычаг»),,,,,,,,,,,,,,,,,,1660170995 (Tax ID/INN),,,,,,,,,,,,,"420075, Republic of Tatarstan, Kazan, Lipatova Str., 37, Russian Federation",+ 7 843 235-80-70; + 7 917 273-79-40,info@ao-rychag.ru,http://oaorychag.narod2.ru/,
32014R0833,306,EU-RUS,IV,Export control,16.12.2022,,LegalEntity,Joint Stock Company Scientific Production Enterprise Izmeritel,Акционерное Общество «Научно-Производственное Предприятие «Измеритель» (АО «НПП «Измеритель»); NPP Izmeritel.; NPP Meter; Joint Stock Company “Research and Production Enterprise “Izmeritel”,,,,,,,,,,,,,,,,,,6731036814 (Tax ID/INN),,,,,,,,,,,,,"214031, Smolensk Oblast, Smolensk, Babushkina Str., 5, Russian Federation",+ 7(4812) 62-11-99; + 7(4812) 31-30-88,izmerit@smoltelecom.ru,http://npp-izmeritel.ru/,
32014R0833,307,EU-RUS,IV,Export control,16.12.2022,,LegalEntity,Joint Stock Company Scientific-Production Union for Radioelectronics named after V.I. Shimko,Акционерное Общество «Научно-Производственное Объединение «Радиоэлектроника» имени В.И. Шимко» (АО «НПО «Радиоэлектроника» им. В.И. Шимко»); NPO Radioelectronics N.A. V.I. Shimko,,,,,,,,,,,,,,,,,,1660155764 (Tax ID/INN),,,,,,,,,,,,,"420029, Republic of Tatarstan, Kazan, Zhurnalistov Str., 50, Russian Federation",+ 7 (843) 272-55-00,info@nposhimko.ru,http://shimko.rostechn.org/; https://radioelectronika.kret.com/,
32014R0833,308,EU-RUS,IV,Export control,16.12.2022,,LegalEntity,Joint Stock Company Taganrog Communications Scientific-Research Institute,Акционерное Общество «Таганрогский Научно-Исследовательский Институт Связи» (АО «ТНИИС»); AO TNIIS; JSC “Taganrog Scientific-Research Institute of Communication”,,,,,,,,,,,,,,,,,,6154573235 (Tax ID/INN),,,,,,,,,,,,,"347900, Rostov Oblast, Taganrog, Sedova Str., 3, Russian Federation",+ 8 (8634) 65-71-61,niis@pbox.ttn.ru,https://tniis.ru/,
32014R0833,309,EU-RUS,IV,Export control,16.12.2022,,LegalEntity,Joint Stock Company Urals Instrument-Engineering Plant,Акционерное Общество «Уральский Приборостроительный Завод» (АО «УПЗ»); AO UPZ; JSC “Ural Instrument-Making Plant”,,,,,,,,,,,,,,,,,,6660000400 (Tax ID/INN),,,,,,,,,,,,,"624000, Sverdlovsk Oblast, Sysertsky District, 25 Km Chelyabinskiy Trakt, Russian Federation",+ 7 (343) 359-93-76; + 8 (800) 222-58-40,mail@upz.ru,https://upz.ru/,
32014R0833,310,EU-RUS,IV,Export control,16.12.2022,,LegalEntity,Joint Stock Company Vzlet Engineering Testing Support,Акционерное Общество “Инженерное Сопровождение Испытаний ‘Взлет’” (АО “ИСИ ‘Взлет’”); AO ISI Vzlet,,,,,,,,,,,,,,,,,,3022001050 (Tax ID/INN),,,,,,,,,,,,,"416511, Astrakhan Oblast, Aktyubinsk District, Territory № 1, Building 5, Russian Federation; 476507, Astrakhan Oblast, Aktyubinsk District, Aktyubinsk-7, ISI Vzlet Room, Russian Federation",+ 7 (85141) 4-03-23; + 7 (85141) 3-02-01,isi.vzlet@yandex.ru,https://vzlet.kret.com/,
32014R0833,311,EU-RUS,IV,Export control,16.12.2022,,LegalEntity,Joint Stock Company Zhiguli Radio Plant,Акционерное Общество «Жигулевский Радиозавод» (АО «ЖРЗ»); AO ZhRZ,,,,,,,,,,,,,,,,,,6345012304 (Tax ID/INN),,,,,,,,,,,,,"445359, Samara Oblast, Zhigulevsk, Radiozavodskaya Str., 1, Russian Federation",+ 7 (84862) 2-17-24,radioplant@mail.ru,https://zhigulevskiyradiozavod.kret.com/,
32014R0833,312,EU-RUS,IV,Export control,16.12.2022,,LegalEntity,Joint Stock Company Bryansk Electromechanical Plant,Акционерное Общество «Брянский Электромеханический Завод» (АО «БЭМЗ»); AO BEMZ,,,,,,,,,,,,,,,,,,3255517577 (Tax ID/INN),,,,,,,,,,,,,"241017, Bryansk Oblast, Bryansk, Vokzalnaya Str., 136, Russian Federation",+ 7 (4832)53-01-01,mail@aobemz.ru,http://aobemz.ru/,
32014R0833,313,EU-RUS,IV,Export control,16.12.2022,,LegalEntity,Public Joint Stock Company Moscow Institute of Electro-Mechanics and Automation,"Публичное Акционерное Общество «Московский Институт Электромеханики и Автоматики» (ПАО «МИЭА»); PAO MIEA, Moscow Institute of Electromechanics and Automatics PJSC, Moskovskiy Institut Elektromekhaniki i Avtomatiki",,,,,,,,,,,,,,,,,,7714025469 (Tax ID/INN),,,,,,,,,,,,,"125167, Moscow, Aviatsionny Pereulok, 5, Russian Federation",+ 7 499 152-48-74,aomiea@aviapribor.ru,https://aomiea.ru/; https://miea.kret.com/,
32014R0833,314,EU-RUS,IV,Export control,16.12.2022,,LegalEntity,Public Joint Stock Company Stavropol Radio Plant Signal,Публичное Акционерное Общество Ставропольский Радиозавод «Сигнал» (ПАО «Сигнал»); Signal Radio Plant; PJSC Signal; Public Joint Stock Company Stavropol Radioplant “Signal”,,,,,,,,,,,,,,,,,,2635000092 (Tax ID/INN),,,,,,,,,,,,,"355014, Stavropol Krai, Stavropol, 2nd Yugo-Zapadny Proezd, 9A, Russian Federation",+ 7 (8652) 77-98-35,info@signalrp.ru,http://signalrp.ru/,
32014R0833,315,EU-RUS,IV,Export control,16.12.2022,,LegalEntity,Public Joint Stock Company Techpribor,Публичное Акционерное Общество «Техприбор» (ПАО «Техприбор»); PAO Techpribor,,,,,,,,,,,,,,,,,,7810237177 (Tax ID/INN),,,,,,,,,,,,,"196128, St. Petersburg, Varshavskaya Str., 5A, Russian Federation",(812) 648-85-82; + 7 812 648-84-76,info@techpribor.ru,http://techpribor.ru/,
32014R0833,316,EU-RUS,IV,Export control,16.12.2022,,LegalEntity,Joint Stock Company Ramensky Instrument-Engineering Plant,Акционерное Общество «Раменский Приборостроительный Завод» (АО «РПЗ»); AO RPZ,,,,,,,,,,,,,,,,,,5040001426 (Tax ID/INN),,,,,,,,,,,,,"140100, Moscow Oblast, Ramenskoye, Mikhalevicha Str., 39, Building 20, Floor 2, Room 124, Russian Federation",+ 7 (495)995-94-03,pochta@rpz.ru,https://rpz.kret.com/,
32014R0833,317,EU-RUS,IV,Export control,16.12.2022,,LegalEntity,V.V. Tarasov Avia Avtomatika,Акционерное Общество «Авиаавтоматика» имени В.В. Тарасова» (АО «Авиаавтоматика» им. В.В. Тарасова»); Kursk Pribor; Joint Stock Company Aviaavtomatika named after V.V. Tarasov,,,,,,,,,,,,,,,,,,4629019412 (Tax ID/INN),,,,,,,,,,,,,"305040, Kursk Oblast, Kursk, Zapolnaya Str., 47, Russian Federation",+ 7 (4712) 72-24-83; + 7 (4712) 72-28-83,plant@aviaavtomatika.ru,http://www.aviaavtomatika.ru/; https://www.privodpribor.ru/,
32014R0833,318,EU-RUS,IV,Export control,16.12.2022,,LegalEntity,Design Bureau of Chemical Machine Building KBKhM,Акционерное Общество «Конструкторское Бюро Химического Машиностроения имени А.М. Исаева» (АО «КБхиммаш им. А.М. Исаева»); A.M. Isayev Chemical Engineering Design Bureau; KB KhimMash; Joint Stock Company “Chemical Machine Building Design Bureau named after A.M. Isaev”,,,,,,,,,,,,,,,,,,5018202198 (Tax ID/INN),,,,,,,,,,,,,"141070, Moscow Oblast, Korolev, Bogomolova Str., 12, Russian Federation",+ 8 (499) 429-03-02,kbhimmash@korolev-net.ru,http://kbhmisaeva.ru/,
32014R0833,319,EU-RUS,IV,Export control,16.12.2022,,LegalEntity,Far Eastern Shipbuilding and Ship Repair Center,Акционерное Общество «Дальневосточный Центр Судостроения и Судоремонта» (АО «ДЦСС»); AO DTSSS,,,,,,,,,,,,,,,,,,2536196045 (Tax ID/INN),,,,,,,,,,,,,"690001, Primorsky Krai, Vladivostok, Svetlanskaya Str., 72, Russian Federation",+ 8 (423) 2651736,dcss@dcss.ru,https://dcss.ru/,
32014R0833,320,EU-RUS,IV,Export control,16.12.2022,,LegalEntity,Ilyushin Aviation Complex Branch: Myasishcheva Experimental Mechanical Engineering Plant,Филиал ПАО «Авиационный Комплекс им С.В. Ильюшина» – «Экспериментальный Машиностроительный Завод им. В.М. Мясищева»; Myasishcheva EMZ; V.M. Мyasishchev Experimental Mechanical Engineering Plant PJSC; Branch of S.V. Ilyushin Aviation Complex PJSC – lV.M. Myasishchev Experimental Machine-Building Plant,,,,,,,,,,,,,,,,,,,,,,,,,,,,,,,"140182, Moscow Oblast, Zhukovsky, Narkomvod Str., 7, Russian Federation",+ 7 (495) 664-76-76,mdb@emz-m.ru,http://www.emz-m.ru/,
32014R0833,321,EU-RUS,IV,Export control,16.12.2022,,LegalEntity,Institute of Marine Technology Problems Far East Branch Russian Academy of Sciences,Федеральное Государственное Бюджетное Учреждение Науки Институт Проблем Морских Технологий им. Академика М.Д. Агеева Дальневосточного Отделения Российской Академии Наук (ИПМТ ДВО РАН); Federal State Budgetary Institution of Science M.D. Ageev Institute of Marine Technology Problems Far East Branch Russian Academy of Sciences; IPMT DVO RAN; IPMT FEB RAS,,,,,,,,,,,,,,,,,,2536007749 (Tax ID/INN),,,,,,,,,,,,,"690091, Primorsky Krai, Vladivostok, Sukhanova Str., 5A, Russian Federation",+ 7 (423) 243-24-16,imtp@marine.febras.ru,http://imtp.febras.ru,
32014R0833,322,EU-RUS,IV,Export control,16.12.2022,,LegalEntity,Irkutsk Aviation Plant,Филиал ПАО «Яковлев» — Иркутский Авиационный Завод; Branch of PJSC Yakovlev – Irkutsk Aviation Plant; Irkutsk Aircraft Factory,,,,,,,,,,,,,,,,,,,,,,,,,,,,,,,"664020, Irkutsk Oblast, Irkutsk, Novatorov Str., 3, Russian Federation",+ 7 (3952) 21-16-75,iaz@irkut.ru,https://www.yakovlev.ru/structure/aviation-factory/; http://www.irkut.com/ru/corporation/iaz/,
32014R0833,323,EU-RUS,IV,Export control,16.12.2022,,LegalEntity,Joint Stock Company Aerocomposit Ulyanovsk Plant,Акционерное Общество «АэроКомпозит» — Ульяновский Завод; Филиал АО «АэроКомпозит» в городе Ульяновск; Branch of AeroKomposit JSC in the city of Ulyanovsk,,,,,,,,,,,,,,,,,,,,,,,,,,,,,,,"432072, Ulyanovsk Oblast, Ulyanovsk, Antonov Prospekt, 1, Russian Federation",+ 7 (8422) 59-06-00,info@u-composit.ru,http://aerocomposit.ru,
32014R0833,324,EU-RUS,IV,Export control,16.12.2022,,LegalEntity,Joint Stock Company Experimental Design Bureau named after A.S. Yakovlev,Акционерное Общество «Опытно-Конструкторское Бюро им. А.С. Яковлева» (АО «ОКБ ИМ. А.С. Яковлева»); Joint-Stock Company “A. S. Yakovlev Design Bureau”; A.S Yakovlev EDB,,,,,,,,,,,,,,,,,,7714039849 (Tax ID/INN),,,,,,,,,,,,,"125315, Moscow, Leningradsky Prospekt, 68, Russian Federation",+ 7 (495) 787-28-77,okb@yak.ru,http://www.yak.ru/,
32014R0833,325,EU-RUS,IV,Export control,16.12.2022,,LegalEntity,Joint Stock Company Federal Research and Production Center Altai,Акционерное Общество «Федеральный Научно-Производственный Центр «Алтай» (АО «ФНПЦ «Алтай»); AO FNPZ Altai,,,,,,,,,,,,,,,,,,2204051487 (Tax ID/INN),,,,,,,,,,,,,"659322, Altai Krai, Biysk, Socialisticheskaya Str., 1, Russian Federation",8-800-300-8379,post@frpc-altay.ru,http://frpc.secna.ru/,
32014R0833,326,EU-RUS,IV,Export control,16.12.2022,,LegalEntity,Joint Stock Company “Head Special Design Bureau Prozhektor”,Акционерное Общество «Головное Особое Конструкторское Бюро «Прожектор» (АО «ГОКБ «Прожектор»); AO GOKB Prozhektor,,,,,,,,,,,,,,,,,,7720699480 (Tax ID/INN),,,,,,,,,,,,,"111123, Moscow, Enthusiastov Highway, 56, Russian Federation",+ 7 (495) 305-59-25,info@projektor.su,https://projektor.su/,
32014R0833,327,EU-RUS,IV,Export control,16.12.2022,,LegalEntity,Joint Stock Company Ilyushin Aviation Complex,Публичное Акционерное Общество «Авиационный Комплекс им. С.В. Ильюшина» (ПАО «Ил»); Ilyushin; Ilyushin Design Bureau; PJSC Aviation Complex named after S. V. Ilyushin; PAO “Il”,,,,,,,,,,,,,,,,,,7714027882 (Tax ID/INN),,,,,,,,,,,,,"125190, Moscow, Leningradsky Prospekt, 45G, Russian Federation",+ 7 (499) 943-81-17; + 7 (499) 943-81-21,info@ilyushin.net,http://ilyushin.org/,
32014R0833,328,EU-RUS,IV,Export control,16.12.2022,,LegalEntity,Joint Stock Company Lazurit Central Design Bureau,Акционерное Общество «Центральное Конструкторское Бюро «Лазурит» (АО «ЦКБ «Лазурит»); AO TsKB Lazurit,,,,,,,,,,,,,,,,,,5263000105 (Tax ID/INN),,,,,,,,,,,,,"603003, Nizhny Novgorod Oblast, Nizhny Novgorod, Svobody Str., 57, Russian Federation",+ 7 (831) 273-84-00; + 7 (831) 273-00-69,cdb@cdb-lazurit.ru,https://cdb-lazurit.ru/,
32014R0833,329,EU-RUS,IV,Export control,16.12.2022,,LegalEntity,Joint Stock Company Research and Development Enterprise Protek,Акционерное Общество Научно-Внедренческое Предприятие «Протек» (АО НВП «Протек»); AO NVP Protek,,,,,,,,,,,,,,,,,,3665017521 (Tax ID/INN),,,,,,,,,,,,,"394028, Voronezh Oblast, Voronezh, Basovaya Str., 6, Russian Federation",+ 7 (473) 220-47-22; + 7 (473) 220-47-23,protek@protek-vrn.ru,http://www.protek-vrn.ru/,
32014R0833,330,EU-RUS,IV,Export control,16.12.2022,,LegalEntity,Joint Stock Company SPMDB Malachite,Акционерное Общество «Санкт-Петербургское Морское Бюро Машиностроения «Малахит» (АО «СПМБМ «Малахит»); Joint Stock Company “St. Petersburg Marine Bureau of Machine Building “Malakhit”; Malakhit Marine Engineering Bureau; St. Petersburg Marine Bureau of Machine Building Malakhit; AO SPMBM Malakhit,,,,,,,,,,,,,,,,,,7810537540 (Tax ID/INN),,,,,,,,,,,,,"196135, St. Petersburg, Frunze Str., 18, Russian Federation",+ 7 (812) 242-85-85,info-ckb@malachite-spb.ru,http://malachite-spb.ru/,
32014R0833,331,EU-RUS,IV,Export control,16.12.2022,,LegalEntity,Kalyazinsky Machine Building Factory – Branch of RSK MiG,Филиал АО «РСК «МиГ» «Калязинский Машиностроительный Завод»; Филиал Публичного Акционерного Общества «Объединенная Авиастроительная Корпорация» - Калязинский Машиностроительный Завод (Филиал ПАО «ОАК» - Калязинский Машиностроительный Завод); Branch of Public Joint Stock Company “United Aircraft Corporation” – Kalyazinskiy Machine Building Factory; Kalyazinskiy Machine Building Plant,,,,,,,,,,,,,,,,,,,,,,,,,,,,,,,"171573, Tver Oblast, Kalyazin District, Kalyazin, Industrialnaya Str. 5, Russian Federation",+ 7 (48249) 2-07-50; + 7 (48249)-2-30-57,kmz@kalazin.tver.ru; kmz@rsk-mig.ru,http://www.migavia.ru/index.php/ru/o-korporatsii/struktura/proizvodstvennyj-klaster/kalyazinskij-mashinostroitelnyj-zavod-filial-ao-rsk-mig,
32014R0833,332,EU-RUS,IV,Export control,16.12.2022,,LegalEntity,Main Directorate of Deep-Sea Research of the Ministry of Defense of the Russian Federation,Главное Управление Глубоководных Исследований Министерства Обороны Российской Федерации (ГУГИ); Main Directorate of Deep-Sea Research; GUGI; Hydrographic Service of the Navy; Department of Navigation and Oceanography of the Ministry of Defence of the Russian Federation,,,,,,,,,,,,,,,,,,,,,,,,,,,,,,,"125413, Moscow, Onezhskaya Str., 26A / 119019, Russian Federation; 199034, St. Petersburg, 8, 11 line of Vasilievsky Island, Russian Federation",,,,
32014R0833,333,EU-RUS,IV,Export control,16.12.2022,,LegalEntity,NPP Start,Акционерное Общество «Научно-Производственное Предприятие «Старт» им. А.И. Яскина» (АО «НПП «Старт» им. А. И. Яскина»); AO NPP Start im. A. I. Yaskina; JSC Research and Production Enterprise “Start” named after A.I. Yaskin,,,,,,,,,,,,,,,,,,6662054224 (Tax ID/INN),,,,,,,,,,,,,"620007, Sverdlovsk Oblast, Ekaterinburg, Pribaltiyskaya Str., 24, Russian Federation",+ 7 (343) 228-92-22,nppstart@tdhc.ru,https://nppstart.ru/,
32014R0833,334,EU-RUS,IV,Export control,16.12.2022,,LegalEntity,OAO Radiofizika,Публичное Акционерное Общество «Радиофизика» (ПАО «Радиофизика»); PJSC Radiophysics; PAO Radiofizika,,,,,,,,,,,,,,,,,,7733022671 (Tax ID/INN),,,,,,,,,,,,,"125480, Moscow, Geroev Panfilovtsev Str., 10, Russian Federation",+ 7 (495) 272-48-01,mail@radiofizika.ru,https://radiofizika.ru/,
32014R0833,335,EU-RUS,IV,Export control,16.12.2022,,LegalEntity,"P.A. Voronin Lukhovitsk Aviation Plant, Branch of RSK MiG",Филиал Публичного Акционерного Общества «Объединенная Авиастроительная Корпорация» – Луховицкий Авиационный Завод имени П.А. Воронина (Филиал ПАО «ОАК» - Луховицкий Авиационный Завод); Branch of Public Joint Stock Company “United Aircraft Corporation” – Lukhovitsky Aviation Plant named after P. A. Voronin; LAZ im. P. A. Voronina,,,,,,,,,,,,,,,,,,,,,,,,,,,,,,,"140500, Moscow Oblast, Lukhovitsky District, Territory LAZ imeni Pavla Andreevicha Voronina, Russian Federation",,laz@rsk-mig.ru,https://www.uacrussia.ru/ru/corporation/company/lukhovitskiy-aviatsionnyy-zavod/,
32014R0833,336,EU-RUS,IV,Export control,16.12.2022,,LegalEntity,Public Joint Stock Company Bryansk Special Design Bureau,Публичное Акционерное Общество «Брянское Специальное Конструкторское Бюро» (ПАО «БСКБ»); PAO BSKB,,,,,,,,,,,,,,,,,,3232001722 (Tax ID/INN),,,,,,,,,,,,,"241017, Bryansk Oblast, Bryansk, Vokzalnaya Str., 136, Russian Federation",+ 7 (4832) 53-16-82,mail@bckb.ru,https://bckb.ru/,
32014R0833,337,EU-RUS,IV,Export control,16.12.2022,,LegalEntity,Public Joint Stock Company Voronezh Joint Stock Aircraft Company,Публичное Акционерное Общество «Воронежское Акционерное Самолетостроительное Общество» (ПАО «ВАСО»); PJSC “VASO”; PAO VASO; Voronezh Aircraft Production Association,,,,,,,,,,,,,,,,,,,,,,,,,,,,,,,"394029, Voronezh Oblast, Voronezh, Tsiolkovskogo Str., 27, Russian Federation",+ 7 473 244-88-00,admin@air.vrn.ru,https://www.vaso.ru/,
32014R0833,338,EU-RUS,IV,Export control,16.12.2022,,LegalEntity,Radio Technical Institute named after A. L. Mints,Акционерное Общество «Радиотехнический Институт имени Академика А.Л. Минца» (АО РТИ); Concern Radio-Technical Information Systems; AO RTI; Academician A.L. Mints Radio Engineering Institute,,,,,,,,,,,,,,,,,,7713006449 (Tax ID/INN),,,,,,,,,,,,,"127083, Moscow, 8 Marta Str., 10, Building 1, Russian Federation",+ 7 (495) 612-99-99,info@rti-mints.ru,https://www.rti-mints.ru/,
32014R0833,339,EU-RUS,IV,Export control,16.12.2022,,LegalEntity,Russian Federal Nuclear Center – All-Russian Research Institute of Experimental Physics,Федеральное Государственное Унитарное Предприятие «Российский Федеральный Ядерный Центр - Всероссийский Научно-Исследовательский Институт Экспериментальной Физики» (ФГУП «РФЯЦ - ВНИИЭФ»); Филиал Федерального Государственного Унитарного Предприятия «Российский Федеральный Ядерный Центр – Всероссийский Научно-Исследовательский Институт Экспериментальной Физики»; Федеральное Государственное Унитарное Предприятие Федеральный Научно-Производственный Центр «Научно-Исследовательский Институт Измерительных Систем им.Ю.Е.Седакова» (ФГУП «ФНПЦ НИИИС им. Ю. Е. Седакова»); Federal State Unitary Enterprise Yu. E. Sedakov Scientific Research Institute of Measuring Systems; FGUP RFYaTs VNIIEF; FGUP FNPTs NIIS; Sedakov Research Institute of Measuring Systems,,,,,,,,,,,,,,,,,,5254001230 (Tax ID/INN),,,,,,,,,,,,,"603137, Nizhny Novgorod Oblast, Nizhny Novgorod, Tropinina Str., 47, Russian Federation; 607188, Nizhny Novgorod Oblast, Sarov, Prospekt Mira, 37, Russian Federation",+ 7 (831) 466-59-90; 8 (83130) 2-48-02,niiis@niiis.nnov.ru; staff@vniief.ru,https://vniief.ru/; https://www.niiis.nnov.ru/,
32014R0833,340,EU-RUS,IV,Export control,16.12.2022,,LegalEntity,Shvabe JSC,Акционерное Общество «Швабе» (АО «Швабе»); Shvabe,,,,,,,,,,,,,,,,,,7717671799 (Tax ID/INN),,,,,,,,,,,,,"129366, Moscow, Prospekt Mira, 176, Russian Federation",+ 7 (499) 951-48-32,mail@shvabe.com,https://shvabe.com/,
32014R0833,341,EU-RUS,IV,Export control,16.12.2022,,LegalEntity,Special Technological Center LLC,Общество с Ограниченной Ответственностью «Специальный Технологический Центр» (ООО «СТЦ»); STC LLC; Special Technology Center Ltd.; Special Technology Centre Limited Liability Company; OOO STTs,,,,,,,,,,,,,,,,,,7802170553 (Tax ID/INN),,,,,,,,,,,,,"195220, St. Petersburg, Gzhatskaya Str., 21, Office 53, Letter B, Russian Federation; 195220, St. Petersburg Piskarevsky Prospekt, 150, Building 5, Russian Federation",+ 8 (812) 244-33-13,,https://www.stc-spb.ru/,
32014R0833,342,EU-RUS,IV,Export control,16.12.2022,,LegalEntity,St. Petersburg Shipbuilding Institution Krylov,Федеральное Государственное Унитарное Предприятие «Крыловский Государственный Научный Центр» (ФГУП «Крыловский Государственный Научный Центр»); Federal State Unitary Enterprise Krylov State Scientific Centre; Krylov State Research Centre; FSUE Krylov State Scientific Centre,,,,,,,,,,,,,,,,,,7810213747 (Tax ID/INN),,,,,,,,,,,,,"196158, St. Petersburg, Moskovskoye Highway, 44, Russian Federation; 109240, Moscow, Slavyanskaya Square, 2/5/4, Building 3, Russian Federation",+ 7 (812) 415-46-07; + 7 (499) 502-76-62,krylov@ksrc.ru; mpkrylov@mail.ru,https://krylov-centre.ru/,
32014R0833,343,EU-RUS,IV,Export control,16.12.2022,,LegalEntity,Strategic Control Posts Corporation,Акционерное Общество «Корпорация «Стратегические Пункты Управления» (АО «Корпорация «СПУ-ЦКБ ТМ»); CCB TM; AO SPU-TsKB TM; Central Design Bureau of Heavy Machine Building; JSC Corporation SPU-CCB TM,,,,,,,,,,,,,,,,,,7722775458 (Tax ID/INN),,,,,,,,,,,,,"109052, Moscow, Podyomnaya Str., 12A, Russian Federation",+ 7 (495) 673-62-46,mail@corpspu.ru,https://ckbtm.org/,
32014R0833,344,EU-RUS,IV,Export control,16.12.2022,,LegalEntity,V.A. Trapeznikov Institute of Control Sciences of the Russian Academy of Sciences,Федеральное Государственное Бюджетное Учреждение Науки Институт Проблем Управления им. В.А. Трапезникова Российской Академии Наук (ИПУ РАН); ICS RAS; IPU RAN; Institute of Control Sciences RAS,,,,,,,,,,,,,,,,,,7728013512 (Tax ID/INN),,,,,,,,,,,,,"117997, Moscow, Profsoyuznaya Str., 65, Russian Federation",+ 7 495 334-89-10,novikov@ipu.ru,http://ipu.ru/,
32014R0833,345,EU-RUS,IV,Export control,16.12.2022,,LegalEntity,Vladimir Design Bureau for Radio Communications OJSC,Открытое Акционерное Общество «Владимирское Конструкторское Бюро Радиосвязи» (ОАО «ВКБР»); OAO VKBR,,,,,,,,,,,,,,,,,,3328412561 (Tax ID/INN),,,,,,,,,,,,,"600017, Vladimir Oblast, Vladimir, Baturina Str., 28, Russian Federation; 600009, Vladimir, P.O. Box 68, Russian Federation",+ 7 (4922) 43-15-54,vkbrs@vkbrs.elcom.ru,http://elcom.ru/~vkbrs/,
32014R0833,346,EU-RUS,IV,Export control,16.12.2022,,LegalEntity,Voentelecom JSC,Акционерное Общество «Воентелеком» (АО «Воентелеком»),,,,,,,,,,,,,,,,,,7718766718 (Tax ID/INN),,,,,,,,,,,,,"107014, Moscow, Bolshaya Olenya Str. 15A, Building 1, Russian Federation","+ 7 (495) 609-50-05, + 7 (985) 900-50-05",info@voentelecom.ru,https://voentelecom.ru,
32014R0833,347,EU-RUS,IV,Export control,16.12.2022,,LegalEntity,"A.A. Kharkevich Institute for Information Transmission Problems (IITP), Russian Academy of Sciences (RAS)",Федеральное Государственное Бюджетное Учреждение Науки Институт Проблем Передачи Информации им. А.А. Харкевича Российской Академии Наук (ИППИ РАН); IPPI RAN; IITP RAS,,,,,,,,,,,,,,,,,,7707020131 (Tax ID/INN),,,,,,,,,,,,,"127051, Moscow, Bolshoy Karetny Pereulok, 19, Building 1, Russian Federation",+ 7 (495) 650-42-25,director@iitp.ru,http://iitp.ru/,
32014R0833,348,EU-RUS,IV,Export control,16.12.2022,,LegalEntity,Ak Bars Holding,Акционерное Общество «Холдинговая Компания «Ак Барс» (АО «Холдинговая Компания «Ак Барс»); “Ak Bars” Holding Company JSC,,,,,,,,,,,,,,,,,,1657049075 (Tax ID/INN),,,,,,,,,,,,,"420094, Kazan, Korolenko Str., 58a, Russian Federation",+ 7 (843) 511-45-50,abh@abh.ru,http://abh.ru/,
32014R0833,349,EU-RUS,IV,Export control,16.12.2022,,LegalEntity,Special Research Bureau for Automation of Marine Researches of the Far East Branch of the Russian Academy of Sciences,Федеральное Государственное Бюджетное Учреждение Науки Специальное Конструкторское Бюро Средств Автоматизации Морских Исследований Дальневосточного Отделения Российской Академии Наук (СКБ САМИ ДВО РАН); SKB SAMI DVO RAN; Federal State Budgetary Institution of Science Special Design Bureau of Marine Research Automation Means of the Far Eastern Branch of the Russian Academy of Sciences; SKB SAMI FEB RAS,,,,,,,,,,,,,,,,,,6501084820 (Tax ID/INN),,,,,,,,,,,,,"693023, Sakhalin Oblast, Yuzhno-Sakhalinsk, Aleksei Maksimovich Gorky Str., 25, Russian Federation",+ 8 (4242) 23-69-66; + 8 (4242) 75-05-70,skb@skbsami.ru,https://skbsami.ru/,
32014R0833,350,EU-RUS,IV,Export control,16.12.2022,,LegalEntity,Systems of Biological Synthesis LLC,Общество с Ограниченной Ответственностью «Системы Биологического Синтеза» (ООО «СБС»); SBS LLC; OOO SBS,,,,,,,,,,,,,,,,,,7736314136 (Tax ID/INN),,,,,,,,,,,,,"129515, Moscow, Akademika Koroleva Str., 13, Building 1, Floor 2, Premises II, Room 60, 61, Russian Federation",+ 7 (499) 674-70-08,infor@sysbiosyn.ru,https://sysbiosyn.ru/,
32014R0833,351,EU-RUS,IV,Export control,16.12.2022,,LegalEntity,"Borisfen, JSC",Акционерное Общество «Борисфен» (АО «Борисфен»),,,,,,,,,,,,,,,,,,7743754385 (Tax ID/INN),,,,,,,,,,,,,"125252, Moscow, 2nd Peschanaya Str., 4, Premises 1a, Rooms 1-4, Russian Federation",+ 7 (495) 411-51-11,info@bf-avia.ru,https://bf-avia.ru/,
32014R0833,352,EU-RUS,IV,Export control,16.12.2022,,LegalEntity,"Barnaul Cartridge Plant, JSC",Акционерное Общество «Барнаульский Патронный Завод» (АО «БПЗ»); BCP,,,,,,,,,,,,,,,,,,2224080239 (Tax ID/INN),,,,,,,,,,,,,"656002, Altai Krai, Barnaul, Kulagina Str., 28, Russian Federation",+ 7 (3852) 77-55-65,ammo@bszholding.ru,https://www.barnaulpatron.ru/,
32014R0833,353,EU-RUS,IV,Export control,16.12.2022,,LegalEntity,"Concern Avrora Scientific and Production Association, JSC",Акционерное Общество «Концерн «Научно-Производственное Объединение «Аврора» (АО «Концерн «НПО «Аврора»); JSC Avrora; AO Kontsern NPO Avrora”,,,,,,,,,,,,,,,,,,7802463197 (Tax ID/INN),,,,,,,,,,,,,"194021, St. Petersburg, Karbyshev Str. 15, Russian Federation",+ 7 (812) 297-23-11,mail@avrorasystems.com,http://avrorasystems.com/,
32014R0833,354,EU-RUS,IV,Export control,16.12.2022,,LegalEntity,"Bryansk Automobile Plant, JSC",Акционерное Общество «Брянский Автомобильный Завод» (АО «БАЗ»); AO BAZ; Joint Stock Company “Bryansk Automobile Factory”,,,,,,,,,,,,,,,,,,3255502838 (Tax ID/INN),,,,,,,,,,,,,"241035, Bryansk Oblast, Bryansk, Staleliteynaya Str., 1, Russian Federation",+ 7 4832 221500,info@baz32.ru,http://www.baz32.ru/,
32014R0833,355,EU-RUS,IV,Export control,16.12.2022,,LegalEntity,"Burevestnik Central Research Institute, JSC",Акционерное Общество «Центральный Научно-Исследовательский Институт «Буревестник» (АО «ЦНИИ «Буревестник»); AO TsNII Burevestnik,,,,,,,,,,,,,,,,,,5259075468 (Tax ID/INN),,,,,,,,,,,,,"603950, Nizhny Novgorod Oblast, Nizhny Novgorod, Sormovskoye Shosse, 1A, Russian Federation",+ 7 (831) 241-12-42,mail@burevestnik.com,https://www.burevestnik.com/,
32014R0833,356,EU-RUS,IV,Export control,16.12.2022,,LegalEntity,"Research Institute of Space Instrumentation, JSC",Акционерное Общество «Научно-Исследовательский Институт Космического Приборостроения» (АО «НИИ КП»); AO NII KP,,,,,,,,,,,,,,,,,,7722488005 (Tax ID/INN),,,,,,,,,,,,,"111024, Moscow, Aviamotornaya Str., 53, Building 1, Floor 2, Premises VII, Room 12-14, Russian Federation",+ 7 (495) 517-92-00,info@orkkniikp.ru,https://orkkniikp.ru/,
32014R0833,357,EU-RUS,IV,Export control,16.12.2022,,LegalEntity,"Arsenal Machine-Building plant, OJSC",Открытое Акционерное Общество «Машиностроительный Завод «Арсенал» (ОАО «МЗ «Арсенал»); OAO MZ Arsenal,,,,,,,,,,,,,,,,,,7804040302 (Tax ID/INN),,,,,,,,,,,,,"195009, St. Petersburg, Komsomola Str., 1-3, Russian Federation",+ 7 (812) 292 40 11,arsenal@mzarsenal.com,http://www.mzarsenal.spb.ru/,
32014R0833,358,EU-RUS,IV,Export control,16.12.2022,,LegalEntity,"Zelenodolsk Design Bureau, JSC",Акционерное Общество «Зеленодольское Проектно-Конструкторское Бюро» (АО «Зеленодольское ПКБ»); AO Zelenodolskoe PKB; ZPKB,,,,,,,,,,,,,,,,,,1648024290 (Tax ID/INN),,,,,,,,,,,,,"422540, Republic of Tatarstan, Zelenodolsk, Lenin Str., 41a, Russian Federation",+ 7 (84371) 530-66,info@zpkb.com,https://zpkb.com/,
32014R0833,359,EU-RUS,IV,Export control,16.12.2022,,LegalEntity,"Zavod Elecon, JSC",Акционерное Общество «Завод Элекон» (АО «Завод Элекон»); OA Zavod Elekon,,,,,,,,,,,,,,,,,,1657032272 (Tax ID/INN),,,,,,,,,,,,,"420094, Republic of Tatarstan, Kazan, Korolenko Str., 58, Russian Federation",+ 7 (843) 510-10-10,office@zavod-elecon.ru,https://zavod-elecon.ru/,
32014R0833,360,EU-RUS,IV,Export control,16.12.2022,,LegalEntity,"VMP “Avitec”, JSC",Акционерное Общество «Вятское Машиностроительное Предприятие «Авитек» (АО «ВМП «Авитек»); AO VMP Avitek; Joint Stock Company Vyatka Machine-Building Enterprise Avitek; Joint Stock Company Vyatskoye Mashinostroitelnoye Predpriyatiye Avitek,,,,,,,,,,,,,,,,,,4345047310 (Tax ID/INN),,,,,,,,,,,,,"610047, Kirov Oblast, Kirov, Oktyabrsky Prospekt, 1A, Russian Federation","+ 7-800-222-43-43, + 7 (8332) 232-522",info@vmpavitec.ru,https://vmpavitec.ru/,
32014R0833,361,EU-RUS,IV,Export control,16.12.2022,,LegalEntity,JSC V. V. Tikhomirov Scientific Research Institute of Instrument Design,Акционерное Общество «Научно-Исследовательский Институт Приборостроения имени В.В. Тихомирова» (АО «НИИП имени В.В. Тихомирова»); JSC “V.V. Tikhomirov Scientific Research Institute of Instrument Engineering”; AO NIIP imeni V. V. Tikhomirova; Joint Stock Company “Scientific Research Institute of Instrument Engineering named after V.V. Tikhomirov”,,,,,,,,,,,,,,,,,,5013045054 (Tax ID/INN),,,,,,,,,,,,,"140180, Moscow Oblast, Zhukovsky, Gagarina Str., 3, Russian Federation",+ 7 (495) 556-23-48,niip@niip.ru,https://niip.ru,
32014R0833,362,EU-RUS,IV,Export control,16.12.2022,,LegalEntity,"Tulatochmash, JSC",Акционерное Общество «Тулаточмаш» (АО «Тулаточмаш»),,,,,,,,,,,,,,,,,,7106002829 (Tax ID/INN),,,,,,,,,,,,,"300041, Tula Oblast, Tula, Kominterna Str., 24, Russian Federation",+ 7 (4872) 32-93-38,info@tulatochmash.ru,https://tulatochmash.ru/,
32014R0833,363,EU-RUS,IV,Export control,16.12.2022,,LegalEntity,PJSC “I.S. Brook” INEUM,Публичное Акционерное Общество «Институт Электронных Управляющих Машин им. И.С. Брука» (ПАО «ИНЭУМ им. И.С. Брука»); Public Joint Stock Company Institute of Electronic Control Computers named after I.S. Bruk; JSC INEUM; AO INEUM im. I.S. Bruka,,,,,,,,,,,,,,,,,,7736005096 (Tax ID/INN),,,,,,,,,,,,,"119334, Moscow, Vavilova Str., 24, Russian Federation",+ 7 (499) 135 33 21,ineum@ineum.ru,http://ineum.ru/,
32014R0833,364,EU-RUS,IV,Export control,16.12.2022,,LegalEntity,"SPE “Krasnoznamenets”, JSC",Акционерное Общество «Научно-Производственное Предприятие «Краснознамёнец» (АО «НПП «Краснознамёнец»); Scientific and Production Enterprise Krasnoznamenets; Research and Production Enterprise “Krasnoznamyonets”; AO NPP Krasnoznamenets,,,,,,,,,,,,,,,,,,7806469104 (Tax ID/INN),,,,,,,,,,,,,"195043, St. Petersburg, Chelyabinskaya Str., 95, Russian Federation",+ 7(812)677-04-48,vpetrov@krzn.ru,http://npp-krzn.ru/,
32014R0833,365,EU-RUS,IV,Export control,16.12.2022,,LegalEntity,"SPA Pribor named after S.S. Golembiovsky, JSC",Акционерное Общество «Научно-Производственное Объединение «Прибор» имени С.С. Голембиовского» (АО «НПО «Прибор» имени С.С. Голембиовского»); JSC “Scientific and Production Association “Pribor” named after S.S. Golembiovsky”; AO NPO Pribor imeni S. S. Golumbiovskogo,,,,,,,,,,,,,,,,,,7726700943 (Tax ID/INN),,,,,,,,,,,,,"117587, Moscow, Kirovogradskaya Str., 1, Russian Federation",+ 8 991 626 39 22,s.kluev@ao-pribor.ru,https://www.militarypribor.ru/,
32014R0833,366,EU-RUS,IV,Export control,16.12.2022,,LegalEntity,"SPA “Impuls”, JSC",Акционерное Общество «Научно-Производственное Объединение «Импульс» (АО «НПО «Импульс»); Joint Stock Company “Research and Production Association “Impulse”; AO NPO Impuls,,,,,,,,,,,,,,,,,,7804478424 (Tax ID/INN),,,,,,,,,,,,,"195299, St. Petersburg, Kirishskaya Str., 2, Letter A, Russian Federation",+ 7 (812) 590-38-33,kanz@npoimpuls.ru,http://npoimpuls.ru/,
32014R0833,367,EU-RUS,IV,Export control,16.12.2022,,LegalEntity,RusBITech,Акционерное Общество «Научно-Производственное Объединение Русские Базовые Информационные Технологии» (АО «НПО РусБИТех»); Joint Stock Company “Scientific and Production Association Russian Basic Information Technologies”; AO NPO RusBITech; RPA RusBITech,,,,,,,,,,,,,,,,,,7726604816 (Tax ID/INN),,,,,,,,,,,,,"117105, Moscow, Varshavskoe Shosse, 26, Russian Federation",+ 7 (495) 648-06-40,mail@rusbitech.ru,https://rusbitech.ru/,
32014R0833,368,EU-RUS,IV,Export control,16.12.2022,,LegalEntity,ROTOR 43,Общество с Ограниченной Ответственностью «Ротор-43» (ООО «Ротор-43»); Rotor-43 LLC; OOO Rotor-43,,,,,,,,,,,,,,,,,,6166117477 (Tax ID/INN),,,,,,,,,,,,,"344056, Rostov Oblast, Rostov-on-Don, Kombaynostroiteley Str., 4A, Russian Federation",+ 7-928-105-81-67,rotor-43@mail.ru,https://rotor43.ru/,
32014R0833,369,EU-RUS,IV,Export control,16.12.2022,,LegalEntity,"Rostov Optical and Mechanical Plant, PJSC",Публичное Акционерное Общество «Ростовский Оптико-Механический Завод» (ПАО «РОМЗ»); PJSC “ROMZ”; PAO ROMZ; Public Joint Stock Company “Rostov Optical-Mechanical Plant”,,,,,,,,,,,,,,,,,,7609000881 (Tax ID/INN),,,,,,,,,,,,,"152150, Yaroslavl Oblast, Rostov, Savinskoye Shosse, 36, Russian Federation",+ 7 (48536) 9-52-03,priem@romz.ru,http://romz.ru/,
32014R0833,370,EU-RUS,IV,Export control,16.12.2022,,LegalEntity,"RATEP, JSC",Акционерное Общество «РАТЕП» (АО «РАТЕП»); AO RATEP,,,,,,,,,,,,,,,,,,5043000212 (Tax ID/INN),,,,,,,,,,,,,"142205, Moscow Oblast, Serpukhov, Dzerzhinskogo Str., 11, Russian Federation",+ 7 (4967) 78-64-00,ratep@ratep.ru,https://www.ratep.ru/,
32014R0833,371,EU-RUS,IV,Export control,16.12.2022,,LegalEntity,PLAZ,Общество с Ограниченной Ответственностью «ПЛАЗ» (ООО «ПЛАЗ»); PLAZ LLC; OOO PLAZ,,,,,,,,,,,,,,,,,,7816388172 (Tax ID/INN),,,,,,,,,,,,,"194021, St. Petersburg, Politekhnicheskaya Str., 22, Letter V, Room 1-H, Russian Federation",+ 7 (812) 363-33-67,plaz@plazlink.com,https://www.plazlink.com/,
32014R0833,372,EU-RUS,IV,Export control,16.12.2022,,LegalEntity,OKB “Technika”,Общество с Ограниченной Ответственностью «Опытно-Конструкторское Бюро «Техника» (ООО «ОКБ «Техника»); Limited Liability Company Experimental Design Bureau Technika; OOO OKB Tekhnika,,,,,,,,,,,,,,,,,,7725568298 (Tax ID/INN),,,,,,,,,,,,,"115191, Moscow, Novaya Zarya Str., 6, Russian Federation",+ 7 (495) 954-51-51,plaz@plazlink.com,https://www.plazlink.com/,
32014R0833,373,EU-RUS,IV,Export control,16.12.2022,,LegalEntity,Ocean Chips,Общество с Ограниченной Ответственностью «Океан Электроники» (ООО «Океан Электроники»); Ocean Electronics Limited Liability Company; OOO Okean Elektroniki,,,,,,,,,,,,,,,,,,7813525631 (Tax ID/INN),,,,,,,,,,,,,"198099, St. Petersburg, Kalinina Str., 2, Building 4, Letter A, Premises 1N, Room 10, Russian Federation",+ 7 (812) 309-75-97,ocean@oceanchips.ru,https://oceanchips.ru/,
32014R0833,374,EU-RUS,IV,Export control,16.12.2022,,LegalEntity,Nudelman Precision Engineering Design Bureau,Акционерное Общество «Конструкторское Бюро Точного Машиностроения имени А.Э. Нудельмана» (АО «КБточмаш им. А.Э. Нудельмана»); KB Tochmash; Joint Stock Company “Design Bureau of Precision Engineering named after A.E. Nudelman”; AO KBTochmash im. A. E. Nudelmana,,,,,,,,,,,,,,,,,,7728789425 (Tax ID/INN),,,,,,,,,,,,,"117342, Moscow, Vvedenskogo Str., 8, Russian Federation",+ 7 495 333 01 65,mail@kbtochmash.ru,http://kbtochmash.ru/,
32014R0833,375,EU-RUS,IV,Export control,16.12.2022,,LegalEntity,Angstrem JSC,Акционерное Общество «Ангстрем» (АО «Ангстрем»),,,,,,,,,,,,,,,,,,7735010706 (Tax ID/INN),,,,,,,,,,,,,"124498, Moscow, Zelenograd, Shokina Square, 2, Building 3, Russian Federation",+ 7 (499) 720-84-44,general@angstrem.r,http://angstrem.ru/,
32014R0833,376,EU-RUS,IV,Export control,16.12.2022,,LegalEntity,NPCAP,Акционерное Общество «Научно-Производственный Центр Автоматики и Приборостроения имени Академика Н.А. Пилюгина» (АО «НПЦАП»); JSC NPCAP; AO NPTsAP; Joint Stock Company “Academician Piyugin Scientific-Production Center of Automatics and Instrument Making”; Joint Stock Company Scientific Production Center of Automatics and Instrument Building named after Academician N.A. Pilyugin,,,,,,,,,,,,,,,,,,9728050571 (Tax ID/INN),,,,,,,,,,,,,"117342, Moscow, Vvedenskogo Str., 1, Russian Federation",+ 7 (495) 330-65-70,info@npcap.ru,https://npcap.ru/,
32014R0833,377,EU-RUS,IV,Export control,16.12.2022,,LegalEntity,Novosibirsk Plant of Artificial Fibre,Акционерное Общество «Новосибирский Завод Искусственного Волокна» (АО «НЗИВ»); AO NZIV; JSC NPAF,,,,,,,,,,,,,,,,,,5446013327 (Tax ID/INN),,,,,,,,,,,,,"633208, Novosibirsk Oblast, Iskitim, Yuzhny Mkr., 101, Russian Federation",+ 7 (383) 254-77-74,smirnovan@nziv.ru,http://nziv.ru/,
32014R0833,378,EU-RUS,IV,Export control,16.12.2022,,LegalEntity,"Novosibirsk Cartridge Plant, JSC (SIBFIRE)",Акционерное Общество «Новосибирский Патронный Завод» (АО «НПЗ»); AO NPZ,,,,,,,,,,,,,,,,,,5445115799 (Tax ID/INN),,,,,,,,,,,,,"630108, Novosibirsk Oblast, Novosibirsk, Stantsionnaya Str., 30A, Office 307, Russian Federation",+ 7 (383) 364-01-33; + 7 (383) 341-35-55,otdel_prodag@lveplant.ru; n-v-a@lveplant.ru,https://sibfire.com/; http://lveplant.ru/,
32014R0833,379,EU-RUS,IV,Export control,16.12.2022,,LegalEntity,Novator DB,Акционерное Общество «Опытное Конструкторское Бюро «Новатор» (АО «ОКБ «Новатор»); Joint Stock Company “Experimental Design Bureau “Novator”; Novator Design Bureau JSC; AO OKB Novator,,,,,,,,,,,,,,,,,,6673092045 (Tax ID/INN),,,,,,,,,,,,,"620091, Sverdlovsk Oblast, Yekaterinburg, Kosmonavtov Prospekt, 18, Russian Federation",+ 7 (343) 264-13-00,main@okb-novator.ru,http://okb-novator.ru/ (offline),
32014R0833,380,EU-RUS,IV,Export control,16.12.2022,,LegalEntity,"NIMI named after V.V. Bakhirev, JSC",Акционерное Общество «Научно-Исследовательский Машиностроительный Институт имени В.В. Бахирева» (АО «НИМИ им. В.В. Бахирева»); Joint Stock Company “V.V. Bakhirev Research and Development Machine Building Institute”; Joint Stock Company Mechanical Engineering Research Institute; Joint Stock Company “Scientific Research Mechanical Engineering Institute named after V.V. Bakhirev”; AO NIMI im. V. V. Bakhireva,,,,,,,,,,,,,,,,,,7743873015 (Tax ID/INN),,,,,,,,,,,,,"125212, Moscow, Leningradskoye Shosse, 58, Russian Federation",+ 7 (495) 459-97-78,nimi@nimi.su,https://nimi.su/,
32014R0833,381,EU-RUS,IV,Export control,16.12.2022,,LegalEntity,"Nevskoe Design Bureau, JSC",Акционерное Общество «Невское Проектно-Конструкторское Бюро» (АО «Невское ПКБ»); AO Nevskoe PKB; Joint Stock Company “Nevskoye Design Bureau”,,,,,,,,,,,,,,,,,,7801074335 (Tax ID/INN),,,,,,,,,,,,,"199226, St. Petersburg, Galerny Proezd, 3, Russian Federation",7 (812) 635-05-66,info@npkb.ru,http://www.npkb.ru/,
32014R0833,382,EU-RUS,IV,Export control,16.12.2022,,LegalEntity,Neva Electronica JSC,Акционерное Общество «Нева Электроника» (АО «Нева Электроника»),,,,,,,,,,,,,,,,,,7813389280 (Tax ID/INN),,,,,,,,,,,,,"196105, St. Petersburg, Yuri Gagarin Prospekt, 2, Letter A, Room 20-N, Russian Federation",+ 7 812 646-50-50,info@nevael.ru,https://nevael.ru/,
32014R0833,383,EU-RUS,IV,Export control,16.12.2022,,LegalEntity,ENICS,Акционерное Общество «ЭНИКС» (АО «ЭНИКС»); AO ENIKS; JSC ENICS,,,,,,,,,,,,,,,,,,1661009974 (Tax ID/INN),,,,,,,,,,,,,"420094, Republic of Tatarstan, Kazan, Korolenko Str., 120, Russian Federation",+ 7 (843) 212-07-08,uav@enics.ru,https://enics.aero/,
32014R0833,384,EU-RUS,IV,Export control,16.12.2022,,LegalEntity,JSC Makeyev Design Bureau,Акционерное Общество «Государственный Ракетный Центр имени Академика В.П.Макеева» (АО «ГРЦ Макеева»); Joint Stock Company “Academician V.P.Makeyev State Rocket Centre”; JSC “Makeyev State Rocket Centre”; Joint Stock Company “State Missile Center named after Akademika V.P. Makeyeva”; Makeyev OKB; Makeyev SRC; AO GRTs Makeyeva,,,,,,,,,,,,,,,,,,7415061109 (Tax ID/INN),,,,,,,,,,,,,"456313, Chelyabinsk Oblast, Miass, Turgoyakskoye Shosse, 1, Russian Federation",8 (3513) 28-63-70,src@makeyev.ru,https://makeyev.ru/,
32014R0833,385,EU-RUS,IV,Export control,16.12.2022,,LegalEntity,"Kurganpribor, JSC",Акционерное Общество «Научно-Производственное Объединение «Курганприбор» (АО «НПО «Курганприбор»); Joint-Stock Company “Scientific and Production Association “Kurganpribor”; AO NPO Kurganpribor,,,,,,,,,,,,,,,,,,4501129676 (Tax ID/INN),,,,,,,,,,,,,"640007, Kurgan Oblast, Kurgan, Yastrzhembskogo Str., 41a, Russian Federation",+ 7 (3522) 443-529,kp@kurganpribor.ru,https://kurganpribor.ru/,
32014R0833,386,EU-RUS,IV,Export control,25.2.2023,,LegalEntity,"Ural Optical-Mechanical Plant E.S. Yalamova, JSC","Акционерное Общество «Производственное объединение «Уральский оптико-механический завод» имени Э. С. Яламова» (АО «ПО «УОМЗ»); JSC “Production Association “Ural Optical and Mechanical Plant” named after E. S. Yalamov”; JSC “PA “UOMP”, AO PO UOMZ",,,,,,,,,,,,,,,,,,6672315362 (Tax ID/INN),,,,,,,,,,,,,"620100, Yekaterinburg, Vostochnaya Str., 33 B, Russian Federation",+ 7 (343) 229-80-75,mail@uomz.com,http://www.uomz.ru/; https://уомз.рф/,
32014R0833,387,EU-RUS,IV,Export control,25.2.2023,,LegalEntity,"Vologda Optical and Mechanical Plant, JSC",Акционерное Общество «Вологодский Оптико-Механический Завод» (АО «ВОМЗ»); Joint Stock Company Vologda Optical and Mechanical Plant; OA VOMZ; JSC VOMP,,,,,,,,,,,,,,,,,,3525023010 (Tax ID/INN),,,,,,,,,,,,,"160009, Vologda Oblast, Vologda, Maltseva Str., 54, Russian Federation",+ 7 817 221-58-15,,https://vomz.ru/; https://pilad-vomz.ru/,
32014R0833,388,EU-RUS,IV,Export control,25.2.2023,,LegalEntity,Videoglaz Project,ООО «Видеоглаз Проект»; Limited Liability Company “Videoglaz Project”,,,,,,,,,,,,,,,,,,7719828389 (Tax ID/INN),,,,,,,,,,,,,"105118, Moscow, Volnaya Str., 35, Russian Federation; 117041, Moscow, Admiral Rudnev Str., 4, Floor 6, Premises 6, Office 6G",+ 7 (495) 278-09-56,,https://project.videoglaz.ru/; https://vgproekt.ru/,
32014R0833,389,EU-RUS,IV,Export control,25.2.2023,,LegalEntity,"Innovative Underwater Technologies, LLC",Общество с Ограниченной Ответственностью «Инновационные Подводные Технологии» (ООО «ИПТ»); IPT LLC; OO IPT,,,,,,,,,,,,,,,,,,7805315905 (Tax ID/INN),,,,,,,,,,,,,"198035, St. Petersburg, Mezhevoy Canal Str., 4, Premises 58A, Russian Federation",+ 7 (812) 713 03 94,mail@ipt.spb.ru,https://ipt.spb.ru/,
32014R0833,390,EU-RUS,IV,Export control,25.2.2023,,LegalEntity,Ulyanovsk Mechanical Plant,Акционерное Общество «Ульяновский Механический Завод» (АО «УМЗ»); Joint Stock Company Ulyanovsk Mechanical Plant; AO UMZ; JSC UMP,,,,,,,,,,,,,,,,,,7303026762 (Tax ID/INN),,,,,,,,,,,,,"432008, Ulyanovsk Oblast, Ulyanovsk, Moskovskoe Shosse, 94, Russian Federation",+ 7 (8422) 40-74-50; + 7 (8422) 42-03-70; + 7 (8422) 32-61-63,ump@aoumz.ru,http://aoumz.ru/; http://ump.mv.ru/,
32014R0833,391,EU-RUS,IV,Export control,25.2.2023,,LegalEntity,All-Russian Research Institute of Radio Engineering,"Акционерное Общество «Всероссийский Научно-Исследовательский Институт Радиотехники» (АО «ВНИИРТ»); AO VNIIRT, AO Vserossiyskiy Nauchno-Issledovatelskiy Institut Radiotekhniki",,,,,,,,,,,,,,,,,,7701315700 (Tax ID/INN),,,,,,,,,,,,,"105082, Moscow, Bolshaya Pochtovaya Str. 22, Russian Federation",+ 7 499 267-66-04,,http://vniirt.ru/,
32014R0833,392,EU-RUS,IV,Export control,25.2.2023,,LegalEntity,PJSC “Scientific and Production Association “Almaz” named after Academician A.A. Raspletin”,Публичное Акционерное Общество «Научно-Производственное Объединение «Алмаз» имени Академика А.А.Расплетина» (ПАО «НПО «Алмаз» имени Академика А. А. Расплетина); NPO Almaz; Almaz Scientific Production Association; JSC NPO Almaz named after A.A. Raspletin; AO NPO Almaz imeni Akademika A. A. Raspletina,,,,,,,,,,,,,,,,,,7712040285 (Tax ID/INN),,,,,,,,,,,,,"125190, Moscow, Leningradskiy Prospekt, 80, Building 16, Russian Federation",+ 7 499 940 02 22,,https://www.raspletin.com/,
32014R0833,393,EU-RUS,IV,Export control,25.2.2023,,LegalEntity,OJSC Concern Kizlyar Electro-Mechanical Plant,"Акционерное Общество «Концерн Кизлярский Электромеханический Завод» (АО «Концерн КЭМЗ»); Concern KEMZ, AO Kontsern KEMZ; Joint-Stock Company “Concern Kizlyar Electromechanical Plant”",,,,,,,,,,,,,,,,,,0547003781 (Tax ID/INN),,,,,,,,,,,,,"368832, Republic of Dagestan, Kizlyar, Kutuzov Str., 1, Russian Federation",+ 7 (87239) 2-31-48,koncern_kemz@mail.ru,https://kizlyar-kemz.ru/,
32014R0833,394,EU-RUS,IV,Export control,25.2.2023,,LegalEntity,"Concern Oceanpribor, JSC",Акционерное Общество «Концерн «Океанприбор» (АО «Концерн «Океанприбор»); AO Kontsern Okeanpribor,,,,,,,,,,,,,,,,,,7813341546 (Tax ID/INN),,,,,,,,,,,,,"197376, St. Petersburg, Chkalovsky Prospekt, 4, Russian Federation; 187341, Leningrad Oblast, Kirovsk, Severnaya Str., 1, Russian Federation; 186734, Republic of Karelia, Lahdenpokhsky District, Lasanen Village, Russian Federation",+ 7 (812) 320-80-40,mfp@mail.wplus.net; mail@oceanpribor.ru,http://www.oceanpribor.ru/,
32014R0833,395,EU-RUS,IV,Export control,25.2.2023,,LegalEntity,JSC Zelenogradsky Nanotechnology Center,Акционерное Общество «Зеленоградский Нанотехнологический Центр» (АО «ЗНТЦ»); AO ZNTC; Joint Stock Company “Zelenograd Nanotechnology Center”,,,,,,,,,,,,,,,,,,7735570680 (Tax ID/INN),,,,,,,,,,,,,"124527, Moscow, Zelenograd, Solnechnaya Alleya, 6, Room IX, Office 17, Russian Federation",+ 7 (499) 720 6944; + 7 (499) 720 6969,sales@zntc.ru,https://zntc.ru/,
32014R0833,396,EU-RUS,IV,Export control,25.2.2023,,LegalEntity,JSC Elektronstandart Pribor,Открытое Акционерное Общество «Электроприбор» (ОАО «Электроприбор»); OJSC Elektropribor,,,,,,,,,,,,,,,,,,2128002051 (Tax ID/INN),,,,,,,,,,,,,"428020, Chuvash Republic - Chuvashia, Cheboksary, I.Y. Yakovlev Prospekt, 3, Russian Federation","+ 7 (8352) 39-99-18, 39-99-71",op@elpribor.ru,https://www.elpribor.com/,
32014R0833,397,EU-RUS,IV,Export control,25.2.2023,,LegalEntity,Vest Ost Limited Liability Company,Общество с Ограниченной Ответственностью «Вест – Ост» (ООО «Вест – Ост»); OOO Vest Ost; West Ost Company,,,,,,,,,,,,,,,,,,6670249749 (Tax ID/INN),,,,,,,,,,,,,"620107, Sverdlovsk Oblast, Yekaterinburg, Gotvalda Str., 21, Building 2, Premises 17, Russian Federation",,,,
32014R0833,398,EU-RUS,IV,Export control,25.2.2023,,LegalEntity,Trade-Component LLC,Общество с Ограниченной Ответственностью «Трейд-Компонент» (ООО «Трейд-Компонен»); OOO Tried-Komponent; OOO Treyd-Komponent,,,,,,,,,,,,,,,,,,7707366122 (Tax ID/INN),,,,,,,,,,,,,"127055, Moscow, Tihvinskii Pereulok, 11, Building 2, Room 29, Russian Federation",+ 7 916 858-78-51; + 7 495 280-15-12,info@trade-component.ru,http://trade-component.ru/,
32014R0833,399,EU-RUS,IV,Export control,25.2.2023,,LegalEntity,Radiant Electronic Components JSC,Акционерное Общество «Радиант-ЭК» (АО «Радиант-ЭК»); AO Radiant-EK,,,,,,,,,,,,,,,,,,7728792756 (Tax ID/INN),,,,,,,,,,,,,"117246, Moscow, Profsoyuznaya Str., 65, Building 1, Russian Federation; 196006, St. Petersburg, Tashkentskaya Str. 1, Building A, Room 30N, Business Centre “Davidov”, Russian Federation; 630132; Novosibirsk, Narymskaya Str, 8A, Office 304, Russian Federation",7 495 602-04-71; + 7 495 725-04-04; + 7 495 981-49-91,radiant@ranet.ru,https://radiant.su/,
32014R0833,400,EU-RUS,IV,Export control,25.2.2023,,LegalEntity,JSC ICC Milandr,"Акционерное Общество «ПКК Миландр» (АО «ПКК Миландр»); Milandr EK OOO; Milandr ICC JSC; Milur IS, OOO; Mikroelectronic Production Complex (MPK) Milandr; AO PLL Milandr",,,,,,,,,,,,,,,,,,7735040690 (Tax ID/INN),,,,,,,,,,,,,"124498, Moscow, Zelenograd, Georgievskiy Prospekt, 5, Russian Federation",+ 7 (495) 981-54-33,export@milandr.com,https://www.milandr.com/,
32014R0833,401,EU-RUS,IV,Export control,25.2.2023,,LegalEntity,SMT iLogic LLC,"Общество с Ограниченной Ответственностью «СМТ-Айлогик» (ООО «СМТ-Айлогик»); SMT-iLogic, SMT-Ailogic; SMT Aylogik",,,,,,,,,,,,,,,,,,7804552300 (Tax ID/INN),,,,,,,,,,,,,"195220, St. Petersburg, Nepokorennykh Prospekt, 17, Building 4, Letter B, Room 5-N, Russian Federation",+ 7 981 893-20-01; + 7 812 244-33-13,smt.ilogic@mail.ru,https://smtilogic.ru/,
32014R0833,402,EU-RUS,IV,Export control,25.2.2023,,LegalEntity,Device Consulting,Общество с Ограниченной Ответственностью «Девайс Консалтинг» (ООО «Девайс Консалтинг»); Limited Liability Company Device Consulting; OOO Devais Konsalting,,,,,,,,,,,,,,,,,,7814128203 (Tax ID/INN),,,,,,,,,,,,,"197348, St. Petersburg, Aerodromnaya Str., 6, Letter A, Room 45, Russian Federation",+ 8 (800) 777-18-79,info@device.consulting,https://device.consulting/,
32014R0833,403,EU-RUS,IV,Export control,25.2.2023,,LegalEntity,Concern Radio-Electronic Technologies,Акционерное Общество «Концерн Радиоэлектронные Технологии» (АО «КРЭТ»); Joint Stock Company Concern Radio-Electronic Technologies; AO KRET,,,,,,,,,,,,,,,,,,7703695246 (Tax ID/INN),,,,,,,,,,,,,"109240, Moscow, Goncharnaya Str., 20/1, Building 1, Russian Federation",+ 7 (495) 587-70-7,info@kret.com,https://kret.com,
32014R0833,404,EU-RUS,IV,Export control,25.2.2023,,LegalEntity,"Technodinamika, JSC","Акционерное Общество «Технодинамика» (АО «Технодинамика»); AO Tekhnodinamika, JSC Aviation Equipment, JSC Technodynamics",,,,,,,,,,,,,,,,,,7719265496 (Tax ID/INN),,,,,,,,,,,,,"115184, Moscow, Bolshaya Tatarskaya Str., 35, Building 5, Russian Federation",+ 7 (495) 627-10-99,info@tdhc.ru,https://technodinamika.ru/,
32014R0833,405,EU-RUS,IV,Export control,25.2.2023,,LegalEntity,OOO “Unitek”,"Общество с Ограниченной Ответственностью «Юнитек» (ООО «Юнитек»); Unitek LLC, Limited Liability Company “Unitech”; OOO Yunitek",,,,,,,,,,,,,,,,,,7731414560 (Tax ID/INN),,,,,,,,,,,,,"121596, Moscow, Gorbunova Str., 2, Building 3, Premises 238, Russian Federation",+ 7 496 547-35-05; + 7 916 537-78-16,,,
32014R0833,406,EU-RUS,IV,Export control,25.2.2023,,LegalEntity,Closed Joint Stock Company TPK Linkos,Закрытое Акционерное Общество «Технологический Парк Космонавтики «Линкос» (ЗАО «ТПК «Линкос»); Linkos Space Technology Park Company; ZAO TPK Linkos; Closed Joint Stock Company “Technological Park of Cosmonautics “Linkos”,,,,,,,,,,,,,,,,,,7733061279 (Tax ID/INN),,,,,,,,,,,,,"142172, Moscow, Shcherbinka, Dorozhnaya Str., 5, Russian Federation",+ 7 906 455-48-10; + 7 499 944-24-53; + 7 495 780-68-55,info@linkos-tcp.ru,www.linkos-tcp.ru,
32014R0833,407,EU-RUS,IV,Export control,25.2.2023,,LegalEntity,"Closed Joint Stock Company TPK Linkos, Subdivision in Astrakhan",Закрытое Акционерное Общество «Технологический Парк Космонавтики «Линкос» - Филиал в Ахтубинске,,,,,,,,,,,,,,,,,,,,,,,,,,,,,,,"Astrakhan Oblast, Akhtubinsk, Velichko Str. 6, Russian Federation",+ 7 906 455-48-10; + 7 499 944-24-53; + 7 495 780-68-56,,www.linkos-tcp.ru,
32014R0833,408,EU-RUS,IV,Export control,25.2.2023,,LegalEntity,Design and Manufacturing of Aircraft Engines (DAMA),طراحی و ساخت موتور هواپیما; Iranian Turbine Manufacturing Industries; Design and Manufacturing of Aero-Engine Company; Turbine Engine Manufacturing Co.,,,,,,,,,,,,,,,,,,14005160213 (ID),,,,,,,,,,,,,"Shishesh Mina Street, Karaj Special Road, Tehran, Islamic Republic of Iran",,,,
32014R0833,409,EU-RUS,IV,Export control,25.2.2023,,LegalEntity,Islamic Revolutionary Guard Corps Aerospace Force,"نیروی هوافضای سپاه پاسداران انقلاب اسلامی; IRGC-ASF; Aerospace Division of IRGC; Aerospace Force of the Army of the Guardians of the Islamic Revolution; AFAGIR; Air Force, IRGC; IRGC Aerospace Force; IRGC Air Force; IRGCAFSepah Pasdaran Air Force",,,,,,,,,,,,,,,,,,,,,,,,,,,,,,,"Damavand Tehran Highway, Tehran Province, Islamic Republic of Iran",,,,
32014R0833,410,EU-RUS,IV,Export control,25.2.2023,,LegalEntity,Islamic Revolutionary Guard Corps Research and Self-Sufficiency Jihad Organization (IRGC SSJO),سازمان تحقیقات و جهادخودکفایی سپاه پاسداران · سازمان جهاد خودکفایی و تحقیقات سپاه,,,,,,,,,,,,,,,,,,5083678967 (ID),,,,,,,,,,,,,"Teheran and Isfahan, Islamic Republic of Iran",,,,
32014R0833,411,EU-RUS,IV,Export control,25.2.2023,,LegalEntity,Oje Parvaz Mado Nafar Company (Mado),شرکت اوج پرواز ما دو نفر; Mado; Owj Parvaz Mado Nafar Company LLC; Oje Parvaz Mado Nafar Co,,,,,,,,,,,,,,,,,,10590042155 (ID),,,,,,,,,,,,,"Qom, No. 1106, 11 Hemmat Corner, Hemmat Square, Hemmat Boulevard, Shokuhieh Industrial Town, Qom Province, 3718116354, Islamic Republic of Iran",,,,
32014R0833,412,EU-RUS,IV,Export control,25.2.2023,,LegalEntity,Paravar Pars Company,شرکت پراور پارس; Paravar Pars Aerospace Research and Engineering Services; Paravar Pars Aerospace Research Institute; Paravar Pars Engineering and Services Aerospace Research Company; Paravar Pars; ParavarPars; Pravarpars Engineering Research and Design Company,,,,,,,,,,,,,,,,,,10101373495 (ID),,,,,,,,,,,,,"13 km of Shahid Babaei Highway, after Imam Hossein University, next to Telo Road, Tehran, Islamic Republic of Iran",+ 982177000031,info@paravar-pars.com,www.paravar-pars.com,
32014R0833,413,EU-RUS,IV,Export control,25.2.2023,,LegalEntity,Qods Aviation Industries,شرکت صنایع هوایی قدس · صنایع هوایی قدس; Qods Aeronautics Industries; Company for Designing and Manufacturing Light Aircraft; Ghods Aviation Industries,,,,,,,,,,,,,,,,,,14005441856 (ID),,,,,,,,,,,,,"Unit (or Suite) 207, Saleh Blvd, Tehran, Islamic Republic of Iran; Unit 207, Tarajit Maydane Taymori (or Teimori) Square, Basiri Building, Tarasht, Tehran, Islamic Republic of Iran; P.O. Box 15875-1834, Km 5 Karaj Special Road, Tehran, Islamic Republic of Iran",,,,
32014R0833,414,EU-RUS,IV,Export control,25.2.2023,,LegalEntity,Shahed Aviation Industries,صنایع هوایی شاهد · مرکز تحقیقات صنایع هوایی شاهد; Shahed Aviation Industries Research Centre,,,,,,,,,,,,,,,,,,,,,,,,,,,,,,,"Shahid Lavi Street, Sajad Street, Isfahan, Islamic Republic of Iran",,,www.shahedaviation.com,
32014R0833,415,EU-RUS,IV,Export control,25.2.2023,,LegalEntity,Concern Morinformsystem–Agat,Акционерное Общество «Концерн «Моринформсистема – Агат» (АО «Концерн «Моринсис – Агат»); Morinsis-Agat Concern JSC; JSC Kontsern Morinformsistema Agat; AO Kontsern Morinsis-agat,,,,,,,,,,,,,,,,,,7720544208 (Tax ID/INN),,,,,,,,,,,,,"105275, Moscow, Shosse Entuziastov, 29, Russian Federation",+ 7 (495) 673-4063,info@concern-agat.ru,http://concern-agat.ru,
32014R0833,416,EU-RUS,IV,Export control,25.2.2023,,LegalEntity,AO Papilon,Акционерное Общество «Папилон» (АО «Папилон»); Aktsionernoe Obshchestvo Papilon,,,,,,,,,,,,,,,,,,7415020254 (Tax ID/INN),,,,,,,,,,,,,"456320, Chelyabinsk Oblast, Miass, Makeeva Prospekt, 48, Russian Federation; 117418, Moscow, Novocheremushkinskaya Str., 63, Building 1, Russian Federation",+ 7 (3513) 54-64-33; + 7 (495) 718-22-77,info@papillon.ru,https://papillonsystems.com/,
32014R0833,417,EU-RUS,IV,Export control,25.2.2023,,LegalEntity,IT-Papillon OOO,Общество с Ограниченной Ответственностью «Информационные технологии Папилон» (ООО «ИТ-Папилон»); Papillon Information Technologies LLC,,,,,,,,,,,,,,,,,,7415099399 (Tax ID/INN),,,,,,,,,,,,,"456320, Chelyabinsk Oblast, Miass, Makeeva Prospekt, 48, Premises 222, Russian Federation",+ 7 (3513) 54-64-33; + 7 (495) 718-22-77,info@papillon.ru,https://papillonsystems.com/,
32014R0833,418,EU-RUS,IV,Export control,25.2.2023,,LegalEntity,OOO Adis,Общество с Ограниченной Ответственностью «Адис» (ООО «Адис»); Adis LLC,,,,,,,,,,,,,,,,,,7415068591 (Tax ID/INN),,,,,,,,,,,,,"456320, Chelyabinsk Oblast, Miass, Makeeva Prospekt, 48, Russian Federation",+ 7 (3513) 54-65-88,,,
32014R0833,419,EU-RUS,IV,Export control,25.2.2023,,LegalEntity,Papilon Systems Limited Liability Company,Общество с Ограниченной Ответственностью «Системы Папилон» (ООО «Системы Папилон»); OOO Sistemy Papilon,,,,,,,,,,,,,,,,,,7415002030 (Tax ID/INN),,,,,,,,,,,,,"456320, Chelyabinsk Oblast, Miass, Makeeva Prospekt, 48, Russian Federation",+ 7 351 352-04-31; + 7 351 354-65-88,info@papillon.ru,https://www.papillon.ru/,
32014R0833,420,EU-RUS,IV,Export control,25.2.2023,,LegalEntity,Advanced Research Foundation,Фонд Перспективных Исследований (ФПИ); Russian Foundation for Advanced Research Projects; Fond Perspektivnykh Issledovaniy; FPI,,,,,,,,,,,,,,,,,,7710480347 (Tax ID/INN),,,,,,,,,,,,,"121059, Moscow, Berezhkovskaya Embankment, 22, Building 3, Russian Federation",+ 7 (499) 418-00-25,fpi@fpi.gov.ru,https://www.fpi.gov.ru/,
32014R0833,421,EU-RUS,IV,Export control,25.2.2023,,LegalEntity,Federal Service for MilitaryTechnical Cooperation,"Федеральная Служба по Военно-Техническому Сотрудничеству (ФСВТС России); Federalnaya Sluzhba po VoennoTekhnicheskomu Sotrudnishestvu, FSMTC, FSVTS, FSVTS Rossii",,,,,,,,,,,,,,,,,,7705513237 (Tax ID/INN),,,,,,,,,,,,,"115324, Moscow, Ovchinnikovskaya Embankment, 18/1, Russian Federation",+ 8 (495) 950-98-08,zapros@fsvts.gov.ru,https://en.fsvts.gov.ru/,
32014R0833,422,EU-RUS,IV,Export control,25.2.2023,,LegalEntity,Federal State Budgetary Scientific Institution Research and Production Complex Technology Center,Федеральное Государственное Бюджетное Научное Учреждение «Научно-Производственный Комплекс «Технологический Центр» (НПК «Технологический Центр»); Federalnoe Gosudarstvennoe Byudzhetnoe Nauchnoe Uchrezhdenie Nauchno-Proizvodstvenny Kompleks Tekhnologicheskiy Tsentr; NPK Technological Center; NPKTS; Scientific Manufacturing Complex Technological Center; SMC Technological Center,,,,,,,,,,,,,,,,,,7735096460 (Tax ID/INN),,,,,,,,,,,,,"124498, Moscow, Zelenograd, Shokina Square, 1, Building 7, Room 7237, Russian Federation",+ 7 (499) 734-45-21,market@tcen.ru,http://www.tcen.ru/,
32014R0833,423,EU-RUS,IV,Export control,25.2.2023,,LegalEntity,Federal State Institution Federal Scientific Center Scientific Research Institute for System Analysis of the Russian Academy of Sciences,"Федеральное государственное учреждение «Федеральный научный центр Научно-исследовательский институт системных исследований Российской академии наук» (ФГУ ФНЦ НИИСИ РАН); Federalnoe Gosudarstvennoe Uchrezhdenie Federalnyy Nauchnyy Tsentr NauchnoIssledovatelskiy Institut Sistemnykh Issledovaniy Rossiyskoy Akademii Nauk, FGU FNTS NIISI RAN, FSI FSC SRISA RAS, Scientific Research Institute of System Analysis, Russian Academy of Science",,,,,,,,,,,,,,,,,,7727086772 (Tax ID/INN),,,,,,,,,,,,,"117218, Moscow, Nakhimovsky Prospekt, 36, Building 1, Russian Federation",+ 7 495 718 21 10,niisi@niisi.msk.ru,https://www.niisi.ru/,
32014R0833,424,EU-RUS,IV,Export control,25.2.2023,,LegalEntity,Joint Stock Company All-Russian Research Institute Signal,"Акционерное Общество «Всероссийский Научно-Исследовательский Институт «Сигнал» (АО «ВНИИ «Сигнал»); AO Vserossiyskiy NauchnoIssledovatelskiy Institut Signal, AO VNII Signal, JSC VNII Signal, OJSC All-Russian Research Institute Signal",,,,,,,,,,,,,,,,,,3305708964 (Tax ID/INN),,,,,,,,,,,,,"601903, Vladimir Oblast, Kovrov, Krupskoy Str., 57, Russian Federation",+ 7 (49232) 9-03-34,mail@vniisignal.ru,https://vniisignal.ru/,
32014R0833,425,EU-RUS,IV,Export control,25.2.2023,,LegalEntity,Joint Stock Company Center of Research and Technology Services Dinamika,"Акционерное Общество «Центр Научно-Технических Услуг «Динамика» (АО ЦНТУ «Динамика»); AO TSNTU Dinamika, AO Tsentr NauchnoTekhnicheskikh Uslug Dinamika, JSC Center for Scientific and Technical Services Dinamika.",,,,,,,,,,,,,,,,,,5013026936 (Tax ID/INN),,,,,,,,,,,,,"140184, Moscow Oblast, Zhukovsky, Shkolnaya Str., 9/18, Room 1, Russian Federation",+ 7 (495) 276-000-9,info@dinamika-avia.ru,http://dinamika-avia.ru/,
32014R0833,426,EU-RUS,IV,Export control,25.2.2023,,LegalEntity,Joint Stock Company Concern Avtomatika,"Акционерное Общество «Концерн «Автоматика» (АО «Концерн «Автоматика»); AO Kontsern Avtomatika, JSC Concern Automation, OJSC Kontsern Avtomatika",,,,,,,,,,,,,,,,,,7715906332 (Tax ID/INN),,,,,,,,,,,,,"127106, Moscow, Botanicheskaya Str. 25, Russian Federation",+ 7 (495) 250-33-33,mail@ao-avtomatika.ru,https://www.ao-avtomatika.ru/,
32014R0833,427,EU-RUS,IV,Export control,25.2.2023,,LegalEntity,Joint Stock Company Design Center Soyuz,Акционерное Общество «Дизайн Центр «Союз» (АО «Дизайн Центр «Союз»); AO Dizain Tsentr Soyuz,,,,,,,,,,,,,,,,,,7735143270 (Tax ID/INN),,,,,,,,,,,,,"124482, Moscow, Zelenograd, Konstruktora Lukina Str., 14, Building 1, Russian Federation; 124681, Moscow, Zelenograd, Building 100, Room 205, Russian Federation",+ 8 (499) 995-25-18,mail@dcsoyuz.ru,https://dcsoyuz.ru/,
32014R0833,428,EU-RUS,IV,Export control,25.2.2023,,LegalEntity,Joint Stock Company Design Technology Center Elektronika,"Акционерное Общество «Конструкторско-Технологический Центр «Электроника» (АО «КТЦ «Электроника»); AO KTTs Elektronika, AO KonstruktorskoTekhnologicheskiy Tsentr Elektronika, JSC Electronics EDC, JSC Electronics Engineering and Design Center, JSC Elektronika Engineering and Design Center",,,,,,,,,,,,,,,,,,3661033667 (Tax ID/INN),,,,,,,,,,,,,"394033, Voronezh Oblast, Voronezh, Leninskiy Prospekt, 119A, Letter 17a, Floor 2, Russian Federation",+ 7 (473) 202-00-22,market@edc-electronics.ru,http://edc-electronics.ru/,
32014R0833,429,EU-RUS,IV,Export control,25.2.2023,,LegalEntity,Joint Stock Company Institute for Scientific Research Microelectronic Equipment Progress,"Акционерное Общество «Научно-Исследовательский Институт Микроэлектронной Аппаратуры «Прогресс» (АО «НИИМА «Прогресс»); AO NIIMA Progress, Microelectronics Research Institute Progress JSC, Nauchno-Issledovatelskiy Institut Mikroelektronnoiy Apparatury Progress, Progress MRI JSC",,,,,,,,,,,,,,,,,,7743869192 (Tax ID/INN),,,,,,,,,,,,,"125183, Moscow, Cherepanovkh Proezd, 54, Russian Federation",+ 7 (499) 281-7057; + 7 (499) 153-0161,niima@i-progress.tech,https://i-progress.tech/,
32014R0833,430,EU-RUS,IV,Export control,25.2.2023,,LegalEntity,Joint Stock Company Machine-Building Engineering Office Fakel Named After Akademika P.D. Grushina,"Акционерное Общество «Машиностроительное Конструкторское Бюро «Факел» Имени Академика П.Д.Грушина» (АО «МКБ «Факел»); AO MKB Fakel, Engineering Design Bureau Fakel, JSC EBD Fakel; Mashinostroitelnoe Konstruktorskoe Byuro Fakel imeni Akademika P.D. Grushina; Joint Stock Company “Machine-Building Design Bureau “Fakel” named after Academician P.D. Grushin”",,,,,,,,,,,,,,,,,,5047051923 (Tax ID/INN),,,,,,,,,,,,,"141401, Moscow Oblast, Khimki, Akademika Grushina Str., 33, Russian Federation",+ 8 (495) 781-05-73,info@mkbfakel.ru,https://www.mkbfakel.ru/,
32014R0833,431,EU-RUS,IV,Export control,25.2.2023,,LegalEntity,Joint Stock Company North Western Regional Center of Almaz Antey Concern Obukhovsky Plant,"Акционерное Общество «Северо-Западный Региональный Центр Концерна ВКО «Алмаз-Антей» - Обуховский Завод» (АО «Обуховский Завод»); AO GOZ, AO Severo-Zapadny Regionalny Tsentr Kontserna VKO Almaz-Antei Obukhovsky Zavod, JSC GOZ Obukhov Plant, AO Obukhovsky Zavod, JSC SOP Obukhovskiy Plant",,,,,,,,,,,,,,,,,,7811144648 (Tax ID/INN),,,,,,,,,,,,,"192012, St. Petersburg, Obukhovskaya Oborona Avenue, 120, Building 19, Room1-Н № 708, Russian Federation",+ 7 (812) 363-93-40; + 7 (812) 363-95-23,dou@goz.ru,https://www.goz.ru/,
32014R0833,432,EU-RUS,IV,Export control,25.2.2023,,LegalEntity,Joint Stock Company Obninsk Research and Production Enterprise Technologiya Named After A.G. Romashin,"Акционерное Общество «Обнинское Научно-Производственное Предприятие «Технология» им. А.Г.Ромашина» (АО «ОНПП «Технология» им. А.Г.Ромашина»); AO Obninskoe NPP Tekhnologiya IM. A.G. Romashina, AO ONPP Tekhnologiya im. A.G. Romashina, JSC ORPE Technology Named After A.G. Romashin",,,,,,,,,,,,,,,,,,4025431260 (Tax ID/INN),,,,,,,,,,,,,"249031, Kaluga Oblast, Obninsk, Kievskoe Shosse, 15, Russian Federation",+ 7 484 399 68 68; + 7 484 396 39 87,info@technologiya.ru,https://technologiya.ru/,
32014R0833,433,EU-RUS,IV,Export control,25.2.2023,,LegalEntity,Joint Stock Company Penza Electrotechnical Research Institute,"Акционерное Общество «Пензенский Научно-Исследовательский Электротехнический Институт» (АО «ПНИЭИ»); AO Penzenskiy NauchnoIssledovatelskiy Elektrotekhnicheskiy Institut, JSC Penza, JSC PNIEI",,,,,,,,,,,,,,,,,,5836649358 (Tax ID/INN),,,,,,,,,,,,,"440026, Penza Oblast, Penza, Sovetskaya Str., 9, Russian Federation",+ 7 (8412)59-33-35,info@pniei.ru; info@pniei.penza.ru,http://pniei.ru/,
32014R0833,434,EU-RUS,IV,Export control,25.2.2023,,LegalEntity,Joint Stock Company Production Association Sever,Акционерное Общество «Производственное Объединение «Север» (АО «ПО «Север»); AO PO Sever; JSC PA North; Proizvodstvennoe Obedinenie Sever,,,,,,,,,,,,,,,,,,5410079229 (Tax ID/INN),,,,,,,,,,,,,"630020, Novosibirsk Oblast, Novosibirsk, Obedineniya Str., 3, Russian Federation",+ 7 (383) 27-44-500,info@posever.ru,https://posever.ru/,
32014R0833,435,EU-RUS,IV,Export control,25.2.2023,,LegalEntity,Joint Stock Company Research Center ELINS,Акционерное Общество «Научно-Технический Центр ЭЛИНС» (АО «НТЦ ЭЛИНС»); AO Nauchnyy Tsentr ELINS; ELINS STC JSC; AO NTs ELINS; JSC Scientific and Technical Center ELINS; NTTS ELINS; Scientific-Technical Center ELINS; CJSC NTC Elins,,,,,,,,,,,,,,,,,,7735064324 (Tax ID/INN),,,,,,,,,,,,,"124460, Moscow, Zelenograd, Panfilovsky Propsekt, 10, Russian Federation; 124460, Moscow, Zelenograd, Panfilovsky Prospekt, 4, Building 1, Premises V, Room 1-9, Russian Federation",+ 7 (495) 651-08-86; + 7 (495) 532-22-62,info@elins.ru,https://elins.ru/; https://elins-journal.ru/,
32014R0833,436,EU-RUS,IV,Export control,25.2.2023,,LegalEntity,Joint Stock Company Research and Production Association of Measuring Equipment,"Акционерное Общество «Научно-Производственное Объединение Измерительной Техники» (АО «НПО ИТ»); AO NPO IT; AO Nauchno Proizvodstvennoe Obedinenie Izmeritelnoi Tekhniki, JSC NPO IT",,,,,,,,,,,,,,,,,,5018139517 (Tax ID/INN),,,,,,,,,,,,,"141074, Moscow Oblast, Korolev, Pionerskaya Str., 2, Building 4, Floor 2, Office 344, Russian Federation",+ 7 (499) 750-40-50,npoit@npoit.ru,https://russianspacesystems.ru/holding/struktura/npo-it/,
32014R0833,437,EU-RUS,IV,Export control,25.2.2023,,LegalEntity,Joint Stock Company Research and Production Enterprise Radar MMS,Акционерное Общество «Научно-Производственное Предприятие «Радар ММС» (АО «НПП «Радар ММС»); AO Nauchno-Proizvodstvennoe Predpriyatie Radar MMS; JSC Radar MMS; NPP Radar MMS; Scientific Production Association Radar MMS JSC,,,,,,,,,,,,,,,,,,7814027653 (Tax ID/INN),,,,,,,,,,,,,"197375, St. Petersburg, Novoselkovskaya Str., 37, Letter A, Russian Federation",+ 7 (812) 777-50-51,radar@radar-mms.com,https://radar-mms.com/,
32014R0833,438,EU-RUS,IV,Export control,25.2.2023,,LegalEntity,Joint Stock Company Research and Production Enterprise Sapfir,"Акционерное Общество «Научно-Производственное Предприятие «Сапфир» (АО «НПП «Сапфир»); AO NPP Sapfir; AO Nauchno-Proizvodstvennoe Predpriyatie Sapfir, JSC NPP Sapphire; Joint Stock Company “Research and Production Company “Sapfir”",,,,,,,,,,,,,,,,,,7719007689 (Tax ID/INN),,,,,,,,,,,,,"105187, Moscow, Shcherbakovskaya Str., 53, Room 304А, Russian Federation",+ 8 499 290 05 41; + 8 967 061 32 32,Uventa22@yandex.ru,https://sapfirbusiness.ru/,
32014R0833,439,EU-RUS,IV,Export control,25.2.2023,,LegalEntity,Joint Stock Company RT-Tekhpriemka,"Акционерное Общество «РТ-Техприемка» (АО «РТ-Техприемка»); AO RT-Techpriemka; JSC Aviatekhpriemka; JSC RT-Tekhpriemka, RTTEC",,,,,,,,,,,,,,,,,,7714710760 (Tax ID/INN),,,,,,,,,,,,,"123557, Moscow, Elektrichesky Lane, 1, Building 12, Russian Federation",+ 7 495 927 07 55,info@rt-techpriemka.ru,https://rttec.ru/,
32014R0833,440,EU-RUS,IV,Export control,25.2.2023,,LegalEntity,Joint Stock Company Russian Research Institute Electronstandart,"Акционерное Общество «Российский Научно-Исследовательский Институт «Электронстандарт» (АО «РНИИ «Электронстандарт»); AO Nauchno-Proizvodtvennoe Predpriyatie Elektronstandart; AO RNII Elektronstandart, JSC NPP Elektrostandart, RNII Electronstandard",,,,,,,,,,,,,,,,,,7810196298 (Tax ID/INN),,,,,,,,,,,,,"196006, St. Petersburg, Tsvetnaya Str., 25, Building 3, Letter R, Russian Federation",+ 7 812 676-29-29,info@elstandart.spb.ru,http://elstandart.spb.ru/,
32014R0833,441,EU-RUS,IV,Export control,25.2.2023,,LegalEntity,Joint Stock Company Ryazan Plant of Metal Ceramic Instruments,"Акционерное Общество «Рязанский Завод Металлокерамических Приборов» (АО «РЗМКП»); AO Ryazanski Zavod Metallokeramicheskikh Priborov, AO RZMKP, JSC Ryazan Metal Ceramics Instrumentation Plant, Ryazan Plant of Ceramic Devices, RMCIP",,,,,,,,,,,,,,,,,,6230006400 (Tax ID/INN),,,,,,,,,,,,,"390027, Ryazan Oblast, Ryazan, Novaya Str., 51v, Russian Federation",+ 7 (4912) 24 97 57,rzmkp@rmcip.ru,http://rmcip.ru/; https://rzmkp.com/,
32014R0833,442,EU-RUS,IV,Export control,25.2.2023,,LegalEntity,Joint Stock Company Scientific Production Enterprise Digital Solutions,Акционерное Общество «Научно-Производственное Предприятие «Цифровые Решения» (АО «НПП «Цифровые Решения»); ASIC; Electronic Engineering Design Center Digital Solutions JSC; AO NPP Tsifrovye Resheniya; DSol NPP; JSC Digital Solutions; Joint Stock Company “Research and Production Enterprise “Digital Solutions”,,,,,,,,,,,,,,,,,,7722471770 (Tax ID/INN),,,,,,,,,,,,,"111020, Moscow, 2nd Sinichkina Str., 9A, Building 7, Floor 3, Office I, Room 4, Russian Federation; 111020, Moscow, 2nd Sinichkina Str., 9a, Building 7, Business Centre Sinitsa Plaza, Russian Federation; 105066, Moscow, P.O. Box 18, Russian Federation; 111250, Moscow, Zavoda Serp i Molot Drive, 10, Business Centre Integral, Russian Federation; 440026, Penza, Kirov Str., 56, Business Centre Atrium, Russian Federation",+ 7 (495) 978-28-70,mail@dsol.ru,https://dsol.ru/,
32014R0833,443,EU-RUS,IV,Export control,25.2.2023,,LegalEntity,Joint Stock Company Scientific Production Enterprise Kontakt,Акционерное Общество «Научно-Производственное Предприятие «Контакт» (АО «НПП «Контакт»); Joint Stock Company “Scientific Production Enterprise “Contact”; AO NPP Kontakt; AO Nauchno-Proizvodstvennoe Predpriyatie Kontakt; JSC NPP Kontakt; JSC SPE Contact,,,,,,,,,,,,,,,,,,6453097665 (Tax ID/INN),,,,,,,,,,,,,"410086, Saratov Oblast, Saratov, Spitsyna Str., 1, Russian Federation",+ 7 (8452) 35-76-76,office@kontakt-saratov.ru,http://kontakt-saratov.ru/,
32014R0833,444,EU-RUS,IV,Export control,25.2.2023,,LegalEntity,Joint Stock Company Scientific Production Enterprise Topaz,Акционерное Общество «Научно-Производственное Предприятие «Топаз» (АО «НПП «Топаз»); AO Nauchno-Proizvodstvennoe Predpriyatie Topaz; JSC NPP Topaz; Closed Joint-Stock Company Scientific Production Enterprise Topaz; JSC Research and Production Enterprise Topaz,,,,,,,,,,,,,,,,,,5008011331 (Tax ID/INN),,,,,,,,,,,,,"129626, Moscow, 3rd Mytishchinskaya Str., 16, Building 34, Floor 2, Office III, Room 25, Russian Federation",+ 7 (495) 909-84-82; + 7 (495) 909-84-83,mail@topazlab.ru,https://topazlab.ru,
32014R0833,445,EU-RUS,IV,Export control,25.2.2023,,LegalEntity,Joint Stock Company Scientific Research Institute Giricond,Акционерное Общество «Научно-Исследовательский Институт «Гириконд» (АО «НИИ «Гириконд»); AO Nauchno-Issledovatelskiy Institut Girikond; AO NII Girikond; Research Institute Girikond,,,,,,,,,,,,,,,,,,7802144144 (Tax ID/INN),,,,,,,,,,,,,"194223, St. Petersburg, Kurchatova Str., 10, Russian Federation",+ 7 (812) 247-14-50,5526057@giricond.ru,https://giricond.ru/,
32014R0833,446,EU-RUS,IV,Export control,25.2.2023,,LegalEntity,Joint Stock Company Scientific Research Institute of Computer Engineering NII SVT,"Акционерное Общество «Научно-Исследовательский Институт Средств Вычислительной Техники» (АО «НИИ СВТ»); AO NII SVT; AO Nauchno Issledovatelskii Institut Sredstv Vychislitelnoi Tekhniki; JSC NII SVT; NII SVT PAO; ""Joint Stock Company """"Research Institute for Computer Hardware”""; Joint Stock Company “Scientific Research Institute of Computer Technology”",,,,,,,,,,,,,,,,,,4345309407 (Tax ID/INN),,,,,,,,,,,,,"610025, Kirov Oblast, Kirov, Melnichnaya Str., 31, Russian Federation",+ 8 (8332) 67-99-75,niisvt@niisvt.ru,https://niisvt.ru/,
32014R0833,447,EU-RUS,IV,Export control,25.2.2023,,LegalEntity,Joint Stock Company Scientific Research Institute of Electrical Carbon Products,Акционерное Общество «Научно - Исследовательский и Проектно-Технологический Институт Электроугольных Изделий» (АО «НИИЭИ»); AO NIIEI; AO Nauchno Issledovatelskii I ProektnoTekhnologicheskii Institut Elektrougolnykh Izdelii; JSC NIIEI; JSC Scientific Research and Project-Technical Institute of Electrical Carbon Products,,,,,,,,,,,,,,,,,,5031099373 (Tax ID/INN),,,,,,,,,,,,,"142455, Moscow Oblast, Noginsk, Elektrougli, Gorki Lane, 1, Russian Federation",+ 7 (499) 270-64-11,info@niiei.ru,https://niiei.ru/,
32014R0833,448,EU-RUS,IV,Export control,25.2.2023,,LegalEntity,Joint Stock Company Scientific Research Institute of Electronic and Mechanical Devices,Акционерное Общество «Научно-Исследовательский Институт Электронно-Механических Приборов» (АО «НИИЭМП»); AO NII Elektronno-Mekhanicheskikh Priborov; AO NIIEMP; JSC SRIEMI; Penza Scientific Research Institute of Electromechanical Devices; Joint Stock Company “Scientific Research Institute of Electronic and Mechanical Devices”,,,,,,,,,,,,,,,,,,5834054179 (Tax ID/INN),,,,,,,,,,,,,"440600, Penza Oblast, Penza, Karakozova Str., 44, Russian Federation",+ 7 (8412) 47-71-01,niiemp@niemp.ru,https://niiemp.ru/,
32014R0833,449,EU-RUS,IV,Export control,25.2.2023,,LegalEntity,Joint Stock Company Scientific Research Institute of Electronic Engineering Materials,Акционерное Общество «Научно-Исследовательский Институт Материалов Электронной Техники» (АО «НИИМЭТ»); AO Nauchno-Issledovatelskiy Institut Materialov Elektronnoi Tekhniki; AO NIIMET; JSC NIIMET,,,,,,,,,,,,,,,,,,4026008516 (Tax ID/INN),,,,,,,,,,,,,"248650, Kaluga Oblast, Kaluga, Gagarina Str., 1, Russian Federation; 248033, Kaluga Oblast, Kaluga, 2nd Akademichesky Drive, 17, Building 3G, Rooms 27-40, Russian Federation","+ 7 (4842) 74-44-38, + 7 (4842) 75-11-48, + 7 (495) 601-71-50",niimet@kaluga.net,http://www.ruselectronics.ru/enterprises/niimet/,
32014R0833,450,EU-RUS,IV,Export control,25.2.2023,,LegalEntity,Joint Stock Company Scientific Research Institute of Gas Discharge Devices Plasma,Акционерное Общество «Научно-Исследовательский Институт Газоразрядных Приборов «Плазма» (АО «Плазма»); AO Nauchno-Issledovatelskiy Institut Gazorazriyadnikh Priborov Plazma; AO Plasma; JSC Plasma,,,,,,,,,,,,,,,,,,6230005886 (Tax ID/INN),,,,,,,,,,,,,"390023, Ryazan Oblast, Ryazan, Tsiolkovskogo Str., 24, Russian Federation",+ 7 (4912) 24-90-02,market@plasmalabs.ru,https://plasmalabs.ru/,
32014R0833,451,EU-RUS,IV,Export control,25.2.2023,,LegalEntity,Joint Stock Company Scientific Research Institute of Industrial Television Rastr,Акционерное Общество «Научно-Исследовательский Институт Промышленного Телевидения «Растр» (АО «НИИПТ «Растр»); AO Nauchno Issledovatelskii Institut Promyshlennogo Televideniya Rastr; AO NIIPT Rastr,,,,,,,,,,,,,,,,,,5321144204 (Tax ID/INN),,,,,,,,,,,,,"173003, Novgorod Oblast, Veliky Novgorod, Bolshaya Sankt-Peterburgskaya Str., 39, Russian Federation","+ 7 (8162) 77-43-31, + 7 (8162) 77-41-06",market@rastr.natm.ru,http://www.rastr.natm.ru/,
32014R0833,452,EU-RUS,IV,Export control,25.2.2023,,LegalEntity,Joint Stock Company Scientific Research Institute of Precision Mechanical Engineering,Акционерное Общество «Научно-Исследовательский Институт Точного Машиностроения» (АО «НИИТМ»); AO Nauchno-Issledovatelskiy Institut Tochnogo Mashinostroeniya; AO NIITM; NIITM PAO; OJSC Scientific and Research Institute of Precision Engineering; Research Institute of Precision Machine Manufacturing; Scientific and Research Institute of Precision Mechanical Engineering,,,,,,,,,,,,,,,,,,7735043966 (Tax ID/INN),,,,,,,,,,,,,"124460, Moscow, Zelenograd, Panfilovsky Avenue, 10, Russian Federation",+ 7(495)229-75-01,info@niitm.ru,http://niitm.ru/,
32014R0833,453,EU-RUS,IV,Export control,25.2.2023,,LegalEntity,Joint Stock Company Special Design Bureau of Computer Engineering,Акционерное Общество «Специальное Конструкторское Бюро Вычислительной Техники» (АО «СКБ ВТ»); AO Spetsialnoe Konstruktorskoe Byuro Vychislitelnoi Tekhniki; AO SKB VT; Joint Stock Company “Special Design Bureau of Computer Technology”,,,,,,,,,,,,,,,,,,6027075580 (Tax ID/INN),,,,,,,,,,,,,"180007, Pskov Oblast, Pskov, Maksima Gorkogo Str., 1, Russian Federation",+ 7 (8112) 57 35 22,info@skbvt.ru,http://www.skbvt.ru/,
32014R0833,454,EU-RUS,IV,Export control,25.2.2023,,LegalEntity,Joint Stock Company Special Design Bureau of Control Means,Акционерное Общество «Специальное Проектно-Конструкторское Бюро Средств Управления» (АО «СПКБ СУ»); AO Spetsialnoe Proektno-Konstruktorskoe Byuro Sredstv Upravleniya; AO SPKB SU; Joint Stock Company “Special Design Bureau of Control Facilities”,,,,,,,,,,,,,,,,,,6950087667 (Tax ID/INN),,,,,,,,,,,,,"170100, Tver Oblast, Tver, Vagzhanovski Lane, 9, Office 315, Russian Federation","+ 7 (4822) 35-96-76, + 7 (4822) 41-53-41",mail@spkbsu.ru,https://spkbsu.ru/,
32014R0833,455,EU-RUS,IV,Export control,25.2.2023,,LegalEntity,Joint Stock Company Special Design Bureau Turbina,Акционерное Общество «Специальное Конструкторское Бюро «Турбина» (АО СКБ «Турбина»); AO SKB Turbina; AO Spetsialnoe Konstrucktorskoe Byuro Turbina; JSC Turbina SDB,,,,,,,,,,,,,,,,,,7452033815 (Tax ID/INN),,,,,,,,,,,,,"454085, Chelyabinsk Oblast, Chelyabinsk, Lenina Avenue, 2B, Russian Federation","+ 7 (351) 775-10-37, + 7 (351) 775-10-36",info@skb-turbina.com,http://www.skb-turbina.com/,
32014R0833,456,EU-RUS,IV,Export control,25.2.2023,,LegalEntity,Joint Stock Company State Scientific Research Institute Kristall,Акционерное Общество «Государственный Научно-Исследовательский Институт «Кристалл» (АО «ГОСНИИ «Кристалл»); AO GOSNII Kristall; AO Gosudarstvenny Nauchno-Issledovatelski Institut Kristall; OAO GOSNII Kristall; OJSC Kristall State Research Institute; GosNII «Kristall» OJSC; State-Owned Scientific-Research Institute “Crystal”,,,,,,,,,,,,,,,,,,5249116549 (Tax ID/INN),,,,,,,,,,,,,606007; Nizhny Novgorod Oblast; Dzerzhinsk; Zelenaya Str.; 6; Russian Federation,+ 7 (8313) 24-39-05,kristall@niikristall.ru,http://niikristall.ru/,
32014R0833,457,EU-RUS,IV,Export control,25.2.2023,,LegalEntity,Joint Stock Company Svetlana Semiconductors,Акционерное Общество «Светлана-Полупроводники» (АО «Светлана-Полупроводники»); AO Svetlana Poluprovodniki,,,,,,,,,,,,,,,,,,7802002037 (Tax ID/INN),,,,,,,,,,,,,"124460, Moscow, Zelenograd, Akademika Valieva Str., 6, Building 2 Floor/Premises 1/I, Room 28, Russian Federation; 194156, St. Petersburg, Engelsa Avenue, 27, Letter AM, Room 18-H, Russian Federation","+ 7 812 554-03-85, + 7 (812) 646-85-66",office@svetpol.ru,https://svetpol.ru/,
32014R0833,458,EU-RUS,IV,Export control,25.2.2023,,LegalEntity,Joint Stock Company Voronezh Semiconductor Devices Factory Assembly,"""Акционерное Общество «Воронежский Завод Полупроводниковых Приборов - Сборка""""» (АО «ВЗПП-С»)""; AO Voronezhsky Zavod Poluprovodnikovykh PriborovSborka; AO VZPP-S; JSC VZPP-S",,,,,,,,,,,,,,,,,,3661033635 (Tax ID/INN),,,,,,,,,,,,,"394033, Voronezh Oblast, Voronezh, Leninsky Avenue, 119A, Russian Federation",+ 7 (473) 223-03-55,ceo@vzpp-s.ru,https://vzpp-s.ru/,
32014R0833,459,EU-RUS,IV,Export control,25.2.2023,,LegalEntity,KAMAZ Publicly Traded Company,Публичное Акционерное Общество «Камаз» (ПАО «Камаз»); KAMAZ PJSC; KAMAZ PAO; KAMAZ PTC; Kamskoe Obedinenie po Proizvodstvu Bolshegruznykh Avtomobilei Kamaz,,,,,,,,,,,,,,,,,,1650032058 (Tax ID/INN),,,,,,,,,,,,,"423827, Republic of Tatarstan, Naberezhnye Chelny, Avtozavodskiy Prospekt, 2, Russian Federation",+ 8-800-555-00-99,callcentre@kamaz.org,https://kamaz.ru/,
32014R0833,460,EU-RUS,IV,Export control,25.2.2023,,LegalEntity,Keldysh Institute of Applied Mathematics of the Russian Academy of Sciences,Федеральное Государственное Учреждение «Федеральный Исследовательский Центр Институт Прикладной Математики Им. М.В. Келдыша Российской Академии Наук» (ИПМ ИМ. М.В. Келдыша РАН); Federalnoe Gosudarstvennoe Uchrezhdenie Federalny Issledovatelski Tsentr Institut Prikladnoi Metematiki I.M. Keldysha Rossiiskoi Akademii Nauk; IPM IM. M.V. Keldisha RAN; KIAM RAS; Federal State Institution “Federal Research Center Institute of Applied Mathematics named after. M.V. Keldysh of the Russian Academy of Sciences”,,,,,,,,,,,,,,,,,,7710063939 (Tax ID/INN),,,,,,,,,,,,,"125047, Moscow, Miusskaya Square, 4, Russian Federation",+ 7 499 978-13-14,office@keldysh.ru,https://keldysh.ru/,
32014R0833,461,EU-RUS,IV,Export control,25.2.2023,,LegalEntity,Limited Liability Company Research and Production Association Radiovolna,"Общество с Ограниченной Ответственностью «Научно-Производственное Объединение «Радиоволна» (ООО «НПО «Радиоволна»); LLC NPO Radiovolna, OOO Nauchno-Proizvodstvennoe Obedinenie Radiovolna, OOO NPO Radiovolna",,,,,,,,,,,,,,,,,,7838478782 (Tax ID/INN),,,,,,,,,,,,,"199106, St. Petersburg, 22nd Liniya, 3, Building 1, Letter M, Premises 1N, Office 618, Russian Federation; 199106, St. Petersburg, Kozhevennaya Liniya, 1-3, Letter P, Premises 1N, Russian Federation; 198320, St. Petersburg, Avotovo District, Kingiseppskoe Highway, 55, Russian Federation",+ 7 (812) 640-78-32,mail@nporadiovolna.ru,https://nporadiovolna.ru/,
32014R0833,462,EU-RUS,IV,Export control,25.2.2023,,LegalEntity,Limited Liability Company RSB-Group,Общество с Ограниченной Ответственностью «РСБ-ГРУПП» (ООО «РСБ-ГРУПП»); LLC Intelligence Technologies; OOO RSB-Grupp; Razvedyvatelnye Tekhnologii OOO; Russian Security Systems,,,,,,,,,,,,,,,,,,7726531639 (Tax ID/INN),,,,,,,,,,,,,"117525, Moscow, Dnepropetrovskaya Str., 3, Building 5, Floor 1, Premises III, Room 8, Office 6-6, Russian Federation",+ 7 499 124-78-53; + 7 495 500-62-84,office@rsb-group.ru,http://rsb-group.ru/,
32014R0833,463,EU-RUS,IV,Export control,25.2.2023,,LegalEntity,Mitishinskiy Scientific Research Institute of Radio Measuring Instruments,Федеральное Государственное Бюджетное Учреждение «Всероссийский Научно-Исследовательский Институт Радиоэлектроники» (ФГБУ «ВНИИР»); Federalnoe Gosudarstvennoe Byudzhetnoe Uchrezhdenie Vserossiiskii Nauchno-Issledovatelskii Institut Radioelektroniki; Federal State Unitary Enterprise MNIIRIP; FGBU VNIIR; FGBU Vserossiiskii Nauchno-Issledovatelskii Institut Radioelektroniki; FGUP MNIIRIP; FSBI VNIIR; Mytishchi Research Institute for RF Measurement Instruments; Federal State Budgetary Institution All-Russian Scientific Research Institute of Radio Electronics,,,,,,,,,,,,,,,,,,5029267743 (Tax ID/INN),,,,,,,,,,,,,"141002, Moscow Oblast, Kolpakova Str., 2A, Building B1, Floor 3, Offices 66, 87, Russian Federation",+ 7 906 784-95-25; + 7 495 586-17-21,info@mniirip.ru; vniir@vniir-m.ru,https://vniir-m.ru/,
32014R0833,464,EU-RUS,IV,Export control,25.2.2023,,LegalEntity,Open Joint Stock Company Khabarovsk Radio Engineering Plant,"Акционерное Общество «Хабаровский Радиотехнический Завод» (АО «ХРТЗ»); AO Khabarovskiy Radiotekhnicheskiy Zavod; AO KhRTZ, JSC Khabarovsk Radio Engineering Plant; KHRTZ PAO; OAO KHRTZ",,,,,,,,,,,,,,,,,,2723118304 (Tax ID/INN),,,,,,,,,,,,,"680041, Khabarovsk Krai, Khabarovsk, Kedrovy Lane, 8, Building V, Russian Federation",+ 7 421 253-02-52; + 7 421 253-00-91,khrtz@mail.ru,https://khrtz.ru/,
32014R0833,465,EU-RUS,IV,Export control,25.2.2023,,LegalEntity,Open Joint Stock Company Mariyskiy Machine-Building Plant,Акционерное Общество «Марийский Машиностроительный Завод» (АО «ММЗ»); AO Mariyskiy Mashinostroitelnyi Zavod; AO MMZ; JSC Mari Machine Building Plant; MARI MMZ; OAO Mariyskiy Mashinostroitelnyy Zavod; OAO MMZ,,,,,,,,,,,,,,,,,,1200001885 (Tax ID/INN),,,,,,,,,,,,,"424003, Republic of Mari-El, Yoshkar-Ola, Suvorova Str., 15, Russian Federation",(8362) 45-27-77,mmz@marimmz.ru,https://marimmz.ru/,
32014R0833,466,EU-RUS,IV,Export control,25.2.2023,,LegalEntity,Open Joint Stock Company Scientific and Production Enterprise Pulsar,Акционерное Общество «Научно-Производственное Предприятие «Пульсар» (АО «НПП «Пульсар»); AO Nauchno-Proizvodstvennoe Predpriyatie Pulsar; AO NPP Pulsar; Enterprise SPE Pulsar JSC; JSC NPP Pulsar; JSC SPC Pulsar; OAO NPP Pulsar; SPE Pulsar,,,,,,,,,,,,,,,,,,7719846490 (Tax ID/INN),,,,,,,,,,,,,"105187, Moscow, Okruzhnoy Proezd, 27, Russian Federation",+ 7 (495) 365-12-30,administrator@pulsarnpp.ru,https://pulsarnpp.ru/,
32014R0833,467,EU-RUS,IV,Export control,25.2.2023,,LegalEntity,Open Joint Stock Company Megafon,Публичное Акционерное Общество «Мегафон» (ПАО «Мегафон»); Megafon; PAO Megafon; PJSC Megafon,,,,,,,,,,,,,,,,,,7812014560 (Tax ID/INN),,,,,,,,,,,,,"127006, Moscow, Oruzheiny Lane, 41, Russian Federation",8-800-550-05-00; + 7 922-111-05-00,,http://megafon.ru/,
32014R0833,468,EU-RUS,IV,Export control,25.2.2023,,LegalEntity,Public Joint Stock Company Tutaev Motor Plant,Публичное Акционерное Общество «Тутаевский Моторный Завод» (ПАО «ТМЗ»); OAO Tutaevski Motorny Zavod; PAO TMZ; and PAO Tutaevski Motorny Zavod,,,,,,,,,,,,,,,,,,7611000399 (Tax ID/INN),,,,,,,,,,,,,"152303, Yaroslavl Oblast, Tutaevsky District, Tutaev, Stroiteley Str., 1, Russian Federation",+ 7 800-234-12-21,info@paotmz.ru,https://paotmz.ru/,
32014R0833,469,EU-RUS,IV,Export control,25.2.2023,,LegalEntity,Public Joint Stock Company Vympel Interstate Corporation,Публичное Акционерное Общество «Межгосударственная Акционерная Корпорация «Вымпел» (ПАО «МАК «Вымпел»); JSC MAC Vympel; PAO MAK Vympel; PAO Mezhgosudarstvennaya Aktsionernaya Korporatsiya Vympel; Vympel Interstate Commercial Corporation,,,,,,,,,,,,,,,,,,7714041693 (Tax ID/INN),,,,,,,,,,,,,"125480, Moscow, Geroev Panfilovtsev Str. 10, Building 1, Russian Federation",+ 7 (499) 152 98 08,info@macvympel.ru,https://macvympel.ru/,
32014R0833,470,EU-RUS,IV,Export control,25.2.2023,,LegalEntity,RT-Inform Limited Liability Company,Общество с Ограниченной Ответственностью «РТ-Информ» (ООО «РТ-Информ»); OOO RT-Inform,,,,,,,,,,,,,,,,,,7704810710 (Tax ID/INN),,,,,,,,,,,,,"119048, Moscow, Turchaninov Lane, 6, Building 2, Office 105, Russian Federation; 119435, Moscow, Savvinskaya Embankment, 23, Building 2, Room 613, Russian Federation; 125424, Moscow, Volokolamskoe Highway, 75A, Russian Federation; 420021, Republic of Tatarstan, Kazan, Tatarstan Str., 11, P.O. Box 107, Russian Federation",+ 7 (499) 557-06-52,info@rtinform.ru,http://rtinform.ru/,
32014R0833,471,EU-RUS,IV,Export control,25.2.2023,,LegalEntity,Skolkovo Foundation,Некоммерческая Организация Фонд Развития Центра Разработки и Коммерциализации Новых Технологий (Фонд «Сколково»); Foundation for the Development of the Center for Elaboration and Commercialization of New Technologies; Fond Skolkovo; Fund Skolkovo; and Nekommercheskaya Organizatsiya Fond Razvitiya Tsentra Razrabortki I Kommertsializatsii Novykh Tekhnologii; Non-profit Organization Development Fund of the Center for Development and Commercialization of New Technologies,,,,,,,,,,,,,,,,,,7701058410 (Tax ID/INN),,,,,,,,,,,,,"121205, Moscow, Skolkovo Innovation Centre, Lugovaya Str., 4, Russian Federation; 121205, Skolkovo Innovation Centre, Nobelya Str., 5, Russian Federation",+ 7 (495) 956 0033; + 7 (800) 250 0921,skfoundation@sk.ru,https://sk.ru/,
32014R0833,472,EU-RUS,IV,Export control,25.2.2023,,LegalEntity,Skolkovo Institute of Science and Technology,"Автономная Некоммерческая Образовательная Организация Высшего Образования «Сколковский Институт Науки и Технологий» (Сколковский Институт Науки И Технологий, Сколтех); Autonomous Non-Profit Organization for Higher Education Skolkovo Institute of Science and Technology; Skolkovskiy Institut Nauki I Tekhnologii; and Skoltech",,,,,,,,,,,,,,,,,,5032998454 (Tax ID/INN),,,,,,,,,,,,,"121205, Moscow, Skolkovo Innovation Centre, Bolshoi Boulevard, 30, Building 1, Russian Federation",+ 7 495 280-14-81,inbox@skoltech.ru,http://skoltech.ru/,
32014R0833,473,EU-RUS,IV,Export control,25.2.2023,,LegalEntity,State Flight Testing Center Named After V.P. Chkalov,929-й Государственный лётно-испытательный центр Министерства обороны Российской Федерации имени В. П. Чкалова (929 ГЛИЦ ВВС); 929 GLITS; 929 State Flight Test Center; 929 GLITS VVS; 929 Gosudarstvenniy Letno-Ispytatelniy Tsentr Ministerstvo Oboroni Rossiiskoi Federatsii IM. V.P. Chkalova; and GLITS MO RF IM. V.P. Ckhalova,,,,,,,,,,,,,,,,,,,,,,,,,,,,,,,"416500, Astrakhan Oblast, Akhtubinsk, Russian Federation; Chkalovsky Airfield, Russian Federation; Astrakhan Oblast, Akhtubinsk-7, Military Unit 15650, Russian Federation",,,,
32014R0833,474,EU-RUS,IV,Export control,25.2.2023,,LegalEntity,Joint Stock Company Research and Production Association Named After S.A. Lavochkina,Акционерное Общество «Научно-Производственное Объединение им. С.А.Лавочкина» (АО «НПО Лавочкина»); AO Nauchno-Proizvodstvennoe Obedinenie IM. S.A. Lavochkina; JSC Lavochkin Science and Production Association; NPO imeni S.A. Lavochkina; NPO Lavochkin; S.A. Lavochkin Scientific Production Association,,,,,,,,,,,,,,,,,,5047196566 (Tax ID/INN),,,,,,,,,,,,,"141402, Moscow Oblast, Khimki, Leningradskaya Str., 24, Russian Federation",+ 7(495) 286-60-00,npol@laspace.ru,https://www.laspace.ru/,
32014R0833,475,EU-RUS,IV,Export control,23.6.2023,,LegalEntity,VMK Limited Liability Company,Общество с Ограниченной Ответственностью «ВМК» (ООО «ВМК»); VMK LLC; OOO VMK,,,,,,,,,,,,,,,,,,6312121234 (Tax ID/INN),,,,,,,,,,,,,"443050, Samara Oblast, Samara, Zubchaninovka Village, Smyshlyaevskoe Shosse, 1a, Office 258, Russian Federation",+ 7 846 972-94-22; + 7 987 987-60-64; + 7 846 224-07-25,rebus@vmksamara.ru,,
32014R0833,476,EU-RUS,IV,Export control,23.6.2023,,LegalEntity,Testkomplekt LLC,Общество с Ограниченной Ответственностью «Тесткомплект» (ООО «Тесткомплект»); OOO TestKomplekt,,,,,,,,,,,,,,,,,,5029208152 (Tax ID/INN),,,,,,,,,,,,,"107140, Moscow, Upper Krasnoselskaya Str., 2/1, Building 1, Floor 3, Room 317, Russian Federation; 141008, Moscow Oblast, Mytishchi, Kolpakova Str., 24A, Office 5.06, Business Centre “Atrium”, Russian Federation",+ 7 (495) 409-05-95,info@test-komplekt.ru,http://test-komplekt.ru/,
32014R0833,477,EU-RUS,IV,Export control,23.6.2023,,LegalEntity,Radiopriborsnab LLC,Общество с Ограниченной Ответственностью «Радиоприборснаб» (ООО «Радиоприборснаб»); OOO Radiopriborsnab; AO Radiopriborsnab,,,,,,,,,,,,,,,,,,5029221971 (Tax ID/INN),,,,,,,,,,,,,"141014, Moscow Oblast, Mytischi, Trudovaya Str., 31 Building 1, Office 111, Russian Federation",+ 7 495 926-07-78; + 7 925 556-28-45,mail@crpribor.ru,http://www.crpribor.ru/,
32014R0833,478,EU-RUS,IV,Export control,23.6.2023,,LegalEntity,CJSC Radiotekhkomplekt,Акционерное Общество «Радиотехкомплект» (АО «РТКТ»); AO RTKT; JSC Radiotekhkomplekt,,,,,,,,,,,,,,,,,,7713122621 (Tax ID/INN),,,,,,,,,,,,,"115184, Moscow, Bolshaya Tatarskaya Str., 35, Building 7-9, Floor 4, Russian Federation",+ 7 495 741-65-80,radio@rtkt.ru,https://www.rtkt.ru/,
32014R0833,479,EU-RUS,IV,Export control,23.6.2023,,LegalEntity,Asia Pacific Links Ltd.,Asia Pacific Links Limited,,,,,,,,,,,,,,,,,,2182045 (CR No.),,,,,,,,,,,,,"Office E, 8/F., Shing Hing Commercial Building, 21-27 Wing Kut Street, Central District, Hong Kong",,,,
32014R0833,480,EU-RUS,IV,Export control,23.6.2023,,LegalEntity,Tordan Industry Limited,Tordan Industry Ltd.,,,,,,,,,,,,,,,,,,2687207 (CR No.),,,,,,,,,,,,,"Unit 617, 6/F, 131-132 Connaught Road West, Solo Workshops, Hong Kong",,,,
32014R0833,481,EU-RUS,IV,Export control,23.6.2023,,LegalEntity,Alpha Trading Investments Limited,Alpha Trading Investments; Alpha Trading Investments Ltd,,,,,,,,,,,,,,,,,,3014289 (CR No.),,,,,,,,,,,,,"Unit 617, 6/F, 131-132 Connaught Road West, Solo Workshops, Hong Kong",,,,
32014R0833,482,EU-RUS,IV,Export control,23.6.2023,,LegalEntity,A-CONTRAKT,Холдинг А-Контракт; A-Kontrakt,,,,,,,,,,,,,,,,,,,,,,,,,,,,,,,"115419, Moscow, 2nd Roshchinskiy Prospekt, 8, Business Centre “Serpukhovskoy Dvor”, Russian Federation; 197022, St. Petersburg, Aptekarsky Prospekt, 6, Russian Federation; 194044, St. Petersburg, Gelsingforskaya Str., 3, Letter “3”, Premises 411-416, Russian Federation; ""St. Petersburg, Business Centre """"Krasnaya Nitya"""", Russian Federation""; 197022, St. Petersburg, Medikov Prospekt, 5, Letter “V”, Russian Federation",+ 7 812 703-00-55,info@acont.ru,https://a-contract.ru/,
32014R0833,483,EU-RUS,IV,Export control,23.6.2023,,LegalEntity,JCS Izhevsk Motozavod Axion-Holding,Акционерное Общество «Ижевский Мотозавод «Аксион-Холдинг» (АО «Ижевский Мотозавод «Аксион-Холдинг»); JSC Izhevsk Motor Plant Aksion-Holding,,,,,,,,,,,,,,,,,,1826000616 (Tax ID/INN),,,,,,,,,,,,,"426008, Udmurt Republic, Izhevsk, Maksim Gorkogo Str., 90, Russian Federation",+ 7 (3412) 56-08-99; + 7 (3412) 783–074,office@axion.ru,http://axion.ru/,
32014R0833,484,EU-RUS,IV,Export control,23.6.2023,,LegalEntity,Gorky Plant of Communication Equipment (GZAS),Акционерное Общество «Горьковский Завод Аппаратуры Связи им. А.С. Попова» (АО «ГЗАС им. А.С. Попова»); Popov Communications Equipment Plant; JSC “GZAS”; Joint Stock Company “Gorky Communications Equipment Plant named after. A.S. Popova”; AO GZAS im. A. S. Popova,,,,,,,,,,,,,,,,,,5257008145 (Tax ID/INN),,,,,,,,,,,,,"603951, Nizhny Novgorod Oblast, Nizhny Novgorod, Internatsionalnaya Str., 100, Russian Federation",+ 7 (831) 260-01-01; + 7 (831) 245-61-74,info@gzas.ru,https://gzas.ru/,
32014R0833,485,EU-RUS,IV,Export control,23.6.2023,,LegalEntity,Nizhny Novgorod Research Institute of Radio Engineering (NNIIRT),Акционерное Общество «Федеральный Научно-Производственный Центр «Нижегородский Научно-Исследовательский Институт Радиотехники» (АО «ФНПЦ «ННИИРТ»); Federal Research and Production Center “Nizhny Novgorod Scientific Research Institute of Radio Engineering”; AO FNPTs NNIIRT,,,,,,,,,,,,,,,,,,5261064047 (Tax ID/INN),,,,,,,,,,,,,"603152, Nizhny Novgorod Oblast, Nizhny Novgorod, Shaposhnikova Str., 5, Russian Federation",+ 7 (831) 465 63 79; + 7 (831) 465 20 28,nniirt@nniirt.ru,https://nniirt.ru/,
32014R0833,486,EU-RUS,IV,Export control,23.6.2023,,LegalEntity,Nizhegorodskiy Televizionnyy Zavod (NITEL JSC),Публичное Акционерное Общество «Нижегородский Телевизионный Завод им. В. И. Ленина» (ПАО «НиТел»); PAO NITEL; Public Joint Stock Company “Nizhny Novgorod Television Plant named after. V. I. Lenin”,,,,,,,,,,,,,,,,,,5261001745 (Tax ID/INN),,,,,,,,,,,,,"603009, Nizhny Novgorod Oblast, Nizhny Novgorod, Gagarina Prospekt, 37, Russian Federation",+ 7 (831) 469-71-83,nitel-nnov@mail.ru,https://nitel-oao.ru/,
32014R0833,487,EU-RUS,IV,Export control,23.6.2023,,LegalEntity,LLC Rezonit,Общество с Ограниченной Ответственностью «Резонит» (ООО «Резонит»); OOO Rezonit,,,,,,,,,,,,,,,,,,5044031157 (Tax ID/INN),,,,,,,,,,,,,"124527, Moscow, Zelenograd, Solnechnaya Alleya, 6, Premises III, Floor 2, Room 3, Russian Federation; 197022, St. Petersburg, Instrumentalnaya Str., Building 3, Letter K, Door No. 4, Kantemirovsky Business Centre, Russian Federation; 620137, Ekaterinburg, Botanicheskaya Str., 19, Office 4, Russian Federation",8 800 777-81-18; + 7 (495) 777-80-80,pcb@rezonit.ru,http://rezonit.ru/,
32014R0833,488,EU-RUS,IV,Export control,23.6.2023,,LegalEntity,ZAO Promelektronika,"Закрытое Акционерное Общество «Промэлектроника» (ЗАО «Промэлектроника»); Closed Joint Stock Company “Promelectronica”; Promelektronika,",,,,,,,,,,,,,,,,,,6659002145 (Tax ID/INN),,,,,,,,,,,,,"620034, Sverdlovsk Oblast, Ekaterinbourg, Kolmogorova Str.,70, Russian Federation",+ 8 800 1000-321,info@promelec.ru,https://www.promelec.ru/,
32014R0833,489,EU-RUS,IV,Export control,23.6.2023,,LegalEntity,TD Promelektronika LLC,Общество с Ограниченной Ответственностью Торговый Дом «Промэлектроника» (ООО ТД «Промэлектроника»); OOO TD Promelektronika; Trading House Promelektronica,,,,,,,,,,,,,,,,,,6659197470 (Tax ID/INN),,,,,,,,,,,,,"620034, Sverdlovsk Oblast, Ekaterinburg, Kolmogorova Str.,70, Office 209 Russian Federation; Ekaterinburg, Kolmogorova Str., 73/2, Russian Federation; Ekaterinburg, Sukhodolskaya Str., 197, Russian Federation",+ 8 800 1000-321; + 7 (343) 372-92-28,order@promelec.ru,https://www.promelec.ru/,
32014R0833,490,EU-RUS,IV,Export control,23.6.2023,,LegalEntity,Tako LLC,«ՏԱԿՈ» ՍՊԸ; ООО «ТАКО»; Taco LLC; OOO TAKO,,,,,,,,,,,,,,,,,,269.110.1228684 (Registration No.),,,,,,,,,,,,,"17 Garegin Nzhdehi Street, Shengavit, Yerevan, 0026, Republic of Armenia",,,,
32014R0833,491,EU-RUS,IV,Export control,23.6.2023,,LegalEntity,Art Logistics LLC,Общество с Ограниченной Ответственностью «Искусство Логистики» (ООО «Искусство Логистики»); Art of Logistics LLC,,,,,,,,,,,,,,,,,,7726745648 (Tax ID/INN),,,,,,,,,,,,,"117519, Moscow, Kirovogradskaya Str., 32, Russian Federation",+ 7 499 501-00-92,,,
32014R0833,492,EU-RUS,IV,Export control,23.6.2023,,LegalEntity,GFK Logistics LLC,Общество с Ограниченной Ответственностью «Джиэфкей Логистикс» (ООО «Джиэфкей Логистикс»); OOO Dzhiefkei Logistiks,,,,,,,,,,,,,,,,,,7701970257 (Tax ID/INN),,,,,,,,,,,,,"117519, Moscow, Kirovogradskaya Str., 32, Russian Federation",+ 7 (499) 340-11-69; + 8 (495) 506-74-10,info@gfklog.ru,https://gfklog.ru/,
32014R0833,493,EU-RUS,IV,Export control,23.6.2023,,LegalEntity,Novastream Limited,Общество с Ограниченной Ответственностью «Новастрим» (ООО «Новастрим»); Novastream LTD; OOO Novastrim,,,,,,,,,,,,,,,,,,3329101270 (Tax ID/INN),,,,,,,,,,,,,"600007, Vladimir Oblast, Vladimir, Severnaya Str., 2A, Room 51, Russian Federation",+ 7 999 516-75-09,novastream@bk.ru,,
32014R0833,494,EU-RUS,IV,Export control,23.6.2023,,LegalEntity,SKS Elektron Broker,Общество с Ограниченной Ответственностью «СКС Электрон Брокер» (ООО «СКС Электрон Брокер»); OOO SKS Elektron Broker; LLC SKS Electron Broker,,,,,,,,,,,,,,,,,,7704548269 (Tax ID/INN),,,,,,,,,,,,,"117218, Moscow, Krzhizhanovskogo Str., 15, Building 5, Floor 5, Office 517B, Russian Federation; 129301, Moscow, Kosmonavtov Street, 18, Block 2, Russian Federation; 141400, Moscow Oblast, Khimki, Sheremetyevo-2 Business, Floor 3, Office 316, Russian Federation; 142015, Moscow Oblast, Domodedovo Airport Territory, Building 8, Russian Federation; 692941, Primorsky Krai, Nakhodka, Vnutriportovaya Str., Office 301, Russian Federation; 150054, Yaroslavl Oblast, Yaroslavl, Lenina Avenue, 61A, Office 701, Russian Federation; 196210, St. Petersburg, Pulkovskoe Highway, 37, Building 4, Floor 3n1, Office 3.076, Russian Federation; 194292, St. Petersburg, 5th Verkhniy Lane, Industrial Zone Pamas, Letter Zh, Office 117, Russian Federation; 196084, St. Petersburg, Tsvetochnaya Str., 16, Business Centre Osipoff, Office 415, Russian Federation",+ 7 495 682-21-35,support@eps-customs.ru,http://eps-customs.ru/; http://sks-broker.ru/,
32014R0833,495,EU-RUS,IV,Export control,23.6.2023,,LegalEntity,Trust Logistics,Общество с Ограниченной Ответственностью «Логистика Доверия» (ООО «Логистика Доверия»); OOO Logistika Deveriya; Trust Logistics LLC,,,,,,,,,,,,,,,,,,7721758555 (Tax ID/INN),,,,,,,,,,,,,"141402, Moscow Oblast, Khimki, Engels St., 27, Floor 2, Room. 89, Russian Federation; 141402, Moscow Oblast, Khimki, Territory of Sheremetyevo Airport, Property 5, 3rd Floor, Office 321, Russian Federation",+ 7 499 505-50-48; + 7 495 796-27-68,p.akifev@trust-logistics.ru,https://www.trust-logistics.ru/,
32014R0833,496,EU-RUS,IV,Export control,23.6.2023,,LegalEntity,Trust Logistics LLC,Общество с Ограниченной Ответственностью «Траст Лоджистикс Групп» (ООО «Траст Лоджистикс Групп»); Trust Logistics Group LLC; OOO Trast Lodzhistiks Grupp,,,,,,,,,,,,,,,,,,7733899720 (Tax ID/INN),,,,,,,,,,,,,"125368, Moscow, Baryshikha Str., 32, Building 1, Room 1/1, Russian Federation; 141402, Samara; Yelizarova Str., 23, Russian Federation; 125466, Yurovskaya Str., 92, Suite I, Room 40, Russian Federation; 141402, Moscow Oblast, Khimki, Territory of Sheremetyevo Airport, Property 5, 3rd Floor, Office 321, Russian Federation",+ 7 499 505-50-48; + 7 499 505 5048; + 7 937 184-49-77,,https://www.trust-logistics.ru/,
32014R0833,497,EU-RUS,IV,Export control,23.6.2023,,LegalEntity,Alfa Beta Creative LLC,“ALFA BETA CREATIVE” mas'uliyati cheklangan jamiyati,,,,,,,,,,,,,,,,,,309628784 (Tax ID/INN),,,,,,,,,,,,,"16A Navoi Street, Shaykhantakhur District, Tashkent, 100011, Republic of Uzbekistan",999810409,seva4505@mail.ru,,
32014R0833,498,EU-RUS,IV,Export control,23.6.2023,,LegalEntity,GFK Logistics Asia LLC,“GFK LOGISTIC ASIA” mas'uliyati cheklangan jamiyati,,,,,,,,,,,,,,,,,,305439019 (Tax ID/INN),,,,,,,,,,,,,"16A Navoi Street, Shaykhantakhur District, Tashkent, 100011, Republic of Uzbekistan",977467546,lady.k.yu.a31@gmail.com,,
32014R0833,499,EU-RUS,IV,Export control,23.6.2023,,LegalEntity,I Jet Global DMCC,iJet,,,,,,,,,,,,,,,,,,,,,,,,,,,,,,,"Damascus, Syrian Arab Republic",,,,
32014R0833,500,EU-RUS,IV,Export control,23.6.2023,,LegalEntity,I Jet Global DMCC,آي جت غلوبال م.د.م.س; iJet,,,,,,,,,,,,,,,,,,11464425 (CBLS No.),,,,,,,,,,,,,"Unit No: 3504, 1 Lake Plaza, Plot No: JLT-PH2-T2A, Jumeirah Lakes Towers, P.O. Box-211764, Dubai, United Arab Emirates",+ 971 4 553 04 02,,http://www.ijet.aero/,
32014R0833,501,EU-RUS,IV,Export control,23.6.2023,,LegalEntity,Success Aviation Services FZC,ساكسيس افييشن سيرفيسز ش م ح; Sucess Aviation; Success Aviation Services FZCO,,,,,,,,,,,,,,,,,,11442981 (CBLS No.),,,,,,,,,,,,,"608, The Apricot Tower, Dubai Silicon Oasis, P.O.BOX-341999, Dubai, United Arab Emirates; Building L1, Sharjah International Airport, Sharjah, United Arab Emirates",+ 971 4 3020 444,,https://success.aero/,
32014R0833,502,EU-RUS,IV,Export control,23.6.2023,,LegalEntity,LLC CST (Zala Aero Group),Общество с Ограниченной Ответственностью «ЦСТ» (ООО «ЦСТ»); Zala Aero Group; Zala Aero,,,,,,,,,,,,,,,,,,1841015504 (Tax ID/INN),,,,,,,,,,,,,"127030, Moscow, Institutskiy Lane, 2, Floor 5, Room 7, Russian Federation; 426011, Izhevsk, UR, P.O. 9050, Russian Federation; 127055, Moscow, Perunovsky Lane, 3, Building 2, Floor 3, Room 21, Russian Federation",+ 7 495 665-51-20; + 7 341 243-05-05; + 7 (800) 550-421-4,info@zala.ru; info@zala.aero; info@zala-aero.com,https://zala-aero.com/,
32014R0833,503,EU-RUS,IV,Export control,23.6.2023,,LegalEntity,Iran Aircraft Manufacturing Industries Corporation,شرکت صنایع هواپیماسازی ایران; HESA; Iran Aircraft Manufacturing Industrial Company; Hava Peyma Sazi-e Iran; Havapeyma Sazhran; Havapeyma Sazi Iran; IAMI; IAMCO; HTC,,,,,,,,,,,,,,,,,,10100722073 (ID),,,,,,,,,,,,,"P.O. Box 8140, No. 107 Sepahbod Gharany Ave, Tehran, Islamic Republic of Iran; Esfahan, P.O. Box 83145-311, 28 km Esfahan – Tehran Freeway, Shahin Shahr, Islamic Republic of Iran; Box 14155-5568, No27 Ahahamat Ave, Vallie Asr Square, Teheran, Islamic Republic of Iran",+ 98 31 45224910-20,info@hesaco.com,http://www.hesa.ir,
32014R0833,504,EU-RUS,IV,Export control,23.6.2023,,LegalEntity,Closed Joint Stock Company Special Design Bureau,Акционерное Общество «Специальное Конструкторское Бюро» (АО «СКБ»); ZAO SKB; AO SKB,,,,,,,,,,,,,,,,,,5906034720 (Tax ID/INN),,,,,,,,,,,,,"614014, Perm Krai, Perm, 1905 Goda Str., 35/Zh, Russian Federation",+ 7(342) 260-76-98,sdg@mz.perm.ru,http://mz.perm.ru,
32014R0833,505,EU-RUS,IV,Export control,23.6.2023,,LegalEntity,Federal State Enterprise Kazan State Gunpowder Plant,Федеральное Казенное Предприятие «Казанский Государственный Казенный Пороховой Завод» (ФКП «КГКПЗ»); FKP KGKPZ,,,,,,,,,,,,,,,,,,1656025681 (Tax ID/INN),,,,,,,,,,,,,"420032, Republic of Tatarstan, Kazan, Pervogo Maya Str., 14, Russian Federation",+ 7 (843) 554-45-73,odp@kgpp.ru,http://kazanpowder.ru/,
32014R0833,506,EU-RUS,IV,Export control,23.6.2023,,LegalEntity,Federal State Unitary Enterprise Central Scientific Research Institute of Chemistry and Mechanics,Федеральное Государственное Унитарное Предприятие «Центральный Научно-Исследовательский Институт Химии и Механики» (ФГУП «ЦНИИХМ»); FGUP TSNIIKHM,,,,,,,,,,,,,,,,,,7724073013 (Tax ID/INN),,,,,,,,,,,,,"115487, Moscow, Nagatinskaya Str., 16A, Russian Federation",+ 8 (499) 611-51-29,mail@cniihm.ru,http://cniihm.ru/,
32014R0833,507,EU-RUS,IV,Export control,23.6.2023,,LegalEntity,Federal State Unitary Enterprise Rostov-On-Don Research Institute of Radio Communications,Федеральное Государственное Унитарное Предприятие «Ростовский-На-Дону Научно-Исследовательский Институт Радиосвязи» (ФГУП «РНИИРС» или ФГУП «Федеральный Научно-Производственный Центр РНИИРС»); FGUP RNIIRS; Federal Research and Production Centre RNIIRS,,,,,,,,,,,,,,,,,,6152001024 (Tax ID/INN),,,,,,,,,,,,,"344038, Rostov Oblast, Rostov-on-Don, Nansen Str., 130, Russian Federation","+ 7 (863) 2000-555, + 7 (863) 2555-311",rniirs@rniirs.ru,https://www.rniirs.ru/,
32014R0833,508,EU-RUS,IV,Export control,23.6.2023,,LegalEntity,Informtest Firm Limited Liability Company,Общество с Ограниченной Ответственностью Фирма «Информтест» (ООО Фирма «Информтест»); Informtest Firm LLC; OOO Firma Informtest,,,,,,,,,,,,,,,,,,7735075319 (Tax ID/INN),,,,,,,,,,,,,"124482, Moscow, Zelenograd, Savyolkinsky Proezd, 4, Apartment 6, Floor XIV, Room 8, Russian Federation",+ 7 (495) 983-10-73,inftest@inftest.ru,http://inftest.ru/,
32014R0833,509,EU-RUS,IV,Export control,23.6.2023,,LegalEntity,Joint Stock Company 150 Aircraft Repair Plant,Акционерное Общество «150 Авиационный Ремонтный Завод» (АО «150 Авиационный Ремонтный Завод»); JSC 150 ARZ,,,,,,,,,,,,,,,,,,3913501370 (Tax ID/INN),,,,,,,,,,,,,"238347, Kaliningrad Oblast, Svetly, Lublino Village, Garrisonnaya Str., 4, Russian Federation",+ 7 (40152) 2 41 72,inform@150-arz.ru,http://150-arz.ru/; https://rhc.aero/structure/150-aviacionnyy-remontnyy-zavod,
32014R0833,510,EU-RUS,IV,Export control,23.6.2023,,LegalEntity,Joint Stock Company 810 Aircraft Repair Plant,Акционерное Общество «810 Авиационный Ремонтный Завод» (АО «810 Авиационный Ремонтный Завод»); 810 ARZ,,,,,,,,,,,,,,,,,,7536080716 (Tax ID/INN),,,,,,,,,,,,,"672003, Trans-Baikal Krai, Chita, Vertoletnaya Str., 1, Russian Federation",+ 7 (3022) 28 34 11,810to@mail.ru,https://810arz.ru/; https://rhc.aero/structure/ao-810-aviacionnyy-remontnyy-zavod,
32014R0833,511,EU-RUS,IV,Export control,23.6.2023,,LegalEntity,Joint Stock Company Arzamas Instrument-Making Plant named after P.I. Plandin,Акционерное Общество «Арзамасский Приборостроительный Завод имени П.И. Пландина» (АО «АПЗ»); AO APZ; Joint Stock Company Plandin Arzamas Instrument Manufacturing Plant,,,,,,,,,,,,,,,,,,5243001742 (Tax ID/INN),,,,,,,,,,,,,"607220, Nizhny Novgorod Oblast, Arzamas, 50 Let VLKSM Str., 8-А, Russian Federation",+ 7 (83147) 7-91-33,apz@aoapz.ru,https://aoapz.ru/,
32014R0833,512,EU-RUS,IV,Export control,23.6.2023,,LegalEntity,Joint Stock Company Concern Central Institute for Scientific Research Elektropribor,"Акционерное Общество «Концерн «Центральный Научно-Исследовательский Институт «Электроприбор» (АО «Концерн «ЦНИИ «Электроприбор»); Concern TsNII Elektropribor; State Research Center of the Russian Federation Concern CSRI Elektropribor, JSC; Elektropribor",,,,,,,,,,,,,,,,,,7813438763 (Tax ID/INN),,,,,,,,,,,,,"197046, St. Petersburg, Malaya Posadskaya Str., 30, Russian Federation",+ 7 (812) 232-59-15,office@eprib.ru,http://www.elektropribor.spb.ru/,
32014R0833,513,EU-RUS,IV,Export control,23.6.2023,,LegalEntity,Joint Stock Company Dux,Акционерное Общество «Дукс» (АО «Дукс»); AO DUKS,,,,,,,,,,,,,,,,,,7714077682 (Tax ID/INN),,,,,,,,,,,,,"125124, Moscow, Pravdy Str. 8, Building 3, Room 1/2, Russian Federation",+ 7 (499) 257-10-93,info@duks.su,http://duks.su/,
32014R0833,514,EU-RUS,IV,Export control,23.6.2023,,LegalEntity,Joint Stock Company Eastern Shipyard,Акционерное Общество «Восточная Верфь» (АО «Восточная Верфь»); AO Vostochnaya Verf; JSC Vostochnaia Verf; AO V-VERF,,,,,,,,,,,,,,,,,,2537009643 (Tax ID/INN),,,,,,,,,,,,,"690017, Primorsky Krai, Vladivostok, Geroev Tikachestsev Str., 1, Russian Federation",+ 7 423 265-88-10,Info@vverf.ru,https://vverf.ru/,
32014R0833,515,EU-RUS,IV,Export control,23.6.2023,,LegalEntity,Joint Stock Company Information Satellite Systems Named After Academician M.F. Reshetnev,"Акционерное Общество «Нформационные Спутниковые Системы» имени Академика М.Ф. Решетнёва» (АО «Решетнёв»); AO ISS, AO Reshetnev; Satellite Information Systems Reshetnev",,,,,,,,,,,,,,,,,,2452034898 (Tax ID/INN),,,,,,,,,,,,,"662972, Krasnoyarsk Krai, Zheleznogorsk, Lenina Str., 52, Russian Federation",+ 7 (3919) 72-24-39,office@iss-reshetnev.ru,http://iss-reshetnev.ru/,
32014R0833,516,EU-RUS,IV,Export control,23.6.2023,,LegalEntity,Joint Stock Company Izhevsk Electromechanical Plant Kupol,Акционерное Общество «Ижевский Электромеханический Завод «Купол» (АО «ИЭМЗ «Купол»); AO IEMZ Kupol,,,,,,,,,,,,,,,,,,1831083343 (Tax ID/INN),,,,,,,,,,,,,"426033, Udmurt Republic, Izhevsk, Pesochnaya Str., 3, Russian Federation",+ 7 (3412) 72-22-09,iemz@kupol.ru,https://kupol.ru/,
32014R0833,517,EU-RUS,IV,Export control,23.6.2023,,LegalEntity,Joint Stock Company Kazan Optical-Mechanical Plant,Акционерное Общество «Казанский Оптико-Механический Завод» (АО «КОМЗ»); AO KOMZ; JSC Kazan Optical and Mechanical Plant,,,,,,,,,,,,,,,,,,1660004229 (Tax ID/INN),,,,,,,,,,,,,"420075, Republic of Tatarstan, Kazan, Lipatova Str., 37, Russian Federation",+ 7(843) 235-80-01,Info@komzrt.ru,https://komzrt.ru/,
32014R0833,518,EU-RUS,IV,Export control,23.6.2023,,LegalEntity,Joint Stock Company Khabarovsk Shipbuilding Yard,Акционерное Общество «Хабаровский Судостроительный Завод» (АО «ХСЗ»); Joint-Stock Company Khabarovskiy Shipyard; Joint-Stock Company Khabarovsky Shipbuilding Plant; AO KhSZ,,,,,,,,,,,,,,,,,,2723112662 (Tax ID/INN),,,,,,,,,,,,,"680003, Khabarovsk Krai, Khabarovsk, Suvorova Str., 1, Russian Federation",+ 7 (4212) 458-535,aohsz@aohsz.ru,https://aohsz.com/,
32014R0833,519,EU-RUS,IV,Export control,23.6.2023,,LegalEntity,Joint Stock Company Machine Building Company Vityaz,Акционерное Общество «Машиностроительная Компания «Витязь» (АО «МК «Витязь»); MK Vityaz AO; JSC Vityaz,,,,,,,,,,,,,,,,,,0261013879 (Tax ID/INN),,,,,,,,,,,,,"453203, Republic of Bashkortostan, Ishimbay District, Ishimbay, Industrialnoye Shosse, 2, Russian Federation",8(34794)2-47-87,vityaz@vtz.uvz.ru,http://bolotohod.ru/,
32014R0833,520,EU-RUS,IV,Export control,23.6.2023,,LegalEntity,Joint Stock Company Management Company Radiostandard,Акционерное Общество «Управляющая Компания «Радиостандарт» (АО «УК «Радиостандарт»); JSC MC Radiostandard; AO UK Radiostandart,,,,,,,,,,,,,,,,,,7805242397 (Tax ID/INN),,,,,,,,,,,,,"198097, St. Petersburg, Marshala Govorova Str., 29, Letter N, Russian Federation",+ 7 812 336-70-55; + 7 (812) 319-67-82,info@radio-standart.ru,http://www.radio-standart.ru/,
32014R0833,521,EU-RUS,IV,Export control,23.6.2023,,LegalEntity,Joint Stock Company Marine Instrument Engineering Corporation,Акционерное Общество «Корпорация Морского Приборостроения» (АО «КМП»); AO KMP; JSC Marine Instrumentation Corporation,,,,,,,,,,,,,,,,,,7813649764 (Tax ID/INN),,,,,,,,,,,,,"197046, St. Petersburg, Malaya Posadskaya Str., 30, Letter A, Russian Federation",+ 8 (800)222-86-68,mail@ao-kmp.ru,https://aokmp.ru/,
32014R0833,522,EU-RUS,IV,Export control,23.6.2023,,LegalEntity,Joint Stock Company NII Gidrosvyazi Shtil,Акционерное Общество «Научно-Исследовательский Институт Гидросвязи «Штиль» (АО «НИИ Гидросвязи «Штиль»); JSC Research Institute of Hydrocommunication “Shtil”,,,,,,,,,,,,,,,,,,3443055050 (Tax ID/INN),,,,,,,,,,,,,"400081, Volgograd Oblast, Volgograd, Angarskaya Str., 17, Russian Federation",+ 7 (8442) 49-98-52,shtil@shtil.org,http://shtil.org/,
32014R0833,523,EU-RUS,IV,Export control,23.6.2023,,LegalEntity,Joint Stock Company Nizhny Novgorod Plant of the 70th Anniversary of Victory,Акционерное Общество «Нижегородский Завод 70-Летия Победы» (АО «НЗ 70-Летия Победы»); AO Nizhegorodskiy Zavod 70 Letiya Pobedy; NZSLP; AO NZ 70-Letiya Pobedy,,,,,,,,,,,,,,,,,,5259113339 (Tax ID/INN),,,,,,,,,,,,,"603052, Nizhny Novgorod Oblast, Nizhny Novgorod, Sormovskoe Highway, 21, Russian Federation",+ 7 (831) 249-82-38,70Pobeda@nzslp.ru,https://nzslp.ru/,
32014R0833,524,EU-RUS,IV,Export control,23.6.2023,,LegalEntity,Joint Stock Company Northern Production Association Arktika,Акционерное Общество «Северное Производственное Объединение «Арктика» (АО «СПО «Арктика»); JSC SPO Arktika,,,,,,,,,,,,,,,,,,2902057930 (Tax ID/INN),,,,,,,,,,,,,"164500, 34 Arkhangelsk Oblast, Severodvinsk, Arkhangelskoye Shosse, Russian Federation",+ 7 8184 58-75-99,arktika@spoarktika.ru,https://spoarktika.ru/,
32014R0833,525,EU-RUS,IV,Export control,23.6.2023,,LegalEntity,Joint Stock Company Perm Machine Building Plant,"Акционерное Общество «Пермский Завод «Машиностроитель» (АО «ПЗ «Маш», АО «Пермский Завод «Машиностроитель»); JSC PZ Mash; AO PZ Mash; AO Permskiy Zavod Mashinostroitel; JSC PP Mash; JSC Perm Plant Mashinostroitel",,,,,,,,,,,,,,,,,,5906075029 (Tax ID/INN),,,,,,,,,,,,,"614014, Perm Krai, Perm, Novozvyaginskaya Str., 57, Russian Federation",+ 7 (342) 263-17-24,pzmash@perm.ru,http://pzmash.ru/,
32014R0833,526,EU-RUS,IV,Export control,23.6.2023,,LegalEntity,Joint Stock Company Production Complex Akhtuba,Акционерное Общество «Производственный Комплекс «Ахтуба» (АО «ПК «Ахтуба»); JSC PC Akhtuba; AO PK Akhtuba,,,,,,,,,,,,,,,,,,3443048328 (Tax ID/INN),,,,,,,,,,,,,"400081, Volgogradskaya Oblast, Volgograd, Angarskaya Str., 17, Russian Federation",+ 7 (8442) 37-69-48,pk@akhtuba.ru,http://akhtuba.ru/,
32014R0833,527,EU-RUS,IV,Export control,23.6.2023,,LegalEntity,Joint Stock Company Project Design Bureau RIO,Акционерное Общество «Проектно-Конструкторское Бюро «РИО» (АО «ПКБ «РИО»); JSC PKB RIO; RIO Design Bureau; Joint Stock Company “Design and Engineering Bureau RIO”,,,,,,,,,,,,,,,,,,7805069865 (Tax ID/INN),,,,,,,,,,,,,"199155, St. Petersburg, Uralskaya Str., 19, Building 9, Letter Zh, Russian Federation",+ 7 (812) 313-61-81,rio@pkb-rio.com,https://pkb-rio.com/,
32014R0833,528,EU-RUS,IV,Export control,23.6.2023,,LegalEntity,Joint Stock Company Scientific Production Association Orion,Акционерное Общество «НПО «Орион» (АО «НПО «Орион»); JSC SPA Orion; AO NPO Orion; Orion Research Production Association,,,,,,,,,,,,,,,,,,7720770380 (Tax ID/INN),,,,,,,,,,,,,"111538, Moscow, Kosinskaya Str., 9, Russian Federation",+ 7 (499) 374-94-00,orion@orion-ir.ru,https://orion-ir.ru/,
32014R0833,529,EU-RUS,IV,Export control,23.6.2023,,LegalEntity,Joint Stock Company Scientific Production Association Volna Plant,Акционерное Общество «Научно-Производственное Объединение Завод «Волна» (АО «НПО Завод «Волна»); AO NPO Zavod Volnaб AO Nauchno-Proizvodstvennoe Obedinenie Zavod Volna; JSC SPA Volna Plant; Volna SPB,,,,,,,,,,,,,,,,,,7805047646 (Tax ID/INN),,,,,,,,,,,,,"198095, St. Petersburg, Marshal Govorova Str., 29, Russian Federation",+ 7 (812) 448-69-60,info@volnaspb.ru,https://volnaspb.ru/,
32014R0833,530,EU-RUS,IV,Export control,23.6.2023,,LegalEntity,Joint Stock Company Scientific Research Engineering Institute,Акционерное Общество «Научно-Исследовательский Инженерный Институт» (АО «НИИИ»); AO NIII; AO Nauchno-Issledovatelskiy Inzhenerniy Institut; JSC SREI,,,,,,,,,,,,,,,,,,5001086137 (Tax ID/INN),,,,,,,,,,,,,"143900, Moscow Oblast, Balashikha, Enthusiastov Shosse (Territory of the Western Industrial Zone), 6, Russian Federation",8 (495) 524-91-12,pochta@aoniii.ru,http://oaoniii.ru/,
32014R0833,531,EU-RUS,IV,Export control,23.6.2023,,LegalEntity,Joint Stock Company Scientific Research Institute of Computing Complexes Named After M.A. Kartsev,Акционерное Общество «Научно-Исследовательский Институт Вычислительных Комплексов им. М.А. Карцева» (АО «НИИВК им. М. А. Карцева»); AO NIIVK N.A. M.A. Kartsev; AO NIIVK im. M.A. Kartsev; AO Nauchno-Issledelvatelsky Institut Vychislitelnykh Kompleksov imeni M.A. Kartseva,,,,,,,,,,,,,,,,,,7728032882 (Tax ID/INN),,,,,,,,,,,,,"17437, Profsoyuznaya Str., 108, Russian Federation",+ 74953300929,postoffice@niivk.ru,https://niivk.ru/,
32014R0833,532,EU-RUS,IV,Export control,23.6.2023,,LegalEntity,Joint Stock Company Scientific Technical Institute Radiosvyaz,Акционерное Общество «Научно-Технический Институт «Радиосвязь» (АО «НТИ «Радиосвязь»); AO NTO Radiosvyaz,,,,,,,,,,,,,,,,,,7812011739 (Tax ID/INN),,,,,,,,,,,,,"198097, St. Petersburg, Marshala Govorova Str., 29, Letter N, Russian Federation",+ 7 (812) 714-28-54; + 7 (812) 305-25-20; + 7 (812) 305-25-28,ntiradio@ntiradio.ru,https://ntiradio.ru/,
32014R0833,533,EU-RUS,IV,Export control,23.6.2023,,LegalEntity,Joint Stock Company Taganrog Plant Priboy,Акционерное Общество «Таганрогский Завод «Прибой» (АО «ТЗ «Прибой»); AO TZ Priboy,,,,,,,,,,,,,,,,,,6154093944 (Tax ID/INN),,,,,,,,,,,,,"347913, Rostov Oblast, Taganrog, Bolshaya Bulvarnaya Str., 13, Russian Federation",+ 7 (812) 313-61-81,rio@pkb-rio.com,https://pkb-rio.com/,
32014R0833,534,EU-RUS,IV,Export control,23.6.2023,,LegalEntity,Joint Stock Company Tula Cartridge Works,Акционерное Общество «Тульский Патронный Завод» (АО «ТПЗ»); Tula Cartridge Plant JSC; TulAmmo; JSC “Tula Ammunition Plant”; AO TPZ,,,,,,,,,,,,,,,,,,7105008338 (Tax ID/INN),,,,,,,,,,,,,"300004, Tula Oblast, Tula, Marata Str., 47B, Russian Federation",+ 7 4872 46 90 43,tpz@tulammo.ru,https://tulammo.ru/,
32014R0833,535,EU-RUS,IV,Export control,23.6.2023,,LegalEntity,Joint Stock Company Tula Machine-Building Plant,Акционерное Общество «Акционерная Компания «Туламашзавод» (АО «АК «Туламашзавод»); AO AK Tulamashzavod,,,,,,,,,,,,,,,,,,7106002836 (Tax ID/INN),,,,,,,,,,,,,"300002, Tula Oblast, Tula, Mosina Str., 2, Russian Federation",+ 7 (4872) 32-10-09; + 7 (4872) 55-87-13,sekretar@tulamash.ru,http://www.tulamash.ru/,
32014R0833,536,EU-RUS,IV,Export control,23.6.2023,,LegalEntity,Joint Stock Company Ulan-Ude Aviation Plant,Акционерное Общество «Улан-Удэнский Авиационный Завод» (АО «У-УАЗ»); JSC UUAP; U-UAP JSC; AO U-UAZ; Ulan-Ude Aircraft Aviation Plant; Ulan-Ude Aviation Factory,,,,,,,,,,,,,,,,,,0323018510 (Tax ID/INN),,,,,,,,,,,,,"670009, Republic of Buryatia, Ulan-Ude, Khorinskaya Str., 1, Russian Federation; 670009, Republic of Buryatia, Ulan-Ude, Tchaikovsky Str., 5, Office 35, Russian Federation",+ 7 (3012) 58-11-95; + 7 (3012) 25 33 86,uuaz@uuaz.ru,http://uuaz.ru/; https://www.rhc.aero/structure/ulan-udenskiy-aviacionnyy-zavod,
32014R0833,537,EU-RUS,IV,Export control,23.6.2023,,LegalEntity,Joint Stock Company Ulyanovsk Cartridge Works,Акционерное Общество «Ульяновский Патронный Завод» (АО «УПЗ»); AO UPZ; JSC “Ulyanovsk Ammunition Plant”,,,,,,,,,,,,,,,,,,7328500127 (Tax ID/INN),,,,,,,,,,,,,"432007, Ulyanovsk Oblast, Ulyanovsk, Shoferov Str., 1, Russian Federation",+ 8 (8422) 26-95-55,info@ulnammo.ru,https://ulnammo.ru/,
32014R0833,538,EU-RUS,IV,Export control,23.6.2023,,LegalEntity,Joint Stock Company Ural Automotive Plant,"Акционерное Общество «Автомобильный Завод «Урал» (АО «АЗ «УРАЛ», АО «Автомобильный Завод «Урал»); Ural AZ; JSC Automobile Plant URAL; AO AZ Ural",,,,,,,,,,,,,,,,,,7415029289 (Tax ID/INN),,,,,,,,,,,,,"456304, Chelyabinsk Oblast, Miass, Avtozavodtsev Prospekt, 1, Russian Federation",8-800-100-11-74; + 7 (3513) 55-49-83,SecrUral@uralaz.ru,https://uralaz.ru/,
32014R0833,539,EU-RUS,IV,Export control,23.6.2023,,LegalEntity,Joint Stock Company Vodtranspribor,Акционерное Общество «Водтрансприбор» (АО «Водтрансприбор»),,,,,,,,,,,,,,,,,,7814010307 (Tax ID/INN),,,,,,,,,,,,,"197342, St. Petersburg, Serdobolskaya Str., 64, Russian Federation",+ 7 (812) 416-55-39,vtp@vtp.ru,https://vodtranspribor.ru/,
32014R0833,540,EU-RUS,IV,Export control,23.6.2023,,LegalEntity,Joint Stock Company Zavolzhskiy Plant of Caterpillar Tractors,Акционерное Общество «Заволжский Завод Гусеничных Тягачей» (АО «ЗЗГТ»); AO ZZGT; AO Zavolzhskiy Zavod Gusenichnikh Tyagachey; JSC ZCVP; Joint Stock Company “Zavolzhsky Crawler Vehicle Plant”,,,,,,,,,,,,,,,,,,5248031980 (Tax ID/INN),,,,,,,,,,,,,"606522, Nizhny Novgorod Oblast, Gorodetsky District, Zavolzhye, Zheleznodorozhnaya Str., 1, Russian Federation",+ 7 (83161) 2-14-03; + 7 (916) 033-87.60,SergeyGZ@main-group.ru,https://zzgt.ru/,
32014R0833,541,EU-RUS,IV,Export control,23.6.2023,,LegalEntity,Joint Stock Company Zelenodolsk Plant Named After A.M. Gorky,Акционерное Общество «Зеленодольский Завод имени А.М. Горького» (АО «Зеленодольский Завод имени А.М. Горького»); JSC Zelenodolsk Shipyard; AO Zelenodolsky Zavod imeni A.M. Gorkogo,,,,,,,,,,,,,,,,,,1648013442 (Tax ID/INN),,,,,,,,,,,,,"422546, Republic of Tatarstan, Zelenodolsk District, Zelenodolsk, Zavodskaya Str., 5, Russian Federation",+ 7 843 715-76-10,zdship@nimb.ru,https://zdship.ru/,
32014R0833,542,EU-RUS,IV,Export control,23.6.2023,,LegalEntity,Machine Building Group Limited Liability Company,Общество с Ограниченной Ответственностью «Машиностроительная Группа» (ООО «МГ»); Machine Building Group; OOO Mashinostroitelnaya Gruppa; OOO MG; MG LLC,,,,,,,,,,,,,,,,,,7722469147 (Tax ID/INN),,,,,,,,,,,,,"123376, Moscow, Rochdelskaya Str., 15, Building 1, Russian Federation; 123022, Moscow, Rochdelskaya Str., 15, Building 8, Floor 2, Premises II, Room 45, Russian Federation",,manoshkinaoi@umg.ru,,
32014R0833,543,EU-RUS,IV,Export control,23.6.2023,,LegalEntity,Military Industrial Company Limited Liability Company,Общество С Ограниченной Ответственностью «Военно-Промышленная Компания» (ООО «ВПК»); LLC Voenno-Promyshlennaya Kompaniya; OOO VPK; VPK Military Industrial Company,,,,,,,,,,,,,,,,,,7703602065 (Tax ID/INN),,,,,,,,,,,,,"123376, Rochdelskaya Str., 15, Building 8, Russian Federation",+ 7 (495) 662-10-57,SecrVPK@hq.basel.ru,http://www.milindcom.ru,
32014R0833,544,EU-RUS,IV,Export control,23.6.2023,,LegalEntity,Open Joint Stock Company Degtyaryov Plant,Открытое Акционерное Общество «Завод им. В.А. Дегтярева» (ОАО «ЗИД»); OJSC Plant im. V.A. Degtyareva; Degtyaryov Factory; OAO ZiD; Open Joint Stock Company “Plant named after. V.A. Degtyarev”; Open Joint Stock Company “V.A. Degtyarev Plant”,,,,,,,,,,,,,,,,,,3305004083 (Tax ID/INN),,,,,,,,,,,,,"601900, Vladimir Oblast, Kovrov, Truda Str., 4, Russian Federation",+ 8 (49232) 9-12-09,zid@zid.ru,https://zid.ru/,
32014R0833,545,EU-RUS,IV,Export control,23.6.2023,,LegalEntity,Promtekhnologiya Limited Liability Company,Общество с Ограниченной Ответственностью «Промтехнология» (ООО «Промтехнология»); LLC “Promtechnology”; Limited Liability Company Promtechnologia; OOO Promtekhnologiya; ORSIS,,,,,,,,,,,,,,,,,,7708696860 (Tax ID/INN),,,,,,,,,,,,,"109052, Moscow, 14 Podyomnaya Str.,14, Building 8; Russian Federation; 117218, Moscow, Krzhizhanovskogo Str., 29, Building 2, Russian Federation",+ 7 (495) 647-88-66,promtechnologies@gmail.com; info@orsis.com,http://www.orsis.com/company/contacts/factory,
32014R0833,546,EU-RUS,IV,Export control,23.6.2023,,LegalEntity,Public Joint Stock Company Kurganmashzavod,Акционерное Общество «Курганский Машиностроительный Завод» (АО «Курганмашзавод»); AO Kurganmashzavod; Joint Stock Company “Kurgan Machine-Building Plant”,,,,,,,,,,,,,,,,,,4501008142 (Tax ID/INN),,,,,,,,,,,,,"640021, Kurgan Oblast, Kurgan, Mashinostroiteley Prospekt, 17, Office Letter 1Zh, Russian Federation",+ 7 (3522) 471-999,ok@kmz.ru,https://www.kmz.ru/,
32014R0833,547,EU-RUS,IV,Export control,23.6.2023,,LegalEntity,Public Joint Stock Company Motovilikha Plants,Публичное Акционерное Общество Специального Машиностроения и Металлургии «Мотовилихинские Заводы» (ПАО «Мотовилихинские Заводы»); PJSC Motovilikha Plants; Public Joint Stock Company of Special Machine Building and Metallurgy Motovilikhinskie Zavody; PJSC Motovilikhinskie Zavody,,,,,,,,,,,,,,,,,,5906009273 (Tax ID/INN),,,,,,,,,,,,,"614014, Perm Krai, Perm, 1905 Goda Str., 35, Building 245, Russian Federation",+ 7(342) 260-73-01,mz1@mz.perm.ru,https://mz.perm.ru/,
32014R0833,548,EU-RUS,IV,Export control,23.6.2023,,LegalEntity,Public Joint Stock Company Proletarsky Plant,Публичное Акционерное Общество «Пролетарский Завод» (ПАО «Пролетарский Завод»); PJSC Proletarsky Factory; PAO Proletarsky Zavod,,,,,,,,,,,,,,,,,,7811039386 (Tax ID/INN),,,,,,,,,,,,,"192029, St. Petersburg, Dudko Str., 3, Russian Federation",+ 7 (812) 640-11-69,info@proletarsky.ru,https://proletarsky.ru/,
32014R0833,549,EU-RUS,IV,Export control,23.6.2023,,LegalEntity,Public Joint Stock Company Rostvertol,Ростовский Вертолетный Производственный Комплекс Публичное Акционерное Общество «Роствертол» имени Б.Н.слюсаря (ПАО «Роствертол»); Rostov Helicopter Production Complex; Rostvertol PJSC; PAO Rosvertol; Rostov Helicopter Production Complex Public Joint Stock Company “Rostvertol” named after B.N. Slyusar,,,,,,,,,,,,,,,,,,6161021690 (Tax ID/INN),,,,,,,,,,,,,"344038, Rostov Oblast, Rostov-on-Don, Novatorov Str., 5, Russian Federation",+ 7 (863) 272-72-21,g.bunyaeva@rostvert.ru,https://www.rostvertolplc.ru/,
32014R0833,550,EU-RUS,IV,Export control,23.6.2023,,LegalEntity,Scientific Production Association Izhevsk Unmanned Systems Limited Liability Company,"Общество с Ограниченной Ответственностью «Научно-Производственное Объединение «Ижевские Беспилотные Систем» (ООО «НПО «ИжБС»); Izhevsk Unmanned Systems Research and Production Association LLC; ""Limited Liability Company """"Research and Production Association """"Izhevsk Unmanned Systems”""; OOO NPO IzhBS",,,,,,,,,,,,,,,,,,1831117433 (Tax ID/INN),,,,,,,,,,,,,"115432, Moscow, Trofimova Str., 2A, Room. 221, Russian Federation; 426063, Udmurt Republic, Izhevsk, Ordzhunikidze Str., 2, Russian Federation",+ 7 (3412) 43-01-11; + 7 (939) 875-00-17,info@izh-bs.ru,http://www.izh-bs.ru/,
32014R0833,551,EU-RUS,IV,Export control,23.6.2023,,LegalEntity,Scientific Production Enterprise Prima Limited Liability Company,Общество с Ограниченной Ответственностью «Научно-Производственное Предприяти «Прима» (ООО НПП «Прима»); NPP Proma; OOO Nauchno-Proizvodstvennoe Predpriyatie Prima; Research & Production Company Prima; Prima Systems; SPE Prima LLC,,,,,,,,,,,,,,,,,,5257013402 (Tax ID/INN),,,,,,,,,,,,,"603003, Nizhny Novgorod Oblast, Nizhny Novgorod, Svobody Str., 63, Russian Federation; 603950, Nizhny Novgorod, Sormovskoye Shosse, 1Zh",+ 7 (831) 233-19-03,info@prima.nnov.ru,https://prima-systems.ru/,
32014R0833,552,EU-RUS,IV,Export control,23.6.2023,,LegalEntity,United Machine Building Group Limited Liability Company,Общество с Ограниченной Ответственностью «Объединенная Машиностроительная Группа» (ООО «ОМГ»); Общество с Ограниченной Ответственностью «Производственное Объединение «Уралаз» (ООО «ПО «Уралаз»); OOO OMG; OOO Obedinennaya Mashinostroitelnaya Gruppa; UMG LLC; Limited Liability Company “Production Association “Uralaz”; OOO PO Uralaz,,,,,,,,,,,,,,,,,,7722469161 (Tax ID/INN),,,,,,,,,,,,,"123376, Moscow, Rochdelskaya Str., 15, Building 1, Russian Federation; 123022, Moscow, Rochdelskaya Str., 15, Building 8, Floor 2, Premises II, Room 45, Russian Federation",8 (800) 250-49-55; + 7 495 653-85-76; + 7 482 241-54-31,info@umg.ru,https://umg-sdm.com/,
32014R0833,553,EU-RUS,IV,Export control,23.6.2023,,LegalEntity,Volgograd Machine Building Company Limited Liability Company,Общество с Ограниченной Ответственностью «Волгоградская Машиностроительная Компания «ВГТЗ» (ООО «ВМК «ВГТЗ»); OOO VMK VGTZ; Volgograd Tractor Plant,,,,,,,,,,,,,,,,,,3441023695 (Tax ID/INN),,,,,,,,,,,,,"400006, Volgograd Oblast, Volgograd, Dzerzhinsky Square, 1, Russian Federation",+ 7 (8442) 77-10-04; + 7 (8442) 74-60-01,info@vgtz.com,https://vgtz.com/,
32014R0833,554,EU-RUS,IV,Export control,23.6.2023,,LegalEntity,VXI-Systems Limited Liability Company,Общество с Ограниченной Ответственностью «VXI-Системы» (ООО «VXI-Системы»); InformTest Holdings,,,,,,,,,,,,,,,,,,7735126740 (Tax ID/INN),,,,,,,,,,,,,"124482, Moscow, Zelenograd, Savyolkinsky Proezd, 4, Apartment 6, Floor XIV, Room 1, Russian Federation; 124482, Moscow, Zelenograd, Savyolkinsky Proezd, 4, Floor 11, Russian Federation",+ 7 (495) 983-10-73,4send@vxisystems.ru,http://www.vxisystems.ru/,
32014R0833,555,EU-RUS,IV,Export control,23.6.2023,,LegalEntity,LLC Yadro,Общество с Ограниченной Ответственностью «Группа Компаний Ядро» (ООО «ГК Ядро»); Yadro Group of Companies; Limited Liability Company “Yadro Group of Companies”; OOO GK Yadro,,,,,,,,,,,,,,,,,,7703399790 (Tax ID/INN),,,,,,,,,,,,,"123376, Moscow, Rochdelskaya Str. 15, Building 13, Technical Floor/IV, Room 1, Russian Federation",+ 7 495 540 50 55; + 7 901 599-47-57; + 7 495 262-14-93,info@yadro.com,https://yadro.com/ru,
32014R0833,556,EU-RUS,IV,Export control,23.6.2023,,LegalEntity,Perm Powder Plant,Федеральное Казенное Предприятие «Пермский Пороховой Завод» (ФКП «Пермский Пороховой Завод»); Federal State Enterprise “Perm Powder Plant”; FPK Perm Powder Plant; FKP Permsky Porokhovoy Zavod,,,,,,,,,,,,,,,,,,5908006119 (Tax ID/INN),,,,,,,,,,,,,"614042, Perm Oblast, Perm, Galperina Str., 11, Russian Federation",+ 7 (342) 250-19-01; + 7 (342) 250-19-10; + 7 (342) 250-19-50,ppz@perm.ru,http://www.fkpppz.ru/,
32014R0833,557,EU-RUS,IV,Export control,23.6.2023,,LegalEntity,RPA Kazan Machine Building Plant,Акционерное Общество «Казанское Моторостроительное Производственное Объединение» (АО «КМПО»); Kazan Engine Building Production Association; AO KMPO,,,,,,,,,,,,,,,,,,1657005416 (Tax ID/INN),,,,,,,,,,,,,"420036, Republic of Tatarstan, Kazan, Dementiev Str, 1, Russian Federation",+ 7 (843) 221-26-00,kmpo@oao.kmpo.ru,https://www.kmpo.ru/,
32014R0833,558,EU-RUS,IV,Export control,23.6.2023,,LegalEntity,Proton JSC,Акционерное Общество «Протон» (АО «Протон»); AO Proton,,,,,,,,,,,,,,,,,,5753018359 (Tax ID/INN),,,,,,,,,,,,,"302040, Orel Oblast, Orel, Leskova Str., 19, Russian Federation",+ 7 (4862) 41-44-10; + 7 4862 498634; + 7 4862 414403,priem@proton-orel.ru,https://www.proton-orel.ru/,
32014R0833,559,EU-RUS,IV,Export control,18.12.2023,,LegalEntity,Grant Instrument,Общество с Ограниченной Ответственностью «Грант Инструмент» (ООО «Грант Инструмент»); OOO Grant Instrument; Grant Tools,,,,,,,,,,,,,,,,,,7807042570 (Tax ID/INN),,,,,,,,,,,,,"196006, St. Petersburg, Tsvetochnaya Str., 16, Building 1, Premises 425, Russian Federation",+ 7 812 309 94 73,info@grant-tools.ru,http://grant-tools.ru/,
32014R0833,560,EU-RUS,IV,Export control,18.12.2023,,LegalEntity,Streloy,Общество с Ограниченной Ответственностью «Стрелой» (ООО «Стрелой»); LLC Streloy; Limited Liability Company Streloy; Limited Liability Company Streloi; Obshchestvo S Ogranichennoi Otvetstvennostyu Streloi; Streloi OOO; Streloy OOO,,,,,,,,,,,,,,,,,,7840498176 (Tax ID/INN),,,,,,,,,,,,,"191025, St. Petersburg, Dmitrovsky Per. 13, Office 7, Russian Federation",+ 7 (812) 670-50-50,hello@streloy.ru,https://streloy.ru/,
32014R0833,561,EU-RUS,IV,Export control,18.12.2023,,LegalEntity,LLC Research and Production Enterprise Itelma,Общество с Ограниченной Ответственностью «Научно-Производственное Предприятие «ИТЭЛМА» (ООО «НПП «ИТЭЛМА»); Итэлма Электронные Решения; Research and Production Enterprise Itelma LLC; Itelma; LLC “RK-ITELMA”; Itelma Electronics; Nauchno Proizvodstvennoe Predpriyatie Itelma; LLC NPP Itelma,,,,,,,,,,,,,,,,,,7724685256 (Tax ID/INN),,,,,,,,,,,,,"115230, Moscow, 1st Nagatinsky Proyezd, 10, Building 1, Office 25, Russian Federation; 600017, Vladimir, Baturina Str., 39/1, Russian Federation; 433513, Dimitrovgrad, Avtostroiteley Avenue, 87, Russian Federation; 156961, Kostroma, P. Shcherbina Str., 23, Russian Federation; 142671, Likino-Dulevo, Kalinina Str., 1, Russian Federation; 423823, Naberezhnye Chelny, Pushkina Str., 4, Russian Federation; 445044, Togliatti, Voroshilova Str., 17, Russian Federation; 347900, Taganrog, Oktyabrskaya Str., 19, Russian Federation; 413105, Engels, Ploschad Lenina Str., 40, Russian Federation",+ 7 495 775-07-48; + 7 495 280-11-10; + 7 495 230-11-11; + 7 495 280-11-11,npp@itelma.ru,https://itelma.ru/,
32014R0833,562,EU-RUS,IV,Export control,18.12.2023,,LegalEntity,TTK Kammarket LLC,Общество с Ограниченной Ответственностью Торгово-Техническая Компания «Каммаркет» (ООО ТТК «Каммаркет»); Kammamarket Company; Limited Liability Company Trade and Technical Company “Kammarket”,,,,,,,,,,,,,,,,,,1646038762 (Tax ID/INN),,,,,,,,,,,,,"423600, Republic of Tatarstan, Elabuga, Kazanskaya Str., 41, Office 1, Russian Federation; Naberezhnye Chelny, Trubny Proyezd, Building 4, Industrial and Communal Zone “Promzona”, Russian Federation; Republic of Tatarstan, Kazan, Sibgata Khakima Str., 52, Russian Federation; Republic of Bashkiria, Ufa, Mendeleeva Str., 156/2, Russian Federation; Udmurt Republic, Zavyalovsky District, Pervomayskoye, Vesennaya Str., 6, Office 7, Russian Federation; Ulyanovsk Oblast, Dimitrovgrad, Dimitrova Str., 2, Russian Federation",+ 7 (8552) 25-30-20; + 7 (843) 580-11-11; + 7 (347) 286-10-58; + 7 (3412) 57-07-99; + 7 (84235) 3-13-51; + 7 (917) 128-03-13,inskam@list.ru,https://www.kammarket.ru/,
32014R0833,563,EU-RUS,IV,Export control,18.12.2023,,LegalEntity,JSC Kompel,Акционерное Общество «Компэл» (АО «Компэл»); Kompel; Kompel Joint Stock Company; AO Kompel,,,,,,,,,,,,,,,,,,7713005406 (Tax ID/INN),,,,,,,,,,,,,"109316, Moscow, Volgogdradsky Avenue, 28A, Building I, Room 6, Russian Federation; 109052, Moscow, Novokhokhlovskaya Str. 23, Building 1 (Ring Park Business Park), 3rd Floor, Russian Federation; 199034, St. Petersburg, VO, Bolshoy Prospekt, 18, lit. A (Andriyivskyi Shopping and Office Center), Russian Federation",+ 7 495 995-09-01; + 7 495 620-93-55; + 7 495 221-78-05,msk@compel.ru; spb@compel.ru,https://www.compel.ru/,
32014R0833,564,EU-RUS,IV,Export control,18.12.2023,,LegalEntity,LLC MBR-Avia,Общество с Ограниченной Ответственностью «МБР-АВИА» (ООО «МБР-АВИА»); MBR Avia,,,,,,,,,,,,,,,,,,7714210550 (Tax ID/INN),,,,,,,,,,,,,"125167, Moscow, Vosmova Marta Str. 3, Russian Federation",+ 7 (495) 613-35-35; + 8 (495) 999-30-28,mbravia2001@gmail.com,,
32014R0833,565,EU-RUS,IV,Export control,18.12.2023,,LegalEntity,LLC NeoTech,Общество с Ограниченной Ответственностью «НЕОТЕХ» (ООО «НЕОТЕХ»); Limited Liability Company NeoTech; OOO Neotekh,,,,,,,,,,,,,,,,,,7806486029 (Tax ID/INN),,,,,,,,,,,,,"194044, St. Petersburg, Chugunnaya Str., 20, Letter A, Note 25H (No. 8), Russian Federation","+ 7 (812) 640-19-10, + 7 (921) 910-31-32",sales@neoteh.com.ru,https://neoteh.com.ru/,
32014R0833,566,EU-RUS,IV,Export control,18.12.2023,,LegalEntity,JSC Sozvezdie Concern,Акционерное Общество Концерн «Созвездие» (АО Концерн «Созвездие»); Joint-Stock Company Concern Sozvezdie; AO Kontsern Sozvezdie,,,,,,,,,,,,,,,,,,3666127502 (Tax ID/INN),,,,,,,,,,,,,"394018, Voronezh, Plekhanovskaya Str. 14, Russian Federation",+ 7 (473) 252 52 52,office@sozvezdie.su,https://www.sozvezdie.su,
32014R0833,567,EU-RUS,IV,Export control,18.12.2023,,LegalEntity,Serov Machine-Building Plant JSC,Акционерное Общество «Серовский Механический Завод» (АО «СМЗ»); Serov Mechanical Plant JSC; SMZ; Joint Stock Company “Serov Mechanical Plant”; JSC SMP; AO CM3,,,,,,,,,,,,,,,,,,6680000479 (Tax ID/INN),,,,,,,,,,,,,"624981, Sverdlovsk Oblast, Serov, Aglomeratchikov Str. 10, Russian Federation",+ 7 (34385) 736-88,info@sverovmp.ru,https://www.serovmp.ru/,
32014R0833,568,EU-RUS,IV,Export control,18.12.2023,,LegalEntity,Aeroscan LLC,"Общество с Ограниченной Ответственностью «Аэроскан» (ООО «Аэроскан»); Aeroscan; Aeroskan LLC, Aeroscan Limited Liablity Company; Limited Liability Company Aeroskan; OOO Aeroskan",,,,,,,,,,,,,,,,,,5603045794 (Tax ID/INN),,,,,,,,,,,,,"127055, Moscow, Perunovskiy Pereulok, 3, Building 2, Floor 2, Room 11, Russian Federation",+ 7 (499) 673-05-05,info@scan.aero,https://scan.aero/,
32014R0833,569,EU-RUS,IV,Export control,18.12.2023,,LegalEntity,STC Orion LLC,Общество с Ограниченной Ответственностью Научно-Технический Центр «Орион» (ООО НТЦ «Орион»); LLC Scientific and Technical Center Orion; Limited Liability Company Scientific and Technical Center Orion; OOO NTTS Orion; OOO Nauchno-Tekhnicheski Tsentr Orion,,,,,,,,,,,,,,,,,,9715302790 (Tax ID/INN),,,,,,,,,,,,,"127106, Moscow, Gostinichnaya Str. 7A, Room 1/1, Office 1/B-08, Russian Federation",+ 7 (929) 210-3408; + 7 (499) 705-75-62; + 7 (495) 914-99-55,info@orioncom.ru,https://orioncom.ru/,
32014R0833,570,EU-RUS,IV,Export control,18.12.2023,,LegalEntity,Technical Center Windeq LLC,Общество с Ограниченной Ответственностью «Технический Центр «Виндэк» (ООО «Технический Центр «Виндэк»); Windek Technical Center; LLC “Technical Center “Vindek”; Limited Liability Company Technical Center Windeq,,,,,,,,,,,,,,,,,,7726551240 (Tax ID/INN),,,,,,,,,,,,,"142116, Moscow Oblast, Podolsk, Selkhoztekhnika Village, Pokrovskaya Str. 1B/3, Office 69, Russian Federation",+ 7 (495) 419-24-11; + 8 (800) 30282-21,info@windeq.ru,https://windeq.ru/,
32014R0833,571,EU-RUS,IV,Export control,18.12.2023,,LegalEntity,OrelMetallPolimer LLC,Общество с Ограниченной Ответственностью «Орелметаллполимер» (ООО «ОМП»); ORELMETALLPOLYMER; Limited Liability Company Orelmetallpolymer; OOO “OMP”,,,,,,,,,,,,,,,,,,5249143334 (Tax ID/INN),,,,,,,,,,,,,"303032, Oryol Region, Mtsensk, Avtomagistral Str., 1Yu, Russian Federation; 105066 Moscow, Olkhovskaya Str., 45, Building 3, Floor 1, Room 1, Office 10, Russian Federation",+ 8 (800) 550-93-88,info@orelmp.ru,https://orel-mp.com/,
32014R0833,572,EU-RUS,IV,Export control,18.12.2023,,LegalEntity,OMP LLC,Общество с Ограниченной Ответственностью «ОМП» (ООО «ОМП»); Limited Liability Company OMP; OOO “OMP”,,,,,,,,,,,,,,,,,,5403049953 (Tax ID/INN),,,,,,,,,,,,,"630079, Novosibirsk, Stanislavskogo Str., 3, Building 31/1, Floor 1, Office 2, Russian Federation",,,,
32014R0833,573,EU-RUS,IV,Export control,18.12.2023,,LegalEntity,Spetstehnotreyd LLC,Общество с Ограниченной Ответственностью «Спецтехнотрейд» (ООО «Спецтехнотрейд»); LLC “SpetsTechnoTrade”; OOO Spetstekhnotreid,,,,,,,,,,,,,,,,,,1832137908 (Tax ID/INN),,,,,,,,,,,,,"1. 426028, Udmurt Republic, Izhevsk, Mekhanizatorskyi Lane 11, Office 105, Russian Federation",+ 7 912 856-76-23,,,
32014R0833,574,EU-RUS,IV,Export control,18.12.2023,,LegalEntity,BIC-inform,Общество с Ограниченной Ответственностью «БИК-Информ» (ООО «БИК-Информ»); BIK Inform OOO; Limited Liability Company BIK Inform; BIK Inform LLC,,,,,,,,,,,,,,,,,,7805109081 (Tax ID/INN),,,,,,,,,,,,,"190020, St. Petersburg, Bumazhnaya Str. 9, Building 1, Russian Federation","+ 7 (812) 447-95-55, + 7 (495) 645-23-92",bic@bic-inform.ru; msk@bic-inform.ru,https://bic-inform.ru/,
32014R0833,575,EU-RUS,IV,Export control,18.12.2023,,LegalEntity,Spel LLC,Общество с Ограниченной Ответственностью «Спэл» (ООО «Спэл»); Limited Liability Company Spel; OOO Spel,,,,,,,,,,,,,,,,,,7801339983 (Tax ID/INN),,,,,,,,,,,,,"199106, St. Petersburg, Gavanskaya Str., 12, Building 2, lit. B, Room 1-H, Russian Federation",+ 7 (812) 401-44-78,sales@sp.el.ru,https://sp-el.ru/,
32014R0833,576,EU-RUS,IV,Export control,18.12.2023,,LegalEntity,Alfakomponent LLC,Общество с Ограниченной Ответственностью «Альфакомпонент» (ООО «Альфакомпонент»); Limited Liability Company Alfacomponent; Limitied Liability Company Alfakomponent,,,,,,,,,,,,,,,,,,7804607729 (Tax ID/INN),,,,,,,,,,,,,"198216, St. Petersburg, Leninsky Prospekt, 140, Letter E, Office 307, Russian Federation",+ 7 (812) 425-66-55,zakaz@akomponent.ru,https://akomponent.ru/,
32014R0833,577,EU-RUS,IV,Export control,18.12.2023,,LegalEntity,ID Solution LLC,Общество с Ограниченной Ответственностью «Айди Солюшн» (ООО «Айди Солюшн»); Limited Liability Company ID Solution; IDI Solution LLC; OOO Aydi Solyushn,,,,,,,,,,,,,,,,,,5003091492 (Tax ID/INN),,,,,,,,,,,,,"117405, Moscow, Dorozhnaya St. 60B, Office 421, Russian Federation",+ 7 (495) 545-32-83,info@idsolution.ru,http://www.idsolution.ru/,
32014R0833,578,EU-RUS,IV,Export control,18.12.2023,,LegalEntity,Inelso LLC,Общество с Ограниченной Ответственностью «Инелсо» (ООО «Инелсо»); Limited Liability Company Inelso; OOO Inelso,,,,,,,,,,,,,,,,,,7813635698 (Tax ID/INN),,,,,,,,,,,,,"194044, St. Petersburg, Gelsingforsskaya Str., 3, Letter Z, Office 412, Russian Federation; Moscow, 2nd Roshchinsky Proezd, 8, Building 6, Business Centre “Serpukhovskoy Dvor”, Russian Federation",+ 7 (812) 628-00-16,sales@inelso.ru,https://inelso.ru/,
32014R0833,579,EU-RUS,IV,Export control,18.12.2023,,LegalEntity,Elitan Trade LLC,Общество с Ограниченной Ответственностью «Элитан Трейд» (ООО «Элитан Трейд»); OOO Elitan Treid; Limited Liability Company Elite Trade,,,,,,,,,,,,,,,,,,1831096455 (Tax ID/INN),,,,,,,,,,,,,"426063, Udmurt Republic, Izhevsk, Melnichnaya Str., 34A, Russian Federation",+ 7 (495) 649-84-45,info@elitan.ru,https://www.elitan.ru/,
32014R0833,580,EU-RUS,IV,Export control,18.12.2023,,LegalEntity,Hartis DV LLC,Общество с Ограниченной Ответственностью «Хартис ДВ» (ООО «Хартис ДВ»); Limited Liability Company “Charteris DV”; LLC “Charteris DV”; Limited Liability Company Hartis DV; OOO Khartis DV,,,,,,,,,,,,,,,,,,7733753978 (Tax ID/INN),,,,,,,,,,,,,"125362, Moscow, Svobody Str., 35, Building 5, Floor 1, Premises 1, Room 4, Russian Federation",+ 7 (495 364-01-42,info@hartisdv.ru,https://hartisdv.ru/,
32014R0833,581,EU-RUS,IV,Export control,18.12.2023,,LegalEntity,SFT LLC,Общество с Ограниченной Ответственностью «СФТ» (ООО «СФТ»); Limited Liability Company SFT; CFT; OOO SFT; Obshchestvo s Organzichennoi Otvetstvennostyu SFT,,,,,,,,,,,,,,,,,,7725842590 (Tax ID/INN),,,,,,,,,,,,,"115114, Moscow, Zamoskvorechye Municipal District, Kozhevnicheskaya Str., 10, Building 1, Russian Federation",+ 7 (499) 956-1000,info@sftgroup.ru,https://www.sftgroup.ru/,
32014R0833,582,EU-RUS,IV,Export control,18.12.2023,,LegalEntity,Kami Group LLC,Общество с Ограниченной Ответственностью «Ками-Групп» (ООО «Ками-Групп»); Limited Liability Company Kami Group; Obshchestvo s Ogranichennoi Otvetstvennostyu Kami Grupp; Kami Group OOO,,,,,,,,,,,,,,,,,,7719429480 (Tax ID/INN),,,,,,,,,,,,,"107023, Moscow, Bolshaya Semenovskaya Str., 40, Building 13, Floor 3, Room 307, Russian Federation",+ 7 (495) 781-55-11,kami@stanki.ru,https://www.stanki.ru/,
32014R0833,583,EU-RUS,IV,Export control,18.12.2023,,LegalEntity,AGT Systems LLC,Общество с Ограниченной Ответственностью «АГТ Системс» (ООО «АГТ Системс»); Limited Liability Company AGT Systems,,,,,,,,,,,,,,,,,,7743032118 (Tax ID/INN),,,,,,,,,,,,,"125445, Moscow, Smolnaya Str., 24/A, Office 1420, Russian Federation",+ 7 (495) 232-07-86,sales@agtsys.ru,https://agtsys.ru/,
32014R0833,584,EU-RUS,IV,Export control,18.12.2023,,LegalEntity,Entep LLC,Общество с Ограниченной Ответственностью «Энтеп» (ООО «Энтеп»); Limited Liability Company Entep,,,,,,,,,,,,,,,,,,7721809577 (Tax ID/INN),,,,,,,,,,,,,"108811, Moscow, Bianchi Str., 12, Building 2, Office 112, Russian Federation; 113039, Moscow, B. Serpukhovskaya Str., 30, Building 7, Russian Federation",,,,
32014R0833,585,EU-RUS,IV,Export control,18.12.2023,,LegalEntity,Mvizion LLC,“MVIZION” mas'uliyati cheklangan jamiyati; OOO Mvizion,,,,,,,,,,,,,,,,,,309644860 (Tax ID/INN),,,,,,,,,,,,,"100096, Tashkent, Tursunkulova Street 8, Uzbekistan; 100161, Tashkent, Gaydar Alieev Kuchasi 313, Republic of Uzbekistan; 10113, Chilanzarskiy District, Tashkent, Katartal Street 8, 7th Block, Republic of Uzbekistan",917962925,ievlev_igor@mail.ru,https://mvizion.uz/,
32014R0833,586,EU-RUS,IV,Export control,18.12.2023,,LegalEntity,Design Bureau of Navigation Sytems (NAVIS),Акционерное Общество «Конструкторское Бюро Навигационных Систем» (АО «КБ НАВИС»); JSC “KB NAVIS”; Joint-Stock Company Design Bureau Navigation Systems; AO KB NAVIS; Navis Inc.,,,,,,,,,,,,,,,,,,7725075060 (Tax ID/INN),,,,,,,,,,,,,"121170, Moscow, Kulneva Str. 3, Building 1, Room III/5, 6, Russian Federation",+ 7 (495) 665-61-53,navi@navis.ru,https://navis.ru/,
32014R0833,587,EU-RUS,IV,Export control,18.12.2023,,LegalEntity,Deflog Technologies PTE LTD,Deflog Tech,,,,,,,,,,,,,,,,,,199508697K (UEN),,,,,,,,,,,,,"367957, Shaw Road 30, #06-01, Roche Building, Republic of Singapore",+ 65 6383 1735; + 65 6 383 5084,tech@deflog-tech.com,www.deflog-tech.com/,
32014R0833,588,EU-RUS,IV,Export control,23.2.2024,,LegalEntity,JSC VNIIR Progress,Акционерное Общество «ВНИИР-Прогресс» (АО «ВНИИР-Прогресс»); Joint-Stock Company “VNIIR-Progress”,,,,,,,,,,,,,,,,,,2130094170 (Tax ID/INN),,,,,,,,,,,,,"428024, Chuvash Republic – Chuvashia, Cheboksary, I. Y. Yakovlev Prospekt, 4, Russian Federation; 197348, St. Petersburg, Bogatyrsky Prospekt, 18, Building 1, Letter A, Russian Federation; 109028, Moscow, Serebryanicheskaya Embankment, 29, Russian Federation",+ 7 (85557) 5-90-06,progress@vniir.ru,http://www.vniir-progress.ru/,
32014R0833,589,EU-RUS,IV,Export control,23.2.2024,,LegalEntity,Si2 Microsystems Pvt Ltd,Si2 Microsystems; Si2; Si2 Microsystems Private Limited,,,,,,,,,,,,,,,,,,U85110KA1993PTC015018 (CIN),,,,,,,,,,,,,"84, Deep Towers, EPIP Industrial Area, Whitefield, Bangalore, Karnataka, 560066 Republic of India; 52/A, 1st Cross, 3rd Main KIADB Industrial Area, Hoskote, Bangalore, Karnataka, 562114, Republic of India",080 6717 1100,Info-india@si2microsystems.com,https://www.si2microsystems.com/,
32014R0833,590,EU-RUS,IV,Export control,23.2.2024,,LegalEntity,Spark TT,Общество с Ограниченной Ответственностью «Спарк ТТ» (ООО «Спарк ТТ»); Spark TT LLC,,,,,,,,,,,,,,,,,,2130183574 (Tax ID/INN),,,,,,,,,,,,,"428022, Chuvash Republic - Chuvashia, Cheboksary, Patrice Lumumba Str., 8, Building 44B, Office 123B, Russian Federation",+ 7(8352) 37-00-94; + 7(937) 015-00-94; + 7 (927) 995-32-3123,sparktt10@gmail.com; traffic@sparktt.ru,https://sparktt.ru/,
32014R0833,591,EU-RUS,IV,Export control,23.2.2024,,LegalEntity,Euro Asia Cargo (Private) Ltd.,Euro Asia Group; Euro Asia Cargo,,,,,,,,,,,,,,,,,,,,,,,,,,,,,,,"51/2, Ananda Coomaraswamy Mawatha, Colombo 00700, Democratic Socialist Republic of Sri Lanka; Bandaranaike International Airport Katunayake, 11450, Democratic Socialist Republic of Sri Lanka",(+94) 11 2574622,sam.wickramasinghe@euroasia.lk,https://www.euroasia.lk,
32014R0833,592,EU-RUS,IV,Export control,23.2.2024,,LegalEntity,Ultran Electronic Components LLC,Общество с Ограниченной Ответственностью «Ультран Электронные Компоненты» (ООО «Ультран ЭК»); Ultran EC LLC; OOO Ultran EK,,,,,,,,,,,,,,,,,,7802669110 (Tax ID/INN),,,,,,,,,,,,,"194021, St. Petersburg, Politekhnicheskaya Str., 22, Letter L, Premises 1-N, Room 8, Russian Federation; 194021, St. Petersburg, Politekhnicheskaya Str., 22, Letter L, Premises 9-N, Room 19, Russian Federation",+ 7 (812) 318-18-95,info@ultran.ru,https://ultran.ru/,
32014R0833,593,EU-RUS,IV,Export control,23.2.2024,,LegalEntity,RG Solutions Limited,,,,,,,,,,,,,,,,,,,2115045 (CR No.),,,,,,,,,,,,,"Room 606, Celebrity Comm., Centre, 64 Castle Peak Road, Sham Shui Po, Hong Kong",,,www.logistics-sgs.com; https://88hebing.site/,
32014R0833,594,EU-RUS,IV,Export control,23.2.2024,,LegalEntity,JSC SEZ Alabuga,Акционерное Общество «Особая Экономическая Зона Промышленно-Производственного Типа «Алабуга» (АО «ОЭЗ ППТ «Алабуга»); JSC “Alabuga” Special Economic Zone of Industrial and Production Type; Alabuga Special Economic Zone (SEZ); Yelabuga Special Economic Zone (SEZ); AO OEZ PPT Alabuga,,,,,,,,,,,,,,,,,,1646019914 (Tax ID/INN),,,,,,,,,,,,,"423601, Republic of Tatarstan, Elabuga District, Sh-2 Str. (Territory of the Alabuga Special Economic Zone), 4/1, Russian Federation",+ 7 (85557) 5-90-06,post@alabuga.ru,https://alabuga.ru/ru/,
32014R0833,595,EU-RUS,IV,Export control,23.2.2024,,LegalEntity,LLC Alabuga Development,Общество с Ограниченной Ответственностью «Алабуга Девелопмент» (ООО «Алабуга Девелопмент»); Alabuga Development Company,,,,,,,,,,,,,,,,,,1646043699 (Tax ID/INN),,,,,,,,,,,,,"423601, Republic of Tatarstan, Territory of the Alabuga Special Economic Zone, Sh-2 Str., Building 4, Rooms. 8, 9, 11, 12, 13, 14, Russian Federation",+ 7 916 414-76-72; + 7 (85557) 5-90-13,dnurkhametova@alabuga.ru,https://development.alabuga.ru,
32014R0833,596,EU-RUS,IV,Export control,23.2.2024,,LegalEntity,AO Geomir,"Акционерное Общество «Геомир» (АО «Геомир»); Inzhenerny Tsentr Geomir, AO; CJSC Engineering Center Geomir, JSC Geomir; ZAO Inzhenerny Tsentr Geomir",,,,,,,,,,,,,,,,,,5029062908 (Tax ID/INN),,,,,,,,,,,,,"141006, Moscow Oblast, Mytishchi, Olimiyskiy Prospekt, 50, Russian Federation; 394030, Voronezh, Melnichny Pereulok, 24, Russian Federation; 350047, Krasnodar, Krasnykh Partizan Str., 249, Office 209/2, Russian Federation; 344029, Rostov-on-Don, Molodogvardeysky Pereulok, 39, Office 2, Russian Federation",+ 7 (495) 788 59 56,info@geomir.ru,https://www.geomir.ru/,
32014R0833,597,EU-RUS,IV,Export control,23.2.2024,,LegalEntity,OOO Albatross,Общество с Ограниченной Ответственностью «Альбатрос» (ООО «Альбатрос»); Albatross LLC; Limited Liability Company “Albatros”; OOO Albatros,,,,,,,,,,,,,,,,,,5038127220 (Tax ID/INN),,,,,,,,,,,,,"423601, Republic of Tatarstan, Territory of the Alabuga Special Economic Zone, Sh-2 Str., 5/12, Premises 253, Russian Federation; 423601, Republic of Tatarstan, Yelabuga Municipal District, Elabuga Urban Settlement, Territory of the Alabuga Special Economic Zone, Sh-1 Str., 8/1, Russian Federation; 141206, Moscow Oblast, Pushkino, Zavodskaya Str., 33, Russian Federation",+ 7 (85557) 5-90-06,info@alb.aero,https://alb.aero/,
32014R0833,598,EU-RUS,IV,Export control,23.2.2024,,LegalEntity,AO SET-1,Акционерное Общество «СЕТ-1» (АО «СЕТ-1»); Set-1 JSC,,,,,,,,,,,,,,,,,,7720166348 (Tax ID/INN),,,,,,,,,,,,,"127287, Moscow, 2nd Khutorskaya Str., 38A, Building 1, Floor 6, Office 614, Russian Federation; 105264, Moscow, Pervomayskaya Verkhnaya Str., 43, Room 16, Office 6, Russian Federation",+ 7 (495) 223-22-05,set@set-1.ru,http://set-1.ru/,
32014R0833,599,EU-RUS,IV,Export control,23.2.2024,,LegalEntity,OOO Alabuga Volokno,Общество с Ограниченной Ответственностью «Алабуга-Волокно» (ООО «Алабуга Волокно»); Alabuga-Fiber LLC,,,,,,,,,,,,,,,,,,1646031132 (Tax ID/INN),,,,,,,,,,,,,"423601, Republic of Tatarstan, Elabuga, Territory of the Alabuga Special Economic Zone, Sh-2 Str., 11/9, Russian Federation",+ 7 855 575 34 00,alabuga-volokno@umatex.com,https://en.umatex.com/company/alabugavolokno/,
32014R0833,600,EU-RUS,IV,Export control,23.2.2024,,LegalEntity,SuperCam,Общество с Ограниченной Ответственностью «Беспилотные Системы» (ООО «Беспилотные Системы»); LLC Unmanned Systems; Supercam.Aero; SuperCam Unmanned Systems Group; GK “Bespilontye Sistemy”; OOO Bespilotnye Sistemy,,,,,,,,,,,,,,,,,,1831156383 (Tax ID/INN),,,,,,,,,,,,,"426011, Udmurt Republic, Izhevsk, 10 Let Oktyabrya Str.,10, 24, Appartment 62, Russian Federation; 426063, Udmurt Republic, Izhevsk, Melnichnaya Str., 34A, Russian Federation",+ 7 (3412) 51-51-65; + 7 (912) 012-10-00,,https://supercam.aero/,
32014R0833,601,EU-RUS,IV,Export control,23.2.2024,,LegalEntity,AviatestAero,Общество с Ограниченной Ответственностью «Авиационные Измерительные Технологии» (ООО «Авиационные Измерительные Технологии»); Авиатест.аэро; Aviation Measurement Technologies LLC; Aviatest.aero,,,,,,,,,,,,,,,,,,,,,,,,,,,,,,,"115432 Moscow, 2nd Kozhukhovsky Proezd, 29, Block 2, Building 16, Russian Federation",+ 7 (495) 308-90-60,info@aviatest.aero,https://aviatest.aero/,
32014R0833,602,EU-RUS,IV,Export control,23.2.2024,,LegalEntity,Conex Doo Beograd-Stari Grad,Društvo Za Proizvodnju i Promet Conex Društvo Sa Ograničenom Odgovornošću Beograd-Stari Grad; Conex Doo; CONEX D.O.O. BEOGRAD-STARI GRAD; Company for Production and Trade Conex Limited Liability Company Belgrade-Stari Grad,,,,,,,,,,,,,,,,,,07986653 (ID),,,,,,,,,,,,,"Uzun Mirkova 7, 11102 Belgrade (Stari Grad), Republic of Serbia",+ 381665779319,milica.milicevic@conex-corporation.com,https://conex-corporation.com/,
32014R0833,603,EU-RUS,IV,Export control,23.2.2024,,LegalEntity,Guangzhou Ausay Technology Co Limited,"广州欧赛科技有限公司; Ausay Pcb, HK Ausay Technology Co.,Limited",,,,,,,,,,,,,,,,,,91440101MA5ALQNR86 (USCC),,,,,,,,,,,,,"8e, Guangzhou, Baiyun District, Building C Mizi Industrial, Zone 5, Hebian, People’s Republic of China; R301 Block A of No 3 Building West Area of Tongda Industrial Zone Hebian 5 She Helong street Baiyun District Guangzhou GD, People’s Republic of China",+ 86 18988913933,info@ausay.com,http://www.ausay.com/sy,
32014R0833,604,EU-RUS,IV,Export control,23.2.2024,,LegalEntity,Shenzhen Biguang Trading Co. Ltd,深圳市比广贸易有限公司,,,,,,,,,,,,,,,,,,91440300MA5GH3DL64 (USCC),,,,,,,,,,,,,"18e, Block B, World Trade Square, Shenzhen, Guangdong, People’s Republic of China",,,http://biguang.en.alibaba.com,
32014R0833,605,EU-RUS,IV,Export control,23.2.2024,,LegalEntity,Yilufa Electronics Ltd.,深圳市亿路发科技有限公司; Yilufa Electronics Limited,,,,,,,,,,,,,,,,,,91440300769188559R (USCC); 0868520 (CR No.),,,,,,,,,,,,,"1806, Futian District, Shenzhen City, Guangdong Province, Hanguo Center, Shenzhen, People’s Republic of China; Flat 419, 4/F, Block B, Sheung Shui Plaza, 3, Ka Fu Close, Sheung Shui, NT, Hong Kong; Unit 02, 21/F, Hip Kwan Commercial Building, 38 Pitt Street, Yau Ma Tei, Kowloon, Hong Kong",0755-82532262,info@ylfelectronics.com,http://www.ylfelectronics.com/,
32014R0833,606,EU-RUS,IV,Export control,23.2.2024,,LegalEntity,TOO Elem Group,"Товарищество с Ограниченной Ответственностью «ELEM GROUP (ЭЛЕМ ГРУПП)» (ТОО «ELEM GROUP (ЭЛЕМ ГРУПП)»); «ELEM GROUP (ЭЛЕМ ГРУПП)» Жауапкершілігі Шектеулі Серіктестігі; Elem Group LLP, Limited Liability Partnership “Elem Group (Elem Grupp)”",,,,,,,,,,,,,,,,,,220340015717 (BIN),,,,,,,,,,,,,"05004, Almaty, Almalinsky District, Nauryzbay Batyra Str., 8, Republic of Kazakhstan",+ 7 778 913 47 56; + 7 775 391-83-78,sales@elemgroup.kz,https://elemgroup.kz/,
32014R0833,607,EU-RUS,IV,Export control,23.2.2024,,LegalEntity,"Thai IT Hardware Co., Ltd","บริษัท ไทย ไอที ฮาร์ดแวร์ จำกัด; Thai IT Hardware; Roll Up Co., Ltd.",,,,,,,,,,,,,,,,,,0205565028297 (Registered No.),,,,,,,,,,,,,"315/85 Floor 3, Moo 12, Nongprue, Banglamung, Chonburi, Kingdom of Thailand",+ 5396534771,sale@thai-it-hardware.co.th,https://www.thai-it-hardware.co.th/,
32014R0833,608,EU-RUS,IV,Export control,23.2.2024,,LegalEntity,Yildiz Çip Teknoloji Elektronik Elektrik Bilgisayar Malzemeleri Ticaret Sanayi Limited Sirketi,Yildiz Çip Teknoloji Elektronik Elektrik Bilgisayar Malzemeleri Ticaret Sanayi Limited Șirketi; Yildiz Çip; Yildiz Çip Teknoloji Elektronik Elektrik Bilgisayar Malzemeleri Tic. San. Ltd. Ști.; Yildiz Chip Technology Electronic Electric Computer Materials Trade Industry Limited,,,,,,,,,,,,,,,,,,,,,,,,,,,,,,,"Kishla, cadde Șehit Binbașı Cengiz Toytunj, Antelsan İș Merkezi No: 118, kat 5, İç kapı: 401 Muratpașa/ Antalya, Republic of Türkiye; Kișla Mah. Șehit Binbași Cengiz Toytunç Cad. Antelsan İșmerkezi, 401/118, Antalya / Muratpasa, Republic of Türkiye",+ 90 (546) 106 10 32; 0507 619 3070,info@yildizchip.net; info@yildizchip.com.tr,https://yildizchip.net/,
32014R0833,609,EU-RUS,IV,Export control,23.2.2024,,LegalEntity,LLC Fregat,Общество с Ограниченной Ответственностью «Фрегат» (ООО «Фрегат»); Fregat LLC; OOO Fregat,,,,,,,,,,,,,,,,,,7814533642 (Tax ID/INN),,,,,,,,,,,,,"197101, St. Petersburg, Petrogradskaya Embankment, 36, Letter A, Russian Federation; 191144, St. Petersburg, Moiseenko Str., 24A, Room 1-H, Office 404-404a, Russian Federation",+ 7 812 325-09-72; + 7 495 128-88-55; 8 800 301-96-04,info@fregat.ru,https://fregat.ru/; http://www.fregat.spb.ru/,
32014R0833,610,EU-RUS,IV,Export control,23.2.2024,,LegalEntity,IC Specpostavka,Общество с Ограниченной Ответственностью «ОЭС Спецпоставка» (ООО «ОЭС Спецпоставка»); OES SPECPOSTAVKA; OOO OES Spetspostavka; OESSP,,,,,,,,,,,,,,,,,,7840422875 (Tax ID/INN),,,,,,,,,,,,,"197183, St. Petersburg, Lipovaya Alley, 9, Letter A, Room 27N, Russian Federation; 197046, St. Petersburg, Petrogradskaya Embankment, 36, “Linkor” Business Centre, Russian Federation; 191144, St. Petersburg, Moiseenko Str., 24, Letter A, Premises 1-H, Office 101, Russian Federation; 119017, Moscow, Novokuznetskaya Str., 4/12, Building 1, Business Centre “Matrix Office”, Russian Federation",+ 7 (812) 7777-080; + 7 (495) 128-81-64; 8 (800) 707 41 35,contact@oessp.ru,https://oessp.ru/,
32014R0833,611,EU-RUS,IV,Export control,23.2.2024,,LegalEntity,Nordlase LLC,Общество с Ограниченной Ответственностью Нордлэйз (ООО Нордлэйз); NordLase; OOO Nordleyz,,,,,,,,,,,,,,,,,,7801692772 (Tax ID/INN),,,,,,,,,,,,,"198205, St. Petersburg, Staro-Panovo, Tallinskoye Shosse, 206, Letter A, Premises 2126, Office 1, Russian Federation",8 (800) 200-65-60,info@nordlase.ru,https://nordlase.ru/,
32014R0833,612,EU-RUS,IV,Export control,23.2.2024,,LegalEntity,Leningrad Laser Systems,Акционерное Общество «ЛЛС» (АО «ЛЛС»); Ленинградские Лазерные Системы; AO LLS; LenLasers,,,,,,,,,,,,,,,,,,7813261308 (Tax ID/INN),,,,,,,,,,,,,"197198, St. Petersburg, Yablochkova Str., 20, Letter Ya, Office 408, Russian Federation; 630090, Novosibirsk, Boris Bogatkova Str., 210, Russian Federation; 119019, Moscow, Filippovsky Pereulok, 13, Building 1, Russian Federation; 690088, Vladivostok, Zhigura Str., 2, Russian Federation",+ 7 (964) 442-90-01; + 7 (812) 507-81-00,info@lenlasers.ru; lenlasers@gmail.com,http://lenlasers.ru/,
32014R0833,613,EU-RUS,IV,Export control,23.2.2024,,LegalEntity,LLS Mark,ЛЛС Марк; LLS,,,,,,,,,,,,,,,,,,,,,,,,,,,,,,,"197198, St. Petersburg, Yablochkova Str., 20, Letter Ya, Office 40, Russian Federation; 197198, St. Petersburg, Birzhevaya Liniya, 16, ITMO Technopark, Office 401, Russian Federation",+ 7 (812) 507-83-00; + 7 (812) 612-99-82; + 7 (499) 490-63-00,info@lls-mark.ru,http://www.lls-mark.ru/,
32014R0833,614,EU-RUS,IV,Export control,23.2.2024,,LegalEntity,OOO Staut,Общество с Ограниченной Ответственностью «Стаут» (ООО «Стаут»); Staut Design Center,,,,,,,,,,,,,,,,,,7811401214 (Tax ID/INN),,,,,,,,,,,,,"200961, St. Petersburg, BOX 1410, Russian Federation; 191144, St. Petersburg, Moiseenko Str., 41, Letter B, Room 4, Floor 2, Office 1, Russian Federation; 192029, St. Petersburg, Prospekt Obukhovsky Aborony, 123A, Premises 20, Russian Federation; 192029, St. Petersburg, Prospekt Elizarova, 10, Letter B, Russian Federation","+ 7 (812) 325-52-03, + 7 (812) 365-64-54, + 7 (812) 777-70-80",mail@staut.su,https://staut.su/,
32014R0833,615,EU-RUS,IV,Export control,25.6.2024,,LegalEntity,MFK Fulcrum (Russia),Общество с Ограниченной Ответственностью «МФК Точка Опоры» (ООО «МФК Точка Опоры»); MFC Fulcrum; MFK Fulcrum LLC; OOO MFK Tochka Opory,,,,,,,,,,,,,,,,,,7729185232 (Tax ID/INN),,,,,,,,,,,,,"117452, Moscow, Balaklavskiy Prospekt, 28B, Building 1, Russian Federation; 195027, St. Petersburg, Shaumyana Prospekt, 4, Building 1, Letter A, Office 414, Russian Federation; 119571, Moscow, Vernadskogo Prospekt, 119, Apartment 104, Russian Federation",+ 7 (800) 200-3942; + 7 (495) 956-39-42,sales@fulcrum.ru; ic@fulcrum.ru,https://fulcrum.ru,
32014R0833,616,EU-RUS,IV,Export control,25.6.2024,,LegalEntity,Power Telecom LLC,Общество с Ограниченной Ответственностью «Пауэр Телеком» (ООО «Пауэр Телеком»); Pauer Telekom; Ural Telecom Systems; OOO UTS,,,,,,,,,,,,,,,,,,6671025854 (Tax ID/INN),,,,,,,,,,,,,"623630, Sverdlovsk Oblast, Alapaevsk, Vokzalnaya Str., 1, Russian Federation; 620014, Sverdlovsk Oblast, Yekaterinburg, Khokhryakova Str., 72, Office 306, Russian Federation; 620014, Sverdlovsk Oblast, Yekaterinburg, Khokhryakova Str., 74, (Business Centre “Kristal”), Office 1102, Russian Federation",+ 7 (800) 200-3942; + 7 (495) 956-39-42; + 8 800 302 6605,sales@utsbroker.com,https://www.utsbroker.com/,
32014R0833,617,EU-RUS,IV,Export control,25.6.2024,,LegalEntity,Smart VIP LLC,Общество с Ограниченной Ответственностью «Смарт ВИП» (ООО «Смарт ВИП»),,,,,,,,,,,,,,,,,,7724461922 (Tax ID/INN),,,,,,,,,,,,,"115404, Moscow, 6th Radialnaya Str., 9, Premises XII, Floor 4, Room 2, Russian Federation",+ 7 (499) 403-37-42,info@smart-sps.ru,http://smart-sps.ru,
32014R0833,618,EU-RUS,IV,Export control,25.6.2024,,LegalEntity,RX Electronics Limited,日新電子有限公司; RX Electronics,,,,,,,,,,,,,,,,,,2813066 (CR No.),,,,,,,,,,,,,"Flat/Rm C9, 9/F Wing Hing Industrial Building, No14 Hing Yip Str., Kwun Tong, Kowloon, Hong Kong",+ 852-3482 3889; + 852-9187-299363,info@rxelectronics.com,https://www.rxelectronics.com,
32014R0833,619,EU-RUS,IV,Export control,25.6.2024,,LegalEntity,Zixis Limited,Zixis Ltd.,,,,,,,,,,,,,,,,,,2851412 (CR No.),,,,,,,,,,,,,"Unit A22, Block A, 10/F, Prince Industrial Building, 706 Prince Edward Road East, San Po Kong, Kln, Hong Kong; 501–503 Castle Peak Road, Unit B090, International Industrial Building, Kowloon, Hong Kong; Unit D, 16/F One Capital Place, 18 Luard Rd, Wan Chai, Hong Kong",,,,
32014R0833,620,EU-RUS,IV,Export control,25.6.2024,,LegalEntity,LLC NVS Navigation Technologies,Общество с Ограниченной Ответственностью «НВС Навигационные Технологии» (ООО «НВС Навигационные Технологии»); NVS Technologies; NVS Navigation Technologies Ltd; OOO NVS Navigatsionnye Tekhnologii,,,,,,,,,,,,,,,,,,7730637821 (Tax ID/INN),,,,,,,,,,,,,"121170, Moscow, Kulneva Str., 3, Building 1, Office III, Room 25, Russian Federation",+ 7 (495660) 06-30,info@nvs-gnss.ru,www.nvs-gnss.ru,
32014R0833,621,EU-RUS,IV,Export control,25.6.2024,,LegalEntity,JSC Navis Group,Акционерное Общество «Навис Групп» (АО «Навис Групп»); Aktsionernoe Obshchestvo Navis Grupp,,,,,,,,,,,,,,,,,,7730671533 (Tax ID/INN),,,,,,,,,,,,,"121170, Moscow, Kulneva Str., 3, Building 1, Office III, Room 15, Russian Federation",+ 7 (495) 665-61-54113,,https://group.navis.ru/,
32014R0833,622,EU-RUS,IV,Export control,25.6.2024,,LegalEntity,JSC Navis-Electronics,Акционерное Общество «Навис-Электроника» (АО «Навис-Электроника»); Aktsionernoe Obshchestvo Navis Elektronika,,,,,,,,,,,,,,,,,,7730702460 (Tax ID/INN),,,,,,,,,,,,,"121170, Moscow, Kulneva Str., 3, Building 1, Office III, Room 15, Russian Federation; 127411, Moscow, Dimitrovskoe Shosse, 157, Building 8, Russian Federation; 127411, Moscow, P.O. Box 4, Russian Federation",+ 7 (495) 665-61-59,electronics@navis.ru,https://navis-electronics.ru,
32014R0833,623,EU-RUS,IV,Export control,25.6.2024,,LegalEntity,ANO KB Korund-M,Автономная Некоммерческая Организация Конструкторское Бюро «Корунд-М» (АНО КБ «Корунд-М»); Autonomous Nonprofit Organisation Design Bureau Korund-M; Autonomous NGO Design Bureau Korund-M,,,,,,,,,,,,,,,,,,7725047200 (Tax ID/INN),,,,,,,,,,,,,"115280, Moscow, Avtozavodskaya Str., 23, Building 15, Russian Federation; 115280, Moscow, Danilovsky Municipal District, Leninskaya Sloboda Str., 9, Russian Federation; 115820, Moscow, Avtozavodskaya Str., 25, Building 2, Floor 6, Room 1, Russian Federation",+ 7 (495) 739-04-45; + 7 (495) 274-61-08; + 7 (903) 729-76-41,mss@korund_m.ru,http://korund-m.org,
32014R0833,624,EU-RUS,IV,Export control,25.6.2024,,LegalEntity,JSC KB Korund-M,Акционерное Общество «Конструкторское Бюро «Корунд-М» (АО КБ «Корунд-М»); JSC Design Bureau Korund-M,,,,,,,,,,,,,,,,,,7725700394 (Tax ID/INN),,,,,,,,,,,,,"115230, Moscow, Elektrolitny Proezd, 9, Building 1, Russian Federation",+ 7 (495) 719-76-51; + 7 499 678-20-60,oao_korund@korund-m.ru,https://korund-m.ru/,
32014R0833,625,EU-RUS,IV,Export control,25.6.2024,,LegalEntity,JSC Radio Engineering Concern “Vega” (Vega Konsern),Акционерное Общество «Концерн Радиостроения «Вега» (АО «Концерн «Вега»); Vega Radio Engineering Corporation,,,,,,,,,,,,,,,,,,7730170167 (Tax ID/INN),,,,,,,,,,,,,"121170, Moscow, Kutuzovsky Prospekt, 34, Russian Federation",+ 7 (499) 753-40-04,mail@vega.su,https://www.vega.su/ (offline),
32014R0833,626,EU-RUS,IV,Export control,25.6.2024,,LegalEntity,LLC Optics.Signals.Antennas (O.S.A.),Общество с Ограниченной Ответственностью «Оптика.Сигналы.Антенны» (ООО «О. С. А.»); LLC O.S.A.,,,,,,,,,,,,,,,,,,7814515450 (Tax ID/INN),,,,,,,,,,,,,"197348, St. Petersburg, Kolomyazhsky Prospekt, 10, Letter E, Russian Federation",+ 7 (812) 930-07-03; + 7 (812) 986-81-57; + 7 (950) 013-3535,info@osa.llc,https://osa.llc/; http://osa-spb.com/,
32014R0833,627,EU-RUS,IV,Export control,25.6.2024,,LegalEntity,Federal State Unitary Enterprise NPP Gamma,Федеральное Государственное Унитарное Предприятие “Научно-Производственное Предприятие ‘Гамма’” (ФГУП “НПП ‘Гамма’”); Federal State Unitary Enterprise Scientific and Production Enterprise Gamma; Federal State Unitary Enterprise “Research and Production Enterprise ‘Gamma’”; FGUP NPP Gamma; FSUE NPP Gamma,,,,,,,,,,,,,,,,,,7728044373 (Tax ID/INN),,,,,,,,,,,,,"117420, Moscow, Profsoyuznaya Str., 78, Building 4, Russian Federation; 630005, Novosibirsk, Pisareva Str., 53, Russian Federation; 344064, Rostov-on-Don, Vavilova Str., 54, Letter A, Russian Federation; 680013, Khabarovsk, Kulibina Str., 1, Russian Federation; 236022, Kaliningrad, Gvardeysky Prospekt, 15, Russian Federation; 197110, St. Petersburg, Pionerskaya Str., 44, Russian Federation; 620078, Yekaterinburg, Studencheskaya Str., 51, Russian Federation; 603104, Nizhny Novgorod, Nartova Str., 6, Russian Federation; 295017, Simferopol, Kievskaya Str., 34/2, Russian Federation; 400012, Volgograd, Onezhskaya Str., 30, Office 206, Russian Federation; 625000, Tyumen, Respubliki Str., 59, Office 829, Russian Federation, 690039, Vladivostok, Elseyskaya Str., 55, Russian Federation",+ 7 (495) 514-02-74,info@nppgamma.ru,https://nppgamma.ru/,
32014R0833,628,EU-RUS,IV,Export control,25.6.2024,,LegalEntity,Dielcom LLC,Общество с Ограниченной Ответственностью «Диэлком» (ООО «Диэлком»); OOO Dielkom,,,,,,,,,,,,,,,,,,7841484779 (Tax ID/INN),,,,,,,,,,,,,"190000, St. Petersburg, Obuchovskoy Oborony Prospekt, 163, Russian Federation; 195196, St. Petersburg, Tallinskaya Str., 7, Letter O, Russian Federation",+ 7 (960) 256-33-00; + 7 (921) 091-47-55; + 7 (812) 339-45-97,spd@dielcom.ru,http://dielcom.ru/,
32014R0833,629,EU-RUS,IV,Export control,25.6.2024,,LegalEntity,Dielcom EK,Общество с Ограниченной Ответственностью «Диэлком-ЭК» (ООО «Диэлком-ЭК»); OOO Dielkom-EK; Dielcom EC LLC,,,,,,,,,,,,,,,,,,7806552930 (Tax ID/INN),,,,,,,,,,,,,"195196, St. Petersburg, Tallinskaya Str., 7, Letter O, Premises 4-N, Office 403-6, Room 117, Russian Federation",+ 7 (921) 091-47-55; + 7 (812) 339-45-97,spb@dielcom.ru,https://dielcom-ec.ru/,
32014R0833,630,EU-RUS,IV,Export control,25.6.2024,,LegalEntity,Telecommunications Technology (TKT),Общество с Ограниченной Ответственностью «Телекоммуникационные Технологии» (ООО «ТКТ»); OOO TKT; Telecommunication Technologies LLC,,,,,,,,,,,,,,,,,,7733582433 (Tax ID/INN),,,,,,,,,,,,,"121593, Moscow, Gorbunova Str., 2, Building 3, Foor 8, Premises II, Room 27235, Russian Federation; 121357, Moscow, Vereyskaya Str., 29, Building 134, Russian Federation",+ 7 (495) 494-72-83; + 7 (499) 372-59-09237,info@telecom-tech.ru,https://telecom-tech.ru/,
32014R0833,631,EU-RUS,IV,Export control,25.6.2024,,LegalEntity,Azimut LLC,Общество с Ограниченной Ответственностью «Азимут» (ООО «Азимут»); OOO Azimut,,,,,,,,,,,,,,,,,,5002005356 (Tax ID/INN),,,,,,,,,,,,,"115230, Moscow, Varshavskoe Shosse, 42, Floor 7, Office 7122, Russian Federation",,,,
32014R0833,632,EU-RUS,IV,Export control,25.6.2024,,LegalEntity,Win Key Limited,Win Key; Win Ket Ltd,,,,,,,,,,,,,,,,,,2729587 (CR No.),,,,,,,,,,,,,"Room 1606, 16/F Workingbond Commercial Centre, 162-164 Prince Edward Road West, Mong Kok, Kowloon, Hong Kong; Unit 1008, 10/F, Sun Cheong Industrial Building, 2-4 Cheung Yee Street, Hong Kong",,,,
32014R0833,633,EU-RUS,IV,Export control,25.6.2024,,LegalEntity,LLC Titan-Micro,Общество с Ограниченной Ответственностью «Титан-Микро» (ООО «Титан-Микро»); Titan Mikro,,,,,,,,,,,,,,,,,,6230119259 (Tax ID/INN),,,,,,,,,,,,,"125481, Moscow, Severnoye Tushino Municipal District, Svobody Str., 103, Building 8, Floor 2, Room 4265, Russian Federation; 390023, Ryazan, Yesenina Str, 41, Room N11, Russian Federation266; 125367, Moscow, Polessky Proezd, 16, Building 1, Russian Federation; 117246, Moscow, Profsoyuznaya Str., 6, Russian Federation",+ 7 (925) 160-73-80; + 7 (495) 260-77-50268; + 7 (4912) 43-44-10269,info@titan-micro.ru270,https://titan-micro.ru/,
32014R0833,634,EU-RUS,IV,Export control,25.6.2024,,LegalEntity,Streloi Ekommerts,Общество с Ограниченной Ответственностью «Стрелой Е-Коммерц» (ООО «Стрелой Е-Коммерц»); LLC Streloy E-Commerce,,,,,,,,,,,,,,,,,,7840068335 (Tax ID/INN),,,,,,,,,,,,,"191025, St. Petersburg, Vladimir Municipal District, Dmitrovsky Pereulok, 13, Letter A280, Russian Federation; 194292, St. Petersburg, Parnassus 1st Vekhny Pereulok, 10, Building 3, Hangar A3, Gate 10, Russian Federation; 123001, Moscow, Mamonovsky Pereulok 6, Russian Federation; 620014, Yekaterinburg, Sheinkman Str., 75, Office 7, Russian Federation",+ 7 (812) 670-50-50; + 7 (812) 670-50-59,info@e-streloy.ru,https://e-streloy.ru/,
32014R0833,635,EU-RUS,IV,Export control,25.6.2024,,LegalEntity,LLC Chipdevice,Общество с Ограниченной Ответственностью «Чипдевайс» (ООО «Чипдевайс»); OOO Chipdevais,,,,,,,,,,,,,,,,,,7806598766 (Tax ID/INN),,,,,,,,,,,,,"195196, St. Petersburg, Malaya Oktha Municipal District, Rizhskaya Str., 5, Building 1, Letter A, Room 27, 28, Office 416291, Russian Federation",+ 7 (812) 352-74-56292; + 7 (812) 660-56-37,info@chipdevice.ru,https://chipdevice.ru/,
32014R0833,636,EU-RUS,IV,Export control,25.6.2024,,LegalEntity,OOO Novelco,Общество с Ограниченной Ответственностью «Новелко» (ООО «Новелко»); Novelco LLC; OOO Novelko,,,,,,,,,,,,,,,,,,7733744331(Tax ID/INN),,,,,,,,,,,,,"141506, Moscow Oblast, Solnechnogorsk, Krasnaya Str., 58, Russian Federation; 141580, Moscow Oblast, Khimki, Dubrovki Village, Aeroportovskaya Str., 2, Building 2, Business Centre “Sherland”, Office 210-1, Russian Federation",+ 7 (495) 789-47-39307; + 8 (800) 600-42-30,order@novelco.ru308,https://novelco.ru/,
32014R0833,637,EU-RUS,IV,Export control,25.6.2024,,LegalEntity,Kvantek Limited,Kvantek; Kvantek (HK) Limited,,,,,,,,,,,,,,,,,,2916042 (CR No.),,,,,,,,,,,,,"Unit 704, 7/F, 135 Bonham Strand Trade Center, Sheung Wan, Hong Kong",+ 852 6078 0744; + 852 5801 4778316,info@kvantek-ltd.com,www.kvantek-ltd.com,
32014R0833,638,EU-RUS,IV,Export control,25.6.2024,,LegalEntity,SuperChip Limited,Superchip (HK) Limited; Superchip Ltd,,,,,,,,,,,,,,,,,,2724415 (CR No.),,,,,,,,,,,,,"Unit 704, 7/F, 135 Bonham Strand Trade Center, Sheung Wan, Hong Kong",+ 85239733866,info@superchip-ltd.com,www.superchip-ltd.com,
32014R0833,639,EU-RUS,IV,Export control,25.6.2024,,LegalEntity,Crynofist Aviation,تسيفونيرك نشييفا ش.م.ح; Crynofist Aviation FZCO,,,,,,,,,,,,,,,,,,11915819 (CBLS No.),,,,,,,,,,,,,"9WB 159-SO-26, First Floor, 9WB, Dubai Airport Freezone, Dubai, United Arab Emirates",+ 971 4 261 4263,sales@crynofist.com,https://crynofistaviation.com/,
32014R0833,640,EU-RUS,IV,Export control,25.6.2024,,LegalEntity,Kaili Industrial HK Limited,香港凱利實業有限公司; Kaili Industrial H.K. Ltd,,,,,,,,,,,,,,,,,,3030778 (CR No.),,,,,,,,,,,,,"Room 803, Chevalier House, 45-51 Chatham Road South, Tsim Sha Tsui, Kowloon, Hong Kong",+ 7 (423) 242-85-03; + 7 (423) 261-46-41,,,
32014R0833,641,EU-RUS,IV,Export control,25.6.2024,,LegalEntity,Most Development Limited,莫斯特發展有限公司; Most Development; Most Development Ltd,,,,,,,,,,,,,,,,,,2694980 (CR No.),,,,,,,,,,,,,"2–16 Fayuen Street, Office 4, 16/F, Ho King Commercial Center, Hong Kong; 9 Yin Chong Street, 21F, Room 01, Prosper Commercial Building, Hong Kong",+ 852 21376113,sale@most-development.com,https://most-development.com/,
32014R0833,642,EU-RUS,IV,Export control,25.6.2024,,LegalEntity,Muller Markt LLC,Общество с Ограниченной Ответственностью «Мюллер Маркт» (ООО «Мюллер Маркт»); «Мюллер Маркт» жоопкерчилиги чектелген коому; Müller Markt; OOO Myuller Markt,,,,,,,,,,,,,,,,,,01805202210181 (Tax ID/INN),,,,,,,,,,,,,"Bishkek, Leninsky District, 95, Kalyk Akieva Str., 3rd Floor, Kyrgyz Republic; 720005, Bishkek, Fatyanova Str., 43, Kyrgyz Republic",+ 996 507 220 048; + 996 551 88 22 11364,info@muller-makrt.kg,http://www.muller-markt.kg/,
32014R0833,643,EU-RUS,IV,Export control,25.6.2024,,LegalEntity,Profflab LLC,Общество с Ограниченной Ответственностью «ПроффЛаб» (ООО «ПроффЛаб»); «ПроффЛаб» жоопкерчилиги чектелген коому; Profflab OSOO,,,,,,,,,,,,,,,,,,01703202210047 (Tax ID/INN),,,,,,,,,,,,,"720001, Bishkek, Leninsky District, Toktogula Str., 179/2, Kyrgyz Republic",,,http://proff-lab.kg/,
32014R0833,644,EU-RUS,IV,Export control,25.6.2024,,LegalEntity,Megasan Elektronik Ticaret Ve Sanayi A S,Megasan Elektronik Ticaret Ve Sanayi Anonim Șirketi; Megasan,,,,,,,,,,,,,,,,,,0613-0759-7600-0001 (Central Registration System No.),,,,,,,,,,,,,"34771, Fatih Sultan Mehmet Mahallesi Poligon Caddesi OneBlock İș Merkezi No:16 Floor:11, Umraniye Istanbul, Republic of Türkiye; Perpa Trading Centers A Block Floor:11 No: 1409 34384 Sisli, Istanbul, Republic of Türkiye",0212 293 5900; 0212 293 5903,info@megasan.com,http://www.megasan.com,
32014R0833,645,EU-RUS,IV,Export control,25.6.2024,,LegalEntity,Karasani Dis Ticaret Limited Sirketi,Karasani Diș Ticaret Limited Șirketi; Karasani Foreign Trade Limited Company,,,,,,,,,,,,,,,,,,0079-0681-5280-0001 (Central Registration System No.),,,,,,,,,,,,,"Cumhuriyet Mah.Cevval Sk. No:1/3 İç Kapi No:180, Büyükçekmece, Istanbul, Republic of Türkiye; Bahcesehir 2. Kisim Mah. Waterfall Cad. 13e, Basaksehir, Istanbul, Republic of Türkiye; Bahçeșehir 2. Kısım Mah. Șelale Cad. Manolya Evleri 13E B1:48 Basaksehir, Istanbul, Republic of Türkiye",532 062 57 24; + 90 533 136 83 78,info@karasani.com.tr,http://karasani.com.tr/,
32014R0833,646,EU-RUS,IV,Export control,25.6.2024,,LegalEntity,CTL Dis Ticaret Limited,CTL Diș Ticaret Limited Șirketi; CTL Foreign Trade Limited; CTL Limited,,,,,,,,,,,,,,,,,,0215-0606-4670-0001 (Central Registration System No.),,,,,,,,,,,,,"Nisbetiye Mah., Gazi Güçnar Sk. Uygur Iș Merkezi Blok No: 4, İc Kapı No: 2, Beșiktaș, Istanbul, Republic of Türkiye",+ 905346311587,office@ctl-limited-tr.com,https://www.ctl-limited-tr.com/,
32014R0833,647,EU-RUS,IV,Export control,25.6.2024,,LegalEntity,Bion Group Ic Ve Dis Ticaret Limited,Bion Group İç Ve Diș Ticaret Limited Șirketi; Bion Trade Group Limited; Bion Group Ltd Sti,,,,,,,,,,,,,,,,,,0050-1012-6670-0001 (Central Registration System No.),,,,,,,,,,,,,"Maslak Mah. Büyükdere Cad. Noramin İș Merkezi No: 237 İç Kapi No: 202, Sariyer, Istanbul, Republic of Türkiye",+ 90 212 438 3235,tr@biontrading.com,https://www.biontrading.com/,
32014R0833,648,EU-RUS,IV,Export control,25.6.2024,,LegalEntity,Ervacan Makina Ekipmanlari Ve San Ted Ltd,Ervacan Makina Ekipmanlari Ve Sanayi Tedarik Limited Șirketi; Ervacan Makina Ekipmanları ve Sanayi Tedarik Ltd Ști.,,,,,,,,,,,,,,,,,,0376-0151-3570-0001 (Central Registration System No.),,,,,,,,,,,,,"Küçükbakkalköy Mah., Defne Sok., Flora Suite Office, KNo: 1, DNo: 365, PK: 34750, Atasehir, Istanbul, Republic of Türkiye",532 317 72 99,info@ervacan.com.tr,https://www.ervacan.com.tr/,
32014R0833,649,EU-RUS,IV,Export control,25.6.2024,,LegalEntity,Smart Trading Tasimacilik Sanayi Ve Ticaret Limited,Smart Trading Tașimacilik Sanayi Ve Ticaret Limited Șirketi,,,,,,,,,,,,,,,,,,0772-1465-6280-0001(Central Registration System No.),,,,,,,,,,,,,"Esentepe Mah., Harman 1, Sk.Duran İș Merkezi Blok No:4/8, Șișli, Istanbul, Republic of Türkiye",555 604 38 91,,,
32014R0833,650,EU-RUS,IV,Export control,25.6.2024,,LegalEntity,Orel Dis Tic. Ltd. Sti,Orel Diș Ticaret Limited Șirketi; Orel Dis Ticaret Ltd.; Orel Foreign Trade Limited Company,,,,,,,,,,,,,,,,,,,,,,,,,,,,,,,"Alaaddinbey Mah. 632. Sk. No: 6a İç Kapi No: 1 Nilüfer, Bursa, Republic of Türkiye",,,,
32014R0833,651,EU-RUS,IV,Export control,25.6.2024,,LegalEntity,Chang Guang Satellite Technology Co. Ltd,"长光卫星技术股份有限公司 (长光卫星); CGST; Changguang Setellite Co., Ltd; “Charming Globe”",,,,,,,,,,,,,,,,,,91220101310012867G (USCC),,,,,,,,,,,,,"1299, Mingxi Road, Beihu Technological Development Zone, Changchun City, Jilin Province, People’s Republic of China",+ 86-0431-81785191,,http://www.jl1.cn/EWeb/,
32014R0833,652,EU-RUS,IV,Export control,25.6.2024,,LegalEntity,China Head Aerospace Group,北京和德宇航技术有限公司; China Head Aerospace Technology Co.; China Head Technology Co.; China Head Technology Company,,,,,,,,,,,,,,,,,,91110108661572276L (USCC),,,,,,,,,,,,,"Room no1, 13th floor, Building no5, Defence Science and Technology Park, Compound A2, West 3rd Ring North Road, Haidian district, Beijing, People’s Republic of China",+ 86 10 82890470,info@head-aerospace.com,http://www.head-aerospace.com/,
32014R0833,653,EU-RUS,IV,Export control,25.6.2024,,LegalEntity,Changsha Tianyi Space Science and Technology Research (SpaceTy),"长沙天仪空间科技研究院有限公司; Spacety China; Changsha Tianyi Space Science and Technology Research Institute Co. LTD; Spacety Co., Ltd.",,,,,,,,,,,,,,,,,,914301003206989977 (USCC),,,,,,,,,,,,,"25th floor, A Building, Lugu Science&Technology Innovation and Entrepreneurship Park, 1698 Yuelu West Avenue, High-tech development zone, Changsha, Hunan, People’s Republic of China",+ 86 0731-88712659,sales@spacety.cn; bd@spacety.cn; sar@spacety.cn,https://cn.spacety.com/,
32014R0833,654,EU-RUS,IV,Export control,25.6.2024,,LegalEntity,"Shenzhen 5G High Tech Innovation Co., Ltd",深圳五力高科创新科技有限公司,,,,,,,,,,,,,,,,,,91440300MA5HLP0L6L (USCC),,,,,,,,,,,,,"B502, Block B, Rongchao Yinglong Building, Longfu Road, Shangjing Community, Longcheng Sub-district, Longgang District, Shenzhen, People’s Republic of China; 306 Garden Road, Pingxi Community, Pingdi Sub-district, Longgang District, Shenzhen, People’s Republic of China",,,,
32014R0833,655,EU-RUS,IV,Export control,25.6.2024,,LegalEntity,Afox Corporation,元富科技集團股份有限公司,,,,,,,,,,,,,,,,,,1385734 (CR No.),,,,,,,,,,,,,"Ft F 10/F, Hung Cheung Ind Ctr Phs 1, 12 Tsing Yeung Circuit Tuen Mun Nt, Hong Kong; 807, Yan Hing Centre, 9-13 Wong Chuk Yeung St., Fo Tan, NT, Hong Kong; Pan-Asia, Australia, S. America countries and global sales 2F, No.3, Lane 5, Wu Kai Sha Village, Ma On Shan, Nt, Hong Kong",+ 852 81930016,sales@afox-corp.com,http://afox-corp.com,
32014R0833,656,EU-RUS,IV,Export control,25.6.2024,,LegalEntity,DEXP International Limited,,,,,,,,,,,,,,,,,,,2745132 (CR No.),,,,,,,,,,,,,"Unit 7103, 7/F Yf Life Tower 33 Lockhart Road Wan Chai, Hong Kong; 7B, 1801-03, 18/F, East Town Building, 41 Lockhart Road, Wan Chai, Hong Kong",+ 852 2760 2965,info@dexp.org,https://dexp.org/,
32014R0833,657,EU-RUS,IV,Export control,25.6.2024,,LegalEntity,Agu Information Technology Co Limited,"麥克維爾工業貿易有限公司; Makewell Industrial Trading Co., Limited",,,,,,,,,,,,,,,,,,3142653 (CR No.),,,,,,,,,,,,,"Unit 22, 2/F, Foo To Building, 98 Argyle Street, Mongkok, Kowloon, Hong Kong",,,,
32014R0833,658,EU-RUS,IV,Export control,25.6.2024,,LegalEntity,Grants Promotion Service Limited,Catalano Limited; GPSL; Zhenao Co. Ltd.,,,,,,,,,,,,,,,,,,086468819 (CR No.),,,,,,,,,,,,,"430-436 Nathan Road, Nathan Commercial Building, 8th Floor, Room A, Yau Ma Tei, Hong Kong",,clients@grantspsltd.com,https://grantspsltd.com/,
32014R0833,659,EU-RUS,IV,Export control,25.6.2024,,LegalEntity,Innovio Ventures,,,,,,,,,,,,,,,,,,,06AAFFI1755F1ZL (GSTIN),,,,,,,,,,,,,"944 Block C Sushant Lok Phase 1, Gurugram, Haryana, 122001, Republic of India; Basai Road, Shop No. 141, Gurgaon, Haryana, 122001, Republic of India",+ 91 9717344646,contact@innovioventures.com,https://innovioventures.com/,
32014R0833,660,EU-RUS,IV,Export control,25.6.2024,,LegalEntity,Imaxchip,"愛瑪芯科技有限公司; Imaxchip Technology Co Limited; Imaxchip Technology CO Ltd.; Emmaxin Technology Co., Ltd",,,,,,,,,,,,,,,,,,69392858 (USCC); 2697983 (CR No.),,,,,,,,,,,,,"18E, Building 2, China Phoenix Building, Shennan Road, Futian District, 518000, Shenzhen, People’s Republic of China; No. 59 King Yip Street, King Yip Factory Building, 5th Floor, Unit D5, Kwun Tong, Kowloon, Hong Kong; Shennan Middle Road, International Culture Building, Room 2508B, Futian District, Shenzhen, Guangdong, People’s Republic of China; Kwun Tong Industrial Center Phase 3, 3rd Floor, Unit L, Kwun Tong, Kowloon, Hong Kong; Nos. 436–446 Kwun Tong Road, 13th Floor, Unit A15, Kowloon, Hong Kong; Shennan Road, Phoenix Building 2, Room 18E, Futian District, Shenzhen, Guangdong, People’s Republic of China; Lianqiu Building, No. 735 Renmin West Road, Wucheng District, Jinhua, Zhejiang, People’s Republic of China; Shenfang Building B3109, Futian District, Shenzhen, Guangdong, People’s Republic of China",+ 86 755 83257992,kris@imaxchip.com,www.imax-chip.com,
32014R0833,661,EU-RUS,IV,Export control,25.6.2024,,LegalEntity,M Star International Trading Company Limited,"美星國際貿易有限公司; M-Star International Trading Co., Ltd.; Meixing International Trade Co., Ltd",,,,,,,,,,,,,,,,,,61365134 (BRN),,,,,,,,,,,,,"Room 2501, International Science & Technology Building, Futian District, Shenzhen, Guangdong, People’s Republic of China; Flat/Rm D19 3/F, Wong King Industrial Building, No 2 Tai Yau Street, KL, Hong Kong",+ 86 15818601197,sales@m-starit.com,http://www.m-starit.com,
32014R0833,662,EU-RUS,IV,Export control,25.6.2024,,LegalEntity,Ix Elektronik Ic Ve Dis Ticaret Limited,Ix Elektronik İç Ve Diș Ticaret Limited Șirketi,,,,,,,,,,,,,,,,,,,,,,,,,,,,,,,"Summer Park Sitesi D Blok, No:8D-23 OBA Mahallesi, Antalya, Republic of Türkiye; 07450, Alanya/Antalya, Oba Mahallesi 225, Sok Summer Park Sitesi No:8 D BL, Republic of Türkiye",,,,
32014R0833,663,EU-RUS,IV,Export control,25.6.2024,,LegalEntity,"Allparts Trading Co, Limited",All Parts Trading Company Limited,,,,,,,,,,,,,,,,,,3168281 (CR No.),,,,,,,,,,,,,"3 Garden Road Central, Hong Kong; Room 13, 27/F, Ho King Commercial Centre, 2-16 Fa Yuen, Street, Mongkok Kowloon, Hong Kong; Room 2901B, Bank of Communications, Futian District, Shenzhen, People’s Republic of China; Room 803, Chevalier House, 45-51 Chatham Road South, Kowloon, Tsim Sha Tsui, Hong Kong; 4/F Building 6 Deguan Lighting Factory, No. 2 South 1st, Guangzhou, People’s Republic of China; Room 1901H Bank of Communications, Futian District, Shenzhen, People’s Republic of China",,,,
32014R0833,664,EU-RUS,IV,Export control,25.6.2024,,LegalEntity,Bee Insaat Mimarlik Anonim Sirketi,Bee İnșaat Mimarlik Anonim Șirketi; Bee Insaat; Bee İnșaat Mimarlik A.Ș.,,,,,,,,,,,,,,,,,,0160-0722-3990-0001 (Central Registration System No.),,,,,,,,,,,,,"Merkez Mah., Seckin Sok. Z Ofis 2-4 A, Kagithane, Istanbul, Republic of Türkiye",,Info@beeinsaat.com,https://beeinsaat.com/,
32014R0833,665,EU-RUS,IV,Export control,25.6.2024,,LegalEntity,"Dason HK Technology Co., Ltd.","達仕恩(香港)科技有限公司; Dason (HK) Technology Co., Limited",,,,,,,,,,,,,,,,,,1827596 (CR No.),,,,,,,,,,,,,"Unit 08, 15/F Witty Commercial Building 1A-1L Tung Choi St. KLN, Hong Kong",,,,
32014R0833,666,EU-RUS,IV,Export control,25.6.2024,,LegalEntity,Da Group 22,Товарищество с Ограниченной Ответственностью «DA GROUP 22» (ТОО «DA GROUP 22»); «DA GROUP 22» Жауапкершілігі Шектеулі Серіктестігі («DA GROUP 22» ЖШС),,,,,,,,,,,,,,,,,,220340015320 (BIN),,,,,,,,,,,,,"Office 1309, ISKER Business Center, 13, Abay Avenue, Saryarka District, Astana, Republic of Kazakhstan",+ 7 (705) 207-24-77,,https://da-group22.kz/,
32014R0833,667,EU-RUS,IV,Export control,25.6.2024,,LegalEntity,SERVIS-SN,Общество с Ограниченной Ответственностью «СЕРВИС-СН» (ООО «СЕРВИС-СН»); SERVIS-SN LLC,,,,,,,,,,,,,,,,,,1840119099 (Tax ID/INN),,,,,,,,,,,,,"426065, Udmurt Republic, Izhevsk, Avotzavodskaya Str., 2A, Premises 162, Russian Federation",+ 73412708888,,http://servicesn.ru/,
32014R0833,668,EU-RUS,IV,Export control,25.6.2024,,LegalEntity,RTK LLC,Общество с Ограниченной Ответственностью «РТК» (ООО «РТК»); OOO RTK; RTC LLC,,,,,,,,,,,,,,,,,,9715415169 (Tax ID/INN),,,,,,,,,,,,,"107113, Moscow, Sokolniki Municipal District, Malenkovskaya Str. 14, Building 3, Russian Federation",+ 79855407740,,,
32014R0833,669,EU-RUS,IV,Export control,25.6.2024,,LegalEntity,LLC GAUSS,Общество с Ограниченной Ответственностью «ГАУСС» (ООО «ГАУСС»); OOO GAUSS,,,,,,,,,,,,,,,,,,9715444498 (Tax ID/INN),,,,,,,,,,,,,"107113, Moscow, Marina Roshcha Municipal District, Perunovsky Pereulok, 3, Building 2, Russian Federation",+ 7 (495) 112-00-20,info@gaussaero.ru,https://gaussaero.ru/,
32014R0833,670,EU-RUS,IV,Export control,25.6.2024,,LegalEntity,JSC Emergency Digital Solutions (EDS),Акционерное Общество «Эмердженси Диджитал Солюшенс» (АО «ЭДС»); AO EDS,,,,,,,,,,,,,,,,,,9715475552 (Tax ID/INN),,,,,,,,,,,,,"107113, Moscow, Marina Roshcha Municipal District, Perunovsky Pereulok, 3, Building 2, Russian Federation; 127055, Moscow, P.O. Box 132, Russian Federation",+ 7 (495) 796-78-79,info@eds.ai,https://www.eds.ai/,
32014R0833,671,EU-RUS,IV,Export control,25.6.2024,,LegalEntity,48th Central Scientific Research Institute (TsNII),Федеральное Государственное Бюджетное Учреждение «48 Центральный Научно-Исследовательский Институт» Министерства Обороны Российской Федерации (ФГБУ «48 ЦНИИ» Минобороны России); 48th TsNII; Federal State Budgetary Institution “48 Central Scientific Research Institute” of the Ministry of Defence of the Russian Federation; FGBU “48 Central Scientific Research Institute”,,,,,,,,,,,,,,,,,,9715475552 (Tax ID/INN),,,,,,,,,,,,,"141306, Moscow Oblast, Sergeev Posad-6, Oktyabrskaya Str., 11, Russian Federation; 610017, Kirov Oblast, Kirov, Oktyabrsky Prospekt, 119, Russian Federation; 620085, Sverdlovsk Oblast, Yekaterinburg, Zvezdnaya Str., 1, Russian Federation",+ 7 (496) 552-12-00; + 7 (496) 552-12-06,48cnii@mil.ru,https://ens.mil.ru/science/SRI/information.htm?id=12024@morfOrgScience,
32014R0833,672,EU-RUS,IV,Export control,25.6.2024,,LegalEntity,27th Central Scientific Research Institute (TsNII),Федеральное Государственное Бюджетное Учреждение «27 Центральный Научно-Исследовательский Институт» Министерства Обороны Российской Федерации (ФГБУ «27 ЦНИИ» Минобороны России); 27th TsNII; Federal State Budgetary Institution “27 Central Scientific Research Institute” of the Ministry of Defence of the Russian Federation; FGBU “27 Central Scientific Research Institute”; 27th Military Scientific Centre; 27th Research and Development Centre of the Ministry of Defence,,,,,,,,,,,,,,,,,,7714676767 (Tax ID/INN),,,,,,,,,,,,,"123007, Moscow, 1st Khoroshevsky Proezd, 5, Russian Federation",+ 7 (495) 945-76-96; + 7 (495) 945-70-77,fin27cnii@mail.ru,https://ens.mil.ru/science/SRI/information.htm?id=10992@morfOrgScience,
32014R0833,673,EU-RUS,IV,Export control,25.6.2024,,LegalEntity,33rd Central Scientific Research Institute (TsNII),Федеральное Государственное Бюджетное Учреждение «33 Центральный Научно-Исследовательский Испытательный Институт» Министерства Обороны Российской Федерации (ФГБУ «33 ЦНИИИ» Минобороны России); 33rd Scientific Research and Testing Institute; Institute of Chemical Defence; 33rd Central Scientific Research Institute; 33rd Central Experimental Institute for Scientific Research of the Ministry of Defence; 33rd Central Research and Testing Institute of the Ministry of Defence of the Russian Federation; 33rd Military Scientific Centre; 33rd Research and Development Centre of the Ministry of Defence,,,,,,,,,,,,,,,,,,6441013942 (Tax ID/INN),,,,,,,,,,,,,"412918, Saratov Oblast, Shikhany, Volsk-18, Russian Federation; 412918, Saratov Oblast, Volsk, Shikhany-2, Krasnoznamennaya Str., 1, Russian Federation",+ 7 (84593) 5-38-37; + 7 (84593) 5-24-96; + 7 (845) 935-31-94,33cnii-fes@mil.ru,https://ens.mil.ru/science/SRI/information.htm?id=12027@morfOrgScience,
32014R0833,674,EU-RUS,IV,Export control,25.6.2024,,LegalEntity,Engineering Center of Innovative Technologies,Общество с Ограниченной Ответственностью «Центр Инновационных Технологий и Инжиниринга» (ООО «ЦИТИ»); ECITECH; OOO TsITI; LLC “Centre of Innovative Technologies and Engineering”,,,,,,,,,,,,,,,,,,5050127869 (Tax ID/INN),,,,,,,,,,,,,"141190, Moscow Oblast, Fryazino, Zavodskoy Proezd, 2, Office 632, Russian Federation",+ 7 499 390-19-63,info@ecitech.ru,https://ecitech.ru/,
32014R0833,675,EU-RUS,IV,Export control,25.6.2024,,LegalEntity,Limited Liability Company Technology Flybridge,Общество с Ограниченной Ответственностью Технологическая Компания «Флай Бридж» (ООО ТК «Флай Бридж»); OOO TK FLY BRIDGE; Limited Liability Company Technological Company Fly Bridge; LLC TC Fly Bridge,,,,,,,,,,,,,,,,,,5008054416 (Tax ID/INN),,,,,,,,,,,,,"141707, Moscow Oblast, Dolgoprudny, Patsaeva Prospekt, 7, Building 1, Office 28/1, Russian Federation; 141700, Moscow Oblast, Dolgoprudny, Dirizhabelnaya Str., 15a, Russian Federation",+ 7 (926) 319-44-28,max@flybridge.cc,http://flybridge.cc/,
32014R0833,676,EU-RUS,IV,Export control,17.12.2024,,LegalEntity,OSTEC-Enterprise LTD,Общество с ограниченной ответственностью “Предприятие Остек”; OOO “Предприятие Остек” (Predpriyatie Ostek),,,,,,,,,,,,,,,,,,7731480806 (Tax ID/INN),,,,,,,,,,,,,"ul. Moldavskaya, d. 5, korp. 2, 121467, Moscow, Russian Federation",+ 74957884444,materials@ostec-group.ru; cleaning@ostec-group.ru,www.ostec-materials.ru,
32014R0833,677,EU-RUS,IV,Export control,17.12.2024,,LegalEntity,OSTEC-ARTTOOL LTD,Общество с ограниченной ответственностью “Остек-АртТул”; ООО “Остек-АртТул”,,,,,,,,,,,,,,,,,,7731481038 (Tax ID/INN),,,,,,,,,,,,,"Barklaya Street 6/3, zip code: 121087, Moscow, Russian Federation",+ 7 495 7884444,info@arttool.ru,www.arttool.ru,
32014R0833,678,EU-RUS,IV,Export control,17.12.2024,,LegalEntity,OSTEC-EC LTD,Общество с ограниченной ответственностью “Остек-Эк”; OOO “Остек-Эк”,,,,,,,,,,,,,,,,,,7731481077 (Tax ID/INN),,,,,,,,,,,,,"ul. Moldavskaya, d. 5, korp. 2, Moscow, Russian Federation",+ 74957884444,,www.ostec-group.ru; www.ostec-group.com,
32014R0833,679,EU-RUS,IV,Export control,17.12.2024,,LegalEntity,OSTEC-Electro LTD,Общество с ограниченной ответственностью “Остек-Электро”; OOO “Остек-Электро” (OOO Ostek Electro),,,,,,,,,,,,,,,,,,7731483966 (Tax ID/INN),,,,,,,,,,,,,"ul. Moldavskaya, d. 5, korp. 2, Moscow, Russian Federation",+ 74957884444,ostecelectro@ostec-group.ru,www.ostec-electro.ru,
32014R0833,680,EU-RUS,IV,Export control,17.12.2024,,LegalEntity,OSTEC-ETC LTD,Общество с ограниченной ответственностью “Остек-ETK”; OOO “Остек-ETK”,,,,,,,,,,,,,,,,,,7731481052 (Tax ID/INN),,,,,,,,,,,,,"Nab. Luzhnetskaya, d. 2/4, str. 16, et/pom. 3/303, 119270, Moscow, Russian Federation; ul. Moldavskaya d. 5, korp. 2, 121467 Moscow, Russian Federation",+ 74957884444,etc@ostec-group.ru,www.ostec-etc.ru,
32014R0833,681,EU-RUS,IV,Export control,17.12.2024,,LegalEntity,OSTEC-INTEGRA LTD,Общество с ограниченной ответственностью “Остек Интегрa”; OOO “Остек Материалс” (Ostek Materials); ООО “Остек-Интегра”,,,,,,,,,,,,,,,,,,7731416984 (Tax ID/INN),,,,,,,,,,,,,"Partizanskaya Street 25, zip code: 121351, Moscow, Russian Federation",+74957884444,materials@ostec-group.ru; cleaning@ostec-group.ru,www.ostec-materials.ru,
32014R0833,682,EU-RUS,IV,Export control,17.12.2024,,LegalEntity,OSTEC-SMT LTD,Общество с ограниченной ответственностью “Остек-CMT”; OOO “Остек-CMT”,,,,,,,,,,,,,,,,,,7731481045 (Tax ID/INN),,,,,,,,,,,,,"ul. Kulakova d. 20, str. 1G, 123592 Moscow, Russian Federation",+ 74957884441; + 74957884441 (extension 5833),smt@ostec-group.ru,www.ostec-smart.ru,
32014R0833,683,EU-RUS,IV,Export control,17.12.2024,,LegalEntity,OSTEC-ST LTD,Общество с ограниченной ответственностью “Остек-Cepвиc-Texнoлoгия”; OOO “Остек-CT”,,,,,,,,,,,,,,,,,,7731630120 (Tax ID/INN),,,,,,,,,,,,,"ul. Moldavskaya, d. 5, korp. 2, 121467, Moscow, Russian Federation",+ 74957884444,ost@ostec-group.ru,www.ostec-st.ru,
32014R0833,684,EU-RUS,IV,Export control,17.12.2024,,LegalEntity,OSTEC-TEST LTD,Общество с ограниченной ответственностью “Остек-TECT”; OOO “Остек-TECT”,,,,,,,,,,,,,,,,,,7731481020 (Tax ID/INN),,,,,,,,,,,,,"ul. Moldavskaya, d. 5, korp. 2, 121467, Moscow, Russian Federation",+ 74957884444,,www.ostec-test.ru,
32014R0833,685,EU-RUS,IV,Export control,17.12.2024,,LegalEntity,OSTEC-UМT LTD,Общество с ограниченной ответственностью “ОСТЕК-УМНЫЕ ТЕХНОЛОГИИ”; OOO “Остек-УМT”,,,,,,,,,,,,,,,,,,7734462210 (Tax ID/INN),,,,,,,,,,,,,"ul. Kulakova d. 20, str. 1G, 123592, Moscow, Russian Federation",+ 74957884444,,,
32014R0833,686,EU-RUS,IV,Export control,17.12.2024,,LegalEntity,RIIT LTD,Общество с ограниченной ответственностью “НИИИT”; OOO “NIIIT”,,,,,,,,,,,,,,,,,,7731481013 (Tax ID/INN),,,,,,,,,,,,,"ul. Kulakova d. 20, str. 1G, pom. XIV et 3, kom 10, 11, 52-57, 123592, Moscow, Russian Federation",,,,
32014R0833,687,EU-RUS,IV,Export control,17.12.2024,,LegalEntity,LLC Atlas,Общество с Ограниченной Ответственностью «Атлас» (ООО «Атлас»); OOO Atlas,,,,,,,,,,,,,,,,,,2543069263 (TIN),,,,,,,,,,,,,"100-Letiya Prospekt, 155, Building 3 Office 5, 690068, Vladivostok, Primorsky Krai, Russian Federation",+ 7 (423) 242-85-03; + 7 (423) 261-46-41,,,
32014R0833,688,EU-RUS,IV,Export control,17.12.2024,,LegalEntity,Mistral,Общество с Ограниченной Ответственностью «Мистраль» (ООО «Мистраль»); OOO Mistral; Mistral LLC,,,,,,,,,,,,,,,,,,7717793684 (INN),,,,,,,,,,,,,"129626, Moscow, Alekseevsky Municipal District; 1st Mytihchinskaya Str., 3, Building 1, Room 8, Russian Federation; 113054, Moscow, Bolshoy Strochenovsky Pereulok, 13, Building 1, Russian Federation",+ 7 (929) 668-34-74,,,
32014R0833,689,EU-RUS,IV,Export control,17.12.2024,,LegalEntity,KOMINVEX D.O.O BEOGRAD,PREDUZEĆE ZA TRGOVINU I INŽENJERING POSLOVE KOMINVEX DOO BEOGRAD RAKOVICA; Kominvex DOO Beograd; Kominvex doo Beograd,,,,,,,,,,,,,,,,,,20047038,,,,,,,,,,,,,"Nikole Marakovica 21/VI/36, Belgrade 11090, Serbia",38163308192 / 381116564086,,https://kominvex.co.rs,
32014R0833,690,EU-RUS,IV,Export control,17.12.2024,,LegalEntity,SOHA INFO D.O.O,SOHA INFO D.O.O. NOVI BANOVCI,,,,,,,,,,,,,,,,,,21802808,,,,,,,,,,,,,"Pionirska 3, Novi Banovci 22304, Serbia",38163300346,,www.sohainfo.rs,
32014R0833,691,EU-RUS,IV,Export control,17.12.2024,,LegalEntity,Fidar System Pooyan,فیدار سیستم پیوان; Fidar System Pouyan,,,,,,,,,,,,,,,,,,,,,,,,,,,,,,,"Unit 6, No.7, Mahbod Alley, Laleh St., Jomhuri St., Tehran, Iran; No 12, 21th Alley, Ahmad Ghasir St., Argentina Sq, Tehran, Iran; No. 9 Lale Alley, First Floor, Unit 2, Hatef Alley, Crossroad Hafez Neighborhood, Central Sector, Tehran City, Tehran Province, Iran",+ 9802166767984,,http://www.cintix.ir/,
32014R0833,692,EU-RUS,IV,Export control,17.12.2024,,LegalEntity,Time Art International LTD,時亞國際有限公司,,,,,,,,,,,,,,,,,,1411127 (Hong Kong Company Number),,,,,,,,,,,,,"Workshop 7(a), 12/f, Wah Lai Industrial Centre, Nos. 10-14 Kweitei Street, Shatin, Hong Kong",,,,
32014R0833,693,EU-RUS,IV,Export control,17.12.2024,,LegalEntity,Ele Technology Co. LTD,深圳市易络电子有限公司,,,,,,,,,,,,,,,,,,914403000775394696 (China Unified Social Credit Code),,,,,,,,,,,,,"3714 Duhuixuan Buildings, 3018 Shennan Road, Futian Area, Shenzhen, People’s Republic of China",+ 86-755-82913231,,http://www.ele-tech.com.cn,
32014R0833,694,EU-RUS,IV,Export control,17.12.2024,,LegalEntity,Shenzhen Xingding Machinery Ltd,,,,,,,,,,,,,,,,,,,440300280527908 (China Company Registration Number),,,,,,,,,,,,,,,,,
32014R0833,695,EU-RUS,IV,Export control,17.12.2024,,LegalEntity,"Ningbo Blin Machinery Co., Ltd.",宁波贝宁机床有限公司,,,,,,,,,,,,,,,,,,91330203591551508B (USCC),,,,,,,,,,,,,"No.1& 3, Sanxing Industrial Park, Luotuo, Zhenhai District, Ningbo, People’s Republic of China",0086-18858060617,,http://blincnc.com/,
32014R0833,696,EU-RUS,IV,Export control,17.12.2024,,LegalEntity,Baltiyskaya Promishlennaya Kompaniya (JSC Baltic Industrial Company),АО “Балтийская Промышленная Компания”; AO BALTIISKAYA PROMYSHLENNAYA KOMPANIYA,,,,,,,,,,,,,,,,,,7801200558 (Tax ID number),,,,,,,,,,,,,"192288, St. Petersburg, Malaya Bukharestskaya str., 5, Building 2/39, Russian Federation; 195276, St. Petersburg, Prospekt Kultury, 49A, Russian Federation; 192177, St. Petersburg, 3rd Rybatskiy ave., 3, Russian Federation",+ 7 (812) 605-00-33,info@bpk-spb.ru and service@bpk-spb.ru,https://bpk-spb.ru,
32014R0833,697,EU-RUS,IV,Export control,17.12.2024,,LegalEntity,Alfa Machinery Group (LLC Company AMG),ООО “Компания АМГ”; Kompaniya AMG,,,,,,,,,,,,,,,,,,7720821959 (Tax ID number); 1147746889531 (OGRN),,,,,,,,,,,,,"111141, Moscow, Kuskovskaya str., 20A, room 1. XIIA room 114, Russian Federation; 111141, Moscow, Kuskovskaya str., 20A, Building A, office A-602, Russian Federation; 355035, Stavropol, Mira Str., 267, office 204, Russian Federation; 142280, Protvino, Pobedy Str., 2, Russian Federation; 450056, Ufa, Mokrousovskaya Str., 8, Building 3, Russian Federation",+ 7 (499) 550-02-52; + 7 985 997-93-32,info@coamg.ru,https://companyamg.ru/ and https://amgcnc.ru/,
32014R0833,698,EU-RUS,IV,Export control,17.12.2024,,LegalEntity,LLC Rustakt,ООО “Рустакт”,,,,,,,,,,,,,,,,,,9703074147 (Tax ID/INN),,,,,,,,,,,,,"123290, Moscow, in.ter.g. Presnensky municipal district, Shmitovsky passage, 39, Building 2, premises. 5K, Russian Federation (in original: 123290, Г.МОСКВА, ВН.ТЕР.Г. МУНИЦИПАЛЬНЫЙ ОКРУГ ПРЕСНЕНСКИЙ, ПРОЕЗД ШМИТОВСКИЙ, Д. 39, К. 2, ПОМЕЩ. 5К)",,zaharova_marisha@mail.ru,,
32014R0833,699,EU-RUS,IV,Export control,17.12.2024,,LegalEntity,LLC SPDBBK,ООО “СПДББК”,,,,,,,,,,,,,,,,,,7838044584,,,,,,,,,,,,,"195009, St. Petersburg, in. ter. g. municipal district finland district, komsomola street, 1-3, letter l, room. 5n, room. 6, Russian Federation (local: 195009, Г.САНКТ-ПЕТЕРБУРГ, ВН.ТЕР.Г. МУНИЦИПАЛЬНЫЙ ОКРУГ ФИНЛЯНДСКИЙ ОКРУГ, УЛ КОМСОМОЛА, Д. 1-3, ЛИТЕРА Л, ПОМЕЩ. 5Н, КОМ. 6)",,,,
32014R0833,700,EU-RUS,IV,Export control,17.12.2024,,LegalEntity,LLC Vneshekostil,ООО “Внешэкостиль”,,,,,,,,,,,,,,,,,,7724362880 (Tax ID number),,,,,,,,,,,,,"115211 Moscow, Kashirskoye shosse, 55, Building 5, pom. I, fl.1, room. 19, Russian Federation",+ 7 (966) 199-83-07,info@vnes.tech,https://vnes.tech/,
32014R0833,701,EU-RUS,IV,Export control,17.12.2024,,LegalEntity,Iskra Technologies JSC,"Искра Технологии; IskraUralTel JSC, RTSoft JSC",,,,,,,,,,,,,,,,,,"1026604933475 (OGRN), 6660017837 (TIN)",,,,,,,,,,,,,"Komvuzovskaya 9, Building A, 620066, Ekaterinburg, Russian Federation",+ 7 (343) 210-69-51,info@iskratechno.ru,https://iskratchno.ru,
32014R0833,702,EU-RUS,IV,Export control,17.12.2024,,LegalEntity,Powerever Electronic Technology,"Beijing Powerever Electronic Technology Co., Beijing Weiwangda Electric Technology Co. LTD / 北京威旺达电子科技有限责任公司",,,,,,,,,,,,,,,,,,,,,,,,,,,,,,,"No. 23, Jinmao Mansion, Guangqu Road, Chaoyang District, Beijing, People’s Republic of China; Suzhou Pioneer Park, No. 209, Zhuyuan Road, High-tech Zone, Suzhou City, Jiangsu Province, People’s Republic of China",18612628057,,http://www.powerever.cn/,
32014R0833,703,EU-RUS,IV,Export control,17.12.2024,,LegalEntity,"Juhang Aviation Technology Shenzen Co., LTD",,,,,,,,,,,,,,,,,,,"91440300MA5GN73B4F (China, Unified Social Credit Code)",,,,,,,,,,,,,"2205, No. 2, Logistics Center, Baoshui Logistics Center, Baoan Guoji Jichang Hangzhan, 4th Road, Hourui Community, Hangcheng Sub-District, Bao, Shenzhen, Guangdong, People’s Republic of China, 518099; Room 101-A Xinghua Building, 1007 Banxuegang Avenue, Maantang Community, Bantian Subdistrict, Longgang District, Shenzhen, Guangdong, People’s Republic of China",,,http://www.szjuhang.com/,
32014R0833,704,EU-RUS,IV,Export control,17.12.2024,,LegalEntity,Triac Electronics Pvt. Ltd.,,,,,,,,,,,,,,,,,,,,,,,,,,,,,,,,"Dpt-348, DLF Prime Tower Okhla Phase-1, New Delhi-110020, India; Unit No: SG1, 7 & 8, J Matadee Free Trade Zone, Mannur-Valarpuram Village Kancheepuram, Tamil Nadu-602105, India",,,https://www.triacelectronics.com/,
32014R0833,705,EU-RUS,IV,Export control,17.12.2024,,LegalEntity,Laserchips FZCO (ليزر تشيبس ش م ح),,,,,,,,,,,,,,,,,,,"11996849 (United Arab Emirates, National Economic Register Number (CBLS)); 22209 (United Arab Emirates, Dubai, License Number)",,,,,,,,,,,,,"Dubai Silicon Oasis, DSO-IFZA-21645, IFZA Properties, Dubai, United Arab Emirates",,,https://laserchips.ae/,
32014R0833,706,EU-RUS,IV,Export control,17.12.2024,,LegalEntity,Component Logistic LLC,"Komponent Lodzhistik OOO, ООО КОМПОНЕНТ ЛОДЖИСТИК",,,,,,,,,,,,,,,,,,"1217800045462 (Russia, Registration Number (OGRN))",,,,,,,,,,,,,"St. Petersburg, inner city, Dachnoye municipal district, Veteranov Avenue, 63, Building A, apt. 46, Russian Federation",,,http://www.componentlogistik.ru/,
32014R0833,707,EU-RUS,IV,Export control,25.2.2025,,LegalEntity,Wellgo International Industrial Limited,Wellgo International Industrial Ltd.; 滙高國際實業有限公司,,,,,,,,,,,,,,,,,,1946195,,,,,,,,,,,,,"Flat 28, Block B2, 7/F., Eastern Sea Industrial Building, 48-56 Tai Lin Pai Road, Kwai Chung, N.T., Hong Kong",,info@wgi.com.hk2,,
32014R0833,708,EU-RUS,IV,Export control,25.2.2025,,LegalEntity,Yusha Group Co. Ltd.,玉沙集团有限公司,,,,,,,,,,,,,,,,,,91421023706973031B,,,,,,,,,,,,,"No. 29, Industrial Park Road, Chengdong Industrial Park, Jianli County, Jingzhou, Hubei, 433301, People’s Republic of China",13451224440,,www.yushatex.com,
32014R0833,709,EU-RUS,IV,Export control,25.2.2025,,LegalEntity,Siliborn Technology Limited,Siliborn Technology Ltd.,,,,,,,,,,,,,,,,,,3271660,,,,,,,,,,,,,"Flat 2, 8th Floor, Workingport Commercial Building, 3 Hau Fook St, Tsim Sha Tsui, Kowloon, Hong Kong",,,,
32014R0833,710,EU-RUS,IV,Export control,25.2.2025,,LegalEntity,Piraclinos Limited,Piraklinos,,,,,,,,,,,,,,,,,,3042843,,,,,,,,,,,,,"7/F MW Tower, 111 Bonham Strand, Sheung Wan, Hong Kong; Room 5058, Floor 5, Yau Lee Centre, 45 Hoi Yuen Road, Kwun Tong, Kowloon, Hong Kong",,,www.piraclinos.com,
32014R0833,711,EU-RUS,IV,Export control,25.2.2025,,LegalEntity,Lett Tronic Group Limited,樂芯電子集團有限公司; LETT TRONIC and Lett Tronic Group Ltd.,,,,,,,,,,,,,,,,,,CR No. 3176428,,,,,,,,,,,,,"Room 02, 21/F, Hip Kwan Commercial Building, 38 Pik Street, Yau Ma Tei, Kowloon, Hong Kong",+ 86 (0755) 83149884; + 86 (755) 82719405,,www.lett-tronic.com,
32014R0833,712,EU-RUS,IV,Export control,25.2.2025,,LegalEntity,Incomp Limited,,,,,,,,,,,,,,,,,,,CR No 2408160,,,,,,,,,,,,,"One Capital Place, Unit D, 16/F, Wan Chai, Hong Kong; Room 101a, 1/F., Genplas Industrial Building, 56 Hoi Yuen Road, Kwun Tong, Kowloon, Hong Kong",,,,
32014R0833,713,EU-RUS,IV,Export control,25.2.2025,,LegalEntity,Hytera Communications Limited,Hytera Communications Ltd.,,,,,,,,,,,,,,,,,,2897516,,,,,,,,,,,,,"Flat A516, 5/F, Efficiency House, 35 Tai Yau Street, San Po Kong, Kln, Hong Kong",,,,
32014R0833,714,EU-RUS,IV,Export control,25.2.2025,,LegalEntity,Hong Kong Qisu Electronic Technology Co. Ltd.,"香港旗速電子有限公司; 香港旗速電子科技有限公司; Shenzhen Qisu Electronic Technology Co., Ltd; 深圳旗速电子科技有限公司",,,,,,,,,,,,,,,,,,Cr no: 3092848,,,,,,,,,,,,,"Room 12G, Block A, Modern Window Building, 1058 Huaqiang North Road, Futian District, Shenzhen, People’s Republic of China; Room 705, 7th Floor, Fa Yuen Commercial Building, 75-77 Fa Yuen St., Mong Kok, Hong Kong",+ 86 18675538420,,http://www.hk-qisu.com/,
32014R0833,715,EU-RUS,IV,Export control,25.2.2025,,LegalEntity,"Grun Group Co., Ltd",,,,,,,,,,,,,,,,,,,CR No. 3082169,,,,,,,,,,,,,"Room 04, 16th Floor, Ho King Commercial Centre, 2-16 Fa Yuen St, Mong Kok, Hong Kong; Room D06, Flat A, 10th Floor, Tai King Industrial Building, No.100-102 King Fuk Street, Sanpokong, Kowloon, Hong Kong",,procurement@grun.hk,https://grun.hk,
32014R0833,716,EU-RUS,IV,Export control,25.2.2025,,LegalEntity,Hong Kong Yayang Trading Ltd.,Hong Kong Yayang Trading Limited and Hongkong Yayang Trading,,,,,,,,,,,,,,,,,,Cr no. 3088382,,,,,,,,,,,,,"Room 04, 16/F, Ho King Commercial Centre, 2-16 Fa Yuen St., Mong Kok, Kowloon, Hong Kong; Room D08, Flat A, 10th Floor, Tai King Industrial Building, No.100-102 King Fuk Street, Sanpokong, Hong Kong",+ 852 9235 0291,info@yayang.hk,https://www.yayang.hk/,
32014R0833,717,EU-RUS,IV,Export control,25.2.2025,,LegalEntity,"Cloudmax Tech Co., Limited",,,,,,,,,,,,,,,,,,,Cr. No. 3203355,,,,,,,,,,,,,"Room A, 15/F, Goldfield Industrial Building, 144-150 Tai Lin Pai Road, Kwai Chung, Hong Kong",+ 86-755-82589752,,www.cloudmaxtech.com,
32014R0833,718,EU-RUS,IV,Export control,25.2.2025,,LegalEntity,"Mei Xin Electronic (HK) Co., Limited",美欣電子(香港)有限公司; Meixin Electronics and MEIXIN ELECT,,,,,,,,,,,,,,,,,,Cr. No. 1770813,,,,,,,,,,,,,"Room 1005(B), 10/F, Ho Kong Commercial Center, 2-16 Fa Yuen St., Mong Kok, Hong Kong; Room 1D, 2/F, Fu Tao Building, 98 Argyle Street, Mongkok, Hong Kong",,,www.mx-hk.com,
32014R0833,719,EU-RUS,IV,Export control,25.2.2025,,LegalEntity,Chipgoo Electronics Limited,芯購電子有限公司; Chipgoo; Chipgoo Technology; Endezo Technology (Hong Kong) Limited,,,,,,,,,,,,,,,,,,Cr. No. 3210821,,,,,,,,,,,,,"Room A29, 24th Floor, Regent’s Park Prince Industrial Building, 706 Prince Edward Rd. East, Kowloon, Hong Kong; Room G, 26th Floor, Hangdu Building, No. 1006 Haufu Road, Futian District, Shenzhen, People’s Republic of China",+ 86-755-8860-4592,,www.chipgoo.com,
32014R0833,720,EU-RUS,IV,Export control,25.2.2025,,LegalEntity,"Furuida Heilongjiang Supply Chain Management Co., Ltd.",福瑞达（黑龙江）供应链管理有限公司,,,,,,,,,,,,,,,,,,USCC no. 91230109MA1CNM0139,,,,,,,,,,,,,"Baoshui Third Road, Xiangfang District, Xingfuzhen, Harbin, Heilongjiang, People’s Republic of China",,,,
32014R0833,721,EU-RUS,IV,Export control,25.2.2025,,LegalEntity,LL Electronic Limited,,,,,,,,,,,,,,,,,,,Cr. No. 1955667,,,,,,,,,,,,,"15th Floor, Hillier Comm. Building, 65-67 Bonham Strand East, Sheung Wan, Hong Kong",,,,
32014R0833,722,EU-RUS,IV,Export control,25.2.2025,,LegalEntity,Midas Lighting Limited,,,,,,,,,,,,,,,,,,,Cr. No. 2080259,,,,,,,,,,,,,"Room 603, 6/F, 9 Walnut Street, Tai Kok Tsui, Kowloon, Hong Kong; Unit 1402A, 14/F, The Belgian Bank Building, 721-725 Nathan Road, Mong Kok, Kowloon, Hong Kong",+ 86 18928490950,,https://midas-lighting.com/,
32014R0833,723,EU-RUS,IV,Export control,25.2.2025,,LegalEntity,Eastech Electronics Limited,Shenzhen East Technology Limited,,,,,,,,,,,,,,,,,,Cr. No. 1005681,,,,,,,,,,,,,"Room 17F, Block A Huaqiang Square, No. 1019 Huaqiang North Road, Futian District, Shenzhen, Guangdong, People’s Republic of China; Room 32, 11/F, Lee Ka Industrial Building, 8 Ng Fong Street, San Po Kong, Kowloon, Hong Kong",+ 8613632816717,,https://www.eastechic.com/,
32014R0833,724,EU-RUS,IV,Export control,25.2.2025,,LegalEntity,"Shenzhen Bailiansheng Electronic Technology Co., Ltd.","深圳市佰联升电子科技有限公司; Shenzhen Bailiansheng Electronic Science and Technology Co., Ltd",,,,,,,,,,,,,,,,,,91440300MA5GFQQ76D,,,,,,,,,,,,,"Room 807, Building 125, Baishilong Area 1, Baishilong Community, Minzhi Subdistrict, Longhua District, Shenzhen, Guangdong, 518131, People’s Republic of China; 2701-F, Bank of Communications Building, Huaqiang North Street, Futian District, Shenzhen",+ 86 157 207075707,,www.bls-electronics.com,
32014R0833,725,EU-RUS,IV,Export control,25.2.2025,,LegalEntity,LLC “Research and Production Enterprise” AVIACOM,НПП АВИАКОМ; NPP Aviakom; LTD Aviacom,,,,,,,,,,,,,,,,,,1085258008054 (OGRN),,,,,,,,,,,,,"603032, Nizhny Novgorod, Bauman St., 173, Russian Federation",+ 7 (903) 8480488,,https://aviacom.su,
32014R0833,726,EU-RUS,IV,Export control,25.2.2025,,LegalEntity,PT Electronics Ltd.,ООО ПТ-ЭЛЕКТРОНИК,,,,,,,,,,,,,,,,,,1167847490524 (OGRN),,,,,,,,,,,,,"197350, St. Petersburg, Vn.Ter.G. Kolomyagi Municipal District, D. V Kamenka, 64, Building 2, Estate. 1-H, 2-N, Russian Federation",+ 7 (919) 7616118,,http://pttech.ru/,
32014R0833,727,EU-RUS,IV,Export control,25.2.2025,,LegalEntity,LLC Infratest,ООО “ИНФРАТЕСТ”,,,,,,,,,,,,,,,,,,1036603526464 (OGRN),,,,,,,,,,,,,"1 Pyatiletki Ploshchad, 1P 4 Floor, 620012 Yekaterinburg, Russian Federation",+ 7 (343) 3759423,,https://www.infratest.ru/,
32014R0833,728,EU-RUS,IV,Export control,25.2.2025,,LegalEntity,LLC Infratest Thermal Vision Technologies,Ооо Инфратест-Тепловизионные Технологии; Infratest-Tt; Ooo Infratest-Teplovizionnye Tekhnologii; Llc Infratest-Themal Imaging Technologies,,,,,,,,,,,,,,,,,,6686016524 (TIN),,,,,,,,,,,,,"Pl. 1-I Pyatiletki Lit. P, Office 151, 620012 Yekaterinburg, Russian Federation",+ 7 343 2864359,,https://www.infratest.ru/,
32014R0833,729,EU-RUS,IV,Export control,25.2.2025,,LegalEntity,LLC Infratest Optical Technologies,ООО Инфратест-Оптические Технологии; OOO Infratest-Opticheskie Tekhnologii,,,,,,,,,,,,,,,,,,6686016500 (TIN),,,,,,,,,,,,,"620135, Sverdlovskaya obl., g. Ekaterinburg, ul. Taganskaya, str. 60/2 ofis 224, Russian Federation",+ 7 (343) 375-94-42,,https://www.infratest.ru/,
32014R0833,730,EU-RUS,IV,Export control,25.2.2025,,LegalEntity,LLC Trading House Infratest,LLC TD Infratest,,,,,,,,,,,,,,,,,,1086673011666 (OGRN),,,,,,,,,,,,,"620135, Sverdlovskaya obl., g. Ekaterinburg, ul. Taganskaya, str. 60/2 office 224, Russian Federation",,,https://www.infratest.ru/,
32014R0833,731,EU-RUS,IV,Export control,25.2.2025,,LegalEntity,"Yantai Iray Technology Co., Ltd","烟台艾睿光电科技有限公司; Yantai Arrow Optoelectronics Technology Co., Ltd, Yantai Airui Optoelectronic Technology Co. Ltd",,,,,,,,,,,,,,,,,,91370600557897249A (USCC),,,,,,,,,,,,,"No. 11, Guiyang Street, Development Zone, Shandong, 265599 Yantai, Shandong, People’s Republic of China",+ 86 0535-3410600,,https://www.iraytek.com/,
32014R0833,732,EU-RUS,IV,Export control,25.2.2025,,LegalEntity,"Wuhan Global Sensor Technology Co., Ltd","武汉高芯科技有限公司; Wuhan Gaoxin Technology Co., Ltd",,,,,,,,,,,,,,,,,,914201000668186736 (UNCC),,,,,,,,,,,,,"No. 6, Huanglongshan South Road, Donghu Development Zone, Wuhan City, 430205, People’s Republic of China",+ 86 81298285,,http://www.gst-ir.com/,
32014R0833,733,EU-RUS,IV,Export control,25.2.2025,,LegalEntity,Scientific Research Institute for Modern Telecommunications Technologies (NII STT),АО НИИ СТТ; JSC NII STT,,,,,,,,,,,,,,,,,,1026701461160 (OGRN),,,,,,,,,,,,,"214012, Smolensk Region, Smolensk, Ul. Novo-Leningradskaya, 10, Russian Federation",+ 7 (4812) 27-00-70,,www.niistt.ru,
32014R0833,734,EU-RUS,IV,Export control,25.2.2025,,LegalEntity,Transport Agency Eurologistics,ТРАНСПОРТНОЕ АГЕНТСТВО ЕВРОЛОГИСТИКА; LLC TA Eurologistics,,,,,,,,,,,,,,,,,,1089847158697 (OGRN),,,,,,,,,,,,,"Vyborgskaya emb., 47, 5th floor, Business Center “Grenadersky”, 194044, Saint Petersburg, Russian Federation",+ 7 (800) 7005542,,https://eurologistics-ru,
32014R0833,735,EU-RUS,IV,Export control,25.2.2025,,LegalEntity,LLC Butis,ООО “БУТИС”,,,,,,,,,,,,,,,,,,5087746048286 (OGRN),,,,,,,,,,,,,"Volgogradsky prospekt, 42 k. 5, floor/room 1/I room. 422-435, Moscow, Russian Federation",+ 7 (495) 280-02-06,,www.butis-m.ru,
32014R0833,736,EU-RUS,IV,Export control,25.2.2025,,LegalEntity,MetallStan LLP,"STANEX GROUP ZHSHS, STANEX GROUP LLP",,,,,,,,,,,,,,,,,,120540008532,,,,,,,,,,,,,"Almaty, Samgau Microdistrict, Magistralnaya Street, 17A, Kazakhstan",+ 7 (727) 228 24 87,info@stanex.kz,www.stanex.kz,
32014R0833,737,EU-RUS,IV,Export control,25.2.2025,,LegalEntity,LIMITED LIABILITY PARTNERSHIP KAZSTANEX,"KAZSTANEX LLP, TOO KAZSTANEX",,,,,,,,,,,,,,,,,,110340017087,,,,,,,,,,,,,"Almaty, Alatau district, Kokorai, 2/1, 204, Almaty, SHANYRAK-1 Microdistrict, 166 OTEMISULY Street, Kazakhstan",+ 77075878877,stanki@kazstanex.kz,https://kazstanex.kz,
32014R0833,738,EU-RUS,IV,Export control,25.2.2025,,LegalEntity,UZSTANEX LLC,,,,,,,,,,,,,,,,,,,305636913 (TIN),,,,,,,,,,,,,"49 Dzharkurgan Street, Tashkent, Uzbekistan",+ 998 (90) 990 13 65; + 998 (71) 296 13 66; + 7 (775) 554 04 54,info@uzstanex.uz,https://uzstanex.uz,
32014R0833,739,EU-RUS,IV,Export control,25.2.2025,,LegalEntity,LLC TEKHNOLOGIYA RAZVITIYA OTKRYTYKH SISTEM,ОБЩЕСТВО С ОГРАНИЧЕННОЙ ОТВЕТСТВЕННОСТЬЮ “ТЕХНОЛОГИЯ РАЗВИТИЯ ОТКРЫТЫХ СИСТЕМ” or ООО “Т.Р.О.С.”; T.R.O.S. LLC,,,,,,,,,,,,,,,,,,7706818288 (INN),,,,,,,,,,,,,"105082, Moscow, Bolshaya Pochtovaya Street., 26 “B”, bldg. 1, room 401, Russian Federation",+ 7 (499) 261-78-89,tros-stanko@tros-stanko.ru,http://tros-stanko.ru/,
32014R0833,740,EU-RUS,IV,Export control,25.2.2025,,LegalEntity,TM-TECH LLC,OOO “ТМ-ТЕХ”,,,,,,,,,,,,,,,,,,7719898900 (INN),,,,,,,,,,,,,"105082, Moscow, Bolshaya Pochtovaya Street, D. 26 V, BLD. 1, ROOM. 403, Russian Federation",,,www.tm-tech.ru,
32014R0833,741,EU-RUS,IV,Export control,25.2.2025,,LegalEntity,KRAFTTEK LLC,ООО “КРАФТТЕК”; Crafttech,,,,,,,,,,,,,,,,,,7840038027 (INN),,,,,,,,,,,,,"196006, St. Petersburg, Vn. Ter. G, Moskovskaya Zastava Municipal District, Moskovsky Avenue, 120A, Building 1, Room 23-N, Russian Federation",+ 7 (812) 622 89 89,info@crafttech.ru,https://crafttech.ru/,
32014R0833,742,EU-RUS,IV,Export control,25.2.2025,,LegalEntity,SHPINNER LLC,ООО “ШПИННЕР”; SPINNER LLC,,,,,,,,,,,,,,,,,,7715980551 (INN),,,,,,,,,,,,,"129226, Moscow, Selskokhozyaystvennaya street 17, Building 7, floor 1, Russian Federation",,info@spinner-russia.ru,,
32014R0833,743,EU-RUS,IV,Export control,25.2.2025,,LegalEntity,TKT-1997 Razvoj Limited,,,,,,,,,,,,,,,,,,,3004413 (CR number),,,,,,,,,,,,,"Room 701, 7/F, Lucky Centre, 165-171 Wanchai Road, Wan Chai, Hong Kong",,info@tkt-1997.com,https://tkt-1997.com,
32014R0833,744,EU-RUS,IV,Export control,25.2.2025,,LegalEntity,Burmech Teknoloji Makina Sanayi Ve Ticaret Limited Șirketi,Burmech Teknoloji Makina Sanayi Ve Ticaret Ltd; Burmech Industrial Solutions,,,,,,,,,,,,,,,,,,119922,,,,,,,,,,,,,"Yaylacık Mahallesi, 37. Sokak, No:9/1 Nilüfer, Bursa, Republic of Türkiye",,info@burmech.com,https://burmech.com,
32014R0833,745,EU-RUS,IV,Export control,25.2.2025,,LegalEntity,LLC Trading House Tradetools,OOO “Торговый Дом Трейдтулс”; TREYDTULS Ltd.; Trade House Trade Tools Ltd.,,,,,,,,,,,,,,,,,,7715420510 (INN),,,,,,,,,,,,,"105082, Moscow, Municipal District Basmanny, Perevedenovsky Lane, 13, Building 4, Room 2/2, Russian Federation",+ 7 (495) 924-18-00,,,
32014R0833,746,EU-RUS,IV,Export control,25.2.2025,,LegalEntity,Tireks LLC,Общество С Ограниченной Ответственностью “Тирекс”,,,,,,,,,,,,,,,,,,9701251898,,,,,,,,,,,,,"105082, Moscow, Municipal District Basmanny, Perevedenovsky Lane, 13, Building 4, Russian Federation",,,,
32014R0833,747,EU-RUS,IV,Export control,25.2.2025,,LegalEntity,"Shanghai ManYa Industrial and Trade Co., Ltd",上海亚商贸有限公司,,,,,,,,,,,,,,,,,,913101153244606443,,,,,,,,,,,,,"Pudong District Shanghai, No. 177, Street Meisheng, People’s Republic of China; Shanghai, District Songjiang, Street Zhongshan, Rongyue Road, Lane 208, Fuyue Plaza, Block C, Room C2001, People’s Republic of China",+ 86 135 2480 6033,,http://manyashanghai.com/index.asp,
32014R0833,748,EU-RUS,IV,Export control,25.2.2025,,LegalEntity,Texco FZE,,,,,,,,,,,,,,,,,,,11905448,,,,,,,,,,,,,"Plot No. EWTA59, Jebel Ali Free Zone, Dubai, United Arab Emirates, P.O. Box 17585",+ 971-(04)-8850522,info@texco.ae,www.texco.ae,
32014R0833,749,EU-RUS,IV,Export control,25.2.2025,,LegalEntity,ITIC LLC FZ,آيتيك ش.ذ.م.م-منطقة حرة; ITIC International Trading,,,,,,,,,,,,,,,,,,12124952 (CBLS no),,,,,,,,,,,,,"Business Center 1, M Floor, The Meydan Hotel, Nad Al Sheba, Dubai, United Arab Emirates; Tamani Arts Office, Business Bay, Dubai, U.A.E.",+ 971 ‭(0)44473204‬‬‬‬‬‬‬‬‬‬‬‬‬‬‬‬‬‬‬‬‬‬‬‬‬‬‬‬‬‬‬‬‬‬‬‬‬‬‬‬‬‬‬‬‬‬‬‬‬‬‬‬‬‬‬‬‬‬‬‬‬‬‬‬‬‬‬‬‬‬‬‬‬‬‬‬‬‬‬‬‬‬‬‬‬‬‬‬‬‬‬‬‬‬‬‬‬‬‬‬‬‬‬‬‬‬‬‬‬‬‬‬‬‬‬‬‬‬‬‬‬‬‬‬‬‬‬‬‬‬‬‬‬‬‬‬‬‬‬‬‬‬‬‬‬‬‬‬‬‬‬‬‬‬‬‬‬‬‬‬‬‬‬‬‬‬‬‬‬‬‬‬‬‬‬‬‬‬‬‬‬‬‬‬‬‬‬‬‬‬‬‬‬‬‬‬‬‬,info@itic.ae,https://www.itic.ae/,
32014R0833,750,EU-RUS,IV,Export control,25.2.2025,,LegalEntity,HK (Hong Kong) LINK ASIA ELECTRONICS LIMITED,香港通亞電子有限公司,,,,,,,,,,,,,,,,,,3172327 (CR No.),,,,,,,,,,,,,"A105 1/F, New East Sun Industrial Building, 18 Shing Yip Street, Kwun Tong, Kowloon, Hong Kong; A08, 35/F, Block A, Electronic Technology Building, No. 2070 Shennan Middle Road, Fuqiangbei Street, Huaqiangbei Street, Futian District, Shenzhen, People’s Republic of China",,we@linkasiae.com,https://linkasiae.com/en/,
32014R0833,751,EU-RUS,IV,Export control,25.2.2025,,LegalEntity,Achieve Technology Limited,Achieve-Tec HK Trading Company Limited; Achieve Tec HK,,,,,,,,,,,,,,,,,,0803008 (CR no),,,,,,,,,,,,,"Flat/Rm 611 6/F Ricky Centre 36 Chong Yip Street Kwun Tong Kl, Hong Kong; Room 101a, 1/F., Genplas Industrial Building, 56 Hoi Yuen Road, Kwun Tong, Kln, Hong Kong",+ 852-3077-1122,sales@achieve-tec.hk,http://www.achieve-tec.hk/,
32014R0833,752,EU-RUS,IV,Export control,25.2.2025,,LegalEntity,Align Trading Company Limited,,,,,,Hong Kong,,,,,,,,,,,,,3266528,,,,,,,,,,,,,"Room A1-13, Building A 3/F, Yee Lim Ind Center, 2-28, Kwai Lok Street, Kwai Chung, Hong Kong; Room 2901B, Bank of Communications Building, No. 3018, Shennan Middle Road, Futian District, Shenzhen, People’s Republic of China",,,,
32014R0833,753,EU-RUS,IV,Export control,25.2.2025,,LegalEntity,Pratik Corporation,,,,,,,,,,,,,,,,,,,UDYAM-MH-19-0043052,,,,,,,,,,,,,"29/31, Bhagwan Bhuvan, Gr. Floor, Off. Y.M. Road, Masjid Bunder, Mumbai 400009, India",+ 91-22-40140707 / 7045145181,pratikcorporation@gmail.com,https://www.pratikcorporation.com/,
32014R0833,754,EU-RUS,IV,Export control,25.2.2025,,LegalEntity,OMEGA LLC,ООО “Омега”,,,,,,,,,,,,,,,,,,7810419956,,,,,,,,,,,,,"194100, St. Petersburg, Lesnoy prospekt 63, lit. A, Russian Federation",+ 7 812-655-02-96,omegaved1@mail.ru; bylinskiy@omegaspb.su,http://omegaspb.su/,
32014R0833,755,EU-RUS,IV,Export control,25.2.2025,,LegalEntity,Agrim Aviation Private Limited,,,,,,,,,,,,,,,,,,,U62200DL2012PTC246754 (CIN),,,,,,,,,,,,,"516-A, 5th Floor, World Trade Centre, Babar Road, New Delhi, Delhi, 110001",+ 91 11 4308 3674,info@agrimavaition.com,https://agrimaviation.com/,
32014R0833,756,EU-RUS,IV,Export control,25.2.2025,,LegalEntity,SPLENDENT TECHNOLOGIES PTE LTD,,,,,,,,,,,,,,,,,,,202116808M (UEN),,,,,,,,,,,,,"5000, Ang Mo Kio Ave. 5, #04-05 Techplace Ii, Singapore 089053; 73 Upper Paya Lebar Road, #06-01c, Centro Bianco, Singapore 534818",+ 65-31384118,milay@splendentpte.net,http://www.splendentpte.net/index.aspx,
32014R0833,757,EU-RUS,IV,Export control,25.2.2025,,LegalEntity,LIMITED LIABILITY COMPANY DRAKE,LLC DRAKE; ООО ДРЕЙК,,,,,,,,,,,,,,,,,,1646047020 (TIN),,,,,,,,,,,,,"room 126, building 5/12, Street Sh-2, Yelabuga district, city settlement Yelabuga, Alabuga SEZ territory, 423601, Republic of Tatarstan, Russian Federation",,ooo_dreik@mail.ru,,
32014R0833,758,EU-RUS,IV,Export control,25.2.2025,,LegalEntity,LLC ASSISTRAGO,Assistagro LLC; ООО “АССИСТАГРО”,,,,,,,,,,,,,,,,,,9705152143 (TIN),,,,,,,,,,,,,"“Wall street” biznes-tsentr, building 256, 35 Valovaya street, munitsipalny okrug Zamoskvoreche, Moscow, 11504, Russian Federation",,es.bagryantsev@rusagorgoup.ru; info@agroassist.ru,www.agroassist.ru,
32014R0833,759,EU-RUS,IV,Export control,25.2.2025,,LegalEntity,LLC ALABUGA EXIM,LLC Alabuga Exim; OOO “Алабуга Эксим”,,,,,,,,,,,,,,,,,,1674003017 (TIN),,,,,,,,,,,,,"Room 102, Building 5/12, Street Sh-2, Yelabuga district, city settlement Yelabuga, Alabuga SEZ territory, 423601, Republic of Tatarstan, Russian Federation",+ 7 987 2911993,sales@exsim.ru,http://exsim.alabuga.ru,
32014R0833,760,EU-RUS,IV,Export control,21.5.2025,,LegalEntity,JSC DIPAUL,Dipaul Company; JSC NPF DIPAUL; Dipaul Technologies JSC; Scientific Industrial Company Dipaul Joint Stock Company; Dipaul-manufacturing company limited; АО НПФ Диполь; АО НАУЧНО-ПРОИЗВОДСТВЕННАЯ ФИРМА “ДИПОЛЬ”; АО НПФ “Диполь”,,,,,,,,,,,,,,,,,,7804137537 (Tax ID/INN),,,,,,,,,,,,,"16 Bolshaya Monetnaya, building 45, letter Ya, room 52 and room 46, 19701, St. Petersburg; 5B Rentgena Street, 197101, St. Petersburg; 20/1 Ogorodny Proezd, 127372, Moscow; 31 Novoslobodskaya str. 31, p. 2, 127055, Moscow, Russian Federation",+ 7 8127021266,info@dipaul.ru,www.dipaul.ru,
32014R0833,761,EU-RUS,IV,Export control,21.5.2025,,LegalEntity,Geoscan LLC,Geoscan; ОБЩЕСТВО С ОГРАНИЧЕННОЙ ОТВЕТСТВЕННОСТЬЮ “ГЕОСКАН”; ООО “ГЕОСКАН”,,,,,,,,,,,,,,,,,,7801450808 (Tax ID/INN),,,,,,,,,,,,,"Politekhnicheskaya street, building 22, complex L, room 1-N, room 12, 194021 St. Petersburg; 26 A Shatelena str., 194021, St. Petersburg, Russian Federation",+ 7 4956019890; + 7 8123633387,info@geoscan.aero,https://www.geoscan.ru,
32014R0833,762,EU-RUS,IV,Export control,21.5.2025,,LegalEntity,LLC MC Radioelectronic Technopark RV-1,Geoscan-UFA (former name); Общество С Ограниченной Ответственностью Управляющая Компания “Радиоэлектронный Технопарк Рв-1”,,,,,,,,,,,,,,,,,,0274965770 (Tax ID/INN),,,,,,,,,,,,,"Zainab Biyisheva str. 1, 450074, UFA, Republic of Bashkortostan, Russian Federation; 178 Rubezhnaya str., 450018, UFA, Kirovsky district, Republic of Bashkortostan, Russian Federation",+ 7 9174277777,info@rv-1.ru,https://rv-1.ru,
32014R0833,763,EU-RUS,IV,Export control,21.5.2025,,LegalEntity,JSC “STRATIM”,STRATIM DESIGN BUREAU; Ao “Стpatиm”; Акционерное Общество “Стратим”,,,,,,,,,,,,,,,,,,7720901379 (Tax ID/INN),,,,,,,,,,,,,"Elektrodnaya str. d. 2, Str. 34, room 19/3, 111524, Moscow, Russian Federation; Federativny avenue, d. 5, k. 1, room. 1/1, in. ter. municipal district Perovo, 111399, Moscow, Russian Federation",,info@stratim.tech,http://stratim.tech,
32014R0833,764,EU-RUS,IV,Export control,21.5.2025,,LegalEntity,JSC “STRATIM-TECH”,Joint Stock Company Stratim Tech; AO “Ctpatиm-Tex”,,,,,,,,,,,,,,,,,,9724145543 (Tax ID/INN),,,,,,,,,,,,,"Shipilovskaya street, d. 64, k. 1, room. 147, 115682, Moscow, Russian Federation",,info@stratim.tech,http://stratim.tech,
32014R0833,765,EU-RUS,IV,Export control,21.5.2025,,LegalEntity,LLC “STRATIM”,OOO CTPATИM,,,,,,,,,,,,,,,,,,5260494520 (Tax ID/INN),,,,,,,,,,,,,"Varvarskaya str., d. 6, room P6, 603000, Nizhny Novgorod, Russian Federation",,info@stratim.tech,http://stratim.tech,
32014R0833,766,EU-RUS,IV,Export control,21.5.2025,,LegalEntity,LLC ALABUGA MACHINERY,Limited Liability Company “Alabuga Machinery”; ООО АЛАБУГА МАШИНЕРИ,,,,,,,,,,,,,,,,,,1674003000 (Tax ID/INN),,,,,,,,,,,,,"Street Sh-2, Building 5/12, room 110, 423601, Republic of Tatarstan, Yelabuga district, city settlement Yelabuga, Alabuga Special Economic Zone territory, Russian Federation",+ 7 8555759006,,https://case.alabuga.ru/ru/residents/metalworks/,
32014R0833,767,EU-RUS,IV,Export control,21.5.2025,,LegalEntity,Limited Liability Company Geomiragro,LLC Geomiragro; Общество С Ограниченной Ответственностью “Геомирагро”; OOO “Геомирагро”,,,,,,,,,,,,,,,,,,5029269067 (Tax ID/INN),,,,,,,,,,,,,"5 Kolontsova street, Moscow oblast, Gorizont torgovo-ofisny tsentr, building 302, 141009, Mytischchi, Russian Federation",+ 7 4957885956,HAEF@mail.ru,https://www.geomir.ru,
32014R0833,768,EU-RUS,IV,Export control,21.5.2025,,LegalEntity,LLC Radioline,Radioline Ltd; Radiolain; ООО Радиолайн,,,,,,,,,,,,,,,,,,7718837905 (Tax ID/INN),,,,,,,,,,,,,"42 Volgogradsky prospekt, K. 5, Floor 2, room I, Kom. 1, 109316, Moscow, Russian Federation; 28 Khimikov str., BC “H2O”, office 1207, 195030, St. Petersburg, Russian Federation",+ 7 4952215143; + 7 8122004623,sales@radioRF.ru,https://radiorf.ru/,
32014R0833,769,EU-RUS,IV,Export control,21.5.2025,,LegalEntity,NPO Rostar LLC,ООО Нпо ‘Ростар,,,,,,,,,,,,,,,,,,1646012500 (Tax ID/INN),,,,,,,,,,,,,"Dorozhnaya str., d. 39, 423800, Naberezhnye Chelny, Tatarstan Republic, BSI, Russian Federation",+ 7 8552778671,rostar@rmsh.ru,https://en.rostar.com/; https://www.rostar.biz/,
32014R0833,770,EU-RUS,IV,Export control,21.5.2025,,LegalEntity,SPROCURE LLC,SPROCURE D.O.O.,,,,,,,,,,,,,,,,,,21819719 (Tax ID/INN),,,,,,,,,,,,,"1 Ljubana Jednaka, 11042, Beograd, Republic of Serbia",+ 381642656723,inbox@sprollc.com,https://sprollc.com/,
32014R0833,771,EU-RUS,IV,Export control,21.5.2025,,LegalEntity,Invent LTD,LLC INVENT; ОБЩЕСТВО С ОГРАНИЧЕННОЙ ОТВЕТСТВЕННОСТЬЮ “ИНВЕНТ”; ООО “ИНВЕНТ”,,,,,,,,,,,,,,,,,,5257114908 (Tax ID/INN),,,,,,,,,,,,,"15 Marata St., 603002, Nizhny Novgorod Region, Nizhny Novgorod, Russian Federation; Melnitsky pereulok, 1, 410105120, Moscow, Russian Federation",+ 7 831 2779933,"info@in-vent.ru, moscow@in-vent.ru",www.in-vent.ru,
32014R0833,772,EU-RUS,IV,Export control,21.5.2025,,LegalEntity,Gateway Ventures FZC,Gateway Ventures,,,,,,,,,,,,,,,,,,0000114330 (Tax ID/INN),,,,,,,,,,,,,"Building T1, Saif Zone, Sharjah International Airport Free Zone, Sharjah, 050100, Almaty, United Arab Emirates (UAE)",+ 971 6 5573850,info@gvcal.com; info@gatewayepm.com,http://www.gvcal.com; www.gatewayepm.com,
32014R0833,773,EU-RUS,IV,Export control,21.5.2025,,LegalEntity,Burj Al Salam LLC,BAS,,,,,,,,,,,,,,,,,,54738 (Tax ID/INN),,,,,,,,,,,,,"Bay Square Building 11, Office 107, Dubai, Business Bay Dubai, United Arab Emirates (UAE)",+ 971 4 2255421; + 971 2262005,,,
32014R0833,774,EU-RUS,IV,Export control,21.5.2025,,LegalEntity,LLC Promservis,ООО ПРОМСЕРВИС,,,,,,,,,,,,,,,,,,9718015970 (Tax ID/INN),,,,,,,,,,,,,"Spiridonovka str., d. 10, Etazh 1, kom 1, 123001, Moscow, Russian Federation",+ 7 495 266 69 58; + 7 495 2666968,info@prmsrv.com,http://prmsrv.com/,
32014R0833,775,EU-RUS,IV,Export control,21.5.2025,,LegalEntity,CS Yönetim ve Destek Hizmetleri Ltd.,"CSY, Consulting Services Yönetim; Cs Yönetim Ve Destek Hizmetleri Limited Șirketi",,,,,,,,,,,,,,,,,,800149 (Tax ID/INN),,,,,,,,,,,,,"Egs Business Park Bloklari No: 70, Giris Kat Yesilköy Mah. Bakirköy 34149, Republic of Türkiye",+ 90 2124652215; + 90 532 351 66 77,info@csy.com.tr,csy.com.tr,
32014R0833,776,EU-RUS,IV,Export control,21.5.2025,,LegalEntity,Etkin Hirdavat Insaat Pazarlama Sanayi Ve Ticaret Limited.,Etkin Hirdavat İnșaat Pazarlama Sanayi Ticaret Limited Șirketi,,,,,,,,,,,,,,,,,,44559 (Tax ID/INN),,,,,,,,,,,,,"Eskihisar Mh. 8015 Sk. B No. 1B/1, Merkezefendu, Denizli, Republic of Türkiye",0 (531) 269 60 33,info@etkinhirdavat.com.tr,https://www.etkinhirdavat.com.tr/,
32014R0833,777,EU-RUS,IV,Export control,21.5.2025,,LegalEntity,Inand Industries Company Ltd.,Cong Ty Tnhh Inand Industries,,,,,,,,,,,,,,,,,,0110203228 (Tax ID/INN),,,,,,,,,,,,,"Floor 9, Minori Building, 67a Truong Dinh, District Hai Ba Trung, Hanoi City, Socialist Republic of Vietnam",+ 84 388620299,,www.inand.vn,
32014R0833,778,EU-RUS,IV,Export control,21.5.2025,,LegalEntity,DAV Group Company Ltd.,"Dav Group Co. Ltd, Công TY TNHH DAV GROUP",,,,,,,,,,,,,,,,,,3502495376 (Tax ID/INN),,,,,,,,,,,,,"Phòng 508 lầu 5, tòa nhà VCCI, số 155 Nguyễn Thái Học, Phường 7, Thành Phố Vũng Tàu, Bà Rịa, Tỉnh Vũng Tàu, Socialist Republic of Vietnam; room 508, floor 5, Building VCCI, No 155 Nguyen Thai Hoc, Ward 7 Vung Tau, Socialist Republic of Vietnam",+ 84 338330345,,,
32014R0833,779,EU-RUS,IV,Export control,21.5.2025,,LegalEntity,Thavico Import Export Company Ltd.,CONG TY TNHH XUAT NHAP KHAU THAVICO,,,,,,,,,,,,,,,,,,3502257357 (Tax ID/INN),,,,,,,,,,,,,"180-182 Nguyễn Văn Trỗi, Phường 4, Thành Phố Vũng Tàu, Bà Rịa - Vũng Tàu, Socialist Republic of Vietnam; No. 4 Trung Trac, Ward 1, City Vung Tau, Ba Ria, Socialist Republic of Vietnam",+ 84 91 9647381; + 84 79441 27 87,info@thavicoexportimport.com,https://thavicoexportimport.wordpress.com/,
32014R0833,780,EU-RUS,IV,Export control,21.5.2025,,LegalEntity,Trade Engine System,OOO Trade Engine System; TES,,,,,,,,,,,,,,,,,,309746282 (Tax ID/INN),,,,,,,,,,,,,"Yakkasaray district, Damarik neighbourhood, Damarik MFY, Nukus Street, house 37, Tashkent city, Republic of Uzbekistan",+ 998781134114,info@trade-engine.uz,www.trade-engine.uz,
32014R0833,781,EU-RUS,IV,Export control,21.5.2025,,LegalEntity,LLC Protech,PROTEH CO LTD; Организация ООО “ПРОТЕХ”; ОБЩЕСТВО С ОГРАНИЧЕННОЙ ОТВЕТСТВЕННОСТЬЮ “ПРОФЕССИОНАЛЬНОЕ ОБОРУДОВАНИЕ И ТЕХНОЛОГИИ”,,,,,,,,,,,,,,,,,,7701748975 (Tax ID/INN),,,,,,,,,,,,,"Tarusskaya street 10, office 207, 117588, Moscow Russian Federation; 31-33 Ivan Chernykh st., office 510, Aquamarine Business Center, 198095, St. Petersburg, Russian Federation",+ 7 495 662 96 25; + 7 926 18 69500,info@protehnology.ru; comp@protehnology.ru,www.protehnology.ru,
32014R0833,782,EU-RUS,IV,Export control,21.5.2025,,LegalEntity,OCS DISTRIBUTION,O-SI-ES-TSENTR; ОБЩЕСТВО С ОГРАНИЧЕННОЙ ОТВЕТСТВЕННОСТЬЮ “О-СИ-ЭС-ЦЕНТР”,,,,,,,,,,,,,,,,,,7701341820 (Tax ID/INN),,,,,,,,,,,,,"Kievskoe Shosse, Rumyantsevo, Comcity office park, 6, building 1, 108811, Moscow, Russian Federation",+ 7 495 995 2575,info@ocs.ru,https://www.ocs.ru/,
32014R0833,783,EU-RUS,IV,Export control,21.5.2025,,LegalEntity,OOO TD KHIMMED,OOO TORGOVYY DOM KHIMMED; LLC Chimmed; Chimmed Group; LLC TD Himmed; ООО ТД ‘Химмед; ООО ТОРГОВЫЙ ДОМ ‘ХИММЕД,,,,,,,,,,,,,,,,,,7724709468 (Tax ID/INN),,,,,,,,,,,,,"Kashirskoe sh. 3, korp.2, building 4, floor 6 (territory of “Sirius Park” Business Centre), 115230, Moscow, Russian Federation,",+ 7 499 2868305; + 7 499 3017386,mail_user@chimmed.ru; mail408@chimmed.ru,chimmed.ru,
32014R0833,784,EU-RUS,IV,Export control,21.5.2025,,LegalEntity,Turbo King LLC,ООО ТУРБО КИНГ,,,,,,,,,,,,,,,,,,1650384878 (Tax ID/INN),,,,,,,,,,,,,"Proezd avtosborochny, d. 10, 423800, Republic of Tatarstan, Naberezhnye Chelny, Russian Federation.",,,,
32014R0833,785,EU-RUS,IV,Export control,21.5.2025,,LegalEntity,OOO RUSMEDTORG,Limited Liability Company Rusmedtorg; ООО РУСМЕДТОРГ,,,,,,,,,,,,,,,,,,7727218122 (Tax ID/INN),,,,,,,,,,,,,"2/1 Pokrovka street, str. 2, room 1, kom. 6, 101000 Moscow, Russian Federation; 2/21 Lenskaya Street, Floor 5, Room III, Room 2, 129327, Moscow, Russian Federation",+ 7 495 7778495,sales@rmedtorg.ru,https://rmedtorg.ru/about-us/,
32014R0833,786,EU-RUS,IV,Export control,21.5.2025,,LegalEntity,LLC AVBIS,Limited Liability Company Avbis; ООО Авбис,,,,,,,,,,,,,,,,,,7701840794 (Tax ID/INN),,,,,,,,,,,,,"Semyonovsky Lane 15, vn.ter.g. Sokolinaya Gora Municipal district, 107023, Moscow, Russian Federation",+ 7 495 2129378,lky@bk.ru; info@avbis.ru,https://avbis.ru,
32014R0833,787,EU-RUS,IV,Export control,21.5.2025,,LegalEntity,GTCT Ltd.,Global Turkey Çelik Ve Ticareti Anonim Șirketi,,,,,,,,,,,,,,,,,,370025 (Tax ID/INN),,,,,,,,,,,,,"Veko Giz Plaza, Maslak Mah. Maslak Meydan Sokak, No:3, Kat: 13, 34396, Sarıyer/İstanbul, Republic of Türkiye; Eski Büyükdere Caddesi 1, 34485, Istanbul, Republic of Türkiye",+ 90212 3563030,info@gtct.com.tr,https://gtct.com.tr/en,
32014R0833,788,EU-RUS,IV,Export control,21.5.2025,,LegalEntity,Stimul Engineering Ltd.,Stimul Mühendislik Danișmanlik İç Ve Diș Ticaret Limited Șirketi,,,,,,,,,,,,,,,,,,315939-5 (Tax ID/INN),,,,,,,,,,,,,"Aktim 3 Ticaret ve İș Merkezi Cihangir Mah. Güvercin Cad. No:2 Ic Kapi No:4 Avcilar/ İstanbul, Republic of Türkiye",+ 90 537 888 20 44,info@stimul.com.tr,https://stimul.com.tr/,
32014R0833,789,EU-RUS,IV,Export control,21.5.2025,,LegalEntity,Kocaeli Kesici Takimlar Makine Sanayi Ticaret Ltd,,,,,,,,,,,,,,,,,,,27861 (Tax ID/INN),,,,,,,,,,,,,"İzmit Kocaeli, Sanayi Mahallesi İzmit Sanayi Sitesi 12. Cadde 11. Blok No:13, Republic of Türkiye",+ 90 262 373 20 33,info@kesicitakimlar.com.tr,https://kesicitakimlar.com.tr/,
32014R0833,790,EU-RUS,IV,Export control,21.5.2025,,LegalEntity,Over the Line,OTL Uluslararasi Diș Ticaret Limited Șirketi,,,,,,,,,,,,,,,,,,414068-5 (Tax ID/INN),,,,,,,,,,,,,"Dereboyu Caddesi, Brandium AVM R5 Blok, Atasehir, Istanbul 34953, Republic of Türkiye; Aydinli Sb Mh. Kodalak Cd. Mega Bl n.8/z01 Tuzla, Republic of Türkiye",+ 90 216 771 10 74,,,
32014R0833,791,EU-RUS,IV,Export control,20.7.2025,,LegalEntity,OOO TSK Vektor,LLC TSK VEKTOR; OOO ТСК ВЕКТОР,,,,,,,,,,,,,,,,,,3849055365 (INN),,,,,,,,,,,,,"664048, Sevastopolskaya ulitsa d. 235, kv. 70, Irkutsk, Irkutskaya oblast, Russian Federation",+7 395 2350041; +7 902 5161813,,,
32014R0833,792,EU-RUS,IV,Export control,20.7.2025,,LegalEntity,P-D TATNEFT – ALABUGA STEKLOVOLOKNO LLC,ОБЩЕСТВО С ОГРАНИЧЕННОЙ ОТВЕТСТВЕННОСТЬЮ ‘П-Д ТАТНЕФТЬ - АЛАБУГА СТЕКЛОВОЛОКНО’,,,,,,,,,,,,,,,,,,1646022610 (INN),,,,,,,,,,,,,"423600, Republic of Tatarstan, Yelabuga district, Alabuga SEZ territory, Sh-2 street, building 11/1, Russian Federation",+7 855 5759094,office@pdt-steklovolokno.ru,www.alabuga.tatneft.ru,
32014R0833,793,EU-RUS,IV,Export control,20.7.2025,,LegalEntity,NPF Technologies of progress,NPF Tekhnologii Progressa; ООО НПФ ТЕХНОЛОГИИ ПРОГРЕССА,,,,,,,,,,,,,,,,,,7840074988 (INN),,,,,,,,,,,,,"192236, Sofiyskaya street 8, bldg. 1, lit. BD, 10-H, Office 3.13A, St. Petersburg, Russian Federation",+7 812 3634377,carbon@carbonstudio.ru,www.npf-tp.ru,
32014R0833,794,EU-RUS,IV,Export control,20.7.2025,,LegalEntity,"Kalinka Tianjin International Trade Co., Ltd.","Karinka (Tianjin) International Trade Co., Ltd.; 卡林卡（天津）国际贸易有限公司",,,,,,,,,,,,,,,,,,91120105MA06Q77Y68,,,,,,,,,,,,,"2-4-101, Yuemengyuan, Jiangdu Road, 300140 Hebei District, Tianjin, People’s Republic of China",,1021526248@qq.com,,
32014R0833,795,EU-RUS,IV,Export control,20.7.2025,,LegalEntity,Arcos Harbin Supply Chain Management Co. Ltd.,"Alcos (Harbin) Supply Chain Management Co., Ltd; Al Kos (Harbin) Supply Chain Manage Co., Ltd.; 阿尔科斯（哈尔滨）供应链管理有限公司",,,,,,,,,,,,,,,,,,91230199MAC7UBMB9E,,,,,,,,,,,,,"Nangang District, Jingkai District, Harbin, Room 106, No. 368, Changjiang Road, People’s Republic of China",,guanxin@chbay.net,https://chbay.net/ru,
32014R0833,796,EU-RUS,IV,Export control,20.7.2025,,LegalEntity,MKPL Technology HK Co. Ltd.,"Mako Pineapple Technology (Hong Kong) Limited; Maco Pineapple Technology (Hong Kong) Co., Ltd; 碼可菠蘿科技(香港)有限公司",,,,,,,,,,,,,,,,,,72201626 (BRN); 2974922 (CR. No.),,,,,,,,,,,,,"Rm 1302 13/F Cheong K. Building 84-86, Des Voeux Road Central Hongkong, People’s Republic of China",+86 185 0160 3147,sales@mkplhk.com; info@mkplhk.com,https://mkplhk.com/,
32014R0833,797,EU-RUS,IV,Export control,20.7.2025,,LegalEntity,TEST PARTNER LLC,ООО Тест Партнер,,,,,,,,,,,,,,,,,,6658463986 (INN),,,,,,,,,,,,,"620026, Yekaterinburg, Sverdlovskaya oblast, Belinsky street 83, office 1714, Russian Federation; 125476, Moscow, Vasily Petushkova street 8, Russian Federation",+7 343 288 5154; +7 495 215 2837,info@testpartner.ru,http://testpartner.ru,
32014R0833,798,EU-RUS,IV,Export control,20.7.2025,,LegalEntity,APGROUP-SMT Group of Companies LLC,Carbon Studio; ООО ГК АПГРУПП-СМТ,,,,,,,,,,,,,,,,,,7816693056 (INN),,,,,,,,,,,,,"192236, Saint Petersburg, Sofiyskaya street 8, Russian Federation",+7 812 3634377; +7 800 7072367,carbon@carbonstudio.ru; info@apgroup.pro,www.apgroup-tech.ru; www.carbonstudio.ru; www.tech.carbonstudio.ru,
32014R0833,799,EU-RUS,IV,Export control,20.7.2025,,LegalEntity,CHIP SPACE ELECTRONICS CO. LTD,芯時空電子有限公司,,,,,,,,,,,,,,,,,,74623200 (BRN); 3210227 (CR No.),,,,,,,,,,,,,"Unit No. A222, 3F, Hang Fung Industrial Building, Phase 2, No. 2G Hok Yuen Street, Hunghom, Kowloon, Hong Kong",+ 852 3075 6680,sales@chipspace-elec.com,https://www.chipspace-elec.com/,
32014R0833,800,EU-RUS,IV,Export control,20.7.2025,,LegalEntity,Uniservice LLC,ООО ЮНИСЕРВИС,,,,,,,,,,,,,,,,,,7804700100 (INN),,,,,,,,,,,,,"195220, St. Petersburg, Obruchevykh st. 1, lit. A, ind. 2-H, office. 150, Russian Federation",,,https://uniservicellc.ru/index.html,
32014R0833,801,EU-RUS,IV,Export control,20.7.2025,,LegalEntity,Luchengtech Co Ltd,"Beijing Lucheng Weiye Technology Development Co., Ltd; 北京鲁成伟业科技发展有限公司",,,,,,,,,,,,,,,,,,91110114783965860W,,,,,,,,,,,,,"Room 601, Building 1, Zhu Brothers Building, No. 5 Liye Road, Changping District, Beijing, People’s Republic of China",+ 86 62917956; +86 166 2020 5868,sales-c@luchengtech.com,https://www.luchengtech.com/,
32014R0833,802,EU-RUS,IV,Export control,20.7.2025,,LegalEntity,Xinghua Co Ltd,"Beijing Xinghua Hengcheng Technology Co., Ltd; Beijing Xinghua Hengcheng Technology Development Co., Ltd Xinghuatech Co. Ltd; Xingtech Co., ltd; Xingtac; 北京兴华恒成科技有限公司",,,,,,,,,,,,,,,,,,911101145732045106,,,,,,,,,,,,,"Room 602, Building 1, Zhu Brothers Building, No. 5 Liye Road, Changping District, Beijing, People’s Republic of China; Causeway Bay, Radio City, Hennessy Road, 505, Hong Kong; Flat / RM A 12/F ZJ 300, Lockhart road, Wan Chai, Hong Kong",+ 86 82894256; +86 400 688 5199; +86 159 0118 1049,,www.xingtac89.com,
32014R0833,803,EU-RUS,IV,Export control,20.7.2025,,LegalEntity,CUVEE Importers Limited,,,,,,,,,,,,,,,,,,,60699645 (BRN); 1834044 (CR No.),,,,,,,,,,,,,"Unit 1207B, 12/F, Wah Lai Industrial Centre, 10-14 Kwei Tei Street, Fotan, NT, Hong Kong",,,,
32014R0833,804,EU-RUS,IV,Export control,20.7.2025,,LegalEntity,Sistemotekhnika LLC,Systemtechnik Power Solutions; ООО Системотехника,,,,,,,,,,,,,,,,,,7743857750,,,,,,,,,,,,,"125239, Moscow, Koptevskaya str. 73, building 1, floor 1, room 1, Russian Federation",+7 495 2550339; +7 495 1352917,info@sstmk.ru; box@all-generators.ru,https://sstmk.ru; https://all-generators.ru/,
32014R0833,805,EU-RUS,IV,Export control,20.7.2025,,LegalEntity,Unmanned Solutions Center Ltd.,USC Ltd; Complex Unmanned Solutions Center Ltd; ООО ЦЕНТР КОМПЛЕКСНЫХ БЕСПИЛОТНЫХ РЕШЕНИЙ; ООО ‘ЦКБР’,,,,,,,,,,,,,,,,,,5040176793 (Tax ID/INN),,,,,,,,,,,,,"24/1 Luch Str., 2nd floor, app. 112, Zhukovsky, Moscow Oblast, 140184, Russian Federation",,kuzyakin@gmail.com,https://cus.center/,
32014R0833,806,EU-RUS,IV,Export control,20.7.2025,,LegalEntity,POLIMERPROMTORG LLC,ОБЩЕСТВО С ОГРАНИЧЕННОЙ ОТВЕТСТВЕННОСТЬЮ ‘ПОЛИМЕРПРОМТОРГ’,,,,,,,,,,,,,,,,,,1661046655 (Tax ID/INN),,,,,,,,,,,,,"420140, Republic of Tatarstan, Kazan, Yuliusa Fuchika street, D. 90 A, office 820, Russian Federation",+ 7 (843) 2060242,ppt@ppt16.ru,https://ppt16.ru,
32014R0833,807,EU-RUS,IV,Export control,20.7.2025,,LegalEntity,BOSFORLAB DIS TICARET LTD,BOSFORLAB,,,,,,,,,,,,,,,,,,396399-5,,,,,,,,,,,,,"İnönü Mahallesi 19 Mayıs Caddesi Serhat Apartmanı No:106 Daire: 5 ATAȘEHİR Istanbul, Republic of Türkiye",+ 90 (0216) 575 33 71,info@bosforlab.com,https://bosforlab.com/,
32014R0833,808,EU-RUS,IV,Export control,20.7.2025,,LegalEntity,BASHTRADEHOUSE IC VE DIS TICARET LTD,,,,,,,,,,,,,,,,,,,382301-5,,,,,,,,,,,,,"Mustafa Akyol sok. 13 MVK Business No:211 Yenișehir mah. Pendik, 34912, İstanbul, Republic of Türkiye",,contact@bashtradehouse.com,https://bashtradehouse.com/en/,
32014R0833,809,EU-RUS,IV,Export control,20.7.2025,,LegalEntity,FS DIS TICARET A. S.,FS Foreign Trade; FS Dıș Ticaret A.Ș,,,,,,,,,,,,,,,,,,3881489178,,,,,,,,,,,,,"Buyaka 2 Sitesi 3 D:54, Poligon Caddesi No:8C, Fatih Sultan Mehmet Mahallesi, 34771 Ümraniye, İstanbul, Republic of Türkiye",+ 90 216 504 31 55,info@fsforeigntrade.com,https://www.fsforeigntrade.com,
32014R0833,810,EU-RUS,IV,Export control,20.7.2025,,LegalEntity,ILMOR KIMYA VE TEKSTIL SANAYI VE TIC. LTD,,,,,,,,,,,,,,,,,,,4730791281,,,,,,,,,,,,,"Seba office D:61, Mimar Sinan Sokak NO:21D, Ayazaga Mahallesi, 34485 Sariyer, Republic of Türkiye",+90 212 2884224,ilmor@ilmor.com.tr,https://ilmor.com.tr/,
32014R0833,811,EU-RUS,IV,Export control,20.7.2025,,LegalEntity,KHIMINTEKHNO LLC,OOO ХИМИНТЕХНО,,,,,,,,,,,,,,,,,,7751222426 (Tax ID/INN),,,,,,,,,,,,,"108851, Moscow, Shcherbinka, Simferopolskoye highway, 16, Russian Federation",+ 7 (499) 286-85-52,corp@himtechno.ru,http://himtechno.ru/,
32014R0833,812,EU-RUS,IV,Export control,20.7.2025,,LegalEntity,POLIKHIM MOSKVA LLC,ООО ПОЛИХИМ МОСКВА,,,,,,,,,,,,,,,,,,9728064503 (Tax ID/INN),,,,,,,,,,,,,"17B Butlerova St., room 58/11/2, 117342, Moscow, Konkovo Municipal district, Russian Federation",,mail@polihem.ru,http://polihem.ru/,
32014R0833,813,EU-RUS,IV,Export control,20.7.2025,,LegalEntity,Atoma Ltd,OOO ATOMA; ОБЩЕСТВО С ОГРАНИЧЕННОЙ ОТВЕТСТВЕННОСТЬЮ ‘АТОМА’,,,,,,,,,,,,,,,,,,7807352250,,,,,,,,,,,,,"198095, St Petersburg, st. Kalinina 13, room 620, 33-N Building A, Russian Federation",+7 812 4412331,info@atoma.spb.ru,https://atoma.spb.ru/,
32014R0833,814,EU-RUS,IV,Export control,20.7.2025,,LegalEntity,MT-SYSTEM LLC,LLC SYSTEM-L; МТ-СИСТЕМС; ООО СИСТЕМА-Л,,,,,,,,,,,,,,,,,,,,,,,,,,,,,,,"198095, St Petersburg, st. Kalinina 13, office 402, Building A, Russian Federation",+ 7 (812) 325 36 85,info@mt-systems.ru; info@my-systems.ru,www.mt-system.ru,
32014R0833,815,EU-RUS,IV,Export control,20.7.2025,,LegalEntity,NPK AEROKON,"AEROCON JSC, AEROKON LLC; ОБЩЕСТВО С ОГРАНИЧЕННОЙ ОТВЕТСТВЕННОСТЬЮ ‘АЭРОКОН’",,,,,,,,,,,,,,,,,,1683010356,,,,,,,,,,,,,"422700, Republic of Tatarstan, Vysokogorsky district, Chernyshevka village, Centralnaya street, 18, office 1, Russian Federation",+8 917 934 34 12,office@aerokon.su; aerokon.kzn@gmail.com,http://aerokon.su/,
32014R0833,816,EU-RUS,IV,Export control,20.7.2025,,LegalEntity,Prist JSC,"Pribory, Service, Torgovlya; АКЦИОНЕРНОЕ ОБЩЕСТВО ‘ПРИБОРЫ, СЕРВИС, ТОРГОВЛЯ’",,,,,,,,,,,,,,,,,,7721212396,,,,,,,,,,,,,"111141, St. Plekhanova, 15A, Moscow, Russian Federation; St. Tshvetotchnaya, b. 18 lit. B Business-Park ‘Tshvetotchnaya 18’, St. Petersburg; st. Tsvillinga, 58, office 1, Ekaterinburg",+ 7 (495) 7775591; + 8 (812) 6777508; + 8 (343) 3173999,prist@prist.ru,https://prist.ru/en/about/,
32014R0833,817,EU-RUS,IV,Export control,24.10.2025,,LegalEntity,Splendent Technologies,"Spoden Technology Co., Ltd; 斯博登科技有限公司",,,,,,,,,,,,,,,,,,1773641 (TRN); 60093029 (BRN),,,,,,,,,,,,,"Workshop 60, 3/F, Block A, East Sun Industrial Centre, No. 16 Shing Yip Street, Kowloon, Hong Kong; Sun Ho House, 279 Saiyeung Choi St., North Sham Shui Po Kl, Hong Kong",+852 9713 6364,sale@splendentpte.com,www.splendentpte.com,
32014R0833,818,EU-RUS,IV,Export control,24.10.2025,,LegalEntity,LLC Microdrive,MikroDraiv; ООО Микродрайв,,,,,,,,,,,,,,,,,,5916024827,,,,,,,,,,,,,"office 26, 35 Lenin Avenue, 617001, Nytva, Nytvenski district, Perm Region, Russian Federation",+7 342 2111506,to@microdrive.planfix.ru,www.micro-drive.ru,
32014R0833,819,EU-RUS,IV,Export control,24.10.2025,,LegalEntity,Bridgetech LLC,Бриджтех,,,,,,,,,,,,,,,,,,9709102680,,,,,,,,,,,,,"room 535, building 3, 32 Nizhegorodskaya St., 109029, Moscow, Russian Federation",+7 495 245 5514,info@bridge-tech.ru,https://bridge-tech.ru/,
32014R0833,820,EU-RUS,IV,Export control,24.10.2025,,LegalEntity,Jove HK Limited,,,,,,,,,,,,,,,,,,,58538021 (BRN); 1618862 (CRN),,,,,,,,,,,,,"Room 606, 6/F, Hollywood Centre, 77-91 Queen’s Road West, Sheung Wan, Hong Kong; 3/F Won Chung Ming Commercial House, 14-16 Wyndham Street, Central, Hong Kong; 68-70 Wellington Street, 3/F, Hong Kong",,,,
32014R0833,821,EU-RUS,IV,Export control,24.10.2025,,LegalEntity,China Purchasing Group (Chbay) Lingtong International Supply Chain Management Company Limited,"Qibei Lingtong (Wuhu) Supply Chain Management Co., Ltd; 企贝领通（芜湖）供应链管理有限公司",,,,,,,,,,,,,,,,,,91340200MA8QP9X225,,,,,,,,,,,,,"178 Hongqi Street, Nangang District, Harbin City, Heilongjang, People’s Republic of China",0451-82292577,guanxin@chbay.net,https://www.chbay.net/,
32014R0833,822,EU-RUS,IV,Export control,24.10.2025,,LegalEntity,LiderTrans Global Forwarding,LT Global Forwarding; Lt-GF; ООО ЛТ ГЛОБАЛ ФОРВАРДИНГ,,,,,,,,,,,,,,,,,,7729703685,,,,,,,,,,,,,"1059, 50 Chulman, Naberezhnye Chelny, 423831, city of Naberezhnye Chelny, Tatarstan Republic, Russian Federation; office 108, Naberezhnye Chelny city, 50 Hasana Tufana St., Republic of Tatarstan, Russian Federation",+7 987 4064667; +7 800 7074733,sales@lt-gf.com,http://www.lt-gf.com/,
32014R0833,823,EU-RUS,IV,Export control,24.10.2025,,LegalEntity,"Heilongjiang Karubis Trade Development Co., Ltd","Heilongjiang Kalubus Trade Development Co., Ltd; Heilongjiang Province Kalubusi Trade Development Co., Ltd; 黑龙江省卡鲁布斯贸易发展有限公司",,,,,,,,,,,,,,,,,,91230109MAC3Q2RY9T,,,,,,,,,,,,,"Room 509, Building 19, 178 Hongqi Street, Nangang Concentration Zone, Harbin High-tech Industrial Development Zone, People’s Republic of China",,,,
32014R0833,824,EU-RUS,IV,Export control,24.10.2025,,LegalEntity,"Yiwu Vortex Import and Export Co., Ltd","Yiwu Wotai Si Import and Export Co., Ltd; 義烏市沃態偲進出口有限公司",,,,,,,,,,,,,,,,,,70939081 (BRN),,,,,,,,,,,,,"Unit 1503, Office 62, Level 15, Admiralty Centre Tower 1, 18 Harcourt Road, Admiralty, Hong Kong",,info@yiwu-vortex.com,https://yiwu-vortex.com/,
32014R0833,825,EU-RUS,IV,Export control,24.10.2025,,LegalEntity,KR Prom LLC,ООО КР ПРОМ,,,,,,,,,,,,,,,,,,7722216040,,,,,,,,,,,,,"building 5, Entuziastov Highway, 111024, Moscow, Russian Federation",+7 495 7812208,info@krprom.ru; msk@krprom.ru,https://krprom.ru/,
32014R0833,826,EU-RUS,IV,Export control,24.10.2025,,LegalEntity,OKBM LLC,LLC Experimental Design Bureau of Engine Building; LLC EDB; LLC Experimental Motor Design Bureau; ООО ОКБМ,,,,,,,,,,,,,,,,,,3664204783,,,,,,,,,,,,,"Aidarovskoye rural settlement, Promyshlennaya Street, Zone 2, plot No. 4, Voronezh region, Russian Federation; 22 Voroshilova St., 394055, Voronezh, Russian Federation",+7 473 2638603,okbm@okbm.ru,www.okbm.ru,
32014R0833,827,EU-RUS,IV,Export control,24.10.2025,,LegalEntity,"Zhejiang Zhenhuan CNC Machine Tool Co., Ltd",Z-Mat; 浙江震环数控机床股份有限公司; 震环机床集团,,,,,,,,,,,,,,,,,,91331000725858856D,,,,,,,,,,,,,"Mechanical and Electrical Zone, Yuhuan, Taizhou Zhejiang 317699, People’s Republic of China",+8657687211555; +86 576 87226292,info@zmat.com,cn.zmat.com,
32014R0833,828,EU-RUS,IV,Export control,24.10.2025,,LegalEntity,LLC Bitvan,ООО Битван,,,,,,,,,,,,,,,,,,7451298738,,,,,,,,,,,,,"9/4, Troitskiy Trakt, 454053, Chelyabinsk Mekhanicheskaya St., 115V, Russian Federation",+7 351 7785260,info@bitvan.ru,https://www.bitvan.ru/,
32014R0833,829,EU-RUS,IV,Export control,24.10.2025,,LegalEntity,Conti-Far Logistics Co. Ltd.,"Kangze Yuan International Logistics (Hong Kong) Co., Ltd; 康澤遠國際物流(香港)有限公司",,,,,,,,,,,,,,,,,,64528844,,,,,,,,,,,,,"room S032, 2/F, The Capital 61-65 Chatham Road South, Tsim Sha Tsui, Kowloon, Hong Kong; room 2102, Block D, Sui Bao Yipin, No. 1058 Shangbu North Road, Futian District, Shenzen, People’s Republic of China",+86-755-89379122; +86-755-89379056,info@contifar.com,http://www.contifar.com/,
32014R0833,830,EU-RUS,IV,Export control,24.10.2025,,LegalEntity,LLC Mikrosan,ООО Микросан,,,,,,,,,,,,,,,,,,5407216683,,,,,,,,,,,,,"room 433, 54 Krasnyi Avenue, Novosibirsk, 630091, Russian Federation",+7 800 6002250; +7 383 2170531,sibmail@microsun.ru; marketing@microsun.ru,https://microsun.ru/,
32014R0833,831,EU-RUS,IV,Export control,24.10.2025,,LegalEntity,LLC TR-Link,TP-Link LCC; ООО ТР-Линк,,,,,,,,,,,,,,,,,,7718782082,,,,,,,,,,,,,"office 501, 27 Street Elektrozavodska, 7, 107023, Moscow, Russian Federation",+7 495 2285566,,www.tp-linkru.com,
32014R0833,832,EU-RUS,IV,Export control,24.10.2025,,LegalEntity,Radiofid Systems LLC,ООО Радиофид Системы,,,,,,,,,,,,,,,,,,7802491148,,,,,,,,,,,,,"Room 66-N, Building 1 A, 17 shosse Vyborgskoe, St. Petersburg 194355, Russian Federation",+7 812 3181819,sales@radiofid.ru,www.radiofid.ru,
32014R0833,833,EU-RUS,IV,Export control,24.10.2025,,LegalEntity,Alice Components Co. Ltd,Alice Parts Co. Ltd; 愛麗絲零部件有限公司,,,,,,,,,,,,,,,,,,"65627867 (BRN), 2323950 (CRN)",,,,,,,,,,,,,"Room A516, 5th Floor, Yee Fat Industrial Building, No. 35 Tai Yau Street, San Po Kong, Kowloon, Hong Kong; Flat/Room A, 20/F Kui Fu Commercial Building, 300 Lockhart Road, Hong Kong; Office 517, 90 Central Tangxia ave., Dongguan, Guangdong, China",+86 (769) 8987 0508,sales@2303.com.cn,https://2303.com.cn/,
32014R0833,834,EU-RUS,IV,Export control,24.10.2025,,LegalEntity,MicroEM AO,"AO Mikroem, JSC Microem; АО ‘МИКРОЭМ’",,,,,,,,,,,,,,,,,,7735082700,,,,,,,,,,,,,"124482, Moscow, Zelenograd, Savelkinsky avenue, 4, Russian Federation; 191040 St. Petersburg, Ligovskii Prospekt 50, building 11, office 39, Russian Federation; 124489, Moscow, Zelenograd, Sosnovaya Alleya 6A, Russian Federation; 630047, Novosibirsk, Novaya 28, office 305, Russian Federation; 620034, Yekaterinburg, Opalikhinskaya street 27A, office 405, Russian Federation; 344045, Rostov-on-Don, Lelyushenko street 13, office 1, Russian Federation",+7 (495) 739 65 39,microem@microem.ru,https://microem.ru/,
32014R0833,835,EU-RUS,IV,Export control,24.10.2025,,LegalEntity,TsNIRTI,Central Research Radio Engineering Institute Named After Academician A I Berg; Central Scientific Research Radio Engineering Institute Berg; CNIRTI; Организация АО ‘ЦНИРТИ ИМ. АКАДЕМИКА А.И. БЕРГА’ (АКЦИОНЕРНОЕ ОБЩЕСТВО ‘ЦЕНТРАЛЬНЫЙ НАУЧНО-ИССЛЕДОВАТЕЛЬСКИЙ РАДИОТЕХНИЧЕСКИЙ ИНСТИТУТ ИМЕНИ АКАДЕМИКА А.И. БЕРГА’),,,,,,,,,,,,,,,,,,9701039940,,,,,,,,,,,,,"bldg. 9, 20 Novaya Basmannaya St., 107078, Moscow, Russian Federation","+7 (499) 267-43-93, +7 (499) 263-94-01",post@cnirti.ru,http://cnirti.ru,
32014R0833,836,EU-RUS,IV,Export control,24.10.2025,,LegalEntity,Setuntel LLC,Foxcomm Networks; Setun Telekom; OOO СЕТУНТЕЛ (ОБЩЕСТВО С ОГРАНИЧЕННОЙ ОТВЕТСТВЕННОСТЬЮ ‘СЕТУНЬ ТЕЛЕКОМ’),,,,,,,,,,,,,,,,,,7730246560,,,,,,,,,,,,,"121069, Moscow, Bagrationovsky avenue 7, room 20, office 747, Russian Federation",+7(499) 677-22-95,info@setuntel.ru,http://www.setuntel.ru,
32014R0833,837,EU-RUS,IV,Export control,24.10.2025,,LegalEntity,TD Simmetron Elektronnye Komponenty,"TD Simmetron EK, Trading House Symmetron Electronic Components; ООО ТД СИММЕТРОН ЭК; ОБЩЕСТВО С ОГРАНИЧЕННОЙ ОТВЕТСТВЕННОСТЬЮ ‘ТОРГОВЫЙ ДОМ “СИММЕТРОН ЭЛЕКТРОННЫЕ КОМПОНЕНТЫ”’",,,,,,,,,,,,,,,,,,7743581260,,,,,,,,,,,,,"125445, Moscow, Leningradskoye shosse, 69, build. 1, River City Business Park, Russian Federation; 630073, Novosibirsk, Bluchera ul., 71b, Russian Federation",+7 (495) 961-2020,moscow@symmetron.ru,https://symmetrongroup.com/; https://www.symmetron.ru,
32014R0833,838,EU-RUS,IV,Export control,24.10.2025,,LegalEntity,Vector Group LLC,VEKTOR GRUPP; ООО Вектор Групп,,,,,,,,,,,,,,,,,,7703438390,,,,,,,,,,,,,"123100, Moscow, Presnensky Municipal District, 3 Studenetsky Per. 1/7A, Russian Federation",,,,
32014R0833,839,EU-RUS,IV,Export control,24.10.2025,,LegalEntity,PRIN JSC,АО ПРИН,,,,,,,,,,,,,,,,,,7712032661,,,,,,,,,,,,,"123592, Moscow, ext. Ter. Strogino Municipal District, Kulakova street, 20, building 1, Room 8/1, Russian Federation; 125080, Moscow, Volokolamskoye Highway, 4, Building 26, Russian Federation",+7 495-120-13-59,info@prin.ru,https://www.prin.ru/; https://prinmarket.ru/,
32014R0833,840,EU-RUS,IV,Export control,24.10.2025,,LegalEntity,GNSS Plus LLC,NPK GNSS Plus LTD; ГНСС ПЛЮС,,,,,,,,,,,,,,,,,,7734571794,,,,,,,,,,,,,"121354, Moscow, Dorogobuzhskaya street 14, building 6, Russian Federation; 123298, Moscow, Shchukino municipal district, Narodnogo Opolcheniya Street, 38, building 1, Russian Federation",+7 (495) 109-75-45,info@gnssplus.ru,www.gnssplus.ru,
32014R0833,841,EU-RUS,IV,Export control,24.10.2025,,LegalEntity,KMT LLC,ООО КМТ (ОБЩЕСТВО С ОГРАНИЧЕННОЙ ОТВЕТСТВЕННОСТЬЮ ‘КМТ’),,,,,,,,,,,,,,,,,,9719010156,,,,,,,,,,,,,"107023, Moscow, Sokolinaya Gora municipal district, Bolshaya Semyonovskaya Street. 40, building 13, room 203, Russian Federation",+7 (495) 137-55-56,info@kmt-stanki.ru,https://kmt-stanki.ru/,
32014R0833,842,EU-RUS,IV,Export control,24.10.2025,,LegalEntity,LLC Mashimport,ООО МАШИМПОРТ,,,,,,,,,,,,,,,,,,7719717008,,,,,,,,,,,,,"room 403, Building. 13, 40 Bolshaya Semnovskaya street, 107023, Moscow, Russian Federation",+74956633393,info@mash-import.com,https://mash-import.com/,
32014R0833,843,EU-RUS,IV,Export control,24.10.2025,,LegalEntity,Aerotrust Aviation Private Limited,,,,,,,,,,,,,,,,,,,U74999DL2021PTC388965 (CIN),,,,,,,,,,,,,"Shop No 104, Ground Floor, Amberhai Village, Sector - 19, Dwarka, New Delhi, 110075 Delhi, India; Unit No. 301, Third Floor, Plot No.8, Krishna Tower, Section 12, N.S.I.T. Dwarka, South West Delhi, 110078 Delhi, India",+91 8076026602,sales@aerotrustaviation.com,https://www.aerotrustaviation.com/,
32014R0833,844,EU-RUS,IV,Export control,24.10.2025,,LegalEntity,Ascend Aviation India Private Limited,,,,,,,,,,,,,,,,,,,U74999DL2017PTC315173 (CIN),,,,,,,,,,,,,"No. 334, Ground Floor, near Gurudwara, Village Shahbad Mohdpur, 11061 Delhi, India; Khasra No.606, Dalal Complex, Rangpuri, Mahipalpur, New Delhi, 110037, India",+ 91-011-64706564; + 91-9212336803,sales@ascendaviationindia.com,www.ascendaviationindia.com,
32014R0833,845,EU-RUS,IV,Export control,24.10.2025,,LegalEntity,Shree Enterprises,,,,,,,,,,,,,,,,,,,EACPA3965E (IEC); EACPA3965E (PAN),,,,,,,,,,,,,"House NO 6B, Kh. No. 334, 4th Floor, Shahabad Mohammadpur Village New Delhi, South West Delhi, Delhi, 110061, India",+91-7011993953,sales@shreeenterprises.io,https://www.shreeenterprises.io/index.php,
32014R0833,846,EU-RUS,IV,Export control,24.10.2025,,LegalEntity,EuroIndustry LLC,Euroindustria LLC; ООО ‘ЕвроИндустрия’,,,,,,,,,,,,,,,,,,7839133117 (INN),,,,,,,,,,,,,"Office 16P, Lit. B, House 25 N, Mokhovaya Street 31, 191028, St. Petersburg, Russian Federation",+7 8122707515,info@ei.spb.ru,https://ei.spb.ru,
32014R0833,847,EU-RUS,IV,Export control,24.10.2025,,LegalEntity,Hong Kong Park On Electronics Technology,香港德容电子科技有限公司,,,,,,,,,,,,,,,,,,53594054 (BRN); 1550569 (CRN),,,,,,,,,,,,,"Workshop 57, 3rd Floor, Block A, East Sun Industrial Centre, No.16 Shing Yi Street, Kowloon, Hong Kong",,,,
32014R0833,848,EU-RUS,IV,Export control,24.10.2025,,LegalEntity,TECGR CO. ltd,บริษัท ทีอีซีจีอาร์ จำกัด,,,,,,,,,,,,,,,,,,0105565079224,,,,,,,,,,,,,"305 Rama2, Soi 38 Bangmod, Jomthong, 10150, Bangkok, Thailand",,tecgrcoltd@gmail.com,www.tecgr.net,
32014R0833,849,EU-RUS,IV,Export control,24.10.2025,,LegalEntity,JSC Krasnoarmeysk Scientific Research Institute of Mechanization,JSC KNIIM; АО КНИИМ,,,,,,,,,,,,,,,,,,5038087144,,,,,,,,,,,,,"8 Ispytateley Avenue, Krasnoarmeysk, 141292, Moscow, Russian Federation",+7 (496) 523-57-66; +7 (496) 523-53-71,info@kniim.ru,www.kniim.ru,
32014R0833,850,EU-RUS,IV,Export control,24.10.2025,,LegalEntity,Transit LLC,ООО Транзит,,,,,,,,,,,,,,,,,,2540132492 (INN),,,,,,,,,,,,,"36 Nekrasovskaya, Lit. B, 690014, Vladivostok, Russian Federation; 40 Krygina Str., Primorsky Krai, 690065, Vladivostok, Russian Federation",+7 423 279 5739,info@transitllc.ru,www.transitllc.ru,
32014R0833,851,EU-RUS,IV,Export control,24.10.2025,,LegalEntity,Soguzo Co. Ltd,บริษัท โซกุโซ่ จำกัด,,,,,,,,,,,,,,,,,,0105565109824,,,,,,,,,,,,,"No 305 Ramą 2 Alley, 38 Alley, Bang Mot Sub-district, Chom Thong District, 10150 Bangkok, Thailand",,info@soguzo.com,soguzo.com,
32014R0833,852,EU-RUS,IV,Export control,24.10.2025,,LegalEntity,"Suzhou Ecod Precision Manufacturing Co., Ltd","Suzhou Yikeda Intelligent Technology Co., Ltd; Suzhou Yida Intelligent Technology; 苏州亿可达智能科技有限公司",,,,,,,,,,,,,,,,,,91320506MA27AR11XL,,,,,,,,,,,,,"Room 455, Building 2, No. 199-1, East Huayuan Road, Mudu Town, Wuzhong District, Suzhou, Jiangsu, People’s Republic of China; Room 8219, Building 3, No. 151 Huashan Road, High-tech Zone, Suzhou, Jiangsu, People’s Republic of China",+86 13776010404,dolphin@ecodcn.com,https://www.ecod-cncmachining.com/; http://ecod-cncmachining.com/,
32014R0833,853,EU-RUS,IV,Export control,24.10.2025,,LegalEntity,LLC Morgan,ООО Морган,,,,,,,,,,,,,,,,,,1674009033,,,,,,,,,,,,,"Room 42, ter. Oez Alabuga, 4A Str. Sh-2, m. district Yelabuzhsky, Yelabuga, 423601, Republic of Tatarstan, Russian Federation",,,,
32014R0833,854,EU-RUS,IV,Export control,24.10.2025,,LegalEntity,Shandong Xinyilu International Trade Co,"Shandong Xinyi Road International Trade Co., Ltd; 山东新壹路国际贸易有限责任公司",,,,,,,,,,,,,,,,,,91370112MA3RNKQ371,,,,,,,,,,,,,"Room 506, Building 6, Xinyuanxin Center, No. 3 Huaxin Road, 250100, Jinan, People’s Republic of China",,,,
32014R0833,855,EU-RUS,IV,Export control,24.10.2025,,LegalEntity,Sollers Alabuga LLC,ООО Соллерс Алабуга,,,,,,,,,,,,,,,,,,1674002165,,,,,,,,,,,,,"Office 319, Building 1/6, Sh-2 Street (Alabuga Special Economic Zone territory), Yelabuga City, Yelabuga Municipal District, Republic of Tatarstan, 423601, Russian Federation",+7 855 5776800; +7 843 2051720,,www.sollers-auto.com,
32014R0833,856,EU-RUS,IV,Export control,24.10.2025,,LegalEntity,Sollers Cargo LLC,ООО Соллерс Карго,,,,,,,,,,,,,,,,,,7300012779,,,,,,,,,,,,,"Room 15, Building 9e, Moskovskoye Highway, Ulyanovsk, Ulyanovsk Region, 432045, Russian Federation",+8 800 600 83 22,,https://sollers-cargo.ru/,
32014R0833,857,EU-RUS,IV,Export control,24.10.2025,,LegalEntity,PJSC Sollers,Publichnoe Aktsionernoe Obschestvo Sollers; ПАО Соллерс,,,,,,,,,,,,,,,,,,3528079131,,,,,,,,,,,,,"10 Testovskaya Street, Northern Tower, Moscow International Business Centre, 123317 Moscow, Russian Federation",+7 495 787 31 75; +7 495 228 3045,info@sollers-auto.com,www.sollers-auto.com,
32014R0833,858,EU-RUS,IV,Export control,24.10.2025,,LegalEntity,LLC Trading House Vector,ОБЩЕСТВО С ОГРАНИЧЕННОЙ ОТВЕТСТВЕННОСТЬЮ ‘ТОРГОВЫЙ ДОМ “ВЕКТОР”’,,,,,,,,,,,,,,,,,,3808184570,,,,,,,,,,,,,"apt. 10, 2A Rossiyskaya street, 664025, Irkutsk, Russian Federation",,,,
32014R0833,859,EU-RUS,IV,Export control,24.10.2025,,LegalEntity,Sequoia JSC,АКЦИОНЕРНОЕ ОБЩЕСТВО ‘СЕКВОЙЯ’,,,,,,,,,,,,,,,,,,9703014733,,,,,,,,,,,,,"Room 1101, floor 3, workplace 5, Building 1, 42 Boulevard Bolshoy, Municipal District Mozhaisky, 121205, Moscow, Russian Federation",,,,
32014R0833,860,EU-RUS,IV,Export control,24.10.2025,,LegalEntity,Yiwu City Duniang Trading Co.,Yiwu Du Niang Trading Company; 义乌市渡娘贸易商行,,,,,,,,,,,,,,,,,,92330782MA2MLCCF7E,,,,,,,,,,,,,"Office 401, Building 76, Zone One Zongtang, Dongzheng Street, Yiwu Town, Zhejiang Province, People’s Republic of China; Room 301, Unit 1, Building 38, Jiang Dong Xin Cun, Yiwu, People’s Republic of China",+86 579 85365092,1449696080@qq.com,www.yiwu-international.com,
32014R0833,861,EU-RUS,IV,Export control,24.10.2025,,LegalEntity,Unikom LLC,ООО Уником,,,,,,,,,,,,,,,,,,7814813801,,,,,,,,,,,,,"Office 516, Room 21N, Lett. A, 9 Lipovaya Alley, 197183, St. Petersburg, Russian Federation",,,,
32014R0833,862,EU-RUS,IV,Export control,24.4.2026,,LegalEntity,Epic Shipping & Shipbuilding JSC,EPIC Denizcilik ve Gemi Insaat A.S.,,,,,,,,,,,,,,,,,,160825-5 (Registration Number); 1150676-0 (Chamber Registration Number),,,,,,,,,,,,,"Room 15, Floor 2, Lantana Plaza, Zinnur Str. 3, İçmeler, 34947 Tuzla, İstanbul, Republic of Türkiye",0216 4461686,info@epicdeniz.com,https://www.epicdeniz.com/; https://epicdeniz.com.tr/,
32014R0833,863,EU-RUS,IV,Export control,24.4.2026,,LegalEntity,CJSC Perspective Technologies Agency,JSC UPT; Aktsionernoe obshchestvo upravlenie perspektivnykh tekhnologii; Management of Prospective Technologies; АО УПТ (АКЦИОНЕРНОЕ ОБЩЕСТВО ‘УПРАВЛЕНИЕ ПЕРСПЕКТИВНЫХ ТЕХНОЛОГИЙ’),,,,,,,,,,,,,,,,,,7723022111 (INN),,,,,,,,,,,,,"Building 2, Samokatnaya Street 1, 111033 Moscow, Russian Federation",+7 499 323 3710,mail@upt.ru,,
32014R0833,864,EU-RUS,IV,Export control,24.4.2026,,LegalEntity,LLC Mossklad,ООО Моссклад,,,,,,,,,,,,,,,,,,7703597369 (INN),,,,,,,,,,,,,"Office 3107, Kronstadstky Boulevard 35B, 125499 Moscow, Russian Federation",+7 495 150 85 87,info@mossklad.ru,https://mossklad.ru,
32014R0833,865,EU-RUS,IV,Export control,24.4.2026,,LegalEntity,LLC Stanki Optom,Stanki LLC; ООО Станки Оптом,,,,,,,,,,,,,,,,,,7743850924 (INN),,,,,,,,,,,,,"Kronstadstky Boulevard 35B, 125499 Moscow, Russian Federation",,info@stankiopt.ru,https://stankiopt.ru,
32014R0833,866,EU-RUS,IV,Export control,24.4.2026,,LegalEntity,LLC Promoil,LLC Promol; ООО Промойл,,,,,,,,,,,,,,,,,,5904112229 (INN),,,,,,,,,,,,,"9 Khokhryakova Street, 614068 Perm, Perm Region, Russian Federation Room 7, 115B Promyshlennaya Street, Perm, Perm Region, 614065, Russian Federation",+7 3422 181440,office@promoil.com,https://promoil.com/,
32014R0833,867,EU-RUS,IV,Export control,24.4.2026,,LegalEntity,LLC TPF Promoil,Torgovo-Proizvodstvennaya Firma Promoil; ООО ТПФ Промойл,,,,,,,,,,,,,,,,,,5903060560 (INN),,,,,,,,,,,,,"Room 8, 115B Promyshlennaya Street, Perm City, Perm Region, 614055, Russian Federation",+7 342 2181440,,,
32014R0833,868,EU-RUS,IV,Export control,24.4.2026,,LegalEntity,LLC Legion Komplekt,LLC Leko; ООО ЛЕГИОН КОМПЛЕКТ,,,,,,,,,,,,,,,,,,7743208298 (INN),,,,,,,,,,,,,"17 Vavilova Str., 117312 Moscow, Russian Federation",+7 499 391 22 27,sales@legion-komplekt.ru,https://legion-komplekt.ru/,
32014R0833,869,EU-RUS,IV,Export control,24.4.2026,,LegalEntity,O G Services FZE LLC,او.جي. سيرفيسيز م.م.ح/ذ.م.م,,,,,,,,,,,,,,,,,,11641010 (Company Number); 1969 (Business Number),,,,,,,,,,,,,"A-29-01-02-06, Flamingo Villas, Ajman, United Arab Emirates",+971526810027,sunnysolutions2020@gmail.com,https://ogservicesfz.com/,
32014R0833,870,EU-RUS,IV,Export control,24.4.2026,,LegalEntity,Al Baraka Group for Investment and Trading LLC FZ,,,,,,,,,,,,,,,,,,,,,,,,,,,,,,,,"Business Center 1, M Floor, The Meydan Hotel, Nad Al Sheba, Dubai, United Arab Emirates",971-503-394677,contact@albaraka-trade.com,https://albaraka-trade.com/,
32014R0833,871,EU-RUS,IV,Export control,24.4.2026,,LegalEntity,Jiangxi Xintuo Enterprise,Jiangxi Xintuo Industrial Co. Ltd.; T-Motor; 江西新拓实业有限公司,,,,,,,,,,,,,,,,,,91360106343241017B (USCC),,,,,,,,,,,,,"24th floor, Building B, 3399 Ziyang Avenue, 330096 Nanchang, Jiangxi Province, People’s Republic of China",,,,
32014R0833,872,EU-RUS,IV,Export control,24.4.2026,,LegalEntity,KingMax Hobby Co. Ltd.,KingMax High Performance Servos; Dongguan Binong Technology Co. Ltd.; Dongguan Binong Aviation Paishe Technology Co. Ltd.; Guangdong Beyond Aviation Photography Technology Co. Ltd; 东莞碧浓科技有限公司,,,,,,,,,,,,,,,,,,914419005517077668 (USCC),,,,,,,,,,,,,"Room 703, 10th Building, No. 6 DuiTangHualing 1st Road, Chashan Town, Dongguan City, 523393, Guangdong Province, People’s Republic of China",+86 769 82680289,sales@kingmaxhobby.com,http://www.kingmaxhobby.com,
32014R0833,873,EU-RUS,IV,Export control,24.4.2026,,LegalEntity,LLC Altrabeta,ООО Альтрабета,,,,,,,,,,,,,,,,,,7802646313 (INN),,,,,,,,,,,,,"Room 3-4, Building A, Block 5, 13 Promyshlennaya Str., 198095 Saint Petersburg, Russian Federation; Per. 1-I Verkhnii d. 6, lit. A, office 211, 194292 Saint Petersburg, Russian Federation",+7 9062 615055,,,
32014R0833,874,EU-RUS,IV,Export control,24.4.2026,,LegalEntity,Woeroon Electronic Sourcing Ltd.,Wo Rong Electronics Co. Ltd.; Woeroon Electronic Resource Ltd.; 沃融電子有限公司,,,,,,,,,,,,,,,,,,1891196 (TRN); 61273507 (BRN),,,,,,,,,,,,,"Workshop A27 24/F, Regent’s Park Prince Industrial Bldg, No. 706 Prince Edward Rd East Kowloon, Hong Kong; Flat 7A, 3/F, Winsum Industrial Bldg 588-592 Castle Peal Road, Lai Chi Kok, KL, Hong Kong; 605, Building L2, Exhibition Bay South Bank, Zhancheng Community, Fuhai Street, Bao’an, Shenzen, People’s Republic of China",+852 94968367,sales@woeroon.com.hk,http://www.woeroon.com.hk/,
32014R0833,875,EU-RUS,IV,Export control,24.4.2026,,LegalEntity,CoYuan Century Development Co. Ltd.,Hong Kong Keyuan Century Development Co. Ltd.; 香港科源世紀發展有限公司,,,,,,,,,,,,,,,,,,3282394 (TRN); 75349736 (BRN),,,,,,,,,,,,,"Room 701, Unit 108, 7/f, Tower b, New Mandarin Plaza, 14 Science Museum Road, Tsim Sha Tsui, Kowloon, Hong Kong; Shop 185 G/F, 11111 Tuen Mun, Hang, Hong Kong",,,,
32014R0833,876,EU-RUS,IV,Export control,24.4.2026,,LegalEntity,Shenzhen Youbang Shida Freight Forwarding Co. Ltd.,Shen Zhen You Bang Shi Da Freight Forwarding Co. Ltd.; Shenzhen Youbang Star Freight Forwarding Co. Ltd.; Amigo Cargo Services Ltd.; 深圳友邦仕达货运代理有限公司,,,,,,,,,,,,,,,,,,91440300MA5DQL3N4G (USCC),,,,,,,,,,,,,"Office 711, Building 4, Tongtai Times Centre, Fuhai Str., 518100 Shenzhen, Guangdong Province, People’s Republic of China",+86 0755 27205071,info@amigocargo.biz,https://www.amigocargo.biz/,
32014R0833,877,EU-RUS,IV,Export control,24.4.2026,,LegalEntity,Beijing Timingtron Corporation,Beijing Tianmei Technology Co. Ltd.; Beijing Tianmei Chuang Technology Co. Ltd.; 北京天美创科技有限公司,,,,,,,,,,,,,,,,,,911101075636661567 (USCC),,,,,,,,,,,,,"Room 211, 2nd Floor, Building 1, Shuangyuan Road 9, 100040 Beijing, People’s Republic of China",+86 15910710610,335807548@qq.com,www.timingtron.com,
32014R0833,878,EU-RUS,IV,Export control,24.4.2026,,LegalEntity,Global Link Logistics,深圳市世联国际货运代理有限公司,,,,,,,,,,,,,,,,,,914403007917362245 (USCC),,,,,,,,,,,,,"Unit 33D, Block B, Honglong Century Plaza, Heping Road, Luohu District, 518021 Shenzhen, Guangdong Province, People’s Republic of China",+86 0755 82147503; +86 755 82147490,,http://www.globallink.cn/,
32014R0833,879,EU-RUS,IV,Export control,24.4.2026,,LegalEntity,LLC Eltech Components,ООО Элтех Компонент,,,,,,,,,,,,,,,,,,7810540857 (INN),,,,,,,,,,,,,"Pl Konstitutsii 3, B-TS Piramida, 196247 Saint Petersburg, Russian Federation",+7 812 3279090,info@eltech.spb.ru,www.eltech.spb.ru,
32014R0833,880,EU-RUS,IV,Export control,24.4.2026,,LegalEntity,Izhevsk Raviozavod OAO,Izhevsk Radioplant; IRZ OAO; ИЖЕВСКИЙ РАДИОЗАВОД; АО ИРЗ,,,,,,,,,,,,,,,,,,1833013253 (INN),,,,,,,,,,,,,"19 Bazisnaya St., 426034 Izhevsk, Udmurt Republic, Russian Federation",+7 3412 501501; +7 341 2500404,disp@irz.ru,https://www.irz.ru,
32014R0833,881,EU-RUS,IV,Export control,24.4.2026,,LegalEntity,IRZ Tek,ООО Ирз ТЭК,,,,,,,,,,,,,,,,,,1833033690 (INN),,,,,,,,,,,,,"19 Bazisnaya St., 426034 Izhevsk, Udmurt Republic, Russian Federation",+7 3412 501501,tek@irz.ru,https://oil.irz.ru/,
32014R0833,882,EU-RUS,IV,Export control,24.4.2026,,LegalEntity,Radiozavod Zao,JSC Paket; JSC Package; АО Пакет,,,,,,,,,,,,,,,,,,1833010911 (INN),,,,,,,,,,,,,"19 Bazisnaya St., 426034 Izhevsk, Udmurt Republic, Russian Federation",+7 912 8700638,,http://zao-paket.ru,
32014R0833,883,EU-RUS,IV,Export control,24.4.2026,,LegalEntity,Izhevskii Radiozavod,Izhevskiy Radiozavod; LLC Izhevsk Radio Plant; Branch of the LLC Izhevsk Radio Plant in Moscow KB Robotics; ООО ИРЗ,,,,,,,,,,,,,,,,,,1833026870 (INN),,,,,,,,,,,,,"19 Bazisnaya St., 426034 Izhevsk, Udmurt Republic, Russian Federation",+7 3412 487824,disp@irz.ru,https://www.irz.ru,
32014R0833,884,EU-RUS,IV,Export control,24.4.2026,,LegalEntity,Finder Technology Ltd.,超達科技有限公司,,,,,,,,,,,,,,,,,,0960469 (TRN); 35585540 (BRN),,,,,,,,,,,,,"Camel Paint Building Block 3, 60 Hoi Yuen Rd, Kwun Tong, Hong Kong; Unit A, 7/F, Yeung Yiu Chung, No. 7 Industrial Building, 2 Fung Yip Street, Chai Wan, Hong Kong",+852 3693 4608,purchasing@findertechnology.com,https://www.findertechnology.com/,
32014R0833,885,EU-RUS,IV,Export control,24.4.2026,,LegalEntity,Inner Mongolia Asia Europe International Logistics Limited Co.,内蒙古亚欧国际物流有限责任公司,,,,,,,,,,,,,,,,,,150900020252300 (TRN),,,,,,,,,,,,,"9th Floor, Building E, Central Business Plaza, 012000 Ulaanchabu City, Inner Mongolia Autonomous Region, People’s Republic of China",+86 13500641757,,,
32014R0833,886,EU-RUS,IV,Export control,24.4.2026,,LegalEntity,Shanghai Welltech Electronic Trading Co. Ltd.,Shanghai Weierstai Electronic Trading Co. Ltd.; Shanghai Weiter Stein Electronic Trading Co. Ltd.; Shanghai Weiersite Electronic Trading Co. Ltd.; Shanghai Welltech Industrial Automation Co. Ltd.; 上海威洱斯泰电子贸易有限公司,,,,,,,,,,,,,,,,,,91310115MABYFCP95K (USCC),,,,,,,,,,,,,"Room 707, No. 1333 Wenju Road, Pilot Free Trade Zone, Pudong New Area, Shanghai, People’s Republic of China",+86 021 52660800,,,
32014R0833,887,EU-RUS,IV,Export control,24.4.2026,,LegalEntity,Beliv Ltd.,ООО БЕЛИВ,,,,,,,,,,,,,,,,,,7725505636 (INN),,,,,,,,,,,,,"1 Derbenevskaya Str., 115114 Moscow, Russian Federation",+7 495 7416534,sales@beliv-el.ru,http://www.beliv-el.ru,
32014R0833,888,EU-RUS,IV,Export control,24.4.2026,,LegalEntity,LLC T1,ООО Т1,,,,,,,,,,,,,,,,,,9705058824 (INN),,,,,,,,,,,,,"Office 198, 7/1 Korovii Val Str., Yakima District, 119049 Moscow, Russian Federation",+7 495 988 62 19,ktk@oct1.ru,www.oct1.ru,
32014R0833,889,EU-RUS,IV,Export control,24.4.2026,,LegalEntity,Abingo Distributor Ltd.,Bingou Technology (Hong Kong) International Trade Co. Ltd.; Abinho Dystrybiutor Limited; 繽購科技香港國際貿易有限公司,,,,,,,,,,,,,,,,,,"2568101 (TRN), 68085539 (BRN)",,,,,,,,,,,,,"Room 803, 8/F Easey Comm Building, 253-261 Hennessy Rd, Wanchai, Hong Kong",,,,
32014R0833,890,EU-RUS,IV,Export control,24.4.2026,,LegalEntity,LLC Chainchip,LLC Cheynchip; OOO Чейнчип,,,,,,,,,,,,,,,,,,7705406940 (INN),,,,,,,,,,,,,"Building 1A, 20 Kulakova Street, Strogino Municipal District, 123592 Moscow, Russian Federation",+7 495 1034394,sales@chainchip.ru,https://chainchip.ru/,
32014R0833,891,EU-RUS,IV,Export control,24.4.2026,,LegalEntity,LLC Gaderia,Gamma Ltd.; ООО Гадерия,,,,,,,,,,,,,,,,,,4704031242 (INN),,,,,,,,,,,,,"Nekrasova Str. 19, 188800 Vyborg, Leningrad Oblast, Russian Federation",+7 813 7831509,sale@icgamma.ru,http://www.icgamma.ru,
32014R0833,892,EU-RUS,IV,Export control,24.4.2026,,LegalEntity,AI Electronic Componets PTE Ltd.,Intelligent Electronic Components Co. Ltd.; 智能電子元件有限公司,,,,,,,,,,,,,,,,,,74815130 (BRN); 3229195 (TRN),,,,,,,,,,,,,"Flat E19, 10/F, No 52, Hung To Road, Hong Kong; Room 516 5/F Kam Teem Industria Building 135 Connaught Road West, Sai Wan, Sai Ying Pun, Hong Kong",,,,
32014R0833,893,EU-RUS,IV,Export control,24.4.2026,,LegalEntity,LLC Advanced Planet,Edvansd Planet; ООО Эдвансд Планет,,,,,,,,,,,,,,,,,,7716852680 (INN),,,,,,,,,,,,,"Office 901-2, Section 2, Building 1, Pokhodny Ave. 4, 125373 Moscow, Russian Federation",+7 909 9548118,,,
32014R0833,894,EU-RUS,IV,Export control,24.4.2026,,LegalEntity,Bamgroup LLC,Bamgrupp LLC; ООО Бамгрупп,,,,,,,,,,,,,,,,,,7725318379 (INN),,,,,,,,,,,,,"Room 1n/6, Building 1, Ulansky Lane 22, 101000 Moscow, Russian Federation",+7 495 2129368,,www.bamgroup.ru,
32014R0833,895,EU-RUS,IV,Export control,24.4.2026,,LegalEntity,SoVa Distribution Ltd.,,,,,,,,,,,,,,,,,,,"3220535 (TRN), 74727167 (BRN)",,,,,,,,,,,,,"Unit 617, 6/F, 131-132 Connaught Road West, Solo Workshops, Hong Kong; Office 77, 7/F, Woon Lee Commercial Building, 7 Austin Ave., Hong Kong",,,,
32014R0833,896,EU-RUS,IV,Export control,24.4.2026,,LegalEntity,LLC Effektec,Effektivnye Tekhnologii; ООО Эффектек,,,,,,,,,,,,,,,,,,7723910653 (INN),,,,,,,,,,,,,"Room 1/13, Building 2, Novodmitroskaya Str. 2, 127015 Moscow, Russian Federation",,,,
32014R0833,897,EU-RUS,IV,Export control,24.4.2026,,LegalEntity,Shenzhen Sieryou Technology Co. Ltd.,深圳市斯尔优科技有限公司,,,,,,,,,,,,,,,,,,91440300360134563F (USCC),,,,,,,,,,,,,"18th Floor, Yifang Building, No. 315 Shuangming Avenue, Dongzhou Community, Guangming Street, 518107 Shenzhen, Guangdong, People’s Republic of China",+86 13544116689,,,
32014R0833,898,EU-RUS,IV,Export control,24.4.2026,,LegalEntity,Tellur Elektroniks LLC,ООО ТЕЛЛУР ЭЛЕКТРОНИКС,,,,,,,,,,,,,,,,,,7720355306 (INN),,,,,,,,,,,,,"Building 1, Profsoyuznaya Str. 65, Konkovo District, 117342 Moscow, Russian Federation; Room 49, Floor 4, Butlerova Str. 17, 117342 Moscow, Russian Federation",+7 495 2807448,info@tellur-el.ru,https://tellur-el.ru/,
32014R0833,899,EU-RUS,IV,Export control,24.4.2026,,LegalEntity,NPP Variant,LLC NPP Variant Group; ООО НПП ВАРИАНТ ГРУПП,,,,,,,,,,,,,,,,,,9729210267 (INN),,,,,,,,,,,,,"Room 1/2, Building 1, Baumanskaya Str. 43/1, 105005 Moscow, Russian Federation",+7 916 7898010,info@nppvg.ru,https://www.nppvg.ru/,
32014R0833,900,EU-RUS,IV,Export control,24.4.2026,,LegalEntity,Lumos LLC,Lyumos LLC; ООО ЛЮМОС,,,,,,,,,,,,,,,,,,7842121055 (INN),,,,,,,,,,,,,"Room 62, Building V, Radishcheva Str. 39, 191123 Saint Petersburg, Russian Federation",+7 9214 035267,,,
32014R0833,901,EU-RUS,IV,Export control,24.4.2026,,LegalEntity,Promtek LLC,ООО ПРОМТЭК,,,,,,,,,,,,,,,,,,7713411542 (INN),,,,,,,,,,,,,"Building 2, Yakhromskaya Str. 1A, 127411 Moscow, Russian Federation; Office 1/p, Building 1, Shvernika Str. 16, 117449 Moscow, Russian Federation",+7 499 3919825,info@promtekmsk.ru,http://promtekmsk.ru/,
32014R0833,902,EU-RUS,IV,Export control,24.4.2026,,LegalEntity,Mavitech LLC,ООО МАВИТЕХ,,,,,,,,,,,,,,,,,,9727075380 (INN),,,,,,,,,,,,,"Room 404M, Building 3, Perekopskaya Str. 34, 117461 Moscow, Russian Federation",,,,
32014R0833,903,EU-RUS,IV,Export control,24.4.2026,,LegalEntity,Applied Robotics LLC,Prikladnaya Robototekhnika; ООО ПРИКЛАДНАЯ РОБОТОТЕХНИКА,,,,,,,,,,,,,,,,,,7730697556 (INN),,,,,,,,,,,,,"Office 2/35, Floor 10, Building 1, Beregovoy Ave. 5A, 121087 Moscow, Russian Federation",+7 495 1420235,support@robotgeeks.ru,https://robotgeeks.ru/; https://appliedrobotics.ru/,
32014R0833,904,EU-RUS,IV,Export control,24.4.2026,,LegalEntity,NPO Ufimets,Nauchno-Proizvodstvennoe Obyedinenie Ufimets; ООО НПО УФИМЕЦ,,,,,,,,,,,,,,,,,,0245972204 (INN),,,,,,,,,,,,,"Proezd Vtoroi Street 8, MKR Industrialnyi Park, 450028 Saint Petersburg, Russian Federation",,,,
32014R0833,905,EU-RUS,IV,Export control,24.4.2026,,LegalEntity,Avtokom Motor LLC,Avtocom Motor LCC; ООО Автоком Мотор,,,,,,,,,,,,,,,,,,4028046482 (INN),,,,,,,,,,,,,"Office 17/18, Unit 8, 18 Azarovskaya Str., 248017 Kaluga, Russian Federation",+7 4842 579183,,,
32014R0833,906,EU-RUS,IV,Export control,24.4.2026,,LegalEntity,LLC DeltaTech,Deltatekh; ООО Дельтатех,,,,,,,,,,,,,,,,,,6316245174 (INN),,,,,,,,,,,,,"Novo-Sadovaya Str. 224A, 443029 Samara, Russian Federation",,,,
32014R0833,907,EU-RUS,IV,Export control,24.4.2026,,LegalEntity,LLC Santross,ООО САНТРОСС,,,,,,,,,,,,,,,,,,7703469600 (INN),,,,,,,,,,,,,"Room 475M/2, Building 1, Presnenskaya Embankment 8, 123112 Moscow, Russian Federation",+7 905 7922050,sse10@mail.ru,,
32014R0833,908,EU-RUS,IV,Export control,24.4.2026,,LegalEntity,NeWay Technology Ltd.,,,,,,,,,,,,,,,,,,,"39510585 (BRN), 1252800 (TRN)",,,,,,,,,,,,,"Unit 606, 6 Floor, Celebrity Commercial Centre, 64 Castle Peak Road, Sham Shui Po, Kowloon, Hong Kong; Unit D7, 3/F., Block D, 18-24 Kwai Cheong Road, Mai Shun Industrial Building, Kwai Chung, N.T., Hong Kong; Room 1206, Hua Lianfa West Building, Hua Qiang North Road, Futian District, Shenzhen, Guangdong Province, People’s Republic of China",+852-3468-8553,,http://www.nwtech.hk,
32014R0833,909,EU-RUS,IV,Export control,24.4.2026,,LegalEntity,Etai Technology Shenzhen Co. Ltd.,Russia-Thailand Technology (Shenzhen) Co. Ltd.; Outai Technology (Shenzhen) Co. Ltd.; 俄泰科技（深圳）有限公司,,,,,,,,,,,,,,,,,,91440300553853134A (USCC),,,,,,,,,,,,,"Room 1206, Hualianfa Building, Huaqiang North Road 2006, Futian District, Shenzhen, Guangdong Province, People’s Republic of China; Fuhing Road 9, World Trade Plaza, Futian District, 518000 Shenzhen, Guangdong Province, People’s Republic of China",+86 13570885633,,,
32014R0833,910,EU-RUS,IV,Export control,24.4.2026,,LegalEntity,Meryn Dis Ticaret Limited Sirketi,,,,,,,,,,,,,,,,,,,247646 (TRN),,,,,,,,,,,,,"No. 18, 1471st Str., Alsancak, 35220 Konak, Izmir Province, Republic of Türkiye",+90 232 402 64 64,info@meryn.com.tr,https://meryn.com.tr/,
32014R0833,911,EU-RUS,IV,Export control,24.4.2026,,LegalEntity,Abem Global Ithalat Ihracat Anonim Sirketi,,,,,,,,,,,,,,,,,,,1001816 (TRN),,,,,,,,,,,,,"No. 20, Block H, Corapcilar, Ikitelli Industrial Zone, Basaksehir District, 34490 Istanbul, Republic of Türkiye",,,,
32014R0833,912,EU-RUS,IV,Export control,24.4.2026,,LegalEntity,Autoteile Dis Ticaret Limited Sirketi,,,,,,,,,,,,,,,,,,,401990-5 (TRN),,,,,,,,,,,,,"No. 365, Flora Residence 1, Defne Str., Kücükbakkalköy Neighbourhood, Atasehir District, Istanbul, Republic of Türkiye",,,,
32014R0833,913,EU-RUS,IV,Export control,24.4.2026,,LegalEntity,Sure Technology (Hong Kong) Co. Ltd.,易准科技（香港）有限公司,,,,,,,,,,,,,,,,,,73713787 (BRN); 3120008 (TRN),,,,,,,,,,,,,"Room 1318, 13th Floor, Sunbeam Centre, 27 Shing Yip Street, Kwun Tong, Kowloon, Hong Kong; Unit 1406A, 14/F, The Belgian Bank Building, 721-725 Nathan Road, Mong Kok, Kowloon, Hong Kong",+8613670120272,info@surecompany.com.cn,www.surecompany.com.cn/,
32014R0833,914,EU-RUS,IV,Export control,24.4.2026,,LegalEntity,Horsway Tech (HK) Co. Ltd.,宏芯微科技(香港)有限公司,,,,,,,,,,,,,,,,,,"50859819 (BRN), 1350711 (TRN)",,,,,,,,,,,,,"Room 1318, Sunbeam Centre, 27 Shing Yip Street, Kwun Tong, Kowloon, Hong Kong; Room 2003, 20/F Hong Kong Plaza, 188 Connaught Road West, Hong Kong",0755 2690 74432,info@horsway.com,https://horsway.site.joinf.com/,
32014R0833,915,EU-RUS,IV,Export control,24.4.2026,,LegalEntity,RC-All Electronics Group Co. Ltd.,R&C Alliance Electronics Group,,,,,,,,,,,,,,,,,,72456934 (BRN); 3000068 (TRN),,,,,,,,,,,,,"Unit 811, Beverley Commercial Centre, 87-105 Chatham Road South, Tsim Sha Tsui, Kowloon, Hong Kong; Room 12A1, Block A, Zhonghangbeiyuan Building, No. 42 Zhonghang Road, Futian District, Shenzhen, Guangdong Province, People’s Republic of China",+7 495 248 01 82,sales@rc-all.com,https://www.rc-all.com/,
32014R0833,916,EU-RUS,IV,Export control,24.4.2026,,LegalEntity,New Wally Target,紐沃泰國際貿易有限公司,,,,,,,,,,,,,,,,,,69586803 (BRN); 2717220 (TRN),,,,,,,,,,,,,"Room 4, 16/F, Ho King Commercial Centre, 2-16 Fayuen Str., Mongkok Kowloon, Hong Kong; Room B3, 19/F Tung Lee Commercial Building, 91-97 Jervois Str., Sheung Wan, Hong Kong",,45245795@qq.com,http://newwallytarget.com,
32014R0833,917,EU-RUS,IV,Export control,24.4.2026,,LegalEntity,Jinmingsheng Technology HK Co. Ltd.,Jinmingsheng Technology (HK) Co. Ltd.; 金銘盛科技(香港)有限公司,,,,,,,,,,,,,,,,,,50093445 (BRN); 1292952 (TRN),,,,,,,,,,,,,"Room 803B, Floor 8, West Coast International Building, 290-296 Yuen Chau Str., Cheung Sha Wan, Kowloon, Hong Kong; Room 1838, Guoli Building, Zhonghang Road, Futian District, Shenzhen, People’s Republic of China; Room 61868 6/F, Golconda Trade Center, 163 Zhenhua Rd, Futian District, Shenzhen, People’s Republic of China",+86 755 23815714,,http://www.jms668.com/; https://jinmingsheng.hkinventory.com/Shop/Page_Contacts.asp,
32014R0833,918,EU-RUS,IV,Export control,24.4.2026,,LegalEntity,JSC K-Technologies,AO RTI; АО К-ТЕХНОЛОГИИ,,,,,,,,,,,,,,,,,,7713723559 (INN),,,,,,,,,,,,,"7Ac30 Staropetrovsky Proezd, 125130 Moscow, Russian Federation",+7 495 788 00 07,inbox@k-tech.ru,https://www.k-tech.ru; https://www.aorti.ru,
32014R0833,919,EU-RUS,IV,Export control,24.4.2026,,LegalEntity,LLC Scientific Production Association Computing Systems,Nauchno-Proizvodstvennoe Obyedinenie Vychislitelnykh Sistem; LLC NPO VS; OOO НАУЧНО-ПРОИЗВОДСТВЕННОЕ ОБЪЕДИНЕНИЕ ВЫЧИСЛИТЕЛЬНЫХ СИСТЕМ,,,,,,,,,,,,,,,,,,1660093042 (INN),,,,,,,,,,,,,"Office 2, Zhurnalistov Str. 30, 420088 Kazan, Russian Federation; NIISSU Building, Starokaluzhskoe Highway 58, 117630 Moscow, Russian Federation",+7 843) 208 00 40,npovs@bk.ru,https://npo-vs.ru,
32014R0833,920,EU-RUS,IV,Export control,24.4.2026,,LegalEntity,LLC Unimatic,LLC Unimatik; Unimatic Ltd; ООО Униматик,,,,,,,,,,,,,,,,,,6672197493 (INN),,,,,,,,,,,,,"Vostochnaya Str. 45, 620100 Yekaterinburg, Sverdlovsk Oblast, Russian Federation",+7 343 289 9020,sales@unimatic.ru; hotline@unimatic.ru,https://unimatic.ru/,
32014R0833,921,EU-RUS,IV,Export control,24.4.2026,,LegalEntity,TAB Corporation (Thailand) Co. Ltd,ทีเอบี คอร์เปอร์เรชั่น (ไทยแลนด์) จำกัด,,,,,,,,,,,,,,,,,,0105566093417,,,,,,,,,,,,,"4F, 850/21 Ladkrabang 30/5 Road, Ladkrabang, Bangkok 10520, Kingdom of Thailand",+66 2 038 9995,bkk@tabcorp.co.th,www.tabcorp.co.th,
32014R0833,,EU-RUS,V,Financial restrictions,,,LegalEntity,OPK OBORONPROM,,,,,,,,,,,,,,,,,,,,,,,,,,,,,,,,,,,,
32014R0833,,EU-RUS,V,Financial restrictions,,,LegalEntity,UNITED AIRCRAFT CORPORATION,,,,,,,,,,,,,,,,,,,,,,,,,,,,,,,,,,,,
32014R0833,,EU-RUS,V,Financial restrictions,,,LegalEntity,URALVAGONZAVOD,,,,,,,,,,,,,,,,,,,,,,,,,,,,,,,,,,,,
32014R0833,,EU-RUS,VI,Financial restrictions,,,LegalEntity,ROSNEFT,,,,,,,,,,,,,,,,,,,,,,,,,,,,,,,,,,,,
32014R0833,,EU-RUS,VI,Financial restrictions,,,LegalEntity,TRANSNEFT,,,,,,,,,,,,,,,,,,,,,,,,,,,,,,,,,,,,
32014R0833,,EU-RUS,VI,Financial restrictions,,,LegalEntity,GAZPROM NEFT,,,,,,,,,,,,,,,,,,,,,,,,,,,,,,,,,,,,
32014R0833,,EU-RUS,XII,Financial restrictions,,,LegalEntity,Alfa Bank,,,,,,,,,,,,,,,,,,,,,,,,,,,,,,,,,,,,
32014R0833,,EU-RUS,XII,Financial restrictions,,,LegalEntity,Bank Otkritie,,,,,,,,,,,,,,,,,,,,,,,,,,,,,,,,,,,,
32014R0833,,EU-RUS,XII,Financial restrictions,,,LegalEntity,Bank Rossiya,,,,,,,,,,,,,,,,,,,,,,,,,,,,,,,,,,,,
32014R0833,,EU-RUS,XII,Financial restrictions,,,LegalEntity,Promsvyazbank,,,,,,,,,,,,,,,,,,,,,,,,,,,,,,,,,,,,
32014R0833,,EU-RUS,XIII,Financial restrictions,,,LegalEntity,Almaz-Antey,,,,,,,,,,,,,,,,,,,,,,,,,,,,,,,,,,,,
32014R0833,,EU-RUS,XIII,Financial restrictions,,,LegalEntity,Kamaz,,,,,,,,,,,,,,,,,,,,,,,,,,,,,,,,,,,,
32014R0833,,EU-RUS,XIII,Financial restrictions,,,LegalEntity,Novorossiysk Commercial Sea Port,,,,,,,,,,,,,,,,,,,,,,,,,,,,,,,,,,,,
32014R0833,,EU-RUS,XIII,Financial restrictions,,,LegalEntity,Rostec (Russian Technologies State Corporation),,,,,,,,,,,,,,,,,,,,,,,,,,,,,,,,,,,,
32014R0833,,EU-RUS,XIII,Financial restrictions,,,LegalEntity,Russian Railways,,,,,,,,,,,,,,,,,,,,,,,,,,,,,,,,,,,,
32014R0833,,EU-RUS,XIII,Financial restrictions,,,LegalEntity,JSC PO Sevmash,,,,,,,,,,,,,,,,,,,,,,,,,,,,,,,,,,,,
32014R0833,,EU-RUS,XIII,Financial restrictions,,,LegalEntity,Sovcomflot,,,,,,,,,,,,,,,,,,,,,,,,,,,,,,,,,,,,
32014R0833,,EU-RUS,XIII,Financial restrictions,,,LegalEntity,United Shipbuilding Corporation,,,,,,,,,,,,,,,,,,,,,,,,,,,,,,,,,,,,
32014R0833,,EU-RUS,XIII,Financial restrictions,,,LegalEntity,Russian Maritime Register of Shipping,,,,,,,,,,,,,,,,,,,,,,,,,,,,,,,,,,,,
32014R0833,,EU-RUS,XIV,Financial restrictions,12 March 2022,,LegalEntity,Bank Otkritie,,,,,,,,,,,,,,,,,,,,,,,,,,,,,,,,,,,,
32014R0833,,EU-RUS,XIV,Financial restrictions,12 March 2022,,LegalEntity,Novikombank,,,,,,,,,,,,,,,,,,,,,,,,,,,,,,,,,,,,
32014R0833,,EU-RUS,XIV,Financial restrictions,12 March 2022,,LegalEntity,Promsvyazbank,,,,,,,,,,,,,,,,,,,,,,,,,,,,,,,,,,,,
32014R0833,,EU-RUS,XIV,Financial restrictions,12 March 2022,,LegalEntity,Bank Rossiya,,,,,,,,,,,,,,,,,,,,,,,,,,,,,,,,,,,,
32014R0833,,EU-RUS,XIV,Financial restrictions,12 March 2022,,LegalEntity,Sovcombank,,,,,,,,,,,,,,,,,,,,,,,,,,,,,,,,,,,,
32014R0833,,EU-RUS,XIV,Financial restrictions,12 March 2022,,LegalEntity,VNESHECONOMBANK (VEB),,,,,,,,,,,,,,,,,,,,,,,,,,,,,,,,,,,,
32014R0833,,EU-RUS,XIV,Financial restrictions,12 March 2022,,LegalEntity,VTB BANK,,,,,,,,,,,,,,,,,,,,,,,,,,,,,,,,,,,,
32014R0833,,EU-RUS,XIV,Financial restrictions,14 June 2022,,LegalEntity,Sberbank,,,,,,,,,,,,,,,,,,,,,,,,,,,,,,,,,,,,
32014R0833,,EU-RUS,XIV,Financial restrictions,14 June 2022,,LegalEntity,Credit Bank of Moscow,,,,,,,,,,,,,,,,,,,,,,,,,,,,,,,,,,,,
32014R0833,,EU-RUS,XIV,Financial restrictions,14 June 2022,,LegalEntity,"Joint Stock Company Russian Agricultural Bank, JSC Rosselkhozbank",,,,,,,,,,,,,,,,,,,,,,,,,,,,,,,,,,,,
32014R0833,,EU-RUS,XIV,Financial restrictions,17 March 2025,,LegalEntity,Ak Bars Bank,,,,,,,,,,,,,,,,,,,,,,,,,,,,,,,,,,,,
32014R0833,,EU-RUS,XIV,Financial restrictions,17 March 2025,,LegalEntity,Uralsib Bank,,,,,,,,,,,,,,,,,,,,,,,,,,,,,,,,,,,,
32014R0833,,EU-RUS,XIV,Financial restrictions,17 March 2025,,LegalEntity,Tochka Bank,,,,,,,,,,,,,,,,,,,,,,,,,,,,,,,,,,,,
32014R0833,,EU-RUS,XIV,Financial restrictions,17 March 2025,,LegalEntity,National Reserve Bank,,,,,,,,,,,,,,,,,,,,,,,,,,,,,,,,,,,,
32014R0833,,EU-RUS,XIV,Financial restrictions,17 March 2025,,LegalEntity,Roseximbank,,,,,,,,,,,,,,,,,,,,,,,,,,,,,,,,,,,,
32014R0833,,EU-RUS,XIV,Financial restrictions,17 March 2025,,LegalEntity,Bank SINARA,,,,,,,,,,,,,,,,,,,,,,,,,,,,,,,,,,,,
32014R0833,,EU-RUS,XIV,Financial restrictions,17 March 2025,,LegalEntity,Primsotsbank,,,,,,,,,,,,,,,,,,,,,,,,,,,,,,,,,,,,
32014R0833,,EU-RUS,XIV,Financial restrictions,17 March 2025,,LegalEntity,BBR Bank,,,,,,,,,,,,,,,,,,,,,,,,,,,,,,,,,,,,
32014R0833,,EU-RUS,XIV,Financial restrictions,17 March 2025,,LegalEntity,RNKO Platezhnyy Konstruktor,,,,,,,,,,,,,,,,,,,,,,,,,,,,,,,,,,,,
32014R0833,,EU-RUS,XIV,Financial restrictions,17 March 2025,,LegalEntity,Petersburg’s settlement center,,,,,,,,,,,,,,,,,,,,,,,,,,,,,,,,,,,,
32014R0833,,EU-RUS,XIV,Financial restrictions,17 March 2025,,LegalEntity,Kuznets business Bank,,,,,,,,,,,,,,,,,,,,,,,,,,,,,,,,,,,,
32014R0833,,EU-RUS,XIV,Financial restrictions,17 March 2025,,LegalEntity,MIR Business Bank,,,,,,,,,,,,,,,,,,,,,,,,,,,,,,,,,,,,
32014R0833,,EU-RUS,XIV,Financial restrictions,17 March 2025,,LegalEntity,Bank Kuban Kredit,,,,,,,,,,,,,,,,,,,,,,,,,,,,,,,,,,,,
32014R0833,,EU-RUS,XIV,Financial restrictions,9 August 2025,,LegalEntity,T-bank,,,,,,,,,,,,,,,,,,,,,,,,,,,,,,,,,,,,
32014R0833,,EU-RUS,XIV,Financial restrictions,9 August 2025,,LegalEntity,Bank Saint Petersburg,,,,,,,,,,,,,,,,,,,,,,,,,,,,,,,,,,,,
32014R0833,,EU-RUS,XIV,Financial restrictions,9 August 2025,,LegalEntity,Bank Centrocredit,,,,,,,,,,,,,,,,,,,,,,,,,,,,,,,,,,,,
32014R0833,,EU-RUS,XIV,Financial restrictions,9 August 2025,,LegalEntity,Yandex bank,,,,,,,,,,,,,,,,,,,,,,,,,,,,,,,,,,,,
32014R0833,,EU-RUS,XIV,Financial restrictions,9 August 2025,,LegalEntity,Surgutneftegazbank,,,,,,,,,,,,,,,,,,,,,,,,,,,,,,,,,,,,
32014R0833,,EU-RUS,XIV,Financial restrictions,9 August 2025,,LegalEntity,Metcombank,,,,,,,,,,,,,,,,,,,,,,,,,,,,,,,,,,,,
32014R0833,,EU-RUS,XIV,Financial restrictions,9 August 2025,,LegalEntity,Severgazbank,,,,,,,,,,,,,,,,,,,,,,,,,,,,,,,,,,,,
32014R0833,,EU-RUS,XIV,Financial restrictions,9 August 2025,,LegalEntity,Genbank,,,,,,,,,,,,,,,,,,,,,,,,,,,,,,,,,,,,
32014R0833,,EU-RUS,XIV,Financial restrictions,9 August 2025,,LegalEntity,Bystrobank,,,,,,,,,,,,,,,,,,,,,,,,,,,,,,,,,,,,
32014R0833,,EU-RUS,XIV,Financial restrictions,9 August 2025,,LegalEntity,Energotransbank,,,,,,,,,,,,,,,,,,,,,,,,,,,,,,,,,,,,
32014R0833,,EU-RUS,XIV,Financial restrictions,9 August 2025,,LegalEntity,Tatsotsbank,,,,,,,,,,,,,,,,,,,,,,,,,,,,,,,,,,,,
32014R0833,,EU-RUS,XIV,Financial restrictions,9 August 2025,,LegalEntity,Bank Zenit,,,,,,,,,,,,,,,,,,,,,,,,,,,,,,,,,,,,
32014R0833,,EU-RUS,XIV,Financial restrictions,9 August 2025,,LegalEntity,Transstroybank,,,,,,,,,,,,,,,,,,,,,,,,,,,,,,,,,,,,
32014R0833,,EU-RUS,XIV,Financial restrictions,9 August 2025,,LegalEntity,Bank FINAM,,,,,,,,,,,,,,,,,,,,,,,,,,,,,,,,,,,,
32014R0833,,EU-RUS,XIV,Financial restrictions,9 August 2025,,LegalEntity,Ozon bank,,,,,,,,,,,,,,,,,,,,,,,,,,,,,,,,,,,,
32014R0833,,EU-RUS,XIV,Financial restrictions,9 August 2025,,LegalEntity,Ekspobank,,,,,,,,,,,,,,,,,,,,,,,,,,,,,,,,,,,,
32014R0833,,EU-RUS,XIV,Financial restrictions,9 August 2025,,LegalEntity,LOCKO Bank,,,,,,,,,,,,,,,,,,,,,,,,,,,,,,,,,,,,
32014R0833,,EU-RUS,XIV,Financial restrictions,9 August 2025,,LegalEntity,Bank DOM.RF,,,,,,,,,,,,,,,,,,,,,,,,,,,,,,,,,,,,
32014R0833,,EU-RUS,XIV,Financial restrictions,9 August 2025,,LegalEntity,SME Bank,,,,,,,,,,,,,,,,,,,,,,,,,,,,,,,,,,,,
32014R0833,,EU-RUS,XIV,Financial restrictions,9 August 2025,,LegalEntity,LANTA Bank,,,,,,,,,,,,,,,,,,,,,,,,,,,,,,,,,,,,
32014R0833,,EU-RUS,XIV,Financial restrictions,9 August 2025,,LegalEntity,Bank131,,,,,,,,,,,,,,,,,,,,,,,,,,,,,,,,,,,,
32014R0833,,EU-RUS,XIV,Financial restrictions,9 August 2025,,LegalEntity,Bank RostFinance,,,,,,,,,,,,,,,,,,,,,,,,,,,,,,,,,,,,
32014R0833,,EU-RUS,XIV,Financial restrictions,12 November 2025,,LegalEntity,NPO ‘Istina’ (JSC),,,,,,,,,,,,,,,,,,,,,,,,,,,,,,,,,,,,
32014R0833,,EU-RUS,XIV,Financial restrictions,12 November 2025,,LegalEntity,LLC ‘Zemsky Bank’,,,,,,,,,,,,,,,,,,,,,,,,,,,,,,,,,,,,
32014R0833,,EU-RUS,XIV,Financial restrictions,12 November 2025,,LegalEntity,Commercial Bank Absolut Bank (PAO),,,,,,,,,,,,,,,,,,,,,,,,,,,,,,,,,,,,
32014R0833,,EU-RUS,XIV,Financial restrictions,12 November 2025,,LegalEntity,PJSC ‘MTS Bank’,,,,,,,,,,,,,,,,,,,,,,,,,,,,,,,,,,,,
32014R0833,,EU-RUS,XIV,Financial restrictions,12 November 2025,,LegalEntity,JSC ‘ALFA-BANK’,,,,,,,,,,,,,,,,,,,,,,,,,,,,,,,,,,,,
32014R0833,,EU-RUS,XIV,Financial restrictions,14.5.2026,,LegalEntity,Public Joint Stock Commercial Bank ‘DERZHAVA’,,,,,,,,,,,,,,,,,,,,,,,,,,,,,,,,,,,,
32014R0833,,EU-RUS,XIV,Financial restrictions,14.5.2026,,LegalEntity,Joint Stock Company BCS Bank,,,,,,,,,,,,,,,,,,,,,,,,,,,,,,,,,,,,
32014R0833,,EU-RUS,XIV,Financial restrictions,14.5.2026,,LegalEntity,Public Joint Stock Company ‘LEVOBEREZHNY’,,,,,,,,,,,,,,,,,,,,,,,,,,,,,,,,,,,,
32014R0833,,EU-RUS,XIV,Financial restrictions,14.5.2026,,LegalEntity,Public Joint Stock Company SCB ‘Metallinvestbank’,,,,,,,,,,,,,,,,,,,,,,,,,,,,,,,,,,,,
32014R0833,,EU-RUS,XIV,Financial restrictions,14.5.2026,,LegalEntity,Joint Stock Company Commercial Bank ‘Solidarnost’,,,,,,,,,,,,,,,,,,,,,,,,,,,,,,,,,,,,
32014R0833,,EU-RUS,XIV,Financial restrictions,14.5.2026,,LegalEntity,Limited Liability Company Bank Blanc,,,,,,,,,,,,,,,,,,,,,,,,,,,,,,,,,,,,
32014R0833,,EU-RUS,XIV,Financial restrictions,14.5.2026,,LegalEntity,Limited Liability Company BANK ITURUP,,,,,,,,,,,,,,,,,,,,,,,,,,,,,,,,,,,,
32014R0833,,EU-RUS,XIV,Financial restrictions,14.5.2026,,LegalEntity,Joint-Stock Commercial Bank ‘EVROFINANCE MOSNARBANK’,,,,,,,,,,,,,,,,,,,,,,,,,,,,,,,,,,,,
32014R0833,,EU-RUS,XIV,Financial restrictions,14.5.2026,,LegalEntity,Joint Stock Commercial Bank FORA-BANK,,,,,,,,,,,,,,,,,,,,,,,,,,,,,,,,,,,,
32014R0833,,EU-RUS,XIV,Financial restrictions,14.5.2026,,LegalEntity,Joint Stock Company Bank Russian Standard,,,,,,,,,,,,,,,,,,,,,,,,,,,,,,,,,,,,
32014R0833,,EU-RUS,XIV,Financial restrictions,14.5.2026,,LegalEntity,Public Joint Stock Company Ural Bank for Reconstruction and Development,,,,,,,,,,,,,,,,,,,,,,,,,,,,,,,,,,,,
32014R0833,,EU-RUS,XIV,Financial restrictions,14.5.2026,,LegalEntity,Chelyabinvestbank,,,,,,,,,,,,,,,,,,,,,,,,,,,,,,,,,,,,
32014R0833,,EU-RUS,XIV,Financial restrictions,14.5.2026,,LegalEntity,Joint Stock Company ‘Petersburg Social Commercial Bank’,,,,,,,,,,,,,,,,,,,,,,,,,,,,,,,,,,,,
32014R0833,,EU-RUS,XIV,Financial restrictions,14.5.2026,,LegalEntity,Public Joint Stock Company ‘SDM-Bank’,,,,,,,,,,,,,,,,,,,,,,,,,,,,,,,,,,,,
32014R0833,,EU-RUS,XIV,Financial restrictions,14.5.2026,,LegalEntity,Joint Stock Company ‘Bank Avers’,,,,,,,,,,,,,,,,,,,,,,,,,,,,,,,,,,,,
32014R0833,,EU-RUS,XIV,Financial restrictions,14.5.2026,,LegalEntity,Commercial Bank ‘Khlynov’ (Joint Stock Company),,,,,,,,,,,,,,,,,,,,,,,,,,,,,,,,,,,,
32014R0833,,EU-RUS,XIV,Financial restrictions,14.5.2026,,LegalEntity,Joint Stock Company ‘Post Bank’,,,,,,,,,,,,,,,,,,,,,,,,,,,,,,,,,,,,
32014R0833,,EU-RUS,XIV,Financial restrictions,14.5.2026,,LegalEntity,Limited Liability Company Wildberries Bank,,,,,,,,,,,,,,,,,,,,,,,,,,,,,,,,,,,,
32014R0833,,EU-RUS,XIV,Financial restrictions,14.5.2026,,LegalEntity,Joint Stock Bank ‘AVANGARD’,,,,,,,,,,,,,,,,,,,,,,,,,,,,,,,,,,,,
32014R0833,,EU-RUS,XIV,Financial restrictions,14.5.2026,,LegalEntity,Joint Stock Investment Commercial Bank ‘ENISEISK UNITED BANK’,,,,,,,,,,,,,,,,,,,,,,,,,,,,,,,,,,,,
32014R0833,,EU-RUS,XV,Services ban,,,LegalEntity,RT- Russia Today English,,,,,,,,,,,,,,,,,,,,,,,,,,,,,,,,,,,,
32014R0833,,EU-RUS,XV,Services ban,,,LegalEntity,RT- Russia Today UK,,,,,,,,,,,,,,,,,,,,,,,,,,,,,,,,,,,,
32014R0833,,EU-RUS,XV,Services ban,,,LegalEntity,RT - Russia Today Germany,,,,,,,,,,,,,,,,,,,,,,,,,,,,,,,,,,,,
32014R0833,,EU-RUS,XV,Services ban,,,LegalEntity,RT - Russia Today France,,,,,,,,,,,,,,,,,,,,,,,,,,,,,,,,,,,,
32014R0833,,EU-RUS,XV,Services ban,,,LegalEntity,RT- Russia Today Spanish,,,,,,,,,,,,,,,,,,,,,,,,,,,,,,,,,,,,
32014R0833,,EU-RUS,XV,Services ban,,,LegalEntity,Sputnik,,,,,,,,,,,,,,,,,,,,,,,,,,,,,,,,,,,,
32014R0833,,EU-RUS,XV,Services ban,,,LegalEntity,Rossiya RTR / RTR Planeta,,,,,,,,,,,,,,,,,,,,,,,,,,,,,,,,,,,,
32014R0833,,EU-RUS,XV,Services ban,,,LegalEntity,Rossiya 24 / Russia 24,,,,,,,,,,,,,,,,,,,,,,,,,,,,,,,,,,,,
32014R0833,,EU-RUS,XV,Services ban,,,LegalEntity,TV Centre International,,,,,,,,,,,,,,,,,,,,,,,,,,,,,,,,,,,,
32014R0833,,EU-RUS,XV,Services ban,,,LegalEntity,NTV/NTV Mir,,,,,,,,,,,,,,,,,,,,,,,,,,,,,,,,,,,,
32014R0833,,EU-RUS,XV,Services ban,,,LegalEntity,Rossiya 1,,,,,,,,,,,,,,,,,,,,,,,,,,,,,,,,,,,,
32014R0833,,EU-RUS,XV,Services ban,,,LegalEntity,REN TV,,,,,,,,,,,,,,,,,,,,,,,,,,,,,,,,,,,,
32014R0833,,EU-RUS,XV,Services ban,,,LegalEntity,Pervyi Kanal,,,,,,,,,,,,,,,,,,,,,,,,,,,,,,,,,,,,
32014R0833,,EU-RUS,XV,Services ban,,,LegalEntity,RT Arabic,,,,,,,,,,,,,,,,,,,,,,,,,,,,,,,,,,,,
32014R0833,,EU-RUS,XV,Services ban,,,LegalEntity,Sputnik Arabic,,,,,,,,,,,,,,,,,,,,,,,,,,,,,,,,,,,,
32014R0833,,EU-RUS,XV,Services ban,,,LegalEntity,RT Balkan,,,,,,,,,,,,,,,,,,,,,,,,,,,,,,,,,,,,
32014R0833,,EU-RUS,XV,Services ban,,,LegalEntity,Oriental Review,,,,,,,,,,,,,,,,,,,,,,,,,,,,,,,,,,,,
32014R0833,,EU-RUS,XV,Services ban,,,LegalEntity,Tsargrad,,,,,,,,,,,,,,,,,,,,,,,,,,,,,,,,,,,,
32014R0833,,EU-RUS,XV,Services ban,,,LegalEntity,New Eastern Outlook,,,,,,,,,,,,,,,,,,,,,,,,,,,,,,,,,,,,
32014R0833,,EU-RUS,XV,Services ban,,,LegalEntity,Katehon,,,,,,,,,,,,,,,,,,,,,,,,,,,,,,,,,,,,
32014R0833,,EU-RUS,XV,Services ban,,,LegalEntity,Voice of Europe,,,,,,,,,,,,,,,,,,,,,,,,,,,,,,,,,,,,
32014R0833,,EU-RUS,XV,Services ban,,,LegalEntity,RIA Novosti,,,,,,,,,,,,,,,,,,,,,,,,,,,,,,,,,,,,
32014R0833,,EU-RUS,XV,Services ban,,,LegalEntity,Izvestija,,,,,,,,,,,,,,,,,,,,,,,,,,,,,,,,,,,,
32014R0833,,EU-RUS,XV,Services ban,,,LegalEntity,Rossiiskaja Gazeta,,,,,,,,,,,,,,,,,,,,,,,,,,,,,,,,,,,,
32014R0833,,EU-RUS,XV,Services ban,,,LegalEntity,EADaily / Eurasia Daily,,,,,,,,,,,,,,,,,,,,,,,,,,,,,,,,,,,,
32014R0833,,EU-RUS,XV,Services ban,,,LegalEntity,Fondsk,,,,,,,,,,,,,,,,,,,,,,,,,,,,,,,,,,,,
32014R0833,,EU-RUS,XV,Services ban,,,LegalEntity,Lenta,,,,,,,,,,,,,,,,,,,,,,,,,,,,,,,,,,,,
32014R0833,,EU-RUS,XV,Services ban,,,LegalEntity,NewsFront,,,,,,,,,,,,,,,,,,,,,,,,,,,,,,,,,,,,
32014R0833,,EU-RUS,XV,Services ban,,,LegalEntity,RuBaltic,,,,,,,,,,,,,,,,,,,,,,,,,,,,,,,,,,,,
32014R0833,,EU-RUS,XV,Services ban,,,LegalEntity,SouthFront,,,,,,,,,,,,,,,,,,,,,,,,,,,,,,,,,,,,
32014R0833,,EU-RUS,XV,Services ban,,,LegalEntity,Strategic Culture Foundation,,,,,,,,,,,,,,,,,,,,,,,,,,,,,,,,,,,,
32014R0833,,EU-RUS,XV,Services ban,,,LegalEntity,Krasnaya Zvezda / Tvzvezda,,,,,,,,,,,,,,,,,,,,,,,,,,,,,,,,,,,,
32014R0833,1,EU-RUS,XIX.A,Financial restrictions,,,LegalEntity,OPK OBORONPROM,,,,,,,,,,,,,,,,,,,,,,,,,,,,,,,,,,,,
32014R0833,2,EU-RUS,XIX.A,Financial restrictions,,,LegalEntity,UNITED AIRCRAFT CORPORATION,,,,,,,,,,,,,,,,,,,,,,,,,,,,,,,,,,,,
32014R0833,3,EU-RUS,XIX.A,Financial restrictions,,,LegalEntity,URALVAGONZAVOD,,,,,,,,,,,,,,,,,,,,,,,,,,,,,,,,,,,,
32014R0833,4,EU-RUS,XIX.A,Financial restrictions,,,LegalEntity,ROSNEFT,,,,,,,,,,,,,,,,,,,,,,,,,,,,,,,,,,,,
32014R0833,5,EU-RUS,XIX.A,Financial restrictions,,,LegalEntity,TRANSNEFT,,,,,,,,,,,,,,,,,,,,,,,,,,,,,,,,,,,,
32014R0833,6,EU-RUS,XIX.A,Financial restrictions,,,LegalEntity,GAZPROM NEFT,,,,,,,,,,,,,,,,,,,,,,,,,,,,,,,,,,,,
32014R0833,7,EU-RUS,XIX.A,Financial restrictions,,,LegalEntity,ALMAZ-ANTEY,,,,,,,,,,,,,,,,,,,,,,,,,,,,,,,,,,,,
32014R0833,8,EU-RUS,XIX.A,Financial restrictions,,,LegalEntity,KAMAZ,,,,,,,,,,,,,,,,,,,,,,,,,,,,,,,,,,,,
32014R0833,9,EU-RUS,XIX.A,Financial restrictions,,,LegalEntity,ROSTEC (RUSSIAN TECHNOLOGIES STATE CORPORATION),,,,,,,,,,,,,,,,,,,,,,,,,,,,,,,,,,,,
32014R0833,10,EU-RUS,XIX.A,Financial restrictions,,,LegalEntity,JSC PO SEVMASH,,,,,,,,,,,,,,,,,,,,,,,,,,,,,,,,,,,,
32014R0833,11,EU-RUS,XIX.A,Financial restrictions,,,LegalEntity,SOVCOMFLOT,,,,,,,,,,,,,,,,,,,,,,,,,,,,,,,,,,,,
32014R0833,12,EU-RUS,XIX.A,Financial restrictions,,,LegalEntity,UNITED SHIPBUILDING CORPORATION,,,,,,,,,,,,,,,,,,,,,,,,,,,,,,,,,,,,
32014R0833,1,EU-RUS,XIX.B,Financial restrictions,,,LegalEntity,RUSSIAN MARITIME REGISTER of SHIPPING (RMRS),,,,,,,,,,,,,,,,,,,,,,,,,,,,,,,,,,,,
32014R0833,1,EU-RUS,XIX.C,Financial restrictions,,,LegalEntity,RUSSIAN REGIONAL DEVELOPMENT BANK,,,,,,,,,,,,,,,,,,,,,,,,,,,,,,,,,,,,
32014R0833,1,EU-RUS,XLII,Transportation restrictions,25.6.2024,"Article 3s(2), point (a): transport goods and technology used in the defence and security sector, from or to Russia, for use in Russia or for Russia’s warfare in Ukraine",Vessel,Angara,,,,,,,,,,,,,,,,,,,,,,,,,,,,,9179842,,,,,,,
32014R0833,2,EU-RUS,XLII,Transportation restrictions,25.6.2024,"Article 3s(2), point (a): transport goods and technology used in the defence and security sector, from or to Russia, for use in Russia or for Russia’s warfare in Ukraine",Vessel,Maria,,,,,,,,,,,,,,,,,,,,,,,,,,,,,8517839,,,,,,,
32014R0833,3,EU-RUS,XLII,Transportation restrictions,25.6.2024,"Article 3s(2), point (c): are operated in such a way as to contribute or support actions or policies for the exploitation, development or expansion of the energy sector in Russia, including energy infrastructure.",Vessel,Saam FSU,,,,,,,,,,,,,,,,,,,,,,,,,,,,,9915090,,,,,,,
32014R0833,4,EU-RUS,XLII,Transportation restrictions,25.6.2024,"Article 3s(2), point (c): are operated in such a way as to contribute or support actions or policies for the exploitation, development or expansion of the energy sector in Russia, including energy infrastructure.",Vessel,Koryak FSU,,,,,,,,,,,,,,,,,,,,,,,,,,,,,9915105,,,,,,,
32014R0833,5,EU-RUS,XLII,Transportation restrictions,25.6.2024,"Article 3s(2), point (b): transport crude oil or petroleum products, as listed in Annex XXV, that originate in Russia or are exported from Russia while practicing irregular and high-risk shipping practices as set out in the International Maritime Organisation General Assembly resolution A.1192(33)",Vessel,Kavya,,,Hana,,,,,,,,,,,,,,,,,,,,,,,,,,9353113,,,,,,,
32014R0833,6,EU-RUS,XLII,Transportation restrictions,25.6.2024,"Article 3s(2), point (b): transport crude oil or petroleum products, as listed in Annex XXV, that originate in Russia or are exported from Russia while practicing irregular and high-risk shipping practices as set out in the International Maritime Organisation General Assembly resolution A.1192(33)",Vessel,N Cerna,,,Canis Power,,,,,,,,,,,,,,,,,,,,,,,,,,9289520,,,,,,,
32014R0833,7,EU-RUS,XLII,Transportation restrictions,25.6.2024,"Article 3s(2), point (b): transport crude oil or petroleum products, as listed in Annex XXV, that originate in Russia or are exported from Russia while practicing irregular and high-risk shipping practices as set out in the International Maritime Organisation General Assembly resolution A.1192(33)",Vessel,Apar,,,Feng Shou; Andromeda Star,,,,,,,,,,,,,,,,,,,,,,,,,,9402471,,,,,,,
32014R0833,8,EU-RUS,XLII,Transportation restrictions,25.6.2024,"Article 3s(2), point (c): are operated in such a way as to contribute or support actions or policies for the exploitation, development or expansion of the energy sector in Russia, including energy infrastructure.",Vessel,Legacy,,,NS Lotus,,,,,,,,,,,,,,,,,,,,,,,,,,9339337,,,,,,,
32014R0833,9,EU-RUS,XLII,Transportation restrictions,25.6.2024,"Article 3s(2), point (c): are operated in such a way as to contribute or support actions or policies for the exploitation, development or expansion of the energy sector in Russia, including energy infrastructure.",Vessel,Saga,,,NS Spirit,,,,,,,,,,,,,,,,,,,,,,,,,,9318553,,,,,,,
32014R0833,10,EU-RUS,XLII,Transportation restrictions,25.6.2024,"Article 3s(2), point (c): are operated in such a way as to contribute or support actions or policies for the exploitation, development or expansion of the energy sector in Russia, including energy infrastructure.",Vessel,Serenade,,,NS Stream,,,,,,,,,,,,,,,,,,,,,,,,,,9318541,,,,,,,
32014R0833,11,EU-RUS,XLII,Transportation restrictions,25.6.2024,"Article 3s(2), point (c): are operated in such a way as to contribute or support actions or policies for the exploitation, development or expansion of the energy sector in Russia, including energy infrastructure.",Vessel,Success,,,SCF Amur,,,,,,,,,,,,,,,,,,,,,,,,,,9333436,,,,,,,
32014R0833,12,EU-RUS,XLII,Transportation restrictions,25.6.2024,"Article 3s(2), point (a): transport goods and technology used in the defence and security sector, from or to Russia, for use in Russia or for Russia’s warfare in Ukraine.",Vessel,Lady R,,,,,,,,,,,,,,,,,,,,,,,,,,,,,9161003,,,,,,,
32014R0833,13,EU-RUS,XLII,Transportation restrictions,25.6.2024,"Article 3s(2), point (a): transport goods and technology used in the defence and security sector, from or to Russia, for use in Russia or for Russia’s warfare in Ukraine.",Vessel,Maia-1,,,,,,,,,,,,,,,,,,,,,,,,,,,,,9358010,,,,,,,
32014R0833,16,EU-RUS,XLII,Transportation restrictions,25.6.2024,"Article 3s(2), point (c): are operated in such a way as to contribute or support actions or policies for the exploitation, development or expansion of the energy sector in Russia, including energy infrastructure.",Vessel,Hunter Star,,,,,,,,,,,,,,,,,,,,,,,,,,,,,9830769,,,,,,,
32014R0833,17,EU-RUS,XLII,Transportation restrictions,25.6.2024,"Article 3s(2), point (b): transport crude oil or petroleum products, as listed in Annex XXV, that originate in Russia or are exported from Russia while practicing irregular and high-risk shipping practices as set out in the International Maritime Organisation General Assembly resolution A.1192(33)",Vessel,Daksha,,,Hebe,,,,,,,,,,,,,,,,,,,,,,,,,,9259185,,,,,,,
32014R0833,18,EU-RUS,XLII,Transportation restrictions,25.6.2024,"Article 3s(2), point (d): are operated in such a way as to contribute or support actions or policies which undermine or threaten the economic subsistence or food security of Ukraine, such as the transport of stolen Ukrainian grain, or the preservation of cultural heritage of Ukraine, such as the transport of stolen Ukrainian cultural goods.",Vessel,Enisey,,,,,,,,,,,,,,,,,,,,,,,,,,,,,9079169,,,,,,,
32014R0833,19,EU-RUS,XLII,Transportation restrictions,25.6.2024,"Article 3s(2), point (b): transport crude oil or petroleum products, as listed in Annex XXV, that originate in Russia or are exported from Russia while practicing irregular and high-risk shipping practices as set out in the International Maritime Organisation General Assembly resolution A.1192(33)",Vessel,Kelly Grace,,,Vela Rain,,,,,,,,,,,,,,,,,,,,,,,,,,9331141,,,,,,,
32014R0833,20,EU-RUS,XLII,Transportation restrictions,25.6.2024,"Article 3s(2), point (b): transport crude oil or petroleum products, as listed in Annex XXV, that originate in Russia or are exported from Russia while practicing irregular and high-risk shipping practices as set out in the International Maritime Organisation General Assembly resolution A.1192(33)",Vessel,Ozanno,,,Ocean AMZ,,,,,,,,,,,,,,,,,,,,,,,,,,9394935,,,,,,,
32014R0833,21,EU-RUS,XLII,Transportation restrictions,25.6.2024,"Article 3s(2), point (b): transport crude oil or petroleum products, as listed in Annex XXV, that originate in Russia or are exported from Russia while practicing irregular and high-risk shipping practices as set out in the International Maritime Organisation General Assembly resolution A.1192(33)",Vessel,Delvina,,,Galian 2,,,,,,,,,,,,,,,,,,,,,,,,,,9331153,,,,,,,
32014R0833,22,EU-RUS,XLII,Transportation restrictions,25.6.2024,"Article 3s(2), point (b): transport crude oil or petroleum products, as listed in Annex XXV, that originate in Russia or are exported from Russia while practicing irregular and high-risk shipping practices as set out in the International Maritime Organisation General Assembly resolution A.1192(33)",Vessel,Bodhi,,,Robon,,,,,,,,,,,,,,,,,,,,,,,,,,9144782,,,,,,,
32014R0833,23,EU-RUS,XLII,Transportation restrictions,25.6.2024,"Article 3s(2), point (b): transport crude oil or petroleum products, as listed in Annex XXV, that originate in Russia or are exported from Russia while practicing irregular and high-risk shipping practices as set out in the International Maritime Organisation General Assembly resolution A.1192(33)",Vessel,Lunar Tide,,,Beks Aqua,,,,,,,,,,,,,,,,,,,,,,,,,,9277735,,,,,,,
32014R0833,24,EU-RUS,XLII,Transportation restrictions,25.6.2024,"Article 3s(2), point (b): transport crude oil or petroleum products, as listed in Annex XXV, that originate in Russia or are exported from Russia while practicing irregular and high-risk shipping practices as set out in the International Maritime Organisation General Assembly resolution A.1192(33)",Vessel,Kemerovo,,,,,,,,,,,,,,,,,,,,,,,,,,,,,9312884,,,,,,,
32014R0833,25,EU-RUS,XLII,Transportation restrictions,25.6.2024,"Article 3s(2), point (g): owned, chartered or operated by natural or legal persons, entities or bodies listed in Annex I to Regulation (EU) No 269/2014, are otherwise used in the name of, on behalf of, in relation with or for the benefit of such persons.",Vessel,Krymsk,,,,,,,,,,,,,,,,,,,,,,,,,,,,,9270529,,,,,,,
32014R0833,26,EU-RUS,XLII,Transportation restrictions,25.6.2024,"Article 3s(2), point (g): owned, chartered or operated by natural or legal persons, entities or bodies listed in Annex I to Regulation (EU) No 269/2014, are otherwise used in the name of, on behalf of, in relation with or for the benefit of such persons.",Vessel,Krasnoyarsk,,,,,,,,,,,,,,,,,,,,,,,,,,,,,9312896,,,,,,,
32014R0833,27,EU-RUS,XLII,Transportation restrictions,25.6.2024,"Article 3s(2), point (g): owned, chartered or operated by natural or legal persons, entities or bodies listed in Annex I to Regulation (EU) No 269/2014, are otherwise used in the name of, on behalf of, in relation with or for the benefit of such persons.",Vessel,Kaliningrad,,,,,,,,,,,,,,,,,,,,,,,,,,,,,9341067,,,,,,,
32014R0833,28,EU-RUS,XLII,Transportation restrictions,17.12.2024,"Article 3s(2), point (b): transport crude oil or petroleum products, as listed in Annex XXV, that originate in Russia or are exported from Russia while practicing irregular and high-risk shipping practices as set out in the International Maritime Organisation General Assembly resolution A.1192(33)",Vessel,Dashan,,,Mianzimu,,,,,,,,,,,,,,,,,,,,,,,,,,9299666,,,,,,,
32014R0833,29,EU-RUS,XLII,Transportation restrictions,17.12.2024,"Article 3s(2), point (c): are operated in such a way as to contribute or support actions or policies for the exploitation, development or expansion of the energy sector in Russia, including energy infrastructure.",Vessel,Sputnik Energy,,,Pioneer,,,,,,,,,,,,,,,,,,,,,,,,,,9256602,,,,,,,
32014R0833,30,EU-RUS,XLII,Transportation restrictions,17.12.2024,"Article 3s(2), point (b): transport crude oil or petroleum products, as listed in Annex XXV, that originate in Russia or are exported from Russia while practicing irregular and high-risk shipping practices as set out in the International Maritime Organisation General Assembly resolution A.1192(33)",Vessel,Alissa,,,,,,,,,,,,,,,,,,,,,,,,,,,,,9273052,,,,,,,
32014R0833,31,EU-RUS,XLII,Transportation restrictions,17.12.2024,"Article 3s(2), point (b): transport crude oil or petroleum products, as listed in Annex XXV, that originate in Russia or are exported from Russia while practicing irregular and high-risk shipping practices as set out in the International Maritime Organisation General Assembly resolution A.1192(33)",Vessel,Marabella Sun,,,,,,,,,,,,,,,,,,,,,,,,,,,,,9323376,,,,,,,
32014R0833,32,EU-RUS,XLII,Transportation restrictions,17.12.2024,"Article 3s(2), point (c): are operated in such a way as to contribute or support actions or policies for the exploitation, development or expansion of the energy sector in Russia, including energy infrastructure.",Vessel,Christophe de Margerie,,,,,,,,,,,,,,,,,,,,,,,,,,,,,9737187,,,,,,,
32014R0833,33,EU-RUS,XLII,Transportation restrictions,17.12.2024,"Article 3s(2), point (b): transport crude oil or petroleum products, as listed in Annex XXV, that originate in Russia or are exported from Russia while practicing irregular and high-risk shipping practices as set out in the International Maritime Organisation General Assembly resolution A.1192(33)",Vessel,Altair,,,,,,,,,,,,,,,,,,,,,,,,,,,,,9413547,,,,,,,
32014R0833,34,EU-RUS,XLII,Transportation restrictions,17.12.2024,"Article 3s(2), point (b): transport crude oil or petroleum products, as listed in Annex XXV, that originate in Russia or are exported from Russia while practicing irregular and high-risk shipping practices as set out in the International Maritime Organisation General Assembly resolution A.1192(33)",Vessel,Peta Lumina,,,,,,,,,,,,,,,,,,,,,,,,,,,,,9296391,,,,,,,
32014R0833,35,EU-RUS,XLII,Transportation restrictions,17.12.2024,"Article 3s(2), point (d): are operated in such a way as to contribute or support actions or policies which undermine or threaten the economic subsistence or food security of Ukraine, such as the transport of stolen Ukrainian grain, or the preservation of cultural heritage of Ukraine, such as the transport of stolen Ukrainian cultural goods.",Vessel,San Damian,,,,,,,,,,,,,,,,,,,,,,,,,,,,,9274331,,,,,,,
32014R0833,36,EU-RUS,XLII,Transportation restrictions,17.12.2024,"Article 3s(2), point (d): are operated in such a way as to contribute or support actions or policies which undermine or threaten the economic subsistence or food security of Ukraine, such as the transport of stolen Ukrainian grain, or the preservation of cultural heritage of Ukraine, such as the transport of stolen Ukrainian cultural goods.",Vessel,San Cosmas,,,,,,,,,,,,,,,,,,,,,,,,,,,,,9274343,,,,,,,
32014R0833,37,EU-RUS,XLII,Transportation restrictions,17.12.2024,"Article 3s(2), point (d): are operated in such a way as to contribute or support actions or policies which undermine or threaten the economic subsistence or food security of Ukraine, such as the transport of stolen Ukrainian grain, or the preservation of cultural heritage of Ukraine, such as the transport of stolen Ukrainian cultural goods.",Vessel,Monte Bianco,,,San Severus,,,,,,,,,,,,,,,,,,,,,,,,,,9385233,,,,,,,
32014R0833,38,EU-RUS,XLII,Transportation restrictions,17.12.2024,"Article 3s(2), point (b): transport crude oil or petroleum products, as listed in Annex XXV, that originate in Russia or are exported from Russia while practicing irregular and high-risk shipping practices as set out in the International Maritime Organisation General Assembly resolution A.1192(33)",Vessel,Galaxy,,,,,,,,,,,,,,,,,,,,,,,,,,,,,9826902,,,,,,,
32014R0833,39,EU-RUS,XLII,Transportation restrictions,17.12.2024,"Article 3s(2), point (b): transport crude oil or petroleum products, as listed in Annex XXV, that originate in Russia or are exported from Russia while practicing irregular and high-risk shipping practices as set out in the International Maritime Organisation General Assembly resolution A.1192(33)",Vessel,Rigel,,,,,,,,,,,,,,,,,,,,,,,,,,,,,9511533,,,,,,,
32014R0833,40,EU-RUS,XLII,Transportation restrictions,17.12.2024,"Article 3s(2), point (b): transport crude oil or petroleum products, as listed in Annex XXV, that originate in Russia or are exported from Russia while practicing irregular and high-risk shipping practices as set out in the International Maritime Organisation General Assembly resolution A.1192(33)",Vessel,Cassiopeia,,,,,,,,,,,,,,,,,,,,,,,,,,,,,9341081,,,,,,,
32014R0833,41,EU-RUS,XLII,Transportation restrictions,17.12.2024,"Article 3s(2), point (b): transport crude oil or petroleum products, as listed in Annex XXV, that originate in Russia or are exported from Russia while practicing irregular and high-risk shipping practices as set out in the International Maritime Organisation General Assembly resolution A.1192(33)",Vessel,Constellation,,,,,,,,,,,,,,,,,,,,,,,,,,,,,9306794,,,,,,,
32014R0833,42,EU-RUS,XLII,Transportation restrictions,17.12.2024,"Article 3s(2), point (b): transport crude oil or petroleum products, as listed in Annex XXV, that originate in Russia or are exported from Russia while practicing irregular and high-risk shipping practices as set out in the International Maritime Organisation General Assembly resolution A.1192(33)",Vessel,Andromeda,,,,,,,,,,,,,,,,,,,,,,,,,,,,,9292204,,,,,,,
32014R0833,43,EU-RUS,XLII,Transportation restrictions,17.12.2024,"Article 3s(2), point (b): transport crude oil or petroleum products, as listed in Annex XXV, that originate in Russia or are exported from Russia while practicing irregular and high-risk shipping practices as set out in the International Maritime Organisation General Assembly resolution A.1192(33)",Vessel,Callisto,,,,,,,,,,,,,,,,,,,,,,,,,,,,,9299692,,,,,,,
32014R0833,44,EU-RUS,XLII,Transportation restrictions,17.12.2024,"Article 3s(2), point (b): transport crude oil or petroleum products, as listed in Annex XXV, that originate in Russia or are exported from Russia while practicing irregular and high-risk shipping practices as set out in the International Maritime Organisation General Assembly resolution A.1192(33)",Vessel,Alliance,,,,,,,,,,,,,,,,,,,,,,,,,,,,,9413561,,,,,,,
32014R0833,45,EU-RUS,XLII,Transportation restrictions,17.12.2024,"Article 3s(2), point (b): transport crude oil or petroleum products, as listed in Annex XXV, that originate in Russia or are exported from Russia while practicing irregular and high-risk shipping practices as set out in the International Maritime Organisation General Assembly resolution A.1192(33)",Vessel,Phoenix,,,,,,,,,,,,,,,,,,,,,,,,,,,,,9333424,,,,,,,
32014R0833,46,EU-RUS,XLII,Transportation restrictions,17.12.2024,"Article 3s(2), point (b): transport crude oil or petroleum products, as listed in Annex XXV, that originate in Russia or are exported from Russia while practicing irregular and high-risk shipping practices as set out in the International Maritime Organisation General Assembly resolution A.1192(33) Article 3s(2), point (c): are operated in such a way as to contribute or support actions or policies for the exploitation, development or expansion of the energy sector in Russia, including energy infrastructure.",Vessel,Leo,,,,,,,,,,,,,,,,,,,,,,,,,,,,,9412347,,,,,,,
32014R0833,47,EU-RUS,XLII,Transportation restrictions,17.12.2024,"Article 3s(2), point (b): transport crude oil or petroleum products, as listed in Annex XXV, that originate in Russia or are exported from Russia while practicing irregular and high-risk shipping practices as set out in the International Maritime Organisation General Assembly resolution A.1192(33) Article 3s(2), point (c): are operated in such a way as to contribute or support actions or policies for the exploitation, development or expansion of the energy sector in Russia, including energy infrastructure.",Vessel,Zenith,,,,,,,,,,,,,,,,,,,,,,,,,,,,,9610781,,,,,,,
32014R0833,48,EU-RUS,XLII,Transportation restrictions,17.12.2024,"Article 3s(2), point (b): transport crude oil or petroleum products, as listed in Annex XXV, that originate in Russia or are exported from Russia while practicing irregular and high-risk shipping practices as set out in the International Maritime Organisation General Assembly resolution A.1192(33) Article 3s(2), point (c): are operated in such a way as to contribute or support actions or policies for the exploitation, development or expansion of the energy sector in Russia, including energy infrastructure.",Vessel,Turbo Voyager,,,,,,,,,,,,,,,,,,,,,,,,,,,,,9299898,,,,,,,
32014R0833,49,EU-RUS,XLII,Transportation restrictions,17.12.2024,"Article 3s(2), point (b): transport crude oil or petroleum products, as listed in Annex XXV, that originate in Russia or are exported from Russia while practicing irregular and high-risk shipping practices as set out in the International Maritime Organisation General Assembly resolution A.1192(33) Article 3s(2), point (c): are operated in such a way as to contribute or support actions or policies for the exploitation, development or expansion of the energy sector in Russia, including energy infrastructure.",Vessel,Sirius,,,,,,,,,,,,,,,,,,,,,,,,,,,,,9422445,,,,,,,
32014R0833,50,EU-RUS,XLII,Transportation restrictions,17.12.2024,"Article 3s(2), point (b): transport crude oil or petroleum products, as listed in Annex XXV, that originate in Russia or are exported from Russia while practicing irregular and high-risk shipping practices as set out in the International Maritime Organisation General Assembly resolution A.1192(33) Article 3s(2), point (c): are operated in such a way as to contribute or support actions or policies for the exploitation, development or expansion of the energy sector in Russia, including energy infrastructure.",Vessel,Saturn,,,,,,,,,,,,,,,,,,,,,,,,,,,,,9421972,,,,,,,
32014R0833,52,EU-RUS,XLII,Transportation restrictions,17.12.2024,"Article 3s(2), point (b): transport crude oil or petroleum products, as listed in Annex XXV, that originate in Russia or are exported from Russia while practicing irregular and high-risk shipping practices as set out in the International Maritime Organisation General Assembly resolution A.1192(33) Article 3s(2), point (c): are operated in such a way as to contribute or support actions or policies for the exploitation, development or expansion of the energy sector in Russia, including energy infrastructure.",Vessel,Krishna 1,,,,,,,,,,,,,,,,,,,,,,,,,,,,,9271585,,,,,,,
32014R0833,53,EU-RUS,XLII,Transportation restrictions,17.12.2024,"Article 3s(2), point (c): are operated in such a way as to contribute or support actions or policies for the exploitation, development or expansion of the energy sector in Russia, including energy infrastructure.",Vessel,Vladimir Vinogradov,,,,,,,,,,,,,,,,,,,,,,,,,,,,,9842188,,,,,,,
32014R0833,54,EU-RUS,XLII,Transportation restrictions,17.12.2024,"Article 3s(2), point (b): transport crude oil or petroleum products, as listed in Annex XXV, that originate in Russia or are exported from Russia while practicing irregular and high-risk shipping practices as set out in the International Maritime Organisation General Assembly resolution A.1192(33)",Vessel,Meridian,,,Moskovsky Prospect,,,,,,,,,,,,,,,,,,,,,,,,,,9511521,,,,,,,
32014R0833,55,EU-RUS,XLII,Transportation restrictions,17.12.2024,"Article 3s(2), point (b): transport crude oil or petroleum products, as listed in Annex XXV, that originate in Russia or are exported from Russia while practicing irregular and high-risk shipping practices as set out in the International Maritime Organisation General Assembly resolution A.1192(33)",Vessel,Bolero,,,,,,,,,,,,,,,,,,,,,,,,,,,,,9412335,,,,,,,
32014R0833,56,EU-RUS,XLII,Transportation restrictions,17.12.2024,"Article 3s(2), point (b): transport crude oil or petroleum products, as listed in Annex XXV, that originate in Russia or are exported from Russia while practicing irregular and high-risk shipping practices as set out in the International Maritime Organisation General Assembly resolution A.1192(33)",Vessel,Vega,,,,,,,,,,,,,,,,,,,,,,,,,,,,,9316127,,,,,,,
32014R0833,57,EU-RUS,XLII,Transportation restrictions,17.12.2024,"Article 3s(2), point (b): transport crude oil or petroleum products, as listed in Annex XXV, that originate in Russia or are exported from Russia while practicing irregular and high-risk shipping practices as set out in the International Maritime Organisation General Assembly resolution A.1192(33)",Vessel,Tyagaraja,,,,,,,,,,,,,,,,,,,,,,,,,,,,,9327372,,,,,,,
32014R0833,58,EU-RUS,XLII,Transportation restrictions,17.12.2024,"Article 3s(2), point (b): transport crude oil or petroleum products, as listed in Annex XXV, that originate in Russia or are exported from Russia while practicing irregular and high-risk shipping practices as set out in the International Maritime Organisation General Assembly resolution A.1192(33)",Vessel,Yi Meng Shan,,,Attica,,,,,,,,,,,,,,,,,,,,,,,,,,9436941,,,,,,,
32014R0833,59,EU-RUS,XLII,Transportation restrictions,17.12.2024,"Article 3s(2), point (c): are operated in such a way as to contribute or support actions or policies for the exploitation, development or expansion of the energy sector in Russia, including energy infrastructure.",Vessel,La Perouse,,,,,,,,,,,,,,,,,,,,,,,,,,,,,9849887,,,,,,,
32014R0833,60,EU-RUS,XLII,Transportation restrictions,17.12.2024,"Article 3s(2), point (g): owned, chartered or operated by natural or legal persons, entities or bodies listed in Annex I to Regulation (EU) No 269/2014, are otherwise used in the name of, on behalf of, in relation with or for the benefit of such persons.",Vessel,Echo,,,Elbrus,,,,,,,,,,,,,,,,,,,,,,,,,,9276030,,,,,,,
32014R0833,61,EU-RUS,XLII,Transportation restrictions,17.12.2024,"Article 3s(2), point (g): owned, chartered or operated by natural or legal persons, entities or bodies listed in Annex I to Regulation (EU) No 269/2014, are otherwise used in the name of, on behalf of, in relation with or for the benefit of such persons.",Vessel,Georgy Maslov,,,,,,,,,,,,,,,,,,,,,,,,,,,,,9610793,,,,,,,
32014R0833,62,EU-RUS,XLII,Transportation restrictions,17.12.2024,"Article 3s(2), point (g): owned, chartered or operated by natural or legal persons, entities or bodies listed in Annex I to Regulation (EU) No 269/2014, are otherwise used in the name of, on behalf of, in relation with or for the benefit of such persons.",Vessel,Premier,,,,,,,,,,,,,,,,,,,,,,,,,,,,,9577082,,,,,,,
32014R0833,63,EU-RUS,XLII,Transportation restrictions,17.12.2024,"Article 3s(2), point (g): owned, chartered or operated by natural or legal persons, entities or bodies listed in Annex I to Regulation (EU) No 269/2014, are otherwise used in the name of, on behalf of, in relation with or for the benefit of such persons.",Vessel,Pathfinder,,,,,,,,,,,,,,,,,,,,,,,,,,,,,9577094,,,,,,,
32014R0833,64,EU-RUS,XLII,Transportation restrictions,17.12.2024,"Article 3s(2), point (g): owned, chartered or operated by natural or legal persons, entities or bodies listed in Annex I to Regulation (EU) No 269/2014, are otherwise used in the name of, on behalf of, in relation with or for the benefit of such persons.",Vessel,Sierra,,,,,,,,,,,,,,,,,,,,,,,,,,,,,9522324,,,,,,,
32014R0833,65,EU-RUS,XLII,Transportation restrictions,17.12.2024,"Article 3s(2), point (g): owned, chartered or operated by natural or legal persons, entities or bodies listed in Annex I to Regulation (EU) No 269/2014, are otherwise used in the name of, on behalf of, in relation with or for the benefit of such persons.",Vessel,Trust,,,,,,,,,,,,,,,,,,,,,,,,,,,,,9382798,,,,,,,
32014R0833,66,EU-RUS,XLII,Transportation restrictions,17.12.2024,"Article 3s(2), point (g): owned, chartered or operated by natural or legal persons, entities or bodies listed in Annex I to Regulation (EU) No 269/2014, are otherwise used in the name of, on behalf of, in relation with or for the benefit of such persons.",Vessel,Jaguar,,,Zaliv Amerika,,,,,,,,,,,,,,,,,,,,,,,,,,9354301,,,,,,,
32014R0833,67,EU-RUS,XLII,Transportation restrictions,17.12.2024,"Article 3s(2), point (g): owned, chartered or operated by natural or legal persons, entities or bodies listed in Annex I to Regulation (EU) No 269/2014, are otherwise used in the name of, on behalf of, in relation with or for the benefit of such persons.",Vessel,Zaliv Amurskiy,,,,,,,,,,,,,,,,,,,,,,,,,,,,,9354313,,,,,,,
32014R0833,68,EU-RUS,XLII,Transportation restrictions,17.12.2024,"Article 3s(2), point (b): transport crude oil or petroleum products, as listed in Annex XXV, that originate in Russia or are exported from Russia while practicing irregular and high-risk shipping practices as set out in the International Maritime Organisation General Assembly resolution A.1192(33)",Vessel,Amber 6,,,,,,,,,,,,,,,,,,,,,,,,,,,,,9235713,,,,,,,
32014R0833,69,EU-RUS,XLII,Transportation restrictions,17.12.2024,"Article 3s(2), point (b): transport crude oil or petroleum products, as listed in Annex XXV, that originate in Russia or are exported from Russia while practicing irregular and high-risk shipping practices as set out in the International Maritime Organisation General Assembly resolution A.1192(33)",Vessel,Areia,,,Emily S,,,,,,,,,,,,,,,,,,,,,,,,,,9321847,,,,,,,
32014R0833,70,EU-RUS,XLII,Transportation restrictions,17.12.2024,"Article 3s(2), point (b): transport crude oil or petroleum products, as listed in Annex XXV, that originate in Russia or are exported from Russia while practicing irregular and high-risk shipping practices as set out in the International Maritime Organisation General Assembly resolution A.1192(33)",Vessel,Fjord Seal,,,,,,,,,,,,,,,,,,,,,,,,,,,,,9513139,,,,,,,
32014R0833,71,EU-RUS,XLII,Transportation restrictions,17.12.2024,"Article 3s(2), point (b): transport crude oil or petroleum products, as listed in Annex XXV, that originate in Russia or are exported from Russia while practicing irregular and high-risk shipping practices as set out in the International Maritime Organisation General Assembly resolution A.1192(33)",Vessel,Heidi A,,,,,,,,,,,,,,,,,,,,,,,,,,,,,9321976,,,,,,,
32014R0833,73,EU-RUS,XLII,Transportation restrictions,17.12.2024,"Article 3s(2), point (b): transport crude oil or petroleum products, as listed in Annex XXV, that originate in Russia or are exported from Russia while practicing irregular and high-risk shipping practices as set out in the International Maritime Organisation General Assembly resolution A.1192(33)",Vessel,Okeansky Prospect,,,,,,,,,,,,,,,,,,,,,,,,,,,,,9866380,,,,,,,
32014R0833,74,EU-RUS,XLII,Transportation restrictions,17.12.2024,"Article 3s(2), point (b): transport crude oil or petroleum products, as listed in Annex XXV, that originate in Russia or are exported from Russia while practicing irregular and high-risk shipping practices as set out in the International Maritime Organisation General Assembly resolution A.1192(33)",Vessel,Capella,,,,,,,,,,,,,,,,,,,,,,,,,,,,,9341079,,,,,,,
32014R0833,75,EU-RUS,XLII,Transportation restrictions,17.12.2024,"Article 3s(2), point (b): transport crude oil or petroleum products, as listed in Annex XXV, that originate in Russia or are exported from Russia while practicing irregular and high-risk shipping practices as set out in the International Maritime Organisation General Assembly resolution A.1192(33)",Vessel,Siri,,,,,,,,,,,,,,,,,,,,,,,,,,,,,9281683,,,,,,,
32014R0833,76,EU-RUS,XLII,Transportation restrictions,17.12.2024,"Article 3s(2), point (c): are operated in such a way as to contribute or support actions or policies for the exploitation, development or expansion of the energy sector in Russia, including energy infrastructure.",Vessel,North Way,,,,,,,,,,,,,,,,,,,,,,,,,,,,,9953535,,,,,,,
32014R0833,77,EU-RUS,XLII,Transportation restrictions,17.12.2024,"Article 3s(2), point (c): are operated in such a way as to contribute or support actions or policies for the exploitation, development or expansion of the energy sector in Russia, including energy infrastructure.",Vessel,North Sky,,,,,,,,,,,,,,,,,,,,,,,,,,,,,9953523,,,,,,,
32014R0833,78,EU-RUS,XLII,Transportation restrictions,17.12.2024,"Article 3s(2), point (c): are operated in such a way as to contribute or support actions or policies for the exploitation, development or expansion of the energy sector in Russia, including energy infrastructure.",Vessel,North Air,,,,,,,,,,,,,,,,,,,,,,,,,,,,,9953509,,,,,,,
32014R0833,79,EU-RUS,XLII,Transportation restrictions,17.12.2024,"Article 3s(2), point (c): are operated in such a way as to contribute or support actions or policies for the exploitation, development or expansion of the energy sector in Russia, including energy infrastructure.",Vessel,North Mountain,,,,,,,,,,,,,,,,,,,,,,,,,,,,,9953511,,,,,,,
32014R0833,80,EU-RUS,XLII,Transportation restrictions,25.2.2025,"Article 3s(2), point (g): are owned, chartered or operated by natural or legal persons, entities or bodies listed in Annex I to Regulation (EU) No 269/2014, are otherwise used in the name of, on behalf of, in relation with or for the benefit of such persons",Vessel,Yuri Senkevich,,,,,,,,,,,,,,,,,,,,,,,,,,,,,9301419,,,,,,,
32014R0833,81,EU-RUS,XLII,Transportation restrictions,25.2.2025,"Article 3s(2), point (g): are owned, chartered or operated by natural or legal persons, entities or bodies listed in Annex I to Regulation (EU) No 269/2014, are otherwise used in the name of, on behalf of, in relation with or for the benefit of such persons",Vessel,Belgorod,,,,,,,,,,,,,,,,,,,,,,,,,,,,,9412359,,,,,,,
32014R0833,82,EU-RUS,XLII,Transportation restrictions,25.2.2025,"Article 3s(2), point (g): are owned, chartered or operated by natural or legal persons, entities or bodies listed in Annex I to Regulation (EU) No 269/2014, are otherwise used in the name of, on behalf of, in relation with or for the benefit of such persons",Vessel,Bratsk,,,,,,,,,,,,,,,,,,,,,,,,,,,,,9411020,,,,,,,
32014R0833,83,EU-RUS,XLII,Transportation restrictions,25.2.2025,"Article 3s(2), point (g): are owned, chartered or operated by natural or legal persons, entities or bodies listed in Annex I to Regulation (EU) No 269/2014, are otherwise used in the name of, on behalf of, in relation with or for the benefit of such persons",Vessel,Nikolay Zadornov,,,,,,,,,,,,,,,,,,,,,,,,,,,,,9901037,,,,,,,
32014R0833,84,EU-RUS,XLII,Transportation restrictions,25.2.2025,"Article 3s(2), point (b): transport crude oil or petroleum products, as listed in Annex XXV, that originate in Russia or are exported from Russia while practicing irregular and high-risk shipping practices as set out in the International Maritime Organisation General Assembly resolution A.1192(33) Article 3s(2), point (c): are operated in such a way as to contribute or support actions or policies for the exploitation, development or expansion of the energy sector in Russia, including energy infrastructure.",Vessel,Victor Konetsky,,,,,,,,,,,,,,,,,,,,,,,,,,,,,9301421,,,,,,,
32014R0833,85,EU-RUS,XLII,Transportation restrictions,25.2.2025,"Article 3s(2), point (b): transport crude oil or petroleum products, as listed in Annex XXV, that originate in Russia or are exported from Russia while practicing irregular and high-risk shipping practices as set out in the International Maritime Organisation General Assembly resolution A.1192(33) Article 3s(2), point (c): are operated in such a way as to contribute or support actions or policies for the exploitation, development or expansion of the energy sector in Russia, including energy infrastructure.",Vessel,Viktor Titov,,,,,,,,,,,,,,,,,,,,,,,,,,,,,9301407,,,,,,,
32014R0833,86,EU-RUS,XLII,Transportation restrictions,25.2.2025,"Article 3s(2), point (b): transport crude oil or petroleum products, as listed in Annex XXV, that originate in Russia or are exported from Russia while practicing irregular and high-risk shipping practices as set out in the International Maritime Organisation General Assembly resolution A.1192(33) Article 3s(2), point (c): are operated in such a way as to contribute or support actions or policies for the exploitation, development or expansion of the energy sector in Russia, including energy infrastructure.",Vessel,Pavel Chernysh,,,,,,,,,,,,,,,,,,,,,,,,,,,,,9301380,,,,,,,
32014R0833,87,EU-RUS,XLII,Transportation restrictions,25.2.2025,"Article 3s(2), point (b): transport crude oil or petroleum products, as listed in Annex XXV, that originate in Russia or are exported from Russia while practicing irregular and high-risk shipping practices as set out in the International Maritime Organisation General Assembly resolution A.1192(33) Article 3s(2), point (c): are operated in such a way as to contribute or support actions or policies for the exploitation, development or expansion of the energy sector in Russia, including energy infrastructure.",Vessel,Captain Kostichev,,,,,,,,,,,,,,,,,,,,,,,,,,,,,9301392,,,,,,,
32014R0833,88,EU-RUS,XLII,Transportation restrictions,25.2.2025,"Article 3s(2), point (b): transport crude oil or petroleum products, as listed in Annex XXV, that originate in Russia or are exported from Russia while practicing irregular and high-risk shipping practices as set out in the International Maritime Organisation General Assembly resolution A.1192(33) Article 3s(2), point (c): are operated in such a way as to contribute or support actions or policies for the exploitation, development or expansion of the energy sector in Russia, including energy infrastructure.",Vessel,Xanthos Eos,,,Mermar,,,,,,,,,,,,,,,,,,,,,,,,,,9231212,,,,,,,
32014R0833,89,EU-RUS,XLII,Transportation restrictions,25.2.2025,"Article 3s(2), point (b): transport crude oil or petroleum products, as listed in Annex XXV, that originate in Russia or are exported from Russia while practicing irregular and high-risk shipping practices as set out in the International Maritime Organisation General Assembly resolution A.1192(33) Article 3s(2), point (c): are operated in such a way as to contribute or support actions or policies for the exploitation, development or expansion of the energy sector in Russia, including energy infrastructure.",Vessel,Surrey Quays,,,,,,,,,,,,,,,,,,,,,,,,,,,,,9350654,,,,,,,
32014R0833,90,EU-RUS,XLII,Transportation restrictions,25.2.2025,"Article 3s(2), point (b): transport crude oil or petroleum products, as listed in Annex XXV, that originate in Russia or are exported from Russia while practicing irregular and high-risk shipping practices as set out in the International Maritime Organisation General Assembly resolution A.1192(33) Article 3s(2), point (c): are operated in such a way as to contribute or support actions or policies for the exploitation, development or expansion of the energy sector in Russia, including energy infrastructure.",Vessel,Nichole,,,,,,,,,,,,,,,,,,,,,,,,,,,,,9332822,,,,,,,
32014R0833,91,EU-RUS,XLII,Transportation restrictions,25.2.2025,"Article 3s(2), point (b): transport crude oil or petroleum products, as listed in Annex XXV, that originate in Russia or are exported from Russia while practicing irregular and high-risk shipping practices as set out in the International Maritime Organisation General Assembly resolution A.1192(33) Article 3s(2), point (c): are operated in such a way as to contribute or support actions or policies for the exploitation, development or expansion of the energy sector in Russia, including energy infrastructure.",Vessel,Crius,,,,,,,,,,,,,,,,,,,,,,,,,,,,,9251274,,,,,,,
32014R0833,92,EU-RUS,XLII,Transportation restrictions,25.2.2025,"Article 3s(2), point (b): transport crude oil or petroleum products, as listed in Annex XXV, that originate in Russia or are exported from Russia while practicing irregular and high-risk shipping practices as set out in the International Maritime Organisation General Assembly resolution A.1192(33) Article 3s(2), point (c): are operated in such a way as to contribute or support actions or policies for the exploitation, development or expansion of the energy sector in Russia, including energy infrastructure.",Vessel,Great Jacombo,,,,,,,,,,,,,,,,,,,,,,,,,,,,,9319703,,,,,,,
32014R0833,93,EU-RUS,XLII,Transportation restrictions,25.2.2025,"Article 3s(2), point (b): transport crude oil or petroleum products, as listed in Annex XXV, that originate in Russia or are exported from Russia while practicing irregular and high-risk shipping practices as set out in the International Maritime Organisation General Assembly resolution A.1192(33) Article 3s(2), point (c): are operated in such a way as to contribute or support actions or policies for the exploitation, development or expansion of the energy sector in Russia, including energy infrastructure.",Vessel,Chen Lu,,,,,,,,,,,,,,,,,,,,,,,,,,,,,9404948,,,,,,,
32014R0833,94,EU-RUS,XLII,Transportation restrictions,25.2.2025,"Article 3s(2), point (b): transport crude oil or petroleum products, as listed in Annex XXV, that originate in Russia or are exported from Russia while practicing irregular and high-risk shipping practices as set out in the International Maritime Organisation General Assembly resolution A.1192(33)",Vessel,Bull,,,,,,,,,,,,,,,,,,,,,,,,,,,,,9292503,,,,,,,
32014R0833,95,EU-RUS,XLII,Transportation restrictions,25.2.2025,"Article 3s(2), point (b): transport crude oil or petroleum products, as listed in Annex XXV, that originate in Russia or are exported from Russia while practicing irregular and high-risk shipping practices as set out in the International Maritime Organisation General Assembly resolution A.1192(33)",Vessel,Huihai Pacific,,,,,,,,,,,,,,,,,,,,,,,,,,,,,9346732,,,,,,,
32014R0833,96,EU-RUS,XLII,Transportation restrictions,25.2.2025,"Article 3s(2), point (b): transport crude oil or petroleum products, as listed in Annex XXV, that originate in Russia or are exported from Russia while practicing irregular and high-risk shipping practices as set out in the International Maritime Organisation General Assembly resolution A.1192(33)",Vessel,Kudos Stars,,,,,,,,,,,,,,,,,,,,,,,,,,,,,9288710,,,,,,,
32014R0833,97,EU-RUS,XLII,Transportation restrictions,25.2.2025,"Article 3s(2), point (b): transport crude oil or petroleum products, as listed in Annex XXV, that originate in Russia or are exported from Russia while practicing irregular and high-risk shipping practices as set out in the International Maritime Organisation General Assembly resolution A.1192(33)",Vessel,Udaya,,,,,,,,,,,,,,,,,,,,,,,,,,,,,9288746,,,,,,,
32014R0833,98,EU-RUS,XLII,Transportation restrictions,25.2.2025,"Article 3s(2), point (b): transport crude oil or petroleum products, as listed in Annex XXV, that originate in Russia or are exported from Russia while practicing irregular and high-risk shipping practices as set out in the International Maritime Organisation General Assembly resolution A.1192(33)",Vessel,Merope,,,,,,,,,,,,,,,,,,,,,,,,,,,,,9281891,,,,,,,
32014R0833,99,EU-RUS,XLII,Transportation restrictions,25.2.2025,"Article 3s(2), point (b): transport crude oil or petroleum products, as listed in Annex XXV, that originate in Russia or are exported from Russia while practicing irregular and high-risk shipping practices as set out in the International Maritime Organisation General Assembly resolution A.1192(33)",Vessel,PRS Ocean,,,,,,,,,,,,,,,,,,,,,,,,,,,,,9276561,,,,,,,
32014R0833,100,EU-RUS,XLII,Transportation restrictions,25.2.2025,"Article 3s(2), point (b): transport crude oil or petroleum products, as listed in Annex XXV, that originate in Russia or are exported from Russia while practicing irregular and high-risk shipping practices as set out in the International Maritime Organisation General Assembly resolution A.1192(33)",Vessel,Auro,,,Stratos Aurora,,,,,,,,,,,,,,,,,,,,,,,,,,9288708,,,,,,,
32014R0833,101,EU-RUS,XLII,Transportation restrictions,25.2.2025,"Article 3s(2), point (b): transport crude oil or petroleum products, as listed in Annex XXV, that originate in Russia or are exported from Russia while practicing irregular and high-risk shipping practices as set out in the International Maritime Organisation General Assembly resolution A.1192(33)",Vessel,Mercury,,,,,,,,,,,,,,,,,,,,,,,,,,,,,9321706,,,,,,,
32014R0833,102,EU-RUS,XLII,Transportation restrictions,25.2.2025,"Article 3s(2), point (b): transport crude oil or petroleum products, as listed in Annex XXV, that originate in Russia or are exported from Russia while practicing irregular and high-risk shipping practices as set out in the International Maritime Organisation General Assembly resolution A.1192(33)",Vessel,Neer 1,,,Kapal Cantik,,,,,,,,,,,,,,,,,,,,,,,,,,9224283,,,,,,,
32014R0833,103,EU-RUS,XLII,Transportation restrictions,25.2.2025,"Article 3s(2), point (b): transport crude oil or petroleum products, as listed in Annex XXV, that originate in Russia or are exported from Russia while practicing irregular and high-risk shipping practices as set out in the International Maritime Organisation General Assembly resolution A.1192(33)",Vessel,Kiwala,,,,,,,,,,,,,,,,,,,,,,,,,,,,,9332810,,,,,,,
32014R0833,104,EU-RUS,XLII,Transportation restrictions,25.2.2025,"Article 3s(2), point (b): transport crude oil or petroleum products, as listed in Annex XXV, that originate in Russia or are exported from Russia while practicing irregular and high-risk shipping practices as set out in the International Maritime Organisation General Assembly resolution A.1192(33)",Vessel,Andaman Skies,,,,,,,,,,,,,,,,,,,,,,,,,,,,,9288693,,,,,,,
32014R0833,105,EU-RUS,XLII,Transportation restrictions,25.2.2025,"Article 3s(2), point (b): transport crude oil or petroleum products, as listed in Annex XXV, that originate in Russia or are exported from Russia while practicing irregular and high-risk shipping practices as set out in the International Maritime Organisation General Assembly resolution A.1192(33)",Vessel,Voyager,,,,,,,,,,,,,,,,,,,,,,,,,,,,,9843560,,,,,,,
32014R0833,106,EU-RUS,XLII,Transportation restrictions,25.2.2025,"Article 3s(2), point (g): are owned, chartered or operated by natural or legal persons, entities or bodies listed in Annex I to Regulation (EU) No 269/2014, are otherwise used in the name of, on behalf of, in relation with or for the benefit of such persons.",Vessel,Kareliya,,,,,,,,,,,,,,,,,,,,,,,,,,,,,9306782,,,,,,,
32014R0833,107,EU-RUS,XLII,Transportation restrictions,25.2.2025,"Article 3s(2), point (g): are owned, chartered or operated by natural or legal persons, entities or bodies listed in Annex I to Regulation (EU) No 269/2014, are otherwise used in the name of, on behalf of, in relation with or for the benefit of such persons.",Vessel,Kazan,,,,,,,,,,,,,,,,,,,,,,,,,,,,,9258002,,,,,,,
32014R0833,108,EU-RUS,XLII,Transportation restrictions,25.2.2025,"Article 3s(2), point (g): are owned, chartered or operated by natural or legal persons, entities or bodies listed in Annex I to Regulation (EU) No 269/2014, are otherwise used in the name of, on behalf of, in relation with or for the benefit of such persons.",Vessel,Kotlas,,,,,,,,,,,,,,,,,,,,,,,,,,,,,9299719,,,,,,,
32014R0833,109,EU-RUS,XLII,Transportation restrictions,25.2.2025,"Article 3s(2), point (g): are owned, chartered or operated by natural or legal persons, entities or bodies listed in Annex I to Regulation (EU) No 269/2014, are otherwise used in the name of, on behalf of, in relation with or for the benefit of such persons",Vessel,Ligovsky Prospect,,,,,,,,,,,,,,,,,,,,,,,,,,,,,9256066,,,,,,,
32014R0833,110,EU-RUS,XLII,Transportation restrictions,25.2.2025,"Article 3s(2), point (g): are owned, chartered or operated by natural or legal persons, entities or bodies listed in Annex I to Regulation (EU) No 269/2014, are otherwise used in the name of, on behalf of, in relation with or for the benefit of such persons",Vessel,NS Leader,,,,,,,,,,,,,,,,,,,,,,,,,,,,,9339301,,,,,,,
32014R0833,111,EU-RUS,XLII,Transportation restrictions,25.2.2025,"Article 3s(2), point (b): transport crude oil or petroleum products, as listed in Annex XXV, that originate in Russia or are exported from Russia while practicing irregular and high-risk shipping practices as set out in the International Maritime Organisation General Assembly resolution A.1192(33)",Vessel,Prosperity,,,NS Pride,,,,,,,,,,,,,,,,,,,,,,,,,,9322956,,,,,,,
32014R0833,112,EU-RUS,XLII,Transportation restrictions,25.2.2025,"Article 3s(2), point (b): transport crude oil or petroleum products, as listed in Annex XXV, that originate in Russia or are exported from Russia while practicing irregular and high-risk shipping practices as set out in the International Maritime Organisation General Assembly resolution A.1192(33)",Vessel,Sapphire,,,NS Silver,,,,,,,,,,,,,,,,,,,,,,,,,,9309576,,,,,,,
32014R0833,113,EU-RUS,XLII,Transportation restrictions,25.2.2025,"Article 3s(2), point (g): are owned, chartered or operated by natural or legal persons, entities or bodies listed in Annex I to Regulation (EU) No 269/2014, are otherwise used in the name of, on behalf of, in relation with or for the benefit of such persons",Vessel,Pacific,,,,,,,,,,,,,,,,,,,,,,,,,,,,,9329667,,,,,,,
32014R0833,114,EU-RUS,XLII,Transportation restrictions,25.2.2025,"Article 3s(2), point (g): are owned, chartered or operated by natural or legal persons, entities or bodies listed in Annex I to Regulation (EU) No 269/2014, are otherwise used in the name of, on behalf of, in relation with or for the benefit of such persons",Vessel,Primorye,,,,,,,,,,,,,,,,,,,,,,,,,,,,,9421960,,,,,,,
32014R0833,115,EU-RUS,XLII,Transportation restrictions,25.2.2025,"Article 3s(2), point (g): are owned, chartered or operated by natural or legal persons, entities or bodies listed in Annex I to Regulation (EU) No 269/2014, are otherwise used in the name of, on behalf of, in relation with or for the benefit of such persons",Vessel,Shturman Albanov,,,,,,,,,,,,,,,,,,,,,,,,,,,,,9752084,,,,,,,
32014R0833,116,EU-RUS,XLII,Transportation restrictions,25.2.2025,"Article 3s(2), point (g): are owned, chartered or operated by natural or legal persons, entities or bodies listed in Annex I to Regulation (EU) No 269/2014, are otherwise used in the name of, on behalf of, in relation with or for the benefit of such persons.",Vessel,Symphony,,,,,,,,,,,,,,,,,,,,,,,,,,,,,9309588,,,,,,,
32014R0833,117,EU-RUS,XLII,Transportation restrictions,25.2.2025,"Article 3s(2), point (b): transport crude oil or petroleum products, as listed in Annex XXV, that originate in Russia or are exported from Russia while practicing irregular and high-risk shipping practices as set out in the International Maritime Organisation General Assembly resolution A.1192(33) Article 3s(2), point (c): are operated in such a way as to contribute or support actions or policies for the exploitation, development or expansion of the energy sector in Russia, including energy infrastructure.",Vessel,Noctis,,,Luna; Asher,,,,,,,,,,,,,,,,,,,,,,,,,,9258868,,,,,,,
32014R0833,118,EU-RUS,XLII,Transportation restrictions,25.2.2025,"Article 3s(2), point (b): transport crude oil or petroleum products, as listed in Annex XXV, that originate in Russia or are exported from Russia while practicing irregular and high-risk shipping practices as set out in the International Maritime Organisation General Assembly resolution A.1192(33) Article 3s(2), point (c): are operated in such a way as to contribute or support actions or policies for the exploitation, development or expansion of the energy sector in Russia, including energy infrastructure.",Vessel,Carl,,,,,,,,,,,,,,,,,,,,,,,,,,,,,9288851,,,,,,,
32014R0833,119,EU-RUS,XLII,Transportation restrictions,25.2.2025,"Article 3s(2), point (b): transport crude oil or petroleum products, as listed in Annex XXV, that originate in Russia or are exported from Russia while practicing irregular and high-risk shipping practices as set out in the International Maritime Organisation General Assembly resolution A.1192(33) Article 3s(2), point (c): are operated in such a way as to contribute or support actions or policies for the exploitation, development or expansion of the energy sector in Russia, including energy infrastructure.",Vessel,Deliver,,,,,,,,,,,,,,,,,,,,,,,,,,,,,9194983,,,,,,,
32014R0833,120,EU-RUS,XLII,Transportation restrictions,25.2.2025,"Article 3s(2), point (b): transport crude oil or petroleum products, as listed in Annex XXV, that originate in Russia or are exported from Russia while practicing irregular and high-risk shipping practices as set out in the International Maritime Organisation General Assembly resolution A.1192(33) Article 3s(2), point (c): are operated in such a way as to contribute or support actions or policies for the exploitation, development or expansion of the energy sector in Russia, including energy infrastructure.",Vessel,Facca,,,,,,,,,,,,,,,,,,,,,,,,,,,,,9271951,,,,,,,
32014R0833,121,EU-RUS,XLII,Transportation restrictions,25.2.2025,"Article 3s(2), point (b): transport crude oil or petroleum products, as listed in Annex XXV, that originate in Russia or are exported from Russia while practicing irregular and high-risk shipping practices as set out in the International Maritime Organisation General Assembly resolution A.1192(33) Article 3s(2), point (c): are operated in such a way as to contribute or support actions or policies for the exploitation, development or expansion of the energy sector in Russia, including energy infrastructure.",Vessel,Aqua Titan,,,Lang Ya,,,,,,,,,,,,,,,,,,,,,,,,,,9332781,,,,,,,
32014R0833,122,EU-RUS,XLII,Transportation restrictions,25.2.2025,"Article 3s(2), point (b): transport crude oil or petroleum products, as listed in Annex XXV, that originate in Russia or are exported from Russia while practicing irregular and high-risk shipping practices as set out in the International Maritime Organisation General Assembly resolution A.1192(33) Article 3s(2), point (c): are operated in such a way as to contribute or support actions or policies for the exploitation, development or expansion of the energy sector in Russia, including energy infrastructure.",Vessel,Minerva M,,,,,,,,,,,,,,,,,,,,,,,,,,,,,9282479,,,,,,,
32014R0833,123,EU-RUS,XLII,Transportation restrictions,25.2.2025,"Article 3s(2), point (b): transport crude oil or petroleum products, as listed in Annex XXV, that originate in Russia or are exported from Russia while practicing irregular and high-risk shipping practices as set out in the International Maritime Organisation General Assembly resolution A.1192(33) Article 3s(2), point (c): are operated in such a way as to contribute or support actions or policies for the exploitation, development or expansion of the energy sector in Russia, including energy infrastructure.",Vessel,Moti,,,,,,,,,,,,,,,,,,,,,,,,,,,,,9281011,,,,,,,
32014R0833,124,EU-RUS,XLII,Transportation restrictions,25.2.2025,"Article 3s(2), point (b): transport crude oil or petroleum products, as listed in Annex XXV, that originate in Russia or are exported from Russia while practicing irregular and high-risk shipping practices as set out in the International Maritime Organisation General Assembly resolution A.1192(33) Article 3s(2), point (c): are operated in such a way as to contribute or support actions or policies for the exploitation, development or expansion of the energy sector in Russia, including energy infrastructure.",Vessel,Ocean Faye,,,,,,,,,,,,,,,,,,,,,,,,,,,,,9321689,,,,,,,
32014R0833,125,EU-RUS,XLII,Transportation restrictions,25.2.2025,"Article 3s(2), point (b): transport crude oil or petroleum products, as listed in Annex XXV, that originate in Russia or are exported from Russia while practicing irregular and high-risk shipping practices as set out in the International Maritime Organisation General Assembly resolution A.1192(33) Article 3s(2), point (c): are operated in such a way as to contribute or support actions or policies for the exploitation, development or expansion of the energy sector in Russia, including energy infrastructure.",Vessel,Pontus I,,,,,,,,,,,,,,,,,,,,,,,,,,,,,9255660,,,,,,,
32014R0833,126,EU-RUS,XLII,Transportation restrictions,25.2.2025,"Article 3s(2), point (b): transport crude oil or petroleum products, as listed in Annex XXV, that originate in Russia or are exported from Russia while practicing irregular and high-risk shipping practices as set out in the International Maritime Organisation General Assembly resolution A.1192(33) Article 3s(2), point (c): are operated in such a way as to contribute or support actions or policies for the exploitation, development or expansion of the energy sector in Russia, including energy infrastructure.",Vessel,Sea Fidelity,,,,,,,,,,,,,,,,,,,,,,,,,,,,,9285835,,,,,,,
32014R0833,127,EU-RUS,XLII,Transportation restrictions,25.2.2025,"Article 3s(2), point (b): transport crude oil or petroleum products, as listed in Annex XXV, that originate in Russia or are exported from Russia while practicing irregular and high-risk shipping practices as set out in the International Maritime Organisation General Assembly resolution A.1192(33) Article 3s(2), point (c): are operated in such a way as to contribute or support actions or policies for the exploitation, development or expansion of the energy sector in Russia, including energy infrastructure.",Vessel,Swiftsea Rider,,,,,,,,,,,,,,,,,,,,,,,,,,,,,9318539,,,,,,,
32014R0833,128,EU-RUS,XLII,Transportation restrictions,25.2.2025,"Article 3s(2), point (b): transport crude oil or petroleum products, as listed in Annex XXV, that originate in Russia or are exported from Russia while practicing irregular and high-risk shipping practices as set out in the International Maritime Organisation General Assembly resolution A.1192(33)",Vessel,Aquatica,,,,,,,,,,,,,,,,,,,,,,,,,,,,,9299769,,,,,,,
32014R0833,129,EU-RUS,XLII,Transportation restrictions,25.2.2025,"Article 3s(2), point (b): transport crude oil or petroleum products, as listed in Annex XXV, that originate in Russia or are exported from Russia while practicing irregular and high-risk shipping practices as set out in the International Maritime Organisation General Assembly resolution A.1192(33)",Vessel,Ederra,,,,,,,,,,,,,,,,,,,,,,,,,,,,,9258026,,,,,,,
32014R0833,130,EU-RUS,XLII,Transportation restrictions,25.2.2025,"Article 3s(2), point (b): transport crude oil or petroleum products, as listed in Annex XXV, that originate in Russia or are exported from Russia while practicing irregular and high-risk shipping practices as set out in the International Maritime Organisation General Assembly resolution A.1192(33)",Vessel,Eventin,,,,,,,,,,,,,,,,,,,,,,,,,,,,,9308065,,,,,,,
32014R0833,131,EU-RUS,XLII,Transportation restrictions,25.2.2025,"Article 3s(2), point (b): transport crude oil or petroleum products, as listed in Annex XXV, that originate in Russia or are exported from Russia while practicing irregular and high-risk shipping practices as set out in the International Maritime Organisation General Assembly resolution A.1192(33)",Vessel,Pravasi,,,,,,,,,,,,,,,,,,,,,,,,,,,,,9409467,,,,,,,
32014R0833,132,EU-RUS,XLII,Transportation restrictions,25.2.2025,"Article 3s(2), point (b): transport crude oil or petroleum products, as listed in Annex XXV, that originate in Russia or are exported from Russia while practicing irregular and high-risk shipping practices as set out in the International Maritime Organisation General Assembly resolution A.1192(33)",Vessel,Sauri,,,,,,,,,,,,,,,,,,,,,,,,,,,,,9266475,,,,,,,
32014R0833,133,EU-RUS,XLII,Transportation restrictions,25.2.2025,"Article 3s(2), point (b): transport crude oil or petroleum products, as listed in Annex XXV, that originate in Russia or are exported from Russia while practicing irregular and high-risk shipping practices as set out in the International Maritime Organisation General Assembly resolution A.1192(33)",Vessel,Temiro,,,,,,,,,,,,,,,,,,,,,,,,,,,,,9209972,,,,,,,
32014R0833,134,EU-RUS,XLII,Transportation restrictions,25.2.2025,"Article 3s(2), point (c): are operated in such a way as to contribute or support actions or policies for the exploitation, development or expansion of the energy sector in Russia, including energy infrastructure.",Vessel,East Energy,,,,,,,,,,,,,,,,,,,,,,,,,,,,,9216298,,,,,,,
32014R0833,135,EU-RUS,XLII,Transportation restrictions,25.2.2025,"Article 3s(2), point (b): transport crude oil or petroleum products, as listed in Annex XXV, that originate in Russia or are exported from Russia while practicing irregular and high-risk shipping practices as set out in the International Maritime Organisation General Assembly resolution A.1192(33)",Vessel,Zaliv Vostok,,,,,,,,,,,,,,,,,,,,,,,,,,,,,9360130,,,,,,,
32014R0833,136,EU-RUS,XLII,Transportation restrictions,25.2.2025,"Article 3s(2), point (b): transport crude oil or petroleum products, as listed in Annex XXV, that originate in Russia or are exported from Russia while practicing irregular and high-risk shipping practices as set out in the International Maritime Organisation General Assembly resolution A.1192(33)",Vessel,Zaliv Aniva,,,,,,,,,,,,,,,,,,,,,,,,,,,,,9418494,,,,,,,
32014R0833,137,EU-RUS,XLII,Transportation restrictions,25.2.2025,"Article 3s(2), point (b): transport crude oil or petroleum products, as listed in Annex XXV, that originate in Russia or are exported from Russia while practicing irregular and high-risk shipping practices as set out in the International Maritime Organisation General Assembly resolution A.1192(33)",Vessel,Lokosao,,,,,,,,,,,,,,,,,,,,,,,,,,,,,9286657,,,,,,,
32014R0833,138,EU-RUS,XLII,Transportation restrictions,25.2.2025,"Article 3s(2), point (b): transport crude oil or petroleum products, as listed in Annex XXV, that originate in Russia or are exported from Russia while practicing irregular and high-risk shipping practices as set out in the International Maritime Organisation General Assembly resolution A.1192(33)",Vessel,Madhav,,,,,,,,,,,,,,,,,,,,,,,,,,,,,9353096,,,,,,,
32014R0833,139,EU-RUS,XLII,Transportation restrictions,25.2.2025,"Article 3s(2), point (b): transport crude oil or petroleum products, as listed in Annex XXV, that originate in Russia or are exported from Russia while practicing irregular and high-risk shipping practices as set out in the International Maritime Organisation General Assembly resolution A.1192(33)",Vessel,Atlas,,,,,,,,,,,,,,,,,,,,,,,,,,,,,9413573,,,,,,,
32014R0833,140,EU-RUS,XLII,Transportation restrictions,25.2.2025,"Article 3s(2), point (c): are operated in such a way as to contribute or support actions or policies for the exploitation, development or expansion of the energy sector in Russia, including energy infrastructure.",Vessel,Metagas Everest,,,,,,,,,,,,,,,,,,,,,,,,,,,,,9243148,,,,,,,
32014R0833,141,EU-RUS,XLII,Transportation restrictions,25.2.2025,"Article 3s(2), point (b): transport crude oil or petroleum products, as listed in Annex XXV, that originate in Russia or are exported from Russia while practicing irregular and high-risk shipping practices as set out in the International Maritime Organisation General Assembly resolution A.1192(33)",Vessel,T Cereal,,,Rolin,,,,,,,,,,,,,,,,,,,,,,,,,,9286073,,,,,,,
32014R0833,142,EU-RUS,XLII,Transportation restrictions,25.2.2025,"Article 3s(2), point (c): are operated in such a way as to contribute or support actions or policies for the exploitation, development or expansion of the energy sector in Russia, including energy infrastructure.",Vessel,Viktor Bakaev,,,,,,,,,,,,,,,,,,,,,,,,,,,,,9610810,,,,,,,
32014R0833,143,EU-RUS,XLII,Transportation restrictions,25.2.2025,"Article 3s(2), point (b): transport crude oil or petroleum products, as listed in Annex XXV, that originate in Russia or are exported from Russia while practicing irregular and high-risk shipping practices as set out in the International Maritime Organisation General Assembly resolution A.1192(33)",Vessel,Fiora,,,,,,,,,,,,,,,,,,,,,,,,,,,,,9282493,,,,,,,
32014R0833,144,EU-RUS,XLII,Transportation restrictions,25.2.2025,"Article 3s(2), point (b): transport crude oil or petroleum products, as listed in Annex XXV, that originate in Russia or are exported from Russia while practicing irregular and high-risk shipping practices as set out in the International Maritime Organisation General Assembly resolution A.1192(33)",Vessel,Noble,,,,,,,,,,,,,,,,,,,,,,,,,,,,,9333400,,,,,,,
32014R0833,145,EU-RUS,XLII,Transportation restrictions,25.2.2025,"Article 3s(2), point (b): transport crude oil or petroleum products, as listed in Annex XXV, that originate in Russia or are exported from Russia while practicing irregular and high-risk shipping practices as set out in the International Maritime Organisation General Assembly resolution A.1192(33)",Vessel,Unity,,,,,,,,,,,,,,,,,,,,,,,,,,,,,9388792,,,,,,,
32014R0833,146,EU-RUS,XLII,Transportation restrictions,25.2.2025,"Article 3s(2), point (b): transport crude oil or petroleum products, as listed in Annex XXV, that originate in Russia or are exported from Russia while practicing irregular and high-risk shipping practices as set out in the International Maritime Organisation General Assembly resolution A.1192(33)",Vessel,Sikar,,,,,,,,,,,,,,,,,,,,,,,,,,,,,9419137,,,,,,,
32014R0833,147,EU-RUS,XLII,Transportation restrictions,25.2.2025,"Article 3s(2), point (b): transport crude oil or petroleum products, as listed in Annex XXV, that originate in Russia or are exported from Russia while practicing irregular and high-risk shipping practices as set out in the International Maritime Organisation General Assembly resolution A.1192(33)",Vessel,Anatoly Kolodkin,,,,,,,,,,,,,,,,,,,,,,,,,,,,,9610808,,,,,,,
32014R0833,148,EU-RUS,XLII,Transportation restrictions,25.2.2025,"Article 3s(2), point (b): transport crude oil or petroleum products, as listed in Annex XXV, that originate in Russia or are exported from Russia while practicing irregular and high-risk shipping practices as set out in the International Maritime Organisation General Assembly resolution A.1192(33)",Vessel,Wilma II,,,,,,,,,,,,,,,,,,,,,,,,,,,,,9247431,,,,,,,
32014R0833,149,EU-RUS,XLII,Transportation restrictions,25.2.2025,"Article 3s(2), point (b): transport crude oil or petroleum products, as listed in Annex XXV, that originate in Russia or are exported from Russia while practicing irregular and high-risk shipping practices as set out in the International Maritime Organisation General Assembly resolution A.1192(33)",Vessel,Lorena Grand,,,,,,,,,,,,,,,,,,,,,,,,,,,,,9288899,,,,,,,
32014R0833,150,EU-RUS,XLII,Transportation restrictions,25.2.2025,"Article 3s(2), point (b): transport crude oil or petroleum products, as listed in Annex XXV, that originate in Russia or are exported from Russia while practicing irregular and high-risk shipping practices as set out in the International Maritime Organisation General Assembly resolution A.1192(33)",Vessel,Corum,,,,,,,,,,,,,,,,,,,,,,,,,,,,,9544281,,,,,,,
32014R0833,151,EU-RUS,XLII,Transportation restrictions,25.2.2025,"Article 3s(2), point (b): transport crude oil or petroleum products, as listed in Annex XXV, that originate in Russia or are exported from Russia while practicing irregular and high-risk shipping practices as set out in the International Maritime Organisation General Assembly resolution A.1192(33)",Vessel,Xiwang,,,,,,,,,,,,,,,,,,,,,,,,,,,,,9317949,,,,,,,
32014R0833,152,EU-RUS,XLII,Transportation restrictions,25.2.2025,"Article 3s(2), point (b): transport crude oil or petroleum products, as listed in Annex XXV, that originate in Russia or are exported from Russia while practicing irregular and high-risk shipping practices as set out in the International Maritime Organisation General Assembly resolution A.1192(33)",Vessel,Azure Celeste,,,,,,,,,,,,,,,,,,,,,,,,,,,,,9288722,,,,,,,
32014R0833,153,EU-RUS,XLII,Transportation restrictions,25.2.2025,"Article 3s(2), point (g): are owned, chartered or operated by natural or legal persons, entities or bodies listed in Annex I to Regulation (EU) No 269/2014, are otherwise used in the name of, on behalf of, in relation with or for the benefit of such persons.",Vessel,Aria,,,,,,,,,,,,,,,,,,,,,,,,,,,,,9397559,,,,,,,
32014R0833,154,EU-RUS,XLII,Transportation restrictions,21.5.2025,"Article 3s(2), point (b): transport crude oil or petroleum products, as listed in Annex XXV, that originate in Russia or are exported from Russia while practicing irregular and high-risk shipping practices as set out in the International Maritime Organisation General Assembly resolution A.1192(33)",Vessel,Mitzel,,,Olivia,,,,,,,,,,,,,,,,,,,,,,,,,,9233741,,,,,,,
32014R0833,155,EU-RUS,XLII,Transportation restrictions,21.5.2025,"Article 3s(2), point (c): are operated in such a way as to contribute or support actions or policies for the exploitation, development or expansion of the energy sector in Russia, including energy infrastructure.",Vessel,Nan Feng Zhi Xing,,,,,,,,,,,,,,,,,,,,,,,,,,,,,9934498,,,,,,,
32014R0833,156,EU-RUS,XLII,Transportation restrictions,21.5.2025,"Article 3s(2), point (c): are operated in such a way as to contribute or support actions or policies for the exploitation, development or expansion of the energy sector in Russia, including energy infrastructure.",Vessel,Tong Yuan,,,,,,,,,,,,,,,,,,,,,,,,,,,,,9638197,,,,,,,
32014R0833,157,EU-RUS,XLII,Transportation restrictions,21.5.2025,"Article 3s(2), point (c): are operated in such a way as to contribute or support actions or policies for the exploitation, development or expansion of the energy sector in Russia, including energy infrastructure.",Vessel,Ocean 28,,,,,,,,,,,,,,,,,,,,,,,,,,,,,1021570,,,,,,,
32014R0833,158,EU-RUS,XLII,Transportation restrictions,21.5.2025,"Article 3s(2), point (b): transport crude oil or petroleum products, as listed in Annex XXV, that originate in Russia or are exported from Russia while practicing irregular and high-risk shipping practices as set out in the International Maritime Organisation General Assembly resolution A.1192(33)",Vessel,Vladimir Asenyev,,,,,,,,,,,,,,,,,,,,,,,,,,,,,9901025,,,,,,,
32014R0833,159,EU-RUS,XLII,Transportation restrictions,21.5.2025,"Article 3s(2), point (b): transport crude oil or petroleum products, as listed in Annex XXV, that originate in Russia or are exported from Russia while practicing irregular and high-risk shipping practices as set out in the International Maritime Organisation General Assembly resolution A.1192(33)",Vessel,Si He,,,,,,,,,,,,,,,,,,,,,,,,,,,,,9378618,,,,,,,
32014R0833,160,EU-RUS,XLII,Transportation restrictions,21.5.2025,"Article 3s(2), point (b): transport crude oil or petroleum products, as listed in Annex XXV, that originate in Russia or are exported from Russia while practicing irregular and high-risk shipping practices as set out in the International Maritime Organisation General Assembly resolution A.1192(33)",Vessel,Lotus,,,Himalayan,,,,,,,,,,,,,,,,,,,,,,,,,,9392822,,,,,,,
32014R0833,161,EU-RUS,XLII,Transportation restrictions,21.5.2025,"Article 3s(2), point (b): transport crude oil or petroleum products, as listed in Annex XXV, that originate in Russia or are exported from Russia while practicing irregular and high-risk shipping practices as set out in the International Maritime Organisation General Assembly resolution A.1192(33)",Vessel,Ascendant,,,,,,,,,,,,,,,,,,,,,,,,,,,,,9248801,,,,,,,
32014R0833,162,EU-RUS,XLII,Transportation restrictions,21.5.2025,"Article 3s(2), point (b): transport crude oil or petroleum products, as listed in Annex XXV, that originate in Russia or are exported from Russia while practicing irregular and high-risk shipping practices as set out in the International Maritime Organisation General Assembly resolution A.1192(33)",Vessel,Talisman,,,,,,,,,,,,,,,,,,,,,,,,,,,,,9292060,,,,,,,
32014R0833,163,EU-RUS,XLII,Transportation restrictions,21.5.2025,"Article 3s(2), point (b): transport crude oil or petroleum products, as listed in Annex XXV, that originate in Russia or are exported from Russia while practicing irregular and high-risk shipping practices as set out in the International Maritime Organisation General Assembly resolution A.1192(33)",Vessel,Hyperion,,,,,,,,,,,,,,,,,,,,,,,,,,,,,9322968,,,,,,,
32014R0833,164,EU-RUS,XLII,Transportation restrictions,21.5.2025,"Article 3s(2), point (b): transport crude oil or petroleum products, as listed in Annex XXV, that originate in Russia or are exported from Russia while practicing irregular and high-risk shipping practices as set out in the International Maritime Organisation General Assembly resolution A.1192(33)",Vessel,Saturn I,,,,,,,,,,,,,,,,,,,,,,,,,,,,,9655470,,,,,,,
32014R0833,165,EU-RUS,XLII,Transportation restrictions,21.5.2025,"Article 3s(2), point (b): transport crude oil or petroleum products, as listed in Annex XXV, that originate in Russia or are exported from Russia while practicing irregular and high-risk shipping practices as set out in the International Maritime Organisation General Assembly resolution A.1192(33)",Vessel,Volga River,,,,,,,,,,,,,,,,,,,,,,,,,,,,,9435363,,,,,,,
32014R0833,166,EU-RUS,XLII,Transportation restrictions,21.5.2025,"Article 3s(2), point (b): transport crude oil or petroleum products, as listed in Annex XXV, that originate in Russia or are exported from Russia while practicing irregular and high-risk shipping practices as set out in the International Maritime Organisation General Assembly resolution A.1192(33)",Vessel,Irtysh River,,,,,,,,,,,,,,,,,,,,,,,,,,,,,9435375,,,,,,,
32014R0833,167,EU-RUS,XLII,Transportation restrictions,21.5.2025,"Article 3s(2), point (b): transport crude oil or petroleum products, as listed in Annex XXV, that originate in Russia or are exported from Russia while practicing irregular and high-risk shipping practices as set out in the International Maritime Organisation General Assembly resolution A.1192(33)",Vessel,VF Tanker-3,,,,,,,,,,,,,,,,,,,,,,,,,,,,,9640516,,,,,,,
32014R0833,168,EU-RUS,XLII,Transportation restrictions,21.5.2025,"Article 3s(2), point (b): transport crude oil or petroleum products, as listed in Annex XXV, that originate in Russia or are exported from Russia while practicing irregular and high-risk shipping practices as set out in the International Maritime Organisation General Assembly resolution A.1192(33)",Vessel,VF Tanker-4,,,,,,,,,,,,,,,,,,,,,,,,,,,,,9640528,,,,,,,
32014R0833,169,EU-RUS,XLII,Transportation restrictions,21.5.2025,"Article 3s(2), point (b): transport crude oil or petroleum products, as listed in Annex XXV, that originate in Russia or are exported from Russia while practicing irregular and high-risk shipping practices as set out in the International Maritime Organisation General Assembly resolution A.1192(33)",Vessel,Kupava,,,,,,,,,,,,,,,,,,,,,,,,,,,,,9749154,,,,,,,
32014R0833,170,EU-RUS,XLII,Transportation restrictions,21.5.2025,"Article 3s(2), point (b): transport crude oil or petroleum products, as listed in Annex XXV, that originate in Russia or are exported from Russia while practicing irregular and high-risk shipping practices as set out in the International Maritime Organisation General Assembly resolution A.1192(33)",Vessel,Cilicia,,,,,,,,,,,,,,,,,,,,,,,,,,,,,9171175,,,,,,,
32014R0833,171,EU-RUS,XLII,Transportation restrictions,21.5.2025,"Article 3s(2), point (b): transport crude oil or petroleum products, as listed in Annex XXV, that originate in Russia or are exported from Russia while practicing irregular and high-risk shipping practices as set out in the International Maritime Organisation General Assembly resolution A.1192(33)",Vessel,Taimyr,,,,,,,,,,,,,,,,,,,,,,,,,,,,,9105140,,,,,,,
32014R0833,172,EU-RUS,XLII,Transportation restrictions,21.5.2025,"Article 3s(2), point (b): transport crude oil or petroleum products, as listed in Annex XXV, that originate in Russia or are exported from Russia while practicing irregular and high-risk shipping practices as set out in the International Maritime Organisation General Assembly resolution A.1192(33)",Vessel,Savitri,,,,,,,,,,,,,,,,,,,,,,,,,,,,,9289752,,,,,,,
32014R0833,173,EU-RUS,XLII,Transportation restrictions,21.5.2025,"Article 3s(2), point (b): transport crude oil or petroleum products, as listed in Annex XXV, that originate in Russia or are exported from Russia while practicing irregular and high-risk shipping practices as set out in the International Maritime Organisation General Assembly resolution A.1192(33)",Vessel,Agnes,,,,,,,,,,,,,,,,,,,,,,,,,,,,,9314167,,,,,,,
32014R0833,174,EU-RUS,XLII,Transportation restrictions,21.5.2025,"Article 3s(2), point (b): transport crude oil or petroleum products, as listed in Annex XXV, that originate in Russia or are exported from Russia while practicing irregular and high-risk shipping practices as set out in the International Maritime Organisation General Assembly resolution A.1192(33)",Vessel,Eastern Pearl,,,,,,,,,,,,,,,,,,,,,,,,,,,,,9285859,,,,,,,
32014R0833,178,EU-RUS,XLII,Transportation restrictions,21.5.2025,"Article 3s(2), point (b): transport crude oil or petroleum products, as listed in Annex XXV, that originate in Russia or are exported from Russia while practicing irregular and high-risk shipping practices as set out in the International Maritime Organisation General Assembly resolution A.1192(33)",Vessel,Starlit,,,,,,,,,,,,,,,,,,,,,,,,,,,,,9257022,,,,,,,
32014R0833,179,EU-RUS,XLII,Transportation restrictions,21.5.2025,"Article 3s(2), point (b): transport crude oil or petroleum products, as listed in Annex XXV, that originate in Russia or are exported from Russia while practicing irregular and high-risk shipping practices as set out in the International Maritime Organisation General Assembly resolution A.1192(33)",Vessel,Benedict,,,Junia,,,,,,,,,,,,,,,,,,,,,,,,,,9293155,,,,,,,
32014R0833,180,EU-RUS,XLII,Transportation restrictions,21.5.2025,"Article 3s(2), point (b): transport crude oil or petroleum products, as listed in Annex XXV, that originate in Russia or are exported from Russia while practicing irregular and high-risk shipping practices as set out in the International Maritime Organisation General Assembly resolution A.1192(33)",Vessel,Dmitry Pokrovsky,,,,,,,,,,,,,,,,,,,,,,,,,,,,,9683726,,,,,,,
32014R0833,181,EU-RUS,XLII,Transportation restrictions,21.5.2025,"Article 3s(2), point (b): transport crude oil or petroleum products, as listed in Annex XXV, that originate in Russia or are exported from Russia while practicing irregular and high-risk shipping practices as set out in the International Maritime Organisation General Assembly resolution A.1192(33)",Vessel,Soul,,,,,,,,,,,,,,,,,,,,,,,,,,,,,9263203,,,,,,,
32014R0833,182,EU-RUS,XLII,Transportation restrictions,21.5.2025,"Article 3s(2), point (b): transport crude oil or petroleum products, as listed in Annex XXV, that originate in Russia or are exported from Russia while practicing irregular and high-risk shipping practices as set out in the International Maritime Organisation General Assembly resolution A.1192(33)",Vessel,Fast Kathy,,,,,,,,,,,,,,,,,,,,,,,,,,,,,9408205,,,,,,,
32014R0833,183,EU-RUS,XLII,Transportation restrictions,21.5.2025,"Article 3s(2), point (b): transport crude oil or petroleum products, as listed in Annex XXV, that originate in Russia or are exported from Russia while practicing irregular and high-risk shipping practices as set out in the International Maritime Organisation General Assembly resolution A.1192(33)",Vessel,Fulger,,,,,,,,,,,,,,,,,,,,,,,,,,,,,9326718,,,,,,,
32014R0833,184,EU-RUS,XLII,Transportation restrictions,21.5.2025,"Article 3s(2), point (b): transport crude oil or petroleum products, as listed in Annex XXV, that originate in Russia or are exported from Russia while practicing irregular and high-risk shipping practices as set out in the International Maritime Organisation General Assembly resolution A.1192(33)",Vessel,Hera,,,,,,,,,,,,,,,,,,,,,,,,,,,,,9326720,,,,,,,
32014R0833,185,EU-RUS,XLII,Transportation restrictions,21.5.2025,"Article 3s(2), point (b): transport crude oil or petroleum products, as listed in Annex XXV, that originate in Russia or are exported from Russia while practicing irregular and high-risk shipping practices as set out in the International Maritime Organisation General Assembly resolution A.1192(33)",Vessel,Maini,,,,,,,,,,,,,,,,,,,,,,,,,,,,,9319870,,,,,,,
32014R0833,186,EU-RUS,XLII,Transportation restrictions,21.5.2025,"Article 3s(2), point (b): transport crude oil or petroleum products, as listed in Annex XXV, that originate in Russia or are exported from Russia while practicing irregular and high-risk shipping practices as set out in the International Maritime Organisation General Assembly resolution A.1192(33)",Vessel,Olympus,,,,,,,,,,,,,,,,,,,,,,,,,,,,,9511387,,,,,,,
32014R0833,187,EU-RUS,XLII,Transportation restrictions,21.5.2025,"Article 3s(2), point (b): transport crude oil or petroleum products, as listed in Annex XXV, that originate in Russia or are exported from Russia while practicing irregular and high-risk shipping practices as set out in the International Maritime Organisation General Assembly resolution A.1192(33)",Vessel,Garasan,,,,,,,,,,,,,,,,,,,,,,,,,,,,,9323986,,,,,,,
32014R0833,188,EU-RUS,XLII,Transportation restrictions,21.5.2025,"Article 3s(2), point (b): transport crude oil or petroleum products, as listed in Annex XXV, that originate in Russia or are exported from Russia while practicing irregular and high-risk shipping practices as set out in the International Maritime Organisation General Assembly resolution A.1192(33)",Vessel,Heng Tai,,,,,,,,,,,,,,,,,,,,,,,,,,,,,9419448,,,,,,,
32014R0833,189,EU-RUS,XLII,Transportation restrictions,21.5.2025,"Article 3s(2), point (b): transport crude oil or petroleum products, as listed in Annex XXV, that originate in Russia or are exported from Russia while practicing irregular and high-risk shipping practices as set out in the International Maritime Organisation General Assembly resolution A.1192(33)",Vessel,Koala,,,,,,,,,,,,,,,,,,,,,,,,,,,,,9234642,,,,,,,
32014R0833,190,EU-RUS,XLII,Transportation restrictions,21.5.2025,"Article 3s(2), point (b): transport crude oil or petroleum products, as listed in Annex XXV, that originate in Russia or are exported from Russia while practicing irregular and high-risk shipping practices as set out in the International Maritime Organisation General Assembly resolution A.1192(33)",Vessel,Koen,,,,,,,,,,,,,,,,,,,,,,,,,,,,,9199127,,,,,,,
32014R0833,191,EU-RUS,XLII,Transportation restrictions,21.5.2025,"Article 3s(2), point (b): transport crude oil or petroleum products, as listed in Annex XXV, that originate in Russia or are exported from Russia while practicing irregular and high-risk shipping practices as set out in the International Maritime Organisation General Assembly resolution A.1192(33)",Vessel,Ma Jin,,,,,,,,,,,,,,,,,,,,,,,,,,,,,9346744,,,,,,,
32014R0833,192,EU-RUS,XLII,Transportation restrictions,21.5.2025,"Article 3s(2), point (b): transport crude oil or petroleum products, as listed in Annex XXV, that originate in Russia or are exported from Russia while practicing irregular and high-risk shipping practices as set out in the International Maritime Organisation General Assembly resolution A.1192(33)",Vessel,Meru,,,,,,,,,,,,,,,,,,,,,,,,,,,,,9187227,,,,,,,
32014R0833,193,EU-RUS,XLII,Transportation restrictions,21.5.2025,"Article 3s(2), point (b): transport crude oil or petroleum products, as listed in Annex XXV, that originate in Russia or are exported from Russia while practicing irregular and high-risk shipping practices as set out in the International Maritime Organisation General Assembly resolution A.1192(33)",Vessel,Min Hang,,,,,,,,,,,,,,,,,,,,,,,,,,,,,9257137,,,,,,,
32014R0833,194,EU-RUS,XLII,Transportation restrictions,21.5.2025,"Article 3s(2), point (b): transport crude oil or petroleum products, as listed in Annex XXV, that originate in Russia or are exported from Russia while practicing irregular and high-risk shipping practices as set out in the International Maritime Organisation General Assembly resolution A.1192(33)",Vessel,Panda,,,,,,,,,,,,,,,,,,,,,,,,,,,,,9284582,,,,,,,
32014R0833,195,EU-RUS,XLII,Transportation restrictions,21.5.2025,"Article 3s(2), point (b): transport crude oil or petroleum products, as listed in Annex XXV, that originate in Russia or are exported from Russia while practicing irregular and high-risk shipping practices as set out in the International Maritime Organisation General Assembly resolution A.1192(33)",Vessel,Rozmarine,,,,,,,,,,,,,,,,,,,,,,,,,,,,,9250531,,,,,,,
32014R0833,196,EU-RUS,XLII,Transportation restrictions,21.5.2025,"Article 3s(2), point (b): transport crude oil or petroleum products, as listed in Annex XXV, that originate in Russia or are exported from Russia while practicing irregular and high-risk shipping practices as set out in the International Maritime Organisation General Assembly resolution A.1192(33)",Vessel,Surya,,,,,,,,,,,,,,,,,,,,,,,,,,,,,9388742,,,,,,,
32014R0833,197,EU-RUS,XLII,Transportation restrictions,21.5.2025,"Article 3s(2), point (b): transport crude oil or petroleum products, as listed in Annex XXV, that originate in Russia or are exported from Russia while practicing irregular and high-risk shipping practices as set out in the International Maritime Organisation General Assembly resolution A.1192(33)",Vessel,Thalia III,,,,,,,,,,,,,,,,,,,,,,,,,,,,,9259197,,,,,,,
32014R0833,198,EU-RUS,XLII,Transportation restrictions,21.5.2025,"Article 3s(2), point (b): transport crude oil or petroleum products, as listed in Annex XXV, that originate in Russia or are exported from Russia while practicing irregular and high-risk shipping practices as set out in the International Maritime Organisation General Assembly resolution A.1192(33)",Vessel,Eagle S,,,,,,,,,,,,,,,,,,,,,,,,,,,,,9329760,,,,,,,
32014R0833,199,EU-RUS,XLII,Transportation restrictions,21.5.2025,"Article 3s(2), point (b): transport crude oil or petroleum products, as listed in Annex XXV, that originate in Russia or are exported from Russia while practicing irregular and high-risk shipping practices as set out in the International Maritime Organisation General Assembly resolution A.1192(33)",Vessel,Lily,,,Daban,,,,,,,,,,,,,,,,,,,,,,,,,,9294331,,,,,,,
32014R0833,200,EU-RUS,XLII,Transportation restrictions,21.5.2025,"Article 3s(2), point (b): transport crude oil or petroleum products, as listed in Annex XXV, that originate in Russia or are exported from Russia while practicing irregular and high-risk shipping practices as set out in the International Maritime Organisation General Assembly resolution A.1192(33)",Vessel,Berra,,,,,,,,,,,,,,,,,,,,,,,,,,,,,9308821,,,,,,,
32014R0833,201,EU-RUS,XLII,Transportation restrictions,21.5.2025,"Article 3s(2), point (b): transport crude oil or petroleum products, as listed in Annex XXV, that originate in Russia or are exported from Russia while practicing irregular and high-risk shipping practices as set out in the International Maritime Organisation General Assembly resolution A.1192(33)",Vessel,Buddha,,,,,,,,,,,,,,,,,,,,,,,,,,,,,9283306,,,,,,,
32014R0833,202,EU-RUS,XLII,Transportation restrictions,21.5.2025,"Article 3s(2), point (b): transport crude oil or petroleum products, as listed in Annex XXV, that originate in Russia or are exported from Russia while practicing irregular and high-risk shipping practices as set out in the International Maritime Organisation General Assembly resolution A.1192(33)",Vessel,Cai Yun,,,,,,,,,,,,,,,,,,,,,,,,,,,,,9437983,,,,,,,
32014R0833,203,EU-RUS,XLII,Transportation restrictions,21.5.2025,"Article 3s(2), point (b): transport crude oil or petroleum products, as listed in Annex XXV, that originate in Russia or are exported from Russia while practicing irregular and high-risk shipping practices as set out in the International Maritime Organisation General Assembly resolution A.1192(33)",Vessel,Centurion,,,,,,,,,,,,,,,,,,,,,,,,,,,,,9380673,,,,,,,
32014R0833,204,EU-RUS,XLII,Transportation restrictions,21.5.2025,"Article 3s(2), point (b): transport crude oil or petroleum products, as listed in Annex XXV, that originate in Russia or are exported from Russia while practicing irregular and high-risk shipping practices as set out in the International Maritime Organisation General Assembly resolution A.1192(33)",Vessel,Huang He,,,,,,,,,,,,,,,,,,,,,,,,,,,,,9306627,,,,,,,
32014R0833,205,EU-RUS,XLII,Transportation restrictions,21.5.2025,"Article 3s(2), point (b): transport crude oil or petroleum products, as listed in Annex XXV, that originate in Russia or are exported from Russia while practicing irregular and high-risk shipping practices as set out in the International Maritime Organisation General Assembly resolution A.1192(33)",Vessel,Lieto,,,,,,,,,,,,,,,,,,,,,,,,,,,,,9389679,,,,,,,
32014R0833,206,EU-RUS,XLII,Transportation restrictions,21.5.2025,"Article 3s(2), point (b): transport crude oil or petroleum products, as listed in Annex XXV, that originate in Russia or are exported from Russia while practicing irregular and high-risk shipping practices as set out in the International Maritime Organisation General Assembly resolution A.1192(33)",Vessel,Manta,,,,,,,,,,,,,,,,,,,,,,,,,,,,,9424651,,,,,,,
32014R0833,207,EU-RUS,XLII,Transportation restrictions,21.5.2025,"Article 3s(2), point (b): transport crude oil or petroleum products, as listed in Annex XXV, that originate in Russia or are exported from Russia while practicing irregular and high-risk shipping practices as set out in the International Maritime Organisation General Assembly resolution A.1192(33)",Vessel,Rangler,,,,,,,,,,,,,,,,,,,,,,,,,,,,,9206671,,,,,,,
32014R0833,208,EU-RUS,XLII,Transportation restrictions,21.5.2025,"Article 3s(2), point (b): transport crude oil or petroleum products, as listed in Annex XXV, that originate in Russia or are exported from Russia while practicing irregular and high-risk shipping practices as set out in the International Maritime Organisation General Assembly resolution A.1192(33)",Vessel,Trend,,,,,,,,,,,,,,,,,,,,,,,,,,,,,9231509,,,,,,,
32014R0833,209,EU-RUS,XLII,Transportation restrictions,21.5.2025,"Article 3s(2), point (b): transport crude oil or petroleum products, as listed in Annex XXV, that originate in Russia or are exported from Russia while practicing irregular and high-risk shipping practices as set out in the International Maritime Organisation General Assembly resolution A.1192(33)",Vessel,Yodan,,,,,,,,,,,,,,,,,,,,,,,,,,,,,9304356,,,,,,,
32014R0833,210,EU-RUS,XLII,Transportation restrictions,21.5.2025,"Article 3s(2), point (b): transport crude oil or petroleum products, as listed in Annex XXV, that originate in Russia or are exported from Russia while practicing irregular and high-risk shipping practices as set out in the International Maritime Organisation General Assembly resolution A.1192(33)",Vessel,Maisha,,,,,,,,,,,,,,,,,,,,,,,,,,,,,9232929,,,,,,,
32014R0833,211,EU-RUS,XLII,Transportation restrictions,21.5.2025,"Article 3s(2), point (b): transport crude oil or petroleum products, as listed in Annex XXV, that originate in Russia or are exported from Russia while practicing irregular and high-risk shipping practices as set out in the International Maritime Organisation General Assembly resolution A.1192(33)",Vessel,Thane,,,,,,,,,,,,,,,,,,,,,,,,,,,,,9237228,,,,,,,
32014R0833,212,EU-RUS,XLII,Transportation restrictions,21.5.2025,"Article 3s(2), point (b): transport crude oil or petroleum products, as listed in Annex XXV, that originate in Russia or are exported from Russia while practicing irregular and high-risk shipping practices as set out in the International Maritime Organisation General Assembly resolution A.1192(33)",Vessel,Fuga Bluemarine,,,,,,,,,,,,,,,,,,,,,,,,,,,,,9235725,,,,,,,
32014R0833,213,EU-RUS,XLII,Transportation restrictions,21.5.2025,"Article 3s(2), point (b): transport crude oil or petroleum products, as listed in Annex XXV, that originate in Russia or are exported from Russia while practicing irregular and high-risk shipping practices as set out in the International Maritime Organisation General Assembly resolution A.1192(33)",Vessel,Invicta,,,,,,,,,,,,,,,,,,,,,,,,,,,,,9250543,,,,,,,
32014R0833,214,EU-RUS,XLII,Transportation restrictions,21.5.2025,"Article 3s(2), point (b): transport crude oil or petroleum products, as listed in Annex XXV, that originate in Russia or are exported from Russia while practicing irregular and high-risk shipping practices as set out in the International Maritime Organisation General Assembly resolution A.1192(33)",Vessel,Lalique,,,,,,,,,,,,,,,,,,,,,,,,,,,,,9247792,,,,,,,
32014R0833,215,EU-RUS,XLII,Transportation restrictions,21.5.2025,"Article 3s(2), point (b): transport crude oil or petroleum products, as listed in Annex XXV, that originate in Russia or are exported from Russia while practicing irregular and high-risk shipping practices as set out in the International Maritime Organisation General Assembly resolution A.1192(33)",Vessel,Argent,,,Jaguar,,,,,,,,,,,,,,,,,,,,,,,,,,9293002,,,,,,,
32014R0833,216,EU-RUS,XLII,Transportation restrictions,21.5.2025,"Article 3s(2), point (b): transport crude oil or petroleum products, as listed in Annex XXV, that originate in Russia or are exported from Russia while practicing irregular and high-risk shipping practices as set out in the International Maritime Organisation General Assembly resolution A.1192(33)",Vessel,Jumbo,,,,,,,,,,,,,,,,,,,,,,,,,,,,,9290335,,,,,,,
32014R0833,217,EU-RUS,XLII,Transportation restrictions,21.5.2025,"Article 3s, paragraph 2(2), point (b): transport crude oil or petroleum products, as listed in Annex XXV, that originate in Russia or are exported from Russia while practicing irregular and high-risk shipping practices as set out in the International Maritime Organisation General Assembly resolution A.1192(33)",Vessel,Hatti,,,,,,,,,,,,,,,,,,,,,,,,,,,,,9247883,,,,,,,
32014R0833,218,EU-RUS,XLII,Transportation restrictions,21.5.2025,"Article 3s(2), point (b): transport crude oil or petroleum products, as listed in Annex XXV, that originate in Russia or are exported from Russia while practicing irregular and high-risk shipping practices as set out in the International Maritime Organisation General Assembly resolution A.1192(33)",Vessel,Quartanus,,,Morpheus,,,,,,,,,,,,,,,,,,,,,,,,,,9247443,,,,,,,
32014R0833,219,EU-RUS,XLII,Transportation restrictions,21.5.2025,"Article 3s(2), point (b): transport crude oil or petroleum products, as listed in Annex XXV, that originate in Russia or are exported from Russia while practicing irregular and high-risk shipping practices as set out in the International Maritime Organisation General Assembly resolution A.1192(33)",Vessel,Saathi,,,Onrim,,,,,,,,,,,,,,,,,,,,,,,,,,9402732,,,,,,,
32014R0833,220,EU-RUS,XLII,Transportation restrictions,21.5.2025,"Article 3s(2), point (b): transport crude oil or petroleum products, as listed in Annex XXV, that originate in Russia or are exported from Russia while practicing irregular and high-risk shipping practices as set out in the International Maritime Organisation General Assembly resolution A.1192(33)",Vessel,Izola,,,,,,,,,,,,,,,,,,,,,,,,,,,,,9249312,,,,,,,
32014R0833,221,EU-RUS,XLII,Transportation restrictions,21.5.2025,"Article 3s(2), point (b): transport crude oil or petroleum products, as listed in Annex XXV, that originate in Russia or are exported from Russia while practicing irregular and high-risk shipping practices as set out in the International Maritime Organisation General Assembly resolution A.1192(33)",Vessel,Daphne I,,,,,,,,,,,,,,,,,,,,,,,,,,,,,9251456,,,,,,,
32014R0833,222,EU-RUS,XLII,Transportation restrictions,21.5.2025,"Article 3s(2), point (b): transport crude oil or petroleum products, as listed in Annex XXV, that originate in Russia or are exported from Russia while practicing irregular and high-risk shipping practices as set out in the International Maritime Organisation General Assembly resolution A.1192(33)",Vessel,Nurkez,,,,,,,,,,,,,,,,,,,,,,,,,,,,,9253325,,,,,,,
32014R0833,223,EU-RUS,XLII,Transportation restrictions,21.5.2025,"Article 3s(2), point (b): transport crude oil or petroleum products, as listed in Annex XXV, that originate in Russia or are exported from Russia while practicing irregular and high-risk shipping practices as set out in the International Maritime Organisation General Assembly resolution A.1192(33)",Vessel,Carcharodon,,,,,,,,,,,,,,,,,,,,,,,,,,,,,9258882,,,,,,,
32014R0833,224,EU-RUS,XLII,Transportation restrictions,21.5.2025,"Article 3s(2), point (b): transport crude oil or petroleum products, as listed in Annex XXV, that originate in Russia or are exported from Russia while practicing irregular and high-risk shipping practices as set out in the International Maritime Organisation General Assembly resolution A.1192(33)",Vessel,Sezar,,,,,,,,,,,,,,,,,,,,,,,,,,,,,9259991,,,,,,,
32014R0833,225,EU-RUS,XLII,Transportation restrictions,21.5.2025,"Article 3s(2), point (b): transport crude oil or petroleum products, as listed in Annex XXV, that originate in Russia or are exported from Russia while practicing irregular and high-risk shipping practices as set out in the International Maritime Organisation General Assembly resolution A.1192(33)",Vessel,Frunze,,,,,,,,,,,,,,,,,,,,,,,,,,,,,9263643,,,,,,,
32014R0833,226,EU-RUS,XLII,Transportation restrictions,21.5.2025,"Article 3s(2), point (b): transport crude oil or petroleum products, as listed in Annex XXV, that originate in Russia or are exported from Russia while practicing irregular and high-risk shipping practices as set out in the International Maritime Organisation General Assembly resolution A.1192(33)",Vessel,Fotuo,,,,,,,,,,,,,,,,,,,,,,,,,,,,,9293959,,,,,,,
32014R0833,227,EU-RUS,XLII,Transportation restrictions,21.5.2025,"Article 3s(2), point (b): transport crude oil or petroleum products, as listed in Annex XXV, that originate in Russia or are exported from Russia while practicing irregular and high-risk shipping practices as set out in the International Maritime Organisation General Assembly resolution A.1192(33)",Vessel,Ji Shun,,,,,,,,,,,,,,,,,,,,,,,,,,,,,9384447,,,,,,,
32014R0833,228,EU-RUS,XLII,Transportation restrictions,21.5.2025,"Article 3s(2), point (b): transport crude oil or petroleum products, as listed in Annex XXV, that originate in Russia or are exported from Russia while practicing irregular and high-risk shipping practices as set out in the International Maritime Organisation General Assembly resolution A.1192(33)",Vessel,Spring Fortune,,,,,,,,,,,,,,,,,,,,,,,,,,,,,9386536,,,,,,,
32014R0833,229,EU-RUS,XLII,Transportation restrictions,21.5.2025,"Article 3s(2), point (b): transport crude oil or petroleum products, as listed in Annex XXV, that originate in Russia or are exported from Russia while practicing irregular and high-risk shipping practices as set out in the International Maritime Organisation General Assembly resolution A.1192(33)",Vessel,Ariadne,,,,,,,,,,,,,,,,,,,,,,,,,,,,,9397547,,,,,,,
32014R0833,230,EU-RUS,XLII,Transportation restrictions,21.5.2025,"Article 3s(2), point (b): transport crude oil or petroleum products, as listed in Annex XXV, that originate in Russia or are exported from Russia while practicing irregular and high-risk shipping practices as set out in the International Maritime Organisation General Assembly resolution A.1192(33)",Vessel,Katiuska,,,,,,,,,,,,,,,,,,,,,,,,,,,,,9236004,,,,,,,
32014R0833,231,EU-RUS,XLII,Transportation restrictions,21.5.2025,"Article 3s(2), point (b): transport crude oil or petroleum products, as listed in Annex XXV, that originate in Russia or are exported from Russia while practicing irregular and high-risk shipping practices as set out in the International Maritime Organisation General Assembly resolution A.1192(33)",Vessel,Neon,,,,,,,,,,,,,,,,,,,,,,,,,,,,,9183295,,,,,,,
32014R0833,232,EU-RUS,XLII,Transportation restrictions,21.5.2025,"Article 3s(2), point (b): transport crude oil or petroleum products, as listed in Annex XXV, that originate in Russia or are exported from Russia while practicing irregular and high-risk shipping practices as set out in the International Maritime Organisation General Assembly resolution A.1192(33)",Vessel,Arabesca,,,,,,,,,,,,,,,,,,,,,,,,,,,,,9288734,,,,,,,
32014R0833,233,EU-RUS,XLII,Transportation restrictions,21.5.2025,"Article 3s(2), point (b): transport crude oil or petroleum products, as listed in Annex XXV, that originate in Russia or are exported from Russia while practicing irregular and high-risk shipping practices as set out in the International Maritime Organisation General Assembly resolution A.1192(33)",Vessel,Ector,,,,,,,,,,,,,,,,,,,,,,,,,,,,,9288863,,,,,,,
32014R0833,234,EU-RUS,XLII,Transportation restrictions,21.5.2025,"Article 3s(2), point (b): transport crude oil or petroleum products, as listed in Annex XXV, that originate in Russia or are exported from Russia while practicing irregular and high-risk shipping practices as set out in the International Maritime Organisation General Assembly resolution A.1192(33)",Vessel,Bolognia Falcon,,,,,,,,,,,,,,,,,,,,,,,,,,,,,9255244,,,,,,,
32014R0833,235,EU-RUS,XLII,Transportation restrictions,21.5.2025,"Article 3s(2), point (b): transport crude oil or petroleum products, as listed in Annex XXV, that originate in Russia or are exported from Russia while practicing irregular and high-risk shipping practices as set out in the International Maritime Organisation General Assembly resolution A.1192(33)",Vessel,Deyna,,,,,,,,,,,,,,,,,,,,,,,,,,,,,9299903,,,,,,,
32014R0833,236,EU-RUS,XLII,Transportation restrictions,21.5.2025,"Article 3s(2), point (b): transport crude oil or petroleum products, as listed in Annex XXV, that originate in Russia or are exported from Russia while practicing irregular and high-risk shipping practices as set out in the International Maritime Organisation General Assembly resolution A.1192(33)",Vessel,Agni,,,,,,,,,,,,,,,,,,,,,,,,,,,,,9337389,,,,,,,
32014R0833,237,EU-RUS,XLII,Transportation restrictions,21.5.2025,"Article 3s(2), point (b): transport crude oil or petroleum products, as listed in Annex XXV, that originate in Russia or are exported from Russia while practicing irregular and high-risk shipping practices as set out in the International Maritime Organisation General Assembly resolution A.1192(33)",Vessel,Almond,,,,,,,,,,,,,,,,,,,,,,,,,,,,,9385142,,,,,,,
32014R0833,238,EU-RUS,XLII,Transportation restrictions,21.5.2025,"Article 3s(2), point (b): transport crude oil or petroleum products, as listed in Annex XXV, that originate in Russia or are exported from Russia while practicing irregular and high-risk shipping practices as set out in the International Maritime Organisation General Assembly resolution A.1192(33)",Vessel,Freda,,,,,,,,,,,,,,,,,,,,,,,,,,,,,9402469,,,,,,,
32014R0833,239,EU-RUS,XLII,Transportation restrictions,21.5.2025,"Article 3s(2), point (b): transport crude oil or petroleum products, as listed in Annex XXV, that originate in Russia or are exported from Russia while practicing irregular and high-risk shipping practices as set out in the International Maritime Organisation General Assembly resolution A.1192(33)",Vessel,Triumph,,,,,,,,,,,,,,,,,,,,,,,,,,,,,9344033,,,,,,,
32014R0833,240,EU-RUS,XLII,Transportation restrictions,21.5.2025,"Article 3s(2), point (b): transport crude oil or petroleum products, as listed in Annex XXV, that originate in Russia or are exported from Russia while practicing irregular and high-risk shipping practices as set out in the International Maritime Organisation General Assembly resolution A.1192(33)",Vessel,Turaco,,,,,,,,,,,,,,,,,,,,,,,,,,,,,9247780,,,,,,,
32014R0833,241,EU-RUS,XLII,Transportation restrictions,21.5.2025,"Article 3s(2), point (b): transport crude oil or petroleum products, as listed in Annex XXV, that originate in Russia or are exported from Russia while practicing irregular and high-risk shipping practices as set out in the International Maritime Organisation General Assembly resolution A.1192(33)",Vessel,Universal,,,,,,,,,,,,,,,,,,,,,,,,,,,,,9384306,,,,,,,
32014R0833,242,EU-RUS,XLII,Transportation restrictions,21.5.2025,"Article 3s(2), point (b): transport crude oil or petroleum products, as listed in Annex XXV, that originate in Russia or are exported from Russia while practicing irregular and high-risk shipping practices as set out in the International Maritime Organisation General Assembly resolution A.1192(33)",Vessel,Afkada,,,,,,,,,,,,,,,,,,,,,,,,,,,,,9311531,,,,,,,
32014R0833,243,EU-RUS,XLII,Transportation restrictions,21.5.2025,"Article 3s(2), point (b): transport crude oil or petroleum products, as listed in Annex XXV, that originate in Russia or are exported from Russia while practicing irregular and high-risk shipping practices as set out in the International Maritime Organisation General Assembly resolution A.1192(33)",Vessel,Reus,,,,,,,,,,,,,,,,,,,,,,,,,,,,,9253076,,,,,,,
32014R0833,244,EU-RUS,XLII,Transportation restrictions,21.5.2025,"Article 3s(2), point (b): transport crude oil or petroleum products, as listed in Annex XXV, that originate in Russia or are exported from Russia while practicing irregular and high-risk shipping practices as set out in the International Maritime Organisation General Assembly resolution A.1192(33)",Vessel,Zevs,,,,,,,,,,,,,,,,,,,,,,,,,,,,,9168946,,,,,,,
32014R0833,245,EU-RUS,XLII,Transportation restrictions,21.5.2025,"Article 3s(2), point (b): transport crude oil or petroleum products, as listed in Annex XXV, that originate in Russia or are exported from Russia while practicing irregular and high-risk shipping practices as set out in the International Maritime Organisation General Assembly resolution A.1192(33)",Vessel,Stellar Beverly,,,,,,,,,,,,,,,,,,,,,,,,,,,,,9208069,,,,,,,
32014R0833,246,EU-RUS,XLII,Transportation restrictions,21.5.2025,"Article 3s(2), point (b): transport crude oil or petroleum products, as listed in Annex XXV, that originate in Russia or are exported from Russia while practicing irregular and high-risk shipping practices as set out in the International Maritime Organisation General Assembly resolution A.1192(33)",Vessel,Enigma,,,,,,,,,,,,,,,,,,,,,,,,,,,,,9333412,,,,,,,
32014R0833,247,EU-RUS,XLII,Transportation restrictions,21.5.2025,"Article 3s(2), point (b): transport crude oil or petroleum products, as listed in Annex XXV, that originate in Russia or are exported from Russia while practicing irregular and high-risk shipping practices as set out in the International Maritime Organisation General Assembly resolution A.1192(33)",Vessel,Silvera,,,,,,,,,,,,,,,,,,,,,,,,,,,,,9248849,,,,,,,
32014R0833,248,EU-RUS,XLII,Transportation restrictions,21.5.2025,"Article 3s(2), point (b): transport crude oil or petroleum products, as listed in Annex XXV, that originate in Russia or are exported from Russia while practicing irregular and high-risk shipping practices as set out in the International Maritime Organisation General Assembly resolution A.1192(33)",Vessel,New Power,,,,,,,,,,,,,,,,,,,,,,,,,,,,,9266853,,,,,,,
32014R0833,249,EU-RUS,XLII,Transportation restrictions,21.5.2025,"Article 3s(2), point (b): transport crude oil or petroleum products, as listed in Annex XXV, that originate in Russia or are exported from Russia while practicing irregular and high-risk shipping practices as set out in the International Maritime Organisation General Assembly resolution A.1192(33)",Vessel,Arlan,,,,,,,,,,,,,,,,,,,,,,,,,,,,,9227443,,,,,,,
32014R0833,250,EU-RUS,XLII,Transportation restrictions,21.5.2025,"Article 3s(2), point (b): transport crude oil or petroleum products, as listed in Annex XXV, that originate in Russia or are exported from Russia while practicing irregular and high-risk shipping practices as set out in the International Maritime Organisation General Assembly resolution A.1192(33)",Vessel,Clyde Noble,,,,,,,,,,,,,,,,,,,,,,,,,,,,,9282792,,,,,,,
32014R0833,251,EU-RUS,XLII,Transportation restrictions,21.5.2025,"Article 3s(2), point (b): transport crude oil or petroleum products, as listed in Annex XXV, that originate in Russia or are exported from Russia while practicing irregular and high-risk shipping practices as set out in the International Maritime Organisation General Assembly resolution A.1192(33)",Vessel,Thya,,,,,,,,,,,,,,,,,,,,,,,,,,,,,9283289,,,,,,,
32014R0833,252,EU-RUS,XLII,Transportation restrictions,21.5.2025,"Article 3s(2), point (b): transport crude oil or petroleum products, as listed in Annex XXV, that originate in Russia or are exported from Russia while practicing irregular and high-risk shipping practices as set out in the International Maritime Organisation General Assembly resolution A.1192(33)",Vessel,Bonifacy,,,,,,,,,,,,,,,,,,,,,,,,,,,,,9284726,,,,,,,
32014R0833,253,EU-RUS,XLII,Transportation restrictions,21.5.2025,"Article 3s(2), point (b): transport crude oil or petroleum products, as listed in Annex XXV, that originate in Russia or are exported from Russia while practicing irregular and high-risk shipping practices as set out in the International Maritime Organisation General Assembly resolution A.1192(33)",Vessel,Vayu 1,,,,,,,,,,,,,,,,,,,,,,,,,,,,,9290517,,,,,,,
32014R0833,254,EU-RUS,XLII,Transportation restrictions,21.5.2025,"Article 3s(2), point (b): transport crude oil or petroleum products, as listed in Annex XXV, that originate in Russia or are exported from Russia while practicing irregular and high-risk shipping practices as set out in the International Maritime Organisation General Assembly resolution A.1192(33)",Vessel,Beast,,,,,,,,,,,,,,,,,,,,,,,,,,,,,9290921,,,,,,,
32014R0833,255,EU-RUS,XLII,Transportation restrictions,21.5.2025,"Article 3s(2), point (b): transport crude oil or petroleum products, as listed in Annex XXV, that originate in Russia or are exported from Russia while practicing irregular and high-risk shipping practices as set out in the International Maritime Organisation General Assembly resolution A.1192(33)",Vessel,Team,,,,,,,,,,,,,,,,,,,,,,,,,,,,,9292589,,,,,,,
32014R0833,256,EU-RUS,XLII,Transportation restrictions,21.5.2025,"Article 3s(2), point (b): transport crude oil or petroleum products, as listed in Annex XXV, that originate in Russia or are exported from Russia while practicing irregular and high-risk shipping practices as set out in the International Maritime Organisation General Assembly resolution A.1192(33)",Vessel,Rigel,,,,,,,,,,,,,,,,,,,,,,,,,,,,,9296406,,,,,,,
32014R0833,257,EU-RUS,XLII,Transportation restrictions,21.5.2025,"Article 3s(2), point (b): transport crude oil or petroleum products, as listed in Annex XXV, that originate in Russia or are exported from Russia while practicing irregular and high-risk shipping practices as set out in the International Maritime Organisation General Assembly resolution A.1192(33)",Vessel,Cangjie,,,,,,,,,,,,,,,,,,,,,,,,,,,,,9299680,,,,,,,
32014R0833,258,EU-RUS,XLII,Transportation restrictions,21.5.2025,"Article 3s(2), point (b): transport crude oil or petroleum products, as listed in Annex XXV, that originate in Russia or are exported from Russia while practicing irregular and high-risk shipping practices as set out in the International Maritime Organisation General Assembly resolution A.1192(33)",Vessel,Tendua,,,,,,,,,,,,,,,,,,,,,,,,,,,,,9299862,,,,,,,
32014R0833,259,EU-RUS,XLII,Transportation restrictions,21.5.2025,"Article 3s(2), point (b): transport crude oil or petroleum products, as listed in Annex XXV, that originate in Russia or are exported from Russia while practicing irregular and high-risk shipping practices as set out in the International Maritime Organisation General Assembly resolution A.1192(33)",Vessel,Ina,,,,,,,,,,,,,,,,,,,,,,,,,,,,,9308443,,,,,,,
32014R0833,261,EU-RUS,XLII,Transportation restrictions,21.5.2025,"Article 3s(2), point (b): transport crude oil or petroleum products, as listed in Annex XXV, that originate in Russia or are exported from Russia while practicing irregular and high-risk shipping practices as set out in the International Maritime Organisation General Assembly resolution A.1192(33)",Vessel,Next,,,,,,,,,,,,,,,,,,,,,,,,,,,,,9286023,,,,,,,
32014R0833,262,EU-RUS,XLII,Transportation restrictions,21.5.2025,"Article 3s(2), point (b): transport crude oil or petroleum products, as listed in Annex XXV, that originate in Russia or are exported from Russia while practicing irregular and high-risk shipping practices as set out in the International Maritime Organisation General Assembly resolution A.1192(33)",Vessel,Vault,,,,,,,,,,,,,,,,,,,,,,,,,,,,,9310707,,,,,,,
32014R0833,263,EU-RUS,XLII,Transportation restrictions,21.5.2025,"Article 3s(2), point (b): transport crude oil or petroleum products, as listed in Annex XXV, that originate in Russia or are exported from Russia while practicing irregular and high-risk shipping practices as set out in the International Maritime Organisation General Assembly resolution A.1192(33)",Vessel,Long Bai,,,,,,,,,,,,,,,,,,,,,,,,,,,,,9388754,,,,,,,
32014R0833,264,EU-RUS,XLII,Transportation restrictions,21.5.2025,"Article 3s(2), point (b): transport crude oil or petroleum products, as listed in Annex XXV, that originate in Russia or are exported from Russia while practicing irregular and high-risk shipping practices as set out in the International Maritime Organisation General Assembly resolution A.1192(33)",Vessel,Niblo,,,,,,,,,,,,,,,,,,,,,,,,,,,,,9332028,,,,,,,
32014R0833,265,EU-RUS,XLII,Transportation restrictions,21.5.2025,"Article 3s(2), point (b): transport crude oil or petroleum products, as listed in Annex XXV, that originate in Russia or are exported from Russia while practicing irregular and high-risk shipping practices as set out in the International Maritime Organisation General Assembly resolution A.1192(33)",Vessel,Okean,,,,,,,,,,,,,,,,,,,,,,,,,,,,,9142916,,,,,,,
32014R0833,266,EU-RUS,XLII,Transportation restrictions,21.5.2025,"Article 3s(2), point (b): transport crude oil or petroleum products, as listed in Annex XXV, that originate in Russia or are exported from Russia while practicing irregular and high-risk shipping practices as set out in the International Maritime Organisation General Assembly resolution A.1192(33)",Vessel,Ostrov Russkiy,,,,,,,,,,,,,,,,,,,,,,,,,,,,,9087714,,,,,,,
32014R0833,267,EU-RUS,XLII,Transportation restrictions,21.5.2025,"Article 3s(2), point (b): transport crude oil or petroleum products, as listed in Annex XXV, that originate in Russia or are exported from Russia while practicing irregular and high-risk shipping practices as set out in the International Maritime Organisation General Assembly resolution A.1192(33)",Vessel,Sagar Violet,,,,,,,,,,,,,,,,,,,,,,,,,,,,,9292981,,,,,,,
32014R0833,268,EU-RUS,XLII,Transportation restrictions,21.5.2025,"Article 3s(2), point (b): transport crude oil or petroleum products, as listed in Annex XXV, that originate in Russia or are exported from Russia while practicing irregular and high-risk shipping practices as set out in the International Maritime Organisation General Assembly resolution A.1192(33)",Vessel,Eternal Peace,,,,,,,,,,,,,,,,,,,,,,,,,,,,,9259745,,,,,,,
32014R0833,269,EU-RUS,XLII,Transportation restrictions,21.5.2025,"Article 3s(2), point (b): transport crude oil or petroleum products, as listed in Annex XXV, that originate in Russia or are exported from Russia while practicing irregular and high-risk shipping practices as set out in the International Maritime Organisation General Assembly resolution A.1192(33)",Vessel,Lahar,,,,,,,,,,,,,,,,,,,,,,,,,,,,,9321691,,,,,,,
32014R0833,270,EU-RUS,XLII,Transportation restrictions,21.5.2025,"Article 3s(2), point (b): transport crude oil or petroleum products, as listed in Annex XXV, that originate in Russia or are exported from Russia while practicing irregular and high-risk shipping practices as set out in the International Maritime Organisation General Assembly resolution A.1192(33)",Vessel,Malak,,,Ping An,,,,,,,,,,,,,,,,,,,,,,,,,,9378632,,,,,,,
32014R0833,271,EU-RUS,XLII,Transportation restrictions,21.5.2025,"Article 3s(2), point (b): transport crude oil or petroleum products, as listed in Annex XXV, that originate in Russia or are exported from Russia while practicing irregular and high-risk shipping practices as set out in the International Maritime Organisation General Assembly resolution A.1192(33)",Vessel,Sun,,,,,,,,,,,,,,,,,,,,,,,,,,,,,9293117,,,,,,,
32014R0833,272,EU-RUS,XLII,Transportation restrictions,21.5.2025,"Article 3s(2), point (b): transport crude oil or petroleum products, as listed in Annex XXV, that originate in Russia or are exported from Russia while practicing irregular and high-risk shipping practices as set out in the International Maritime Organisation General Assembly resolution A.1192(33)",Vessel,Tai Shan,,,,,,,,,,,,,,,,,,,,,,,,,,,,,9405057,,,,,,,
32014R0833,273,EU-RUS,XLII,Transportation restrictions,21.5.2025,"Article 3s(2), point (b): transport crude oil or petroleum products, as listed in Annex XXV, that originate in Russia or are exported from Russia while practicing irregular and high-risk shipping practices as set out in the International Maritime Organisation General Assembly resolution A.1192(33)",Vessel,Caruzo,,,,,,,,,,,,,,,,,,,,,,,,,,,,,9137648,,,,,,,
32014R0833,274,EU-RUS,XLII,Transportation restrictions,21.5.2025,"Article 3s(2), point (b): transport crude oil or petroleum products, as listed in Annex XXV, that originate in Russia or are exported from Russia while practicing irregular and high-risk shipping practices as set out in the International Maritime Organisation General Assembly resolution A.1192(33)",Vessel,Fu Hai Wan,,,,,,,,,,,,,,,,,,,,,,,,,,,,,9368235,,,,,,,
32014R0833,275,EU-RUS,XLII,Transportation restrictions,21.5.2025,"Article 3s(2), point (b): transport crude oil or petroleum products, as listed in Annex XXV, that originate in Russia or are exported from Russia while practicing irregular and high-risk shipping practices as set out in the International Maritime Organisation General Assembly resolution A.1192(33)",Vessel,Hannah,,,,,,,,,,,,,,,,,,,,,,,,,,,,,9261619,,,,,,,
32014R0833,276,EU-RUS,XLII,Transportation restrictions,21.5.2025,"Article 3s(2), point (b): transport crude oil or petroleum products, as listed in Annex XXV, that originate in Russia or are exported from Russia while practicing irregular and high-risk shipping practices as set out in the International Maritime Organisation General Assembly resolution A.1192(33)",Vessel,Missoni,,,,,,,,,,,,,,,,,,,,,,,,,,,,,9296810,,,,,,,
32014R0833,277,EU-RUS,XLII,Transportation restrictions,21.5.2025,"Article 3s(2), point (b): transport crude oil or petroleum products, as listed in Annex XXV, that originate in Russia or are exported from Russia while practicing irregular and high-risk shipping practices as set out in the International Maritime Organisation General Assembly resolution A.1192(33)",Vessel,Odune,,,,,,,,,,,,,,,,,,,,,,,,,,,,,9229374,,,,,,,
32014R0833,278,EU-RUS,XLII,Transportation restrictions,21.5.2025,"Article 3s(2), point (b): transport crude oil or petroleum products, as listed in Annex XXV, that originate in Russia or are exported from Russia while practicing irregular and high-risk shipping practices as set out in the International Maritime Organisation General Assembly resolution A.1192(33)",Vessel,Pacific 01,,,,,,,,,,,,,,,,,,,,,,,,,,,,,9395379,,,,,,,
32014R0833,279,EU-RUS,XLII,Transportation restrictions,21.5.2025,"Article 3s(2), point (b): transport crude oil or petroleum products, as listed in Annex XXV, that originate in Russia or are exported from Russia while practicing irregular and high-risk shipping practices as set out in the International Maritime Organisation General Assembly resolution A.1192(33)",Vessel,Raven,,,,,,,,,,,,,,,,,,,,,,,,,,,,,9205067,,,,,,,
32014R0833,280,EU-RUS,XLII,Transportation restrictions,21.5.2025,"Article 3s(2), point (b): transport crude oil or petroleum products, as listed in Annex XXV, that originate in Russia or are exported from Russia while practicing irregular and high-risk shipping practices as set out in the International Maritime Organisation General Assembly resolution A.1192(33)",Vessel,Sagitta,,,,,,,,,,,,,,,,,,,,,,,,,,,,,9296822,,,,,,,
32014R0833,281,EU-RUS,XLII,Transportation restrictions,21.5.2025,"Article 3s(2), point (b): transport crude oil or petroleum products, as listed in Annex XXV, that originate in Russia or are exported from Russia while practicing irregular and high-risk shipping practices as set out in the International Maritime Organisation General Assembly resolution A.1192(33)",Vessel,Thorin,,,,,,,,,,,,,,,,,,,,,,,,,,,,,9330472,,,,,,,
32014R0833,282,EU-RUS,XLII,Transportation restrictions,21.5.2025,"Article 3s(2), point (b): transport crude oil or petroleum products, as listed in Annex XXV, that originate in Russia or are exported from Russia while practicing irregular and high-risk shipping practices as set out in the International Maritime Organisation General Assembly resolution A.1192(33)",Vessel,Torex,,,,,,,,,,,,,,,,,,,,,,,,,,,,,9257814,,,,,,,
32014R0833,283,EU-RUS,XLII,Transportation restrictions,21.5.2025,"Article 3s(2), point (b): transport crude oil or petroleum products, as listed in Annex XXV, that originate in Russia or are exported from Russia while practicing irregular and high-risk shipping practices as set out in the International Maritime Organisation General Assembly resolution A.1192(33)",Vessel,Velmar,,,Venture,,,,,,,,,,,,,,,,,,,,,,,,,,9832547,,,,,,,
32014R0833,284,EU-RUS,XLII,Transportation restrictions,21.5.2025,"Article 3s(2), point (b): transport crude oil or petroleum products, as listed in Annex XXV, that originate in Russia or are exported from Russia while practicing irregular and high-risk shipping practices as set out in the International Maritime Organisation General Assembly resolution A.1192(33)",Vessel,View,,,Cup,,,,,,,,,,,,,,,,,,,,,,,,,,9271327,,,,,,,
32014R0833,285,EU-RUS,XLII,Transportation restrictions,21.5.2025,"Article 3s(2), point (b): transport crude oil or petroleum products, as listed in Annex XXV, that originate in Russia or are exported from Russia while practicing irregular and high-risk shipping practices as set out in the International Maritime Organisation General Assembly resolution A.1192(33)",Vessel,Leopard,,,,,,,,,,,,,,,,,,,,,,,,,,,,,9284594,,,,,,,
32014R0833,286,EU-RUS,XLII,Transportation restrictions,21.5.2025,"Article 3s(2), point (b): transport crude oil or petroleum products, as listed in Annex XXV, that originate in Russia or are exported from Russia while practicing irregular and high-risk shipping practices as set out in the International Maritime Organisation General Assembly resolution A.1192(33)",Vessel,Samsun,,,,,,,,,,,,,,,,,,,,,,,,,,,,,9436006,,,,,,,
32014R0833,287,EU-RUS,XLII,Transportation restrictions,21.5.2025,"Article 3s(2), point (b): transport crude oil or petroleum products, as listed in Annex XXV, that originate in Russia or are exported from Russia while practicing irregular and high-risk shipping practices as set out in the International Maritime Organisation General Assembly resolution A.1192(33)",Vessel,Spring,,,,,,,,,,,,,,,,,,,,,,,,,,,,,9315446,,,,,,,
32014R0833,288,EU-RUS,XLII,Transportation restrictions,21.5.2025,"Article 3s(2), point (b): transport crude oil or petroleum products, as listed in Annex XXV, that originate in Russia or are exported from Russia while practicing irregular and high-risk shipping practices as set out in the International Maritime Organisation General Assembly resolution A.1192(33)",Vessel,Makalu,,,,,,,,,,,,,,,,,,,,,,,,,,,,,9314105,,,,,,,
32014R0833,289,EU-RUS,XLII,Transportation restrictions,21.5.2025,"Article 3s(2), point (b): transport crude oil or petroleum products, as listed in Annex XXV, that originate in Russia or are exported from Russia while practicing irregular and high-risk shipping practices as set out in the International Maritime Organisation General Assembly resolution A.1192(33)",Vessel,Vostochny Prospect,,,,,,,,,,,,,,,,,,,,,,,,,,,,,9866392,,,,,,,
32014R0833,290,EU-RUS,XLII,Transportation restrictions,21.5.2025,"Article 3s(2), point (b): transport crude oil or petroleum products, as listed in Annex XXV, that originate in Russia or are exported from Russia while practicing irregular and high-risk shipping practices as set out in the International Maritime Organisation General Assembly resolution A.1192(33)",Vessel,Akademik Gubkin,,,,,,,,,,,,,,,,,,,,,,,,,,,,,9842190,,,,,,,
32014R0833,291,EU-RUS,XLII,Transportation restrictions,21.5.2025,"Article 3s(2), point (b): transport crude oil or petroleum products, as listed in Annex XXV, that originate in Russia or are exported from Russia while practicing irregular and high-risk shipping practices as set out in the International Maritime Organisation General Assembly resolution A.1192(33)",Vessel,Vladimir Monomakh,,,,,,,,,,,,,,,,,,,,,,,,,,,,,9842176,,,,,,,
32014R0833,292,EU-RUS,XLII,Transportation restrictions,21.5.2025,"Article 3s(2), point (b): transport crude oil or petroleum products, as listed in Annex XXV, that originate in Russia or are exported from Russia while practicing irregular and high-risk shipping practices as set out in the International Maritime Organisation General Assembly resolution A.1192(33)",Vessel,Night Glory,,,,,,,,,,,,,,,,,,,,,,,,,,,,,9319674,,,,,,,
32014R0833,293,EU-RUS,XLII,Transportation restrictions,21.5.2025,"Article 3s(2), point (b): transport crude oil or petroleum products, as listed in Annex XXV, that originate in Russia or are exported from Russia while practicing irregular and high-risk shipping practices as set out in the International Maritime Organisation General Assembly resolution A.1192(33)",Vessel,Sakina,,,,,,,,,,,,,,,,,,,,,,,,,,,,,9530917,,,,,,,
32014R0833,294,EU-RUS,XLII,Transportation restrictions,21.5.2025,"Article 3s(2), point (b): transport crude oil or petroleum products, as listed in Annex XXV, that originate in Russia or are exported from Russia while practicing irregular and high-risk shipping practices as set out in the International Maritime Organisation General Assembly resolution A.1192(33)",Vessel,Destamar,,,,,,,,,,,,,,,,,,,,,,,,,,,,,9253894,,,,,,,
32014R0833,295,EU-RUS,XLII,Transportation restrictions,21.5.2025,"Article 3s(2), point (b): transport crude oil or petroleum products, as listed in Annex XXV, that originate in Russia or are exported from Russia while practicing irregular and high-risk shipping practices as set out in the International Maritime Organisation General Assembly resolution A.1192(33)",Vessel,Vanguard,,,,,,,,,,,,,,,,,,,,,,,,,,,,,9311622,,,,,,,
32014R0833,296,EU-RUS,XLII,Transportation restrictions,21.5.2025,"Article 3s(2), point (b): transport crude oil or petroleum products, as listed in Annex XXV, that originate in Russia or are exported from Russia while practicing irregular and high-risk shipping practices as set out in the International Maritime Organisation General Assembly resolution A.1192(33)",Vessel,Huihai Atlantic,,,,,,,,,,,,,,,,,,,,,,,,,,,,,9312872,,,,,,,
32014R0833,297,EU-RUS,XLII,Transportation restrictions,21.5.2025,"Article 3s(2), point (b): transport crude oil or petroleum products, as listed in Annex XXV, that originate in Russia or are exported from Russia while practicing irregular and high-risk shipping practices as set out in the International Maritime Organisation General Assembly resolution A.1192(33)",Vessel,Zaliv Baikal,,,,,,,,,,,,,,,,,,,,,,,,,,,,,9360128,,,,,,,
32014R0833,298,EU-RUS,XLII,Transportation restrictions,21.5.2025,"Article 3s(2), point (b): transport crude oil or petroleum products, as listed in Annex XXV, that originate in Russia or are exported from Russia while practicing irregular and high-risk shipping practices as set out in the International Maritime Organisation General Assembly resolution A.1192(33)",Vessel,Sakarya,,,,,,,,,,,,,,,,,,,,,,,,,,,,,9524463,,,,,,,
32014R0833,299,EU-RUS,XLII,Transportation restrictions,21.5.2025,"Article 3s(2), point (b): transport crude oil or petroleum products, as listed in Annex XXV, that originate in Russia or are exported from Russia while practicing irregular and high-risk shipping practices as set out in the International Maritime Organisation General Assembly resolution A.1192(33)",Vessel,Cheetah II,,,,,,,,,,,,,,,,,,,,,,,,,,,,,9222560,,,,,,,
32014R0833,300,EU-RUS,XLII,Transportation restrictions,21.5.2025,"Article 3s(2), point (b): transport crude oil or petroleum products, as listed in Annex XXV, that originate in Russia or are exported from Russia while practicing irregular and high-risk shipping practices as set out in the International Maritime Organisation General Assembly resolution A.1192(33)",Vessel,Cindy,,,,,,,,,,,,,,,,,,,,,,,,,,,,,9270517,,,,,,,
32014R0833,301,EU-RUS,XLII,Transportation restrictions,21.5.2025,"Article 3s(2), point (b): transport crude oil or petroleum products, as listed in Annex XXV, that originate in Russia or are exported from Russia while practicing irregular and high-risk shipping practices as set out in the International Maritime Organisation General Assembly resolution A.1192(33)",Vessel,Ganga,,,,,,,,,,,,,,,,,,,,,,,,,,,,,9378620,,,,,,,
32014R0833,302,EU-RUS,XLII,Transportation restrictions,21.5.2025,"Article 3s(2), point (b): transport crude oil or petroleum products, as listed in Annex XXV, that originate in Russia or are exported from Russia while practicing irregular and high-risk shipping practices as set out in the International Maritime Organisation General Assembly resolution A.1192(33)",Vessel,Indras,,,,,,,,,,,,,,,,,,,,,,,,,,,,,9314894,,,,,,,
32014R0833,303,EU-RUS,XLII,Transportation restrictions,21.5.2025,"Article 3s(2), point (b): transport crude oil or petroleum products, as listed in Annex XXV, that originate in Russia or are exported from Russia while practicing irregular and high-risk shipping practices as set out in the International Maritime Organisation General Assembly resolution A.1192(33)",Vessel,Kolomna,,,,,,,,,,,,,,,,,,,,,,,,,,,,,9341093,,,,,,,
32014R0833,304,EU-RUS,XLII,Transportation restrictions,21.5.2025,"Article 3s(2), point (b): transport crude oil or petroleum products, as listed in Annex XXV, that originate in Russia or are exported from Russia while practicing irregular and high-risk shipping practices as set out in the International Maritime Organisation General Assembly resolution A.1192(33)",Vessel,Ocean Jupiter,,,,,,,,,,,,,,,,,,,,,,,,,,,,,9308170,,,,,,,
32014R0833,305,EU-RUS,XLII,Transportation restrictions,21.5.2025,"Article 3s(2), point (b): transport crude oil or petroleum products, as listed in Annex XXV, that originate in Russia or are exported from Russia while practicing irregular and high-risk shipping practices as set out in the International Maritime Organisation General Assembly resolution A.1192(33)",Vessel,Ocean Autumn,,,,,,,,,,,,,,,,,,,,,,,,,,,,,9379052,,,,,,,
32014R0833,306,EU-RUS,XLII,Transportation restrictions,21.5.2025,"Article 3s(2), point (b): transport crude oil or petroleum products, as listed in Annex XXV, that originate in Russia or are exported from Russia while practicing irregular and high-risk shipping practices as set out in the International Maritime Organisation General Assembly resolution A.1192(33)",Vessel,MD Miranda,,,,,,,,,,,,,,,,,,,,,,,,,,,,,9198290,,,,,,,
32014R0833,307,EU-RUS,XLII,Transportation restrictions,21.5.2025,"Article 3s(2), point (b): transport crude oil or petroleum products, as listed in Annex XXV, that originate in Russia or are exported from Russia while practicing irregular and high-risk shipping practices as set out in the International Maritime Organisation General Assembly resolution A.1192(33)",Vessel,Seabass,,,,,,,,,,,,,,,,,,,,,,,,,,,,,9266750,,,,,,,
32014R0833,308,EU-RUS,XLII,Transportation restrictions,21.5.2025,"Article 3s(2), point (b): transport crude oil or petroleum products, as listed in Annex XXV, that originate in Russia or are exported from Russia while practicing irregular and high-risk shipping practices as set out in the International Maritime Organisation General Assembly resolution A.1192(33)",Vessel,Sky Rider,,,,,,,,,,,,,,,,,,,,,,,,,,,,,9208124,,,,,,,
32014R0833,309,EU-RUS,XLII,Transportation restrictions,21.5.2025,"Article 3s(2), point (b): transport crude oil or petroleum products, as listed in Annex XXV, that originate in Russia or are exported from Russia while practicing irregular and high-risk shipping practices as set out in the International Maritime Organisation General Assembly resolution A.1192(33)",Vessel,Wall,,,,,,,,,,,,,,,,,,,,,,,,,,,,,9299886,,,,,,,
32014R0833,310,EU-RUS,XLII,Transportation restrictions,21.5.2025,"Article 3s(2), point (b): transport crude oil or petroleum products, as listed in Annex XXV, that originate in Russia or are exported from Russia while practicing irregular and high-risk shipping practices as set out in the International Maritime Organisation General Assembly resolution A.1192(33)",Vessel,Xue Song,,,,,,,,,,,,,,,,,,,,,,,,,,,,,9428358,,,,,,,
32014R0833,311,EU-RUS,XLII,Transportation restrictions,21.5.2025,"Article 3s(2), point (b): transport crude oil or petroleum products, as listed in Annex XXV, that originate in Russia or are exported from Russia while practicing irregular and high-risk shipping practices as set out in the International Maritime Organisation General Assembly resolution A.1192(33)",Vessel,Zambra,,,,,,,,,,,,,,,,,,,,,,,,,,,,,9175078,,,,,,,
32014R0833,312,EU-RUS,XLII,Transportation restrictions,21.5.2025,"Article 3s(2), point (b): transport crude oil or petroleum products, as listed in Annex XXV, that originate in Russia or are exported from Russia while practicing irregular and high-risk shipping practices as set out in the International Maritime Organisation General Assembly resolution A.1192(33)",Vessel,Tiburon,,,,,,,,,,,,,,,,,,,,,,,,,,,,,9283291,,,,,,,
32014R0833,313,EU-RUS,XLII,Transportation restrictions,21.5.2025,"Article 3s(2), point (b): transport crude oil or petroleum products, as listed in Annex XXV, that originate in Russia or are exported from Russia while practicing irregular and high-risk shipping practices as set out in the International Maritime Organisation General Assembly resolution A.1192(33)",Vessel,Onyx,,,,,,,,,,,,,,,,,,,,,,,,,,,,,9236640,,,,,,,
32014R0833,314,EU-RUS,XLII,Transportation restrictions,21.5.2025,"Article 3s(2), point (b): transport crude oil or petroleum products, as listed in Annex XXV, that originate in Russia or are exported from Russia while practicing irregular and high-risk shipping practices as set out in the International Maritime Organisation General Assembly resolution A.1192(33)",Vessel,Kruger,,,,,,,,,,,,,,,,,,,,,,,,,,,,,9412995,,,,,,,
32014R0833,316,EU-RUS,XLII,Transportation restrictions,21.5.2025,"Article 3s(2), point (b): transport crude oil or petroleum products, as listed in Annex XXV, that originate in Russia or are exported from Russia while practicing irregular and high-risk shipping practices as set out in the International Maritime Organisation General Assembly resolution A.1192(33)",Vessel,Partizansk,,,,,,,,,,,,,,,,,,,,,,,,,,,,,8700096,,,,,,,
32014R0833,317,EU-RUS,XLII,Transportation restrictions,21.5.2025,"Article 3s(2), point (b): transport crude oil or petroleum products, as listed in Annex XXV, that originate in Russia or are exported from Russia while practicing irregular and high-risk shipping practices as set out in the International Maritime Organisation General Assembly resolution A.1192(33)",Vessel,Immanuel,,,,,,,,,,,,,,,,,,,,,,,,,,,,,9056571,,,,,,,
32014R0833,318,EU-RUS,XLII,Transportation restrictions,21.5.2025,"Article 3s(2), point (b): transport crude oil or petroleum products, as listed in Annex XXV, that originate in Russia or are exported from Russia while practicing irregular and high-risk shipping practices as set out in the International Maritime Organisation General Assembly resolution A.1192(33)",Vessel,Avior,,,,,,,,,,,,,,,,,,,,,,,,,,,,,9164512,,,,,,,
32014R0833,319,EU-RUS,XLII,Transportation restrictions,21.5.2025,"Article 3s(2), point (b): transport crude oil or petroleum products, as listed in Annex XXV, that originate in Russia or are exported from Russia while practicing irregular and high-risk shipping practices as set out in the International Maritime Organisation General Assembly resolution A.1192(33)",Vessel,Arno Babajanyan,,,,,,,,,,,,,,,,,,,,,,,,,,,,,9163764,,,,,,,
32014R0833,320,EU-RUS,XLII,Transportation restrictions,21.5.2025,"Article 3s(2), point (b): transport crude oil or petroleum products, as listed in Annex XXV, that originate in Russia or are exported from Russia while practicing irregular and high-risk shipping practices as set out in the International Maritime Organisation General Assembly resolution A.1192(33)",Vessel,Black Sea Eagle,,,,,,,,,,,,,,,,,,,,,,,,,,,,,9495832,,,,,,,
32014R0833,321,EU-RUS,XLII,Transportation restrictions,21.5.2025,"Article 3s(2), point (b): transport crude oil or petroleum products, as listed in Annex XXV, that originate in Russia or are exported from Russia while practicing irregular and high-risk shipping practices as set out in the International Maritime Organisation General Assembly resolution A.1192(33)",Vessel,Caria Ka,,,,,,,,,,,,,,,,,,,,,,,,,,,,,9327360,,,,,,,
32014R0833,322,EU-RUS,XLII,Transportation restrictions,21.5.2025,"Article 3s(2), point (b): transport crude oil or petroleum products, as listed in Annex XXV, that originate in Russia or are exported from Russia while practicing irregular and high-risk shipping practices as set out in the International Maritime Organisation General Assembly resolution A.1192(33)",Vessel,Genji,,,,,,,,,,,,,,,,,,,,,,,,,,,,,9289738,,,,,,,
32014R0833,323,EU-RUS,XLII,Transportation restrictions,21.5.2025,"Article 3s(2), point (b): transport crude oil or petroleum products, as listed in Annex XXV, that originate in Russia or are exported from Russia while practicing irregular and high-risk shipping practices as set out in the International Maritime Organisation General Assembly resolution A.1192(33)",Vessel,Gurudev,,,,,,,,,,,,,,,,,,,,,,,,,,,,,9253234,,,,,,,
32014R0833,324,EU-RUS,XLII,Transportation restrictions,21.5.2025,"Article 3s(2), point (b): transport crude oil or petroleum products, as listed in Annex XXV, that originate in Russia or are exported from Russia while practicing irregular and high-risk shipping practices as set out in the International Maritime Organisation General Assembly resolution A.1192(33)",Vessel,Kord Atlantic,,,,,,,,,,,,,,,,,,,,,,,,,,,,,9299161,,,,,,,
32014R0833,325,EU-RUS,XLII,Transportation restrictions,21.5.2025,"Article 3s(2), point (b): transport crude oil or petroleum products, as listed in Annex XXV, that originate in Russia or are exported from Russia while practicing irregular and high-risk shipping practices as set out in the International Maritime Organisation General Assembly resolution A.1192(33)",Vessel,Lyra,,,,,,,,,,,,,,,,,,,,,,,,,,,,,9314088,,,,,,,
32014R0833,326,EU-RUS,XLII,Transportation restrictions,21.5.2025,"Article 3s(2), point (b): transport crude oil or petroleum products, as listed in Annex XXV, that originate in Russia or are exported from Russia while practicing irregular and high-risk shipping practices as set out in the International Maritime Organisation General Assembly resolution A.1192(33)",Vessel,Nimbus Spb,,,,,,,,,,,,,,,,,,,,,,,,,,,,,8821761,,,,,,,
32014R0833,327,EU-RUS,XLII,Transportation restrictions,21.5.2025,"Article 3s(2), point (b): transport crude oil or petroleum products, as listed in Annex XXV, that originate in Russia or are exported from Russia while practicing irregular and high-risk shipping practices as set out in the International Maritime Organisation General Assembly resolution A.1192(33)",Vessel,Np Dudinka,,,,,,,,,,,,,,,,,,,,,,,,,,,,,9183831,,,,,,,
32014R0833,328,EU-RUS,XLII,Transportation restrictions,21.5.2025,"Article 3s(2), point (b): transport crude oil or petroleum products, as listed in Annex XXV, that originate in Russia or are exported from Russia while practicing irregular and high-risk shipping practices as set out in the International Maritime Organisation General Assembly resolution A.1192(33)",Vessel,Odin,,,,,,,,,,,,,,,,,,,,,,,,,,,,,9151890,,,,,,,
32014R0833,330,EU-RUS,XLII,Transportation restrictions,21.5.2025,"Article 3s(2), point (b): transport crude oil or petroleum products, as listed in Annex XXV, that originate in Russia or are exported from Russia while practicing irregular and high-risk shipping practices as set out in the International Maritime Organisation General Assembly resolution A.1192(33)",Vessel,Shturman Skuratov,,,,,,,,,,,,,,,,,,,,,,,,,,,,,9759915,,,,,,,
32014R0833,331,EU-RUS,XLII,Transportation restrictions,21.5.2025,"Article 3s(2), point (b): transport crude oil or petroleum products, as listed in Annex XXV, that originate in Russia or are exported from Russia while practicing irregular and high-risk shipping practices as set out in the International Maritime Organisation General Assembly resolution A.1192(33)",Vessel,Veles,,,,,,,,,,,,,,,,,,,,,,,,,,,,,9299173,,,,,,,
32014R0833,332,EU-RUS,XLII,Transportation restrictions,21.5.2025,"Article 3s(2), point (b): transport crude oil or petroleum products, as listed in Annex XXV, that originate in Russia or are exported from Russia while practicing irregular and high-risk shipping practices as set out in the International Maritime Organisation General Assembly resolution A.1192(33)",Vessel,Danshui,,,,,,,,,,,,,,,,,,,,,,,,,,,,,9589750,,,,,,,
32014R0833,333,EU-RUS,XLII,Transportation restrictions,21.5.2025,"Article 3s(2), point (b): transport crude oil or petroleum products, as listed in Annex XXV, that originate in Russia or are exported from Russia while practicing irregular and high-risk shipping practices as set out in the International Maritime Organisation General Assembly resolution A.1192(33)",Vessel,Lucky Fairy,,,,,,,,,,,,,,,,,,,,,,,,,,,,,9348479,,,,,,,
32014R0833,334,EU-RUS,XLII,Transportation restrictions,21.5.2025,"Article 3s(2), point (b): transport crude oil or petroleum products, as listed in Annex XXV, that originate in Russia or are exported from Russia while practicing irregular and high-risk shipping practices as set out in the International Maritime Organisation General Assembly resolution A.1192(33)",Vessel,Narcissus,,,,,,,,,,,,,,,,,,,,,,,,,,,,,9232931,,,,,,,
32014R0833,335,EU-RUS,XLII,Transportation restrictions,21.5.2025,"Article 3s(2), point (b): transport crude oil or petroleum products, as listed in Annex XXV, that originate in Russia or are exported from Russia while practicing irregular and high-risk shipping practices as set out in the International Maritime Organisation General Assembly resolution A.1192(33)",Vessel,Blue,,,,,,,,,,,,,,,,,,,,,,,,,,,,,9236353,,,,,,,
32014R0833,336,EU-RUS,XLII,Transportation restrictions,21.5.2025,"Article 3s(2), point (b): transport crude oil or petroleum products, as listed in Annex XXV, that originate in Russia or are exported from Russia while practicing irregular and high-risk shipping practices as set out in the International Maritime Organisation General Assembly resolution A.1192(33)",Vessel,Canara,,,,,,,,,,,,,,,,,,,,,,,,,,,,,9411331,,,,,,,
32014R0833,337,EU-RUS,XLII,Transportation restrictions,21.5.2025,"Article 3s(2), point (b): transport crude oil or petroleum products, as listed in Annex XXV, that originate in Russia or are exported from Russia while practicing irregular and high-risk shipping practices as set out in the International Maritime Organisation General Assembly resolution A.1192(33)",Vessel,OLAF 1,,,,,,,,,,,,,,,,,,,,,,,,,,,,,9224465,,,,,,,
32014R0833,338,EU-RUS,XLII,Transportation restrictions,21.5.2025,"Article 3s(2), point (b): transport crude oil or petroleum products, as listed in Annex XXV, that originate in Russia or are exported from Russia while practicing irregular and high-risk shipping practices as set out in the International Maritime Organisation General Assembly resolution A.1192(33)",Vessel,Vesna,,,,,,,,,,,,,,,,,,,,,,,,,,,,,9233349,,,,,,,
32014R0833,339,EU-RUS,XLII,Transportation restrictions,21.5.2025,"Article 3s(2), point (b): transport crude oil or petroleum products, as listed in Annex XXV, that originate in Russia or are exported from Russia while practicing irregular and high-risk shipping practices as set out in the International Maritime Organisation General Assembly resolution A.1192(33)",Vessel,Eminent,,,,,,,,,,,,,,,,,,,,,,,,,,,,,9383950,,,,,,,
32014R0833,340,EU-RUS,XLII,Transportation restrictions,21.5.2025,"Article 3s(2), point (b): transport crude oil or petroleum products, as listed in Annex XXV, that originate in Russia or are exported from Russia while practicing irregular and high-risk shipping practices as set out in the International Maritime Organisation General Assembly resolution A.1192(33)",Vessel,Yi Tong,,,,,,,,,,,,,,,,,,,,,,,,,,,,,9259733,,,,,,,
32014R0833,341,EU-RUS,XLII,Transportation restrictions,21.5.2025,"Article 3s(2), point (b): transport crude oil or petroleum products, as listed in Annex XXV, that originate in Russia or are exported from Russia while practicing irregular and high-risk shipping practices as set out in the International Maritime Organisation General Assembly resolution A.1192(33)",Vessel,Olive,,,,,,,,,,,,,,,,,,,,,,,,,,,,,9318034,,,,,,,
32014R0833,342,EU-RUS,XLII,Transportation restrictions,21.5.2025,"Article 3s(2), point (b): transport crude oil or petroleum products, as listed in Annex XXV, that originate in Russia or are exported from Russia while practicing irregular and high-risk shipping practices as set out in the International Maritime Organisation General Assembly resolution A.1192(33)",Vessel,Chandra,,,,,,,,,,,,,,,,,,,,,,,,,,,,,9353125,,,,,,,
32014R0833,343,EU-RUS,XLII,Transportation restrictions,20.7.2025,"Article 3s(2), point (b): transport crude oil or petroleum products, as listed in Annex XXV, that originate in Russia or are exported from Russia while practicing irregular and high-risk shipping practices as set out in the International Maritime Organisation General Assembly resolution A.1192(33)",Vessel,Venetians,,,,,,,,,,,,,,,,,,,,,,,,,,,,,9436018,,,,,,,
32014R0833,344,EU-RUS,XLII,Transportation restrictions,20.7.2025,"Article 3s(2), point (b): transport crude oil or petroleum products, as listed in Annex XXV, that originate in Russia or are exported from Russia while practicing irregular and high-risk shipping practices as set out in the International Maritime Organisation General Assembly resolution A.1192(33)",Vessel,Jacklyn,,,,,,,,,,,,,,,,,,,,,,,,,,,,,9313498,,,,,,,
32014R0833,345,EU-RUS,XLII,Transportation restrictions,20.7.2025,"Article 3s(2), point (b): transport crude oil or petroleum products, as listed in Annex XXV, that originate in Russia or are exported from Russia while practicing irregular and high-risk shipping practices as set out in the International Maritime Organisation General Assembly resolution A.1192(33)",Vessel,Sea Marine I,,,,,,,,,,,,,,,,,,,,,,,,,,,,,9255830,,,,,,,
32014R0833,346,EU-RUS,XLII,Transportation restrictions,20.7.2025,"Article 3s(2), point (b): transport crude oil or petroleum products, as listed in Annex XXV, that originate in Russia or are exported from Russia while practicing irregular and high-risk shipping practices as set out in the International Maritime Organisation General Assembly resolution A.1192(33)",Vessel,Diva I,,,,,,,,,,,,,,,,,,,,,,,,,,,,,9297371,,,,,,,
32014R0833,347,EU-RUS,XLII,Transportation restrictions,20.7.2025,"Article 3s(2), point (b): transport crude oil or petroleum products, as listed in Annex XXV, that originate in Russia or are exported from Russia while practicing irregular and high-risk shipping practices as set out in the International Maritime Organisation General Assembly resolution A.1192(33)",Vessel,Hulda,,,,,,,,,,,,,,,,,,,,,,,,,,,,,9290309,,,,,,,
32014R0833,348,EU-RUS,XLII,Transportation restrictions,20.7.2025,"Article 3s(2), point (b): transport crude oil or petroleum products, as listed in Annex XXV, that originate in Russia or are exported from Russia while practicing irregular and high-risk shipping practices as set out in the International Maritime Organisation General Assembly resolution A.1192(33)",Vessel,Jaldhara,,,,,,,,,,,,,,,,,,,,,,,,,,,,,9304825,,,,,,,
32014R0833,349,EU-RUS,XLII,Transportation restrictions,20.7.2025,"Article 3s(2), point (b): transport crude oil or petroleum products, as listed in Annex XXV, that originate in Russia or are exported from Russia while practicing irregular and high-risk shipping practices as set out in the International Maritime Organisation General Assembly resolution A.1192(33)",Vessel,Vision,,,,,,,,,,,,,,,,,,,,,,,,,,,,,9260067,,,,,,,
32014R0833,350,EU-RUS,XLII,Transportation restrictions,20.7.2025,"Article 3s(2), point (b): transport crude oil or petroleum products, as listed in Annex XXV, that originate in Russia or are exported from Russia while practicing irregular and high-risk shipping practices as set out in the International Maritime Organisation General Assembly resolution A.1192(33)",Vessel,Nagarjuna,,,,,,,,,,,,,,,,,,,,,,,,,,,,,9299733,,,,,,,
32014R0833,351,EU-RUS,XLII,Transportation restrictions,20.7.2025,"Article 3s(2), point (b): transport crude oil or petroleum products, as listed in Annex XXV, that originate in Russia or are exported from Russia while practicing irregular and high-risk shipping practices as set out in the International Maritime Organisation General Assembly resolution A.1192(33)",Vessel,Sandhya,,,,,,,,,,,,,,,,,,,,,,,,,,,,,9352195,,,,,,,
32014R0833,352,EU-RUS,XLII,Transportation restrictions,20.7.2025,"Article 3s(2), point (b): transport crude oil or petroleum products, as listed in Annex XXV, that originate in Russia or are exported from Russia while practicing irregular and high-risk shipping practices as set out in the International Maritime Organisation General Assembly resolution A.1192(33)",Vessel,Himalaya,,,,,,,,,,,,,,,,,,,,,,,,,,,,,9314882,,,,,,,
32014R0833,353,EU-RUS,XLII,Transportation restrictions,20.7.2025,"Article 3s(2), point (b): transport crude oil or petroleum products, as listed in Annex XXV, that originate in Russia or are exported from Russia while practicing irregular and high-risk shipping practices as set out in the International Maritime Organisation General Assembly resolution A.1192(33)",Vessel,Sea Honor,,,,,,,,,,,,,,,,,,,,,,,,,,,,,9315654,,,,,,,
32014R0833,354,EU-RUS,XLII,Transportation restrictions,20.7.2025,"Article 3s(2), point (b): transport crude oil or petroleum products, as listed in Annex XXV, that originate in Russia or are exported from Russia while practicing irregular and high-risk shipping practices as set out in the International Maritime Organisation General Assembly resolution A.1192(33)",Vessel,Ru Yi,,,,,,,,,,,,,,,,,,,,,,,,,,,,,9345623,,,,,,,
32014R0833,355,EU-RUS,XLII,Transportation restrictions,20.7.2025,"Article 3s(2), point (b): transport crude oil or petroleum products, as listed in Annex XXV, that originate in Russia or are exported from Russia while practicing irregular and high-risk shipping practices as set out in the International Maritime Organisation General Assembly resolution A.1192(33)",Vessel,Sealion I,,,,,,,,,,,,,,,,,,,,,,,,,,,,,9234501,,,,,,,
32014R0833,356,EU-RUS,XLII,Transportation restrictions,20.7.2025,"Article 3s(2), point (b): transport crude oil or petroleum products, as listed in Annex XXV, that originate in Russia or are exported from Russia while practicing irregular and high-risk shipping practices as set out in the International Maritime Organisation General Assembly resolution A.1192(33)",Vessel,Achilles,,,,,,,,,,,,,,,,,,,,,,,,,,,,,9368223,,,,,,,
32014R0833,357,EU-RUS,XLII,Transportation restrictions,20.7.2025,"Article 3s(2), point (b): transport crude oil or petroleum products, as listed in Annex XXV, that originate in Russia or are exported from Russia while practicing irregular and high-risk shipping practices as set out in the International Maritime Organisation General Assembly resolution A.1192(33)",Vessel,Hu Po,,,,,,,,,,,,,,,,,,,,,,,,,,,,,9319686,,,,,,,
32014R0833,358,EU-RUS,XLII,Transportation restrictions,20.7.2025,"Article 3s(2), point (c): are operated in such a way as to contribute or support actions or policies for the exploitation, development or expansion of the energy sector in Russia, including energy infrastructure.",Vessel,Pearl,,,,,,,,,,,,,,,,,,,,,,,,,,,,,9630028,,,,,,,
32014R0833,359,EU-RUS,XLII,Transportation restrictions,20.7.2025,"Article 3s(2), point (c): are operated in such a way as to contribute or support actions or policies for the exploitation, development or expansion of the energy sector in Russia, including energy infrastructure.",Vessel,Valera,,,,,,,,,,,,,,,,,,,,,,,,,,,,,9630004,,,,,,,
32014R0833,360,EU-RUS,XLII,Transportation restrictions,20.7.2025,"Article 3s(2), point (b): transport crude oil or petroleum products, as listed in Annex XXV, that originate in Russia or are exported from Russia while practicing irregular and high-risk shipping practices as set out in the International Maritime Organisation General Assembly resolution A.1192(33)",Vessel,Sirius I,,,,,,,,,,,,,,,,,,,,,,,,,,,,,9285847,,,,,,,
32014R0833,361,EU-RUS,XLII,Transportation restrictions,20.7.2025,"Article 3s(2), point (b): transport crude oil or petroleum products, as listed in Annex XXV, that originate in Russia or are exported from Russia while practicing irregular and high-risk shipping practices as set out in the International Maritime Organisation General Assembly resolution A.1192(33)",Vessel,Cordelia Moon,,,,,,,,,,,,,,,,,,,,,,,,,,,,,9297888,,,,,,,
32014R0833,362,EU-RUS,XLII,Transportation restrictions,20.7.2025,"Article 3s(2), point (b): transport crude oil or petroleum products, as listed in Annex XXV, that originate in Russia or are exported from Russia while practicing irregular and high-risk shipping practices as set out in the International Maritime Organisation General Assembly resolution A.1192(33)",Vessel,Virat,,,,,,,,,,,,,,,,,,,,,,,,,,,,,9832559,,,,,,,
32014R0833,363,EU-RUS,XLII,Transportation restrictions,20.7.2025,"Article 3s(2), point (b): transport crude oil or petroleum products, as listed in Annex XXV, that originate in Russia or are exported from Russia while practicing irregular and high-risk shipping practices as set out in the International Maritime Organisation General Assembly resolution A.1192(33)",Vessel,Themis,,,,,,,,,,,,,,,,,,,,,,,,,,,,,9264570,,,,,,,
32014R0833,364,EU-RUS,XLII,Transportation restrictions,20.7.2025,"Article 3s(2), point (b): transport crude oil or petroleum products, as listed in Annex XXV, that originate in Russia or are exported from Russia while practicing irregular and high-risk shipping practices as set out in the International Maritime Organisation General Assembly resolution A.1192(33)",Vessel,Deneb,,,,,,,,,,,,,,,,,,,,,,,,,,,,,9301524,,,,,,,
32014R0833,365,EU-RUS,XLII,Transportation restrictions,20.7.2025,"Article 3s(2), point (b): transport crude oil or petroleum products, as listed in Annex XXV, that originate in Russia or are exported from Russia while practicing irregular and high-risk shipping practices as set out in the International Maritime Organisation General Assembly resolution A.1192(33)",Vessel,Olia,,,,,,,,,,,,,,,,,,,,,,,,,,,,,9268112,,,,,,,
32014R0833,366,EU-RUS,XLII,Transportation restrictions,20.7.2025,"Article 3s(2), point (b): transport crude oil or petroleum products, as listed in Annex XXV, that originate in Russia or are exported from Russia while practicing irregular and high-risk shipping practices as set out in the International Maritime Organisation General Assembly resolution A.1192(33)",Vessel,Tasta,,,,,,,,,,,,,,,,,,,,,,,,,,,,,9307815,,,,,,,
32014R0833,367,EU-RUS,XLII,Transportation restrictions,20.7.2025,"Article 3s(2), point (b): transport crude oil or petroleum products, as listed in Annex XXV, that originate in Russia or are exported from Russia while practicing irregular and high-risk shipping practices as set out in the International Maritime Organisation General Assembly resolution A.1192(33)",Vessel,Cross Ocean,,,,,,,,,,,,,,,,,,,,,,,,,,,,,9251810,,,,,,,
32014R0833,368,EU-RUS,XLII,Transportation restrictions,20.7.2025,"Article 3s(2), point (b): transport crude oil or petroleum products, as listed in Annex XXV, that originate in Russia or are exported from Russia while practicing irregular and high-risk shipping practices as set out in the International Maritime Organisation General Assembly resolution A.1192(33)",Vessel,Ricca,,,,,,,,,,,,,,,,,,,,,,,,,,,,,9292577,,,,,,,
32014R0833,369,EU-RUS,XLII,Transportation restrictions,20.7.2025,"Article 3s(2), point (b): transport crude oil or petroleum products, as listed in Annex XXV, that originate in Russia or are exported from Russia while practicing irregular and high-risk shipping practices as set out in the International Maritime Organisation General Assembly resolution A.1192(33)",Vessel,Golden Eagle,,,,,,,,,,,,,,,,,,,,,,,,,,,,,9255684,,,,,,,
32014R0833,370,EU-RUS,XLII,Transportation restrictions,20.7.2025,"Article 3s(2), point (b): transport crude oil or petroleum products, as listed in Annex XXV, that originate in Russia or are exported from Russia while practicing irregular and high-risk shipping practices as set out in the International Maritime Organisation General Assembly resolution A.1192(33)",Vessel,Akar West,,,,,,,,,,,,,,,,,,,,,,,,,,,,,9258167,,,,,,,
32014R0833,371,EU-RUS,XLII,Transportation restrictions,20.7.2025,"Article 3s(2), point (b): transport crude oil or petroleum products, as listed in Annex XXV, that originate in Russia or are exported from Russia while practicing irregular and high-risk shipping practices as set out in the International Maritime Organisation General Assembly resolution A.1192(33)",Vessel,Fiesta,,,,,,,,,,,,,,,,,,,,,,,,,,,,,9260823,,,,,,,
32014R0833,372,EU-RUS,XLII,Transportation restrictions,20.7.2025,"Article 3s(2), point (b): transport crude oil or petroleum products, as listed in Annex XXV, that originate in Russia or are exported from Russia while practicing irregular and high-risk shipping practices as set out in the International Maritime Organisation General Assembly resolution A.1192(33)",Vessel,Bivola,,,,,,,,,,,,,,,,,,,,,,,,,,,,,9266865,,,,,,,
32014R0833,373,EU-RUS,XLII,Transportation restrictions,20.7.2025,"Article 3s(2), point (b): transport crude oil or petroleum products, as listed in Annex XXV, that originate in Russia or are exported from Russia while practicing irregular and high-risk shipping practices as set out in the International Maritime Organisation General Assembly resolution A.1192(33)",Vessel,Kai Fu,,,,,,,,,,,,,,,,,,,,,,,,,,,,,9281009,,,,,,,
32014R0833,374,EU-RUS,XLII,Transportation restrictions,20.7.2025,"Article 3s(2), point (b): transport crude oil or petroleum products, as listed in Annex XXV, that originate in Russia or are exported from Russia while practicing irregular and high-risk shipping practices as set out in the International Maritime Organisation General Assembly resolution A.1192(33)",Vessel,Lion I,,,,,,,,,,,,,,,,,,,,,,,,,,,,,9384069,,,,,,,
32014R0833,375,EU-RUS,XLII,Transportation restrictions,20.7.2025,"Article 3s(2), point (b): transport crude oil or petroleum products, as listed in Annex XXV, that originate in Russia or are exported from Russia while practicing irregular and high-risk shipping practices as set out in the International Maritime Organisation General Assembly resolution A.1192(33)",Vessel,Monte I,,,,,,,,,,,,,,,,,,,,,,,,,,,,,9297553,,,,,,,
32014R0833,376,EU-RUS,XLII,Transportation restrictions,20.7.2025,"Article 3s(2), point (b): transport crude oil or petroleum products, as listed in Annex XXV, that originate in Russia or are exported from Russia while practicing irregular and high-risk shipping practices as set out in the International Maritime Organisation General Assembly resolution A.1192(33)",Vessel,Samadha,,,,,,,,,,,,,,,,,,,,,,,,,,,,,9286281,,,,,,,
32014R0833,377,EU-RUS,XLII,Transportation restrictions,20.7.2025,"Article 3s(2), point (b): transport crude oil or petroleum products, as listed in Annex XXV, that originate in Russia or are exported from Russia while practicing irregular and high-risk shipping practices as set out in the International Maritime Organisation General Assembly resolution A.1192(33)",Vessel,Blue Talu,,,,,,,,,,,,,,,,,,,,,,,,,,,,,9334557,,,,,,,
32014R0833,378,EU-RUS,XLII,Transportation restrictions,20.7.2025,"Article 3s(2), point (b): transport crude oil or petroleum products, as listed in Annex XXV, that originate in Russia or are exported from Russia while practicing irregular and high-risk shipping practices as set out in the International Maritime Organisation General Assembly resolution A.1192(33)",Vessel,Maisan,,,,,,,,,,,,,,,,,,,,,,,,,,,,,9289776,,,,,,,
32014R0833,379,EU-RUS,XLII,Transportation restrictions,20.7.2025,"Article 3s(2), point (b): transport crude oil or petroleum products, as listed in Annex XXV, that originate in Russia or are exported from Russia while practicing irregular and high-risk shipping practices as set out in the International Maritime Organisation General Assembly resolution A.1192(33)",Vessel,Sofia K,,,,,,,,,,,,,,,,,,,,,,,,,,,,,9299123,,,,,,,
32014R0833,380,EU-RUS,XLII,Transportation restrictions,20.7.2025,"Article 3s(2), point (b): transport crude oil or petroleum products, as listed in Annex XXV, that originate in Russia or are exported from Russia while practicing irregular and high-risk shipping practices as set out in the International Maritime Organisation General Assembly resolution A.1192(33)",Vessel,Proxima,,,,,,,,,,,,,,,,,,,,,,,,,,,,,9329655,,,,,,,
32014R0833,381,EU-RUS,XLII,Transportation restrictions,20.7.2025,"Article 3s(2), point (b): transport crude oil or petroleum products, as listed in Annex XXV, that originate in Russia or are exported from Russia while practicing irregular and high-risk shipping practices as set out in the International Maritime Organisation General Assembly resolution A.1192(33)",Vessel,Saraswati,,,,,,,,,,,,,,,,,,,,,,,,,,,,,9383869,,,,,,,
32014R0833,382,EU-RUS,XLII,Transportation restrictions,20.7.2025,"Article 3s(2), point (b): transport crude oil or petroleum products, as listed in Annex XXV, that originate in Russia or are exported from Russia while practicing irregular and high-risk shipping practices as set out in the International Maritime Organisation General Assembly resolution A.1192(33)",Vessel,Monarch I,,,,,,,,,,,,,,,,,,,,,,,,,,,,,9377779,,,,,,,
32014R0833,383,EU-RUS,XLII,Transportation restrictions,20.7.2025,"Article 3s(2), point (b): transport crude oil or petroleum products, as listed in Annex XXV, that originate in Russia or are exported from Russia while practicing irregular and high-risk shipping practices as set out in the International Maritime Organisation General Assembly resolution A.1192(33)",Vessel,Evita,,,,,,,,,,,,,,,,,,,,,,,,,,,,,9408530,,,,,,,
32014R0833,384,EU-RUS,XLII,Transportation restrictions,20.7.2025,"Article 3s(2), point (b): transport crude oil or petroleum products, as listed in Annex XXV, that originate in Russia or are exported from Russia while practicing irregular and high-risk shipping practices as set out in the International Maritime Organisation General Assembly resolution A.1192(33)",Vessel,Utaki,,,,,,,,,,,,,,,,,,,,,,,,,,,,,9262924,,,,,,,
32014R0833,385,EU-RUS,XLII,Transportation restrictions,20.7.2025,"Article 3s(2), point (b): transport crude oil or petroleum products, as listed in Annex XXV, that originate in Russia or are exported from Russia while practicing irregular and high-risk shipping practices as set out in the International Maritime Organisation General Assembly resolution A.1192(33)",Vessel,Lebre,,,,,,,,,,,,,,,,,,,,,,,,,,,,,9255672,,,,,,,
32014R0833,386,EU-RUS,XLII,Transportation restrictions,20.7.2025,"Article 3s(2), point (b): transport crude oil or petroleum products, as listed in Annex XXV, that originate in Russia or are exported from Russia while practicing irregular and high-risk shipping practices as set out in the International Maritime Organisation General Assembly resolution A.1192(33)",Vessel,Smyrtos,,,,,,,,,,,,,,,,,,,,,,,,,,,,,9389100,,,,,,,
32014R0833,387,EU-RUS,XLII,Transportation restrictions,20.7.2025,"Article 3s(2), point (b): transport crude oil or petroleum products, as listed in Annex XXV, that originate in Russia or are exported from Russia while practicing irregular and high-risk shipping practices as set out in the International Maritime Organisation General Assembly resolution A.1192(33)",Vessel,Kusto,,,,,,,,,,,,,,,,,,,,,,,,,,,,,9308833,,,,,,,
32014R0833,388,EU-RUS,XLII,Transportation restrictions,20.7.2025,"Article 3s(2), point (b): transport crude oil or petroleum products, as listed in Annex XXV, that originate in Russia or are exported from Russia while practicing irregular and high-risk shipping practices as set out in the International Maritime Organisation General Assembly resolution A.1192(33)",Vessel,Seasons I,,,,,,,,,,,,,,,,,,,,,,,,,,,,,9308950,,,,,,,
32014R0833,389,EU-RUS,XLII,Transportation restrictions,20.7.2025,"Article 3s(2), point (b): transport crude oil or petroleum products, as listed in Annex XXV, that originate in Russia or are exported from Russia while practicing irregular and high-risk shipping practices as set out in the International Maritime Organisation General Assembly resolution A.1192(33)",Vessel,Pierre,,,,,,,,,,,,,,,,,,,,,,,,,,,,,9266877,,,,,,,
32014R0833,390,EU-RUS,XLII,Transportation restrictions,20.7.2025,"Article 3s(2), point (b): transport crude oil or petroleum products, as listed in Annex XXV, that originate in Russia or are exported from Russia while practicing irregular and high-risk shipping practices as set out in the International Maritime Organisation General Assembly resolution A.1192(33)",Vessel,Prisma,,,,,,,,,,,,,,,,,,,,,,,,,,,,,9299678,,,,,,,
32014R0833,391,EU-RUS,XLII,Transportation restrictions,20.7.2025,"Article 3s(2), point (b): transport crude oil or petroleum products, as listed in Annex XXV, that originate in Russia or are exported from Russia while practicing irregular and high-risk shipping practices as set out in the International Maritime Organisation General Assembly resolution A.1192(33)",Vessel,Rymo,,,,,,,,,,,,,,,,,,,,,,,,,,,,,9308857,,,,,,,
32014R0833,392,EU-RUS,XLII,Transportation restrictions,20.7.2025,"Article 3s(2), point (b): transport crude oil or petroleum products, as listed in Annex XXV, that originate in Russia or are exported from Russia while practicing irregular and high-risk shipping practices as set out in the International Maritime Organisation General Assembly resolution A.1192(33)",Vessel,Maria,,,,,,,,,,,,,,,,,,,,,,,,,,,,,9198783,,,,,,,
32014R0833,393,EU-RUS,XLII,Transportation restrictions,20.7.2025,"Article 3s(2), point (b): transport crude oil or petroleum products, as listed in Annex XXV, that originate in Russia or are exported from Russia while practicing irregular and high-risk shipping practices as set out in the International Maritime Organisation General Assembly resolution A.1192(33)",Vessel,Sanar 18,,,,,,,,,,,,,,,,,,,,,,,,,,,,,9645011,,,,,,,
32014R0833,394,EU-RUS,XLII,Transportation restrictions,20.7.2025,"Article 3s(2), point (b): transport crude oil or petroleum products, as listed in Annex XXV, that originate in Russia or are exported from Russia while practicing irregular and high-risk shipping practices as set out in the International Maritime Organisation General Assembly resolution A.1192(33)",Vessel,Destan,,,,,,,,,,,,,,,,,,,,,,,,,,,,,9388766,,,,,,,
32014R0833,395,EU-RUS,XLII,Transportation restrictions,20.7.2025,"Article 3s(2), point (b): transport crude oil or petroleum products, as listed in Annex XXV, that originate in Russia or are exported from Russia while practicing irregular and high-risk shipping practices as set out in the International Maritime Organisation General Assembly resolution A.1192(33)",Vessel,Elephant,,,,,,,,,,,,,,,,,,,,,,,,,,,,,9374868,,,,,,,
32014R0833,396,EU-RUS,XLII,Transportation restrictions,20.7.2025,"Article 3s(2), point (b): transport crude oil or petroleum products, as listed in Annex XXV, that originate in Russia or are exported from Russia while practicing irregular and high-risk shipping practices as set out in the International Maritime Organisation General Assembly resolution A.1192(33)",Vessel,Kaluga,,,,,,,,,,,,,,,,,,,,,,,,,,,,,9585924,,,,,,,
32014R0833,397,EU-RUS,XLII,Transportation restrictions,20.7.2025,"Article 3s(2), point (b): transport crude oil or petroleum products, as listed in Annex XXV, that originate in Russia or are exported from Russia while practicing irregular and high-risk shipping practices as set out in the International Maritime Organisation General Assembly resolution A.1192(33)",Vessel,Kira K,,,,,,,,,,,,,,,,,,,,,,,,,,,,,9346720,,,,,,,
32014R0833,398,EU-RUS,XLII,Transportation restrictions,20.7.2025,"Article 3s(2), point (b): transport crude oil or petroleum products, as listed in Annex XXV, that originate in Russia or are exported from Russia while practicing irregular and high-risk shipping practices as set out in the International Maritime Organisation General Assembly resolution A.1192(33)",Vessel,Nautilus,,,,,,,,,,,,,,,,,,,,,,,,,,,,,9434890,,,,,,,
32014R0833,399,EU-RUS,XLII,Transportation restrictions,20.7.2025,"Article 3s(2), point (b): transport crude oil or petroleum products, as listed in Annex XXV, that originate in Russia or are exported from Russia while practicing irregular and high-risk shipping practices as set out in the International Maritime Organisation General Assembly resolution A.1192(33)",Vessel,Pate,,,Shaanxi,,,,,,,,,,,,,,,,,,,,,,,,,,9338905,,,,,,,
32014R0833,400,EU-RUS,XLII,Transportation restrictions,20.7.2025,"Article 3s(2), point (b): transport crude oil or petroleum products, as listed in Annex XXV, that originate in Russia or are exported from Russia while practicing irregular and high-risk shipping practices as set out in the International Maritime Organisation General Assembly resolution A.1192(33)",Vessel,Vernal,,,,,,,,,,,,,,,,,,,,,,,,,,,,,9207027,,,,,,,
32014R0833,401,EU-RUS,XLII,Transportation restrictions,20.7.2025,"Article 3s(2), point (b): transport crude oil or petroleum products, as listed in Annex XXV, that originate in Russia or are exported from Russia while practicing irregular and high-risk shipping practices as set out in the International Maritime Organisation General Assembly resolution A.1192(33)",Vessel,Gogland,,,,,,,,,,,,,,,,,,,,,,,,,,,,,9430210,,,,,,,
32014R0833,402,EU-RUS,XLII,Transportation restrictions,20.7.2025,"Article 3s(2), point (b): transport crude oil or petroleum products, as listed in Annex XXV, that originate in Russia or are exported from Russia while practicing irregular and high-risk shipping practices as set out in the International Maritime Organisation General Assembly resolution A.1192(33)",Vessel,Feliks,,,,,,,,,,,,,,,,,,,,,,,,,,,,,9459242,,,,,,,
32014R0833,403,EU-RUS,XLII,Transportation restrictions,20.7.2025,"Article 3s(2), point (b): transport crude oil or petroleum products, as listed in Annex XXV, that originate in Russia or are exported from Russia while practicing irregular and high-risk shipping practices as set out in the International Maritime Organisation General Assembly resolution A.1192(33)",Vessel,Katran,,,,,,,,,,,,,,,,,,,,,,,,,,,,,9260275,,,,,,,
32014R0833,404,EU-RUS,XLII,Transportation restrictions,20.7.2025,"Article 3s(2), point (b): transport crude oil or petroleum products, as listed in Annex XXV, that originate in Russia or are exported from Russia while practicing irregular and high-risk shipping practices as set out in the International Maritime Organisation General Assembly resolution A.1192(33)",Vessel,Leruo,,,,,,,,,,,,,,,,,,,,,,,,,,,,,9385831,,,,,,,
32014R0833,405,EU-RUS,XLII,Transportation restrictions,20.7.2025,"Article 3s(2), point (b): transport crude oil or petroleum products, as listed in Annex XXV, that originate in Russia or are exported from Russia while practicing irregular and high-risk shipping practices as set out in the International Maritime Organisation General Assembly resolution A.1192(33)",Vessel,Listiga,,,,,,,,,,,,,,,,,,,,,,,,,,,,,9292838,,,,,,,
32014R0833,406,EU-RUS,XLII,Transportation restrictions,20.7.2025,"Article 3s(2), point (b): transport crude oil or petroleum products, as listed in Annex XXV, that originate in Russia or are exported from Russia while practicing irregular and high-risk shipping practices as set out in the International Maritime Organisation General Assembly resolution A.1192(33)",Vessel,Akhty,,,,,,,,,,,,,,,,,,,,,,,,,,,,,9435337,,,,,,,
32014R0833,407,EU-RUS,XLII,Transportation restrictions,20.7.2025,"Article 3s(2), point (b): transport crude oil or petroleum products, as listed in Annex XXV, that originate in Russia or are exported from Russia while practicing irregular and high-risk shipping practices as set out in the International Maritime Organisation General Assembly resolution A.1192(33)",Vessel,Armada Explorer,,,,,,,,,,,,,,,,,,,,,,,,,,,,,9377042,,,,,,,
32014R0833,408,EU-RUS,XLII,Transportation restrictions,20.7.2025,"Article 3s(2), point (b): transport crude oil or petroleum products, as listed in Annex XXV, that originate in Russia or are exported from Russia while practicing irregular and high-risk shipping practices as set out in the International Maritime Organisation General Assembly resolution A.1192(33)",Vessel,Flura,,,,,,,,,,,,,,,,,,,,,,,,,,,,,9354636,,,,,,,
32014R0833,409,EU-RUS,XLII,Transportation restrictions,20.7.2025,"Article 3s(2), point (b): transport crude oil or petroleum products, as listed in Annex XXV, that originate in Russia or are exported from Russia while practicing irregular and high-risk shipping practices as set out in the International Maritime Organisation General Assembly resolution A.1192(33)",Vessel,MT Konstantinovsk,,,,,,,,,,,,,,,,,,,,,,,,,,,,,9113276,,,,,,,
32014R0833,410,EU-RUS,XLII,Transportation restrictions,20.7.2025,"Article 3s(2), point (b): transport crude oil or petroleum products, as listed in Annex XXV, that originate in Russia or are exported from Russia while practicing irregular and high-risk shipping practices as set out in the International Maritime Organisation General Assembly resolution A.1192(33)",Vessel,Nizami Ganjavi,,,,,,,,,,,,,,,,,,,,,,,,,,,,,9369617,,,,,,,
32014R0833,411,EU-RUS,XLII,Transportation restrictions,20.7.2025,"Article 3s(2), point (b): transport crude oil or petroleum products, as listed in Annex XXV, that originate in Russia or are exported from Russia while practicing irregular and high-risk shipping practices as set out in the International Maritime Organisation General Assembly resolution A.1192(33)",Vessel,Sergey Terskov,,,,,,,,,,,,,,,,,,,,,,,,,,,,,9637961,,,,,,,
32014R0833,412,EU-RUS,XLII,Transportation restrictions,20.7.2025,"Article 3s(2), point (c): are operated in such a way as to contribute or support actions or policies for the exploitation, development or expansion of the energy sector in Russia, including energy infrastructure.",Vessel,Nova Energy,,,,,,,,,,,,,,,,,,,,,,,,,,,,,9324277,,,,,,,
32014R0833,413,EU-RUS,XLII,Transportation restrictions,20.7.2025,"Article 3s(2), point (b): transport crude oil or petroleum products, as listed in Annex XXV, that originate in Russia or are exported from Russia while practicing irregular and high-risk shipping practices as set out in the International Maritime Organisation General Assembly resolution A.1192(33)",Vessel,Yanhu,,,,,,,,,,,,,,,,,,,,,,,,,,,,,9297357,,,,,,,
32014R0833,414,EU-RUS,XLII,Transportation restrictions,20.7.2025,"Article 3s(2), point (b): transport crude oil or petroleum products, as listed in Annex XXV, that originate in Russia or are exported from Russia while practicing irregular and high-risk shipping practices as set out in the International Maritime Organisation General Assembly resolution A.1192(33)",Vessel,Tango,,,,,,,,,,,,,,,,,,,,,,,,,,,,,9292058,,,,,,,
32014R0833,415,EU-RUS,XLII,Transportation restrictions,20.7.2025,"Article 3s(2), point (b): transport crude oil or petroleum products, as listed in Annex XXV, that originate in Russia or are exported from Russia while practicing irregular and high-risk shipping practices as set out in the International Maritime Organisation General Assembly resolution A.1192(33)",Vessel,Topaz,,,,,,,,,,,,,,,,,,,,,,,,,,,,,9292034,,,,,,,
32014R0833,416,EU-RUS,XLII,Transportation restrictions,20.7.2025,"Article 3s(2), point (b): transport crude oil or petroleum products, as listed in Annex XXV, that originate in Russia or are exported from Russia while practicing irregular and high-risk shipping practices as set out in the International Maritime Organisation General Assembly resolution A.1192(33)",Vessel,Volgoneft 251,,,,,,,,,,,,,,,,,,,,,,,,,,,,,8231057,,,,,,,
32014R0833,417,EU-RUS,XLII,Transportation restrictions,20.7.2025,"Article 3s(2), point (b): transport crude oil or petroleum products, as listed in Annex XXV, that originate in Russia or are exported from Russia while practicing irregular and high-risk shipping practices as set out in the International Maritime Organisation General Assembly resolution A.1192(33)",Vessel,Volgoneft 160,,,,,,,,,,,,,,,,,,,,,,,,,,,,,8867129,,,,,,,
32014R0833,418,EU-RUS,XLII,Transportation restrictions,20.7.2025,"Article 3s(2), point (b): transport crude oil or petroleum products, as listed in Annex XXV, that originate in Russia or are exported from Russia while practicing irregular and high-risk shipping practices as set out in the International Maritime Organisation General Assembly resolution A.1192(33)",Vessel,Saint,,,,,,,,,,,,,,,,,,,,,,,,,,,,,9263198,,,,,,,
32014R0833,419,EU-RUS,XLII,Transportation restrictions,20.7.2025,"Article 3s(2), point (c): are operated in such a way as to contribute or support actions or policies for the exploitation, development or expansion of the energy sector in Russia, including energy infrastructure.",Vessel,Arctic Mulan,,,,,,,,,,,,,,,,,,,,,,,,,,,,,9864837,,,,,,,
32014R0833,420,EU-RUS,XLII,Transportation restrictions,20.7.2025,"Article 3s(2), point (b): transport crude oil or petroleum products, as listed in Annex XXV, that originate in Russia or are exported from Russia while practicing irregular and high-risk shipping practices as set out in the International Maritime Organisation General Assembly resolution A.1192(33)",Vessel,Viper,,,,,,,,,,,,,,,,,,,,,,,,,,,,,9299874,,,,,,,
32014R0833,421,EU-RUS,XLII,Transportation restrictions,20.7.2025,"Article 3s(2), point (b): transport crude oil or petroleum products, as listed in Annex XXV, that originate in Russia or are exported from Russia while practicing irregular and high-risk shipping practices as set out in the International Maritime Organisation General Assembly resolution A.1192(33)",Vessel,Wu Tai,,,,,,,,,,,,,,,,,,,,,,,,,,,,,9419151,,,,,,,
32014R0833,422,EU-RUS,XLII,Transportation restrictions,20.7.2025,"Article 3s(2), point (b): transport crude oil or petroleum products, as listed in Annex XXV, that originate in Russia or are exported from Russia while practicing irregular and high-risk shipping practices as set out in the International Maritime Organisation General Assembly resolution A.1192(33)",Vessel,Lark,,,Lea I,,,,,,,,,,,,,,,,,,,,,,,,,,9277759,,,,,,,
32014R0833,423,EU-RUS,XLII,Transportation restrictions,20.7.2025,"Article 3s(2), point (b): transport crude oil or petroleum products, as listed in Annex XXV, that originate in Russia or are exported from Russia while practicing irregular and high-risk shipping practices as set out in the International Maritime Organisation General Assembly resolution A.1192(33)",Vessel,Marble,,,,,,,,,,,,,,,,,,,,,,,,,,,,,9323974,,,,,,,
32014R0833,424,EU-RUS,XLII,Transportation restrictions,20.7.2025,"Article 3s(2), point (b): transport crude oil or petroleum products, as listed in Annex XXV, that originate in Russia or are exported from Russia while practicing irregular and high-risk shipping practices as set out in the International Maritime Organisation General Assembly resolution A.1192(33)",Vessel,Seginus,,,,,,,,,,,,,,,,,,,,,,,,,,,,,9256028,,,,,,,
32014R0833,425,EU-RUS,XLII,Transportation restrictions,20.7.2025,"Article 3s(2), point (b): transport crude oil or petroleum products, as listed in Annex XXV, that originate in Russia or are exported from Russia while practicing irregular and high-risk shipping practices as set out in the International Maritime Organisation General Assembly resolution A.1192(33)",Vessel,Peace,,,,,,,,,,,,,,,,,,,,,,,,,,,,,9249130,,,,,,,
32014R0833,426,EU-RUS,XLII,Transportation restrictions,20.7.2025,"Article 3s(2), point (b): transport crude oil or petroleum products, as listed in Annex XXV, that originate in Russia or are exported from Russia while practicing irregular and high-risk shipping practices as set out in the International Maritime Organisation General Assembly resolution A.1192(33)",Vessel,Ailama,,,,,,,,,,,,,,,,,,,,,,,,,,,,,9232888,,,,,,,
32014R0833,427,EU-RUS,XLII,Transportation restrictions,20.7.2025,"Article 3s(2), point (b): transport crude oil or petroleum products, as listed in Annex XXV, that originate in Russia or are exported from Russia while practicing irregular and high-risk shipping practices as set out in the International Maritime Organisation General Assembly resolution A.1192(33)",Vessel,Dorin,,,E Mei Shan,,,,,,,,,,,,,,,,,,,,,,,,,,9290828,,,,,,,
32014R0833,428,EU-RUS,XLII,Transportation restrictions,20.7.2025,"Article 3s(2), point (b): transport crude oil or petroleum products, as listed in Annex XXV, that originate in Russia or are exported from Russia while practicing irregular and high-risk shipping practices as set out in the International Maritime Organisation General Assembly resolution A.1192(33)",Vessel,Sooraj,,,,,,,,,,,,,,,,,,,,,,,,,,,,,9332834,,,,,,,
32014R0833,429,EU-RUS,XLII,Transportation restrictions,20.7.2025,"Article 3s(2), point (b): transport crude oil or petroleum products, as listed in Annex XXV, that originate in Russia or are exported from Russia while practicing irregular and high-risk shipping practices as set out in the International Maritime Organisation General Assembly resolution A.1192(33)",Vessel,Elise,,,,,,,,,,,,,,,,,,,,,,,,,,,,,9277747,,,,,,,
32014R0833,430,EU-RUS,XLII,Transportation restrictions,20.7.2025,"Article 3s(2), point (b): transport crude oil or petroleum products, as listed in Annex XXV, that originate in Russia or are exported from Russia while practicing irregular and high-risk shipping practices as set out in the International Maritime Organisation General Assembly resolution A.1192(33)",Vessel,Vision,,,,,,,,,,,,,,,,,,,,,,,,,,,,,9236016,,,,,,,
32014R0833,431,EU-RUS,XLII,Transportation restrictions,20.7.2025,"Article 3s(2), point (b): transport crude oil or petroleum products, as listed in Annex XXV, that originate in Russia or are exported from Russia while practicing irregular and high-risk shipping practices as set out in the International Maritime Organisation General Assembly resolution A.1192(33)",Vessel,Aura,,,,,,,,,,,,,,,,,,,,,,,,,,,,,9624316,,,,,,,
32014R0833,432,EU-RUS,XLII,Transportation restrictions,20.7.2025,"Article 3s(2), point (b): transport crude oil or petroleum products, as listed in Annex XXV, that originate in Russia or are exported from Russia while practicing irregular and high-risk shipping practices as set out in the International Maritime Organisation General Assembly resolution A.1192(33)",Vessel,Dignity,,,,,,,,,,,,,,,,,,,,,,,,,,,,,9283241,,,,,,,
32014R0833,433,EU-RUS,XLII,Transportation restrictions,20.7.2025,"Article 3s(2), point (b): transport crude oil or petroleum products, as listed in Annex XXV, that originate in Russia or are exported from Russia while practicing irregular and high-risk shipping practices as set out in the International Maritime Organisation General Assembly resolution A.1192(33)",Vessel,Lumin,,,,,,,,,,,,,,,,,,,,,,,,,,,,,9330599,,,,,,,
32014R0833,434,EU-RUS,XLII,Transportation restrictions,20.7.2025,"Article 3s(2), point (b): transport crude oil or petroleum products, as listed in Annex XXV, that originate in Russia or are exported from Russia while practicing irregular and high-risk shipping practices as set out in the International Maritime Organisation General Assembly resolution A.1192(33)",Vessel,Minion,,,,,,,,,,,,,,,,,,,,,,,,,,,,,9389095,,,,,,,
32014R0833,435,EU-RUS,XLII,Transportation restrictions,20.7.2025,"Article 3s(2), point (b): transport crude oil or petroleum products, as listed in Annex XXV, that originate in Russia or are exported from Russia while practicing irregular and high-risk shipping practices as set out in the International Maritime Organisation General Assembly resolution A.1192(33)",Vessel,Cetus,,,,,,,,,,,,,,,,,,,,,,,,,,,,,9418482,,,,,,,
32014R0833,436,EU-RUS,XLII,Transportation restrictions,20.7.2025,"Article 3s(2), point (b): transport crude oil or petroleum products, as listed in Annex XXV, that originate in Russia or are exported from Russia while practicing irregular and high-risk shipping practices as set out in the International Maritime Organisation General Assembly resolution A.1192(33)",Vessel,Arabela,,,,,,,,,,,,,,,,,,,,,,,,,,,,,9253313,,,,,,,
32014R0833,438,EU-RUS,XLII,Transportation restrictions,20.7.2025,"Article 3s(2), point (b): transport crude oil or petroleum products, as listed in Annex XXV, that originate in Russia or are exported from Russia while practicing irregular and high-risk shipping practices as set out in the International Maritime Organisation General Assembly resolution A.1192(33)",Vessel,Aulis,,,,,,,,,,,,,,,,,,,,,,,,,,,,,9233765,,,,,,,
32014R0833,439,EU-RUS,XLII,Transportation restrictions,20.7.2025,"Article 3s(2), point (b): transport crude oil or petroleum products, as listed in Annex XXV, that originate in Russia or are exported from Russia while practicing irregular and high-risk shipping practices as set out in the International Maritime Organisation General Assembly resolution A.1192(33)",Vessel,Naxos,,,,,,,,,,,,,,,,,,,,,,,,,,,,,9336426,,,,,,,
32014R0833,440,EU-RUS,XLII,Transportation restrictions,20.7.2025,"Article 3s(2), point (b): transport crude oil or petroleum products, as listed in Annex XXV, that originate in Russia or are exported from Russia while practicing irregular and high-risk shipping practices as set out in the International Maritime Organisation General Assembly resolution A.1192(33)",Vessel,Indri,,,,,,,,,,,,,,,,,,,,,,,,,,,,,9247429,,,,,,,
32014R0833,441,EU-RUS,XLII,Transportation restrictions,20.7.2025,"Article 3s(2), point (b): transport crude oil or petroleum products, as listed in Annex XXV, that originate in Russia or are exported from Russia while practicing irregular and high-risk shipping practices as set out in the International Maritime Organisation General Assembly resolution A.1192(33)",Vessel,Mariel,,,,,,,,,,,,,,,,,,,,,,,,,,,,,9247376,,,,,,,
32014R0833,442,EU-RUS,XLII,Transportation restrictions,20.7.2025,"Article 3s(2), point (b): transport crude oil or petroleum products, as listed in Annex XXV, that originate in Russia or are exported from Russia while practicing irregular and high-risk shipping practices as set out in the International Maritime Organisation General Assembly resolution A.1192(33)",Vessel,Marlin,,,,,,,,,,,,,,,,,,,,,,,,,,,,,9585912,,,,,,,
32014R0833,443,EU-RUS,XLII,Transportation restrictions,20.7.2025,"Article 3s(2), point (b): transport crude oil or petroleum products, as listed in Annex XXV, that originate in Russia or are exported from Russia while practicing irregular and high-risk shipping practices as set out in the International Maritime Organisation General Assembly resolution A.1192(33)",Vessel,Skadi,,,,,,,,,,,,,,,,,,,,,,,,,,,,,9230971,,,,,,,
32014R0833,444,EU-RUS,XLII,Transportation restrictions,20.7.2025,"Article 3s(2), point (b): transport crude oil or petroleum products, as listed in Annex XXV, that originate in Russia or are exported from Russia while practicing irregular and high-risk shipping practices as set out in the International Maritime Organisation General Assembly resolution A.1192(33)",Vessel,Mars 6,,,,,,,,,,,,,,,,,,,,,,,,,,,,,9384992,,,,,,,
32014R0833,446,EU-RUS,XLII,Transportation restrictions,20.7.2025,"Article 3s(2), point (b): transport crude oil or petroleum products, as listed in Annex XXV, that originate in Russia or are exported from Russia while practicing irregular and high-risk shipping practices as set out in the International Maritime Organisation General Assembly resolution A.1192(33)",Vessel,Oilstar,,,,,,,,,,,,,,,,,,,,,,,,,,,,,9310525,,,,,,,
32014R0833,447,EU-RUS,XLII,Transportation restrictions,20.7.2025,"Article 3s(2), point (b): transport crude oil or petroleum products, as listed in Annex XXV, that originate in Russia or are exported from Russia while practicing irregular and high-risk shipping practices as set out in the International Maritime Organisation General Assembly resolution A.1192(33)",Vessel,Mikati,,,,,,,,,,,,,,,,,,,,,,,,,,,,,9250892,,,,,,,
32014R0833,450,EU-RUS,XLII,Transportation restrictions,24.10.2025,"Article 3s(2), point (b): transport crude oil or petroleum products as listed in Annex XXV or mineral products that originate in Russia or are exported from Russia and practice irregular and high-risk shipping practices as set out in the International Maritime Organisation General Assembly resolution A.1192(33).",Vessel,CAROLINE BEZENGI,,,,,,,,,,,,,,,,,,,,,,,,,,,,,9224439,,,,,,,
32014R0833,451,EU-RUS,XLII,Transportation restrictions,24.10.2025,"Article 3s(2), point (b): transport crude oil or petroleum products as listed in Annex XXV or mineral products that originate in Russia or are exported from Russia and practice irregular and high-risk shipping practices as set out in the International Maritime Organisation General Assembly resolution A.1192(33).",Vessel,FIRN,,,,,,,,,,,,,,,,,,,,,,,,,,,,,9224441,,,,,,,
32014R0833,452,EU-RUS,XLII,Transportation restrictions,24.10.2025,"Article 3s(2), point (b): transport crude oil or petroleum products as listed in Annex XXV or mineral products that originate in Russia or are exported from Russia and practice irregular and high-risk shipping practices as set out in the International Maritime Organisation General Assembly resolution A.1192(33).",Vessel,PRIMORYE,,,,,,,,,,,,,,,,,,,,,,,,,,,,,9236743,,,,,,,
32014R0833,453,EU-RUS,XLII,Transportation restrictions,24.10.2025,"Article 3s(2), point (b): transport crude oil or petroleum products as listed in Annex XXV or mineral products that originate in Russia or are exported from Russia and practice irregular and high-risk shipping practices as set out in the International Maritime Organisation General Assembly resolution A.1192(33).",Vessel,LONGEVITY 7,,,,,,,,,,,,,,,,,,,,,,,,,,,,,9240885,,,,,,,
32014R0833,454,EU-RUS,XLII,Transportation restrictions,24.10.2025,"Article 3s(2), point (b): transport crude oil or petroleum products as listed in Annex XXV or mineral products that originate in Russia or are exported from Russia and practice irregular and high-risk shipping practices as set out in the International Maritime Organisation General Assembly resolution A.1192(33).",Vessel,ADONIA,,,,,,,,,,,,,,,,,,,,,,,,,,,,,9242223,,,,,,,
32014R0833,455,EU-RUS,XLII,Transportation restrictions,24.10.2025,"Article 3s(2), point (b): transport crude oil or petroleum products as listed in Annex XXV or mineral products that originate in Russia or are exported from Russia and practice irregular and high-risk shipping practices as set out in the International Maritime Organisation General Assembly resolution A.1192(33).",Vessel,NEVSKIY PROSPECT,,,,,,,,,,,,,,,,,,,,,,,,,,,,,9256054,,,,,,,
32014R0833,456,EU-RUS,XLII,Transportation restrictions,24.10.2025,"Article 3s(2), point (b): transport crude oil or petroleum products as listed in Annex XXV or mineral products that originate in Russia or are exported from Russia and practice irregular and high-risk shipping practices as set out in the International Maritime Organisation General Assembly resolution A.1192(33).",Vessel,LITEYNY PROSPECT,,,,,,,,,,,,,,,,,,,,,,,,,,,,,9256078,,,,,,,
32014R0833,457,EU-RUS,XLII,Transportation restrictions,24.10.2025,"Article 3s(2), point (b): transport crude oil or petroleum products as listed in Annex XXV or mineral products that originate in Russia or are exported from Russia and practice irregular and high-risk shipping practices as set out in the International Maritime Organisation General Assembly resolution A.1192(33).",Vessel,ARMADA LEADER,,,,,,,,,,,,,,,,,,,,,,,,,,,,,9260483,,,,,,,
32014R0833,458,EU-RUS,XLII,Transportation restrictions,24.10.2025,"Article 3s(2), point (b): transport crude oil or petroleum products as listed in Annex XXV or mineral products that originate in Russia or are exported from Russia and practice irregular and high-risk shipping practices as set out in the International Maritime Organisation General Assembly resolution A.1192(33).",Vessel,C VIKING,,,,,,,,,,,,,,,,,,,,,,,,,,,,,9261657,,,,,,,
32014R0833,459,EU-RUS,XLII,Transportation restrictions,24.10.2025,"Article 3s(2), point (b): transport crude oil or petroleum products as listed in Annex XXV or mineral products that originate in Russia or are exported from Russia and practice irregular and high-risk shipping practices as set out in the International Maritime Organisation General Assembly resolution A.1192(33).",Vessel,SEA MAVERICK,,,,,,,,,,,,,,,,,,,,,,,,,,,,,9265885,,,,,,,
32014R0833,460,EU-RUS,XLII,Transportation restrictions,24.10.2025,"Article 3s(2), point (b): transport crude oil or petroleum products as listed in Annex XXV or mineral products that originate in Russia or are exported from Russia and practice irregular and high-risk shipping practices as set out in the International Maritime Organisation General Assembly resolution A.1192(33).",Vessel,BELA,,,,,,,,,,,,,,,,,,,,,,,,,,,,,9270749,,,,,,,
32014R0833,461,EU-RUS,XLII,Transportation restrictions,24.10.2025,"Article 3s(2), point (b): transport crude oil or petroleum products as listed in Annex XXV or mineral products that originate in Russia or are exported from Russia and practice irregular and high-risk shipping practices as set out in the International Maritime Organisation General Assembly resolution A.1192(33).",Vessel,SHANGRI LA,,,,,,,,,,,,,,,,,,,,,,,,,,,,,9274434,,,,,,,
32014R0833,462,EU-RUS,XLII,Transportation restrictions,24.10.2025,"Article 3s(2), point (b): transport crude oil or petroleum products as listed in Annex XXV or mineral products that originate in Russia or are exported from Russia and practice irregular and high-risk shipping practices as set out in the International Maritime Organisation General Assembly resolution A.1192(33).",Vessel,ASTRAL,,,,,,,,,,,,,,,,,,,,,,,,,,,,,9274800,,,,,,,
32014R0833,463,EU-RUS,XLII,Transportation restrictions,24.10.2025,"Article 3s(2), point (b): transport crude oil or petroleum products as listed in Annex XXV or mineral products that originate in Russia or are exported from Russia and practice irregular and high-risk shipping practices as set out in the International Maritime Organisation General Assembly resolution A.1192(33).",Vessel,SOFOS,,,,,,,,,,,,,,,,,,,,,,,,,,,,,9278064,,,,,,,
32014R0833,464,EU-RUS,XLII,Transportation restrictions,24.10.2025,"Article 3s(2), point (b): transport crude oil or petroleum products as listed in Annex XXV or mineral products that originate in Russia or are exported from Russia and practice irregular and high-risk shipping practices as set out in the International Maritime Organisation General Assembly resolution A.1192(33).",Vessel,ATLANTICOS,,,,,,,,,,,,,,,,,,,,,,,,,,,,,9282986,,,,,,,
32014R0833,465,EU-RUS,XLII,Transportation restrictions,24.10.2025,"Article 3s(2), point (b): transport crude oil or petroleum products as listed in Annex XXV or mineral products that originate in Russia or are exported from Russia and practice irregular and high-risk shipping practices as set out in the International Maritime Organisation General Assembly resolution A.1192(33).",Vessel,PACIFICOS,,,,,,,,,,,,,,,,,,,,,,,,,,,,,9288930,,,,,,,
32014R0833,466,EU-RUS,XLII,Transportation restrictions,24.10.2025,"Article 3s(2), point (b): transport crude oil or petroleum products as listed in Annex XXV or mineral products that originate in Russia or are exported from Russia and practice irregular and high-risk shipping practices as set out in the International Maritime Organisation General Assembly resolution A.1192(33).",Vessel,CHONGCHON,,,,,,,,,,,,,,,,,,,,,,,,,,,,,9294123,,,,,,,
32014R0833,467,EU-RUS,XLII,Transportation restrictions,24.10.2025,"Article 3s(2), point (b): transport crude oil or petroleum products as listed in Annex XXV or mineral products that originate in Russia or are exported from Russia and practice irregular and high-risk shipping practices as set out in the International Maritime Organisation General Assembly resolution A.1192(33).",Vessel,LEONA,,,,,,,,,,,,,,,,,,,,,,,,,,,,,9299721,,,,,,,
32014R0833,468,EU-RUS,XLII,Transportation restrictions,24.10.2025,"Article 3s(2), point (b): transport crude oil or petroleum products as listed in Annex XXV or mineral products that originate in Russia or are exported from Russia and practice irregular and high-risk shipping practices as set out in the International Maritime Organisation General Assembly resolution A.1192(33).",Vessel,BREEZE,,,,,,,,,,,,,,,,,,,,,,,,,,,,,9305568,,,,,,,
32014R0833,469,EU-RUS,XLII,Transportation restrictions,24.10.2025,"Article 3s(2), point (b): transport crude oil or petroleum products as listed in Annex XXV or mineral products that originate in Russia or are exported from Russia and practice irregular and high-risk shipping practices as set out in the International Maritime Organisation General Assembly resolution A.1192(33).",Vessel,ARYABHATA,,,,,,,,,,,,,,,,,,,,,,,,,,,,,9319882,,,,,,,
32014R0833,470,EU-RUS,XLII,Transportation restrictions,24.10.2025,"Article 3s(2), point (b): transport crude oil or petroleum products as listed in Annex XXV or mineral products that originate in Russia or are exported from Russia and practice irregular and high-risk shipping practices as set out in the International Maritime Organisation General Assembly resolution A.1192(33).",Vessel,RIMMA,,,,,,,,,,,,,,,,,,,,,,,,,,,,,9337901,,,,,,,
32014R0833,471,EU-RUS,XLII,Transportation restrictions,24.10.2025,"Article 3s(2), point (b): transport crude oil or petroleum products as listed in Annex XXV or mineral products that originate in Russia or are exported from Russia and practice irregular and high-risk shipping practices as set out in the International Maritime Organisation General Assembly resolution A.1192(33).",Vessel,LADOGA,,,,,,,,,,,,,,,,,,,,,,,,,,,,,9339313,,,,,,,
32014R0833,472,EU-RUS,XLII,Transportation restrictions,24.10.2025,"Article 3s(2), point (b): transport crude oil or petroleum products as listed in Annex XXV or mineral products that originate in Russia or are exported from Russia and practice irregular and high-risk shipping practices as set out in the International Maritime Organisation General Assembly resolution A.1192(33).",Vessel,LEVEL,,,,,,,,,,,,,,,,,,,,,,,,,,,,,9339325,,,,,,,
32014R0833,473,EU-RUS,XLII,Transportation restrictions,24.10.2025,"Article 3s(2), point (b): transport crude oil or petroleum products as listed in Annex XXV or mineral products that originate in Russia or are exported from Russia and practice irregular and high-risk shipping practices as set out in the International Maritime Organisation General Assembly resolution A.1192(33).",Vessel,ELODIE I,,,,,,,,,,,,,,,,,,,,,,,,,,,,,9346873,,,,,,,
32014R0833,474,EU-RUS,XLII,Transportation restrictions,24.10.2025,"Article 3s(2), point (b): transport crude oil or petroleum products as listed in Annex XXV or mineral products that originate in Russia or are exported from Russia and practice irregular and high-risk shipping practices as set out in the International Maritime Organisation General Assembly resolution A.1192(33).",Vessel,INDUS 1,,,,,,,,,,,,,,,,,,,,,,,,,,,,,9360415,,,,,,,
32014R0833,475,EU-RUS,XLII,Transportation restrictions,24.10.2025,"Article 3s(2), point (b): transport crude oil or petroleum products as listed in Annex XXV or mineral products that originate in Russia or are exported from Russia and practice irregular and high-risk shipping practices as set out in the International Maritime Organisation General Assembly resolution A.1192(33).",Vessel,BAI LU,,,,,,,,,,,,,,,,,,,,,,,,,,,,,9388780,,,,,,,
32014R0833,476,EU-RUS,XLII,Transportation restrictions,24.10.2025,"Article 3s(2), point (b): transport crude oil or petroleum products as listed in Annex XXV or mineral products that originate in Russia or are exported from Russia and practice irregular and high-risk shipping practices as set out in the International Maritime Organisation General Assembly resolution A.1192(33).",Vessel,JUPITER,,,,,,,,,,,,,,,,,,,,,,,,,,,,,9397535,,,,,,,
32014R0833,477,EU-RUS,XLII,Transportation restrictions,24.10.2025,"Article 3s(2), point (b): transport crude oil or petroleum products as listed in Annex XXV or mineral products that originate in Russia or are exported from Russia and practice irregular and high-risk shipping practices as set out in the International Maritime Organisation General Assembly resolution A.1192(33).",Vessel,ANTARKTIKA,,,,,,,,,,,,,,,,,,,,,,,,,,,,,9413559,,,,,,,
32014R0833,478,EU-RUS,XLII,Transportation restrictions,24.10.2025,"Article 3s(2), point (b): transport crude oil or petroleum products as listed in Annex XXV or mineral products that originate in Russia or are exported from Russia and practice irregular and high-risk shipping practices as set out in the International Maritime Organisation General Assembly resolution A.1192(33).",Vessel,BOBCAT,,,BLOSSOM,,,,,,,,,,,,,,,,,,,,,,,,,,9422457,,,,,,,
32014R0833,479,EU-RUS,XLII,Transportation restrictions,24.10.2025,"Article 3s(2), point (b): transport crude oil or petroleum products as listed in Annex XXV or mineral products that originate in Russia or are exported from Russia and practice irregular and high-risk shipping practices as set out in the International Maritime Organisation General Assembly resolution A.1192(33).",Vessel,IVAN KRAMSKOY,,,,,,,,,,,,,,,,,,,,,,,,,,,,,9640499,,,,,,,
32014R0833,480,EU-RUS,XLII,Transportation restrictions,24.10.2025,"Article 3s(2), point (b): transport crude oil or petroleum products as listed in Annex XXV or mineral products that originate in Russia or are exported from Russia and practice irregular and high-risk shipping practices as set out in the International Maritime Organisation General Assembly resolution A.1192(33).",Vessel,ALEKSEY SAVRASOV,,,,,,,,,,,,,,,,,,,,,,,,,,,,,9645061,,,,,,,
32014R0833,481,EU-RUS,XLII,Transportation restrictions,24.10.2025,"Article 3s(2), point (b): transport crude oil or petroleum products as listed in Annex XXV or mineral products that originate in Russia or are exported from Russia and practice irregular and high-risk shipping practices as set out in the International Maritime Organisation General Assembly resolution A.1192(33).",Vessel,YAZ,,,,,,,,,,,,,,,,,,,,,,,,,,,,,9735323,,,,,,,
32014R0833,482,EU-RUS,XLII,Transportation restrictions,24.10.2025,"Article 3s(2), point (b): transport crude oil or petroleum products as listed in Annex XXV or mineral products that originate in Russia or are exported from Russia and practice irregular and high-risk shipping practices as set out in the International Maritime Organisation General Assembly resolution A.1192(33).",Vessel,ALARA,,,,,,,,,,,,,,,,,,,,,,,,,,,,,9741724,,,,,,,
32014R0833,483,EU-RUS,XLII,Transportation restrictions,24.10.2025,"Article 3s(2), point (b): transport crude oil or petroleum products as listed in Annex XXV or mineral products that originate in Russia or are exported from Russia and practice irregular and high-risk shipping practices as set out in the International Maritime Organisation General Assembly resolution A.1192(33).",Vessel,NIKOLAY ANISHCHENKOV,,,,,,,,,,,,,,,,,,,,,,,,,,,,,9942392,,,,,,,
32014R0833,484,EU-RUS,XLII,Transportation restrictions,24.10.2025,"Article 3s(2), point (b): transport crude oil or petroleum products as listed in Annex XXV or mineral products that originate in Russia or are exported from Russia and practice irregular and high-risk shipping practices as set out in the International Maritime Organisation General Assembly resolution A.1192(33).",Vessel,APUS,,,,,,,,,,,,,,,,,,,,,,,,,,,,,9280885,,,,,,,
32014R0833,485,EU-RUS,XLII,Transportation restrictions,24.10.2025,"Article 3s(2), point (b): transport crude oil or petroleum products as listed in Annex XXV or mineral products that originate in Russia or are exported from Russia and practice irregular and high-risk shipping practices as set out in the International Maritime Organisation General Assembly resolution A.1192(33).",Vessel,AQUILLA II,,,,,,,,,,,,,,,,,,,,,,,,,,,,,9281152,,,,,,,
32014R0833,486,EU-RUS,XLII,Transportation restrictions,24.10.2025,"Article 3s(2), point (b): transport crude oil or petroleum products as listed in Annex XXV or mineral products that originate in Russia or are exported from Russia and practice irregular and high-risk shipping practices as set out in the International Maritime Organisation General Assembly resolution A.1192(33).",Vessel,CHENG HE,,,,,,,,,,,,,,,,,,,,,,,,,,,,,9304629,,,,,,,
32014R0833,487,EU-RUS,XLII,Transportation restrictions,24.10.2025,"Article 3s(2), point (b): transport crude oil or petroleum products as listed in Annex XXV or mineral products that originate in Russia or are exported from Russia and practice irregular and high-risk shipping practices as set out in the International Maritime Organisation General Assembly resolution A.1192(33).",Vessel,FURIA,,,,,,,,,,,,,,,,,,,,,,,,,,,,,9257802,,,,,,,
32014R0833,488,EU-RUS,XLII,Transportation restrictions,24.10.2025,"Article 3s(2), point (b): transport crude oil or petroleum products as listed in Annex XXV or mineral products that originate in Russia or are exported from Russia and practice irregular and high-risk shipping practices as set out in the International Maritime Organisation General Assembly resolution A.1192(33).",Vessel,MANASLU,,,,,,,,,,,,,,,,,,,,,,,,,,,,,9388027,,,,,,,
32014R0833,489,EU-RUS,XLII,Transportation restrictions,24.10.2025,"Article 3s(2), point (b): transport crude oil or petroleum products as listed in Annex XXV or mineral products that originate in Russia or are exported from Russia and practice irregular and high-risk shipping practices as set out in the International Maritime Organisation General Assembly resolution A.1192(33).",Vessel,MIRES,,,,,,,,,,,,,,,,,,,,,,,,,,,,,9299771,,,,,,,
32014R0833,490,EU-RUS,XLII,Transportation restrictions,24.10.2025,"Article 3s(2), point (b): transport crude oil or petroleum products as listed in Annex XXV or mineral products that originate in Russia or are exported from Russia and practice irregular and high-risk shipping practices as set out in the International Maritime Organisation General Assembly resolution A.1192(33).",Vessel,MYRA,,,,,,,,,,,,,,,,,,,,,,,,,,,,,9336490,,,,,,,
32014R0833,491,EU-RUS,XLII,Transportation restrictions,24.10.2025,"Article 3s(2), point (b): transport crude oil or petroleum products as listed in Annex XXV or mineral products that originate in Russia or are exported from Russia and practice irregular and high-risk shipping practices as set out in the International Maritime Organisation General Assembly resolution A.1192(33).",Vessel,APATE,,,,,,,,,,,,,,,,,,,,,,,,,,,,,9433016,,,,,,,
32014R0833,492,EU-RUS,XLII,Transportation restrictions,24.10.2025,"Article 3s(2), point (b): transport crude oil or petroleum products as listed in Annex XXV or mineral products that originate in Russia or are exported from Russia and practice irregular and high-risk shipping practices as set out in the International Maritime Organisation General Assembly resolution A.1192(33).",Vessel,AZURE,,,,,,,,,,,,,,,,,,,,,,,,,,,,,9387255,,,,,,,
32014R0833,493,EU-RUS,XLII,Transportation restrictions,24.10.2025,"Article 3s(2), point (b): transport crude oil or petroleum products as listed in Annex XXV or mineral products that originate in Russia or are exported from Russia and practice irregular and high-risk shipping practices as set out in the International Maritime Organisation General Assembly resolution A.1192(33).",Vessel,BAVLY,,,,,,,,,,,,,,,,,,,,,,,,,,,,,9621560,,,,,,,
32014R0833,494,EU-RUS,XLII,Transportation restrictions,24.10.2025,"Article 3s(2), point (b): transport crude oil or petroleum products as listed in Annex XXV or mineral products that originate in Russia or are exported from Russia and practice irregular and high-risk shipping practices as set out in the International Maritime Organisation General Assembly resolution A.1192(33).",Vessel,KYLO,,,,,,,,,,,,,,,,,,,,,,,,,,,,,9189146,,,,,,,
32014R0833,495,EU-RUS,XLII,Transportation restrictions,24.10.2025,"Article 3s(2), point (b): transport crude oil or petroleum products as listed in Annex XXV or mineral products that originate in Russia or are exported from Russia and practice irregular and high-risk shipping practices as set out in the International Maritime Organisation General Assembly resolution A.1192(33).",Vessel,PEGASUS,,,,,,,,,,,,,,,,,,,,,,,,,,,,,9276028,,,,,,,
32014R0833,496,EU-RUS,XLII,Transportation restrictions,24.10.2025,"Article 3s(2), point (b): transport crude oil or petroleum products as listed in Annex XXV or mineral products that originate in Russia or are exported from Russia and practice irregular and high-risk shipping practices as set out in the International Maritime Organisation General Assembly resolution A.1192(33).",Vessel,SABINA,,,,,,,,,,,,,,,,,,,,,,,,,,,,,9524451,,,,,,,
32014R0833,497,EU-RUS,XLII,Transportation restrictions,24.10.2025,"Article 3s(2), point (b): transport crude oil or petroleum products as listed in Annex XXV or mineral products that originate in Russia or are exported from Russia and practice irregular and high-risk shipping practices as set out in the International Maritime Organisation General Assembly resolution A.1192(33).",Vessel,TEMPEST DREAM,,,,,,,,,,,,,,,,,,,,,,,,,,,,,9308132,,,,,,,
32014R0833,498,EU-RUS,XLII,Transportation restrictions,24.10.2025,"Article 3s(2), point (b): transport crude oil or petroleum products as listed in Annex XXV or mineral products that originate in Russia or are exported from Russia and practice irregular and high-risk shipping practices as set out in the International Maritime Organisation General Assembly resolution A.1192(33).",Vessel,TORX,,,,,,,,,,,,,,,,,,,,,,,,,,,,,9311610,,,,,,,
32014R0833,499,EU-RUS,XLII,Transportation restrictions,24.10.2025,"Article 3s(2), point (b): transport crude oil or petroleum products as listed in Annex XXV or mineral products that originate in Russia or are exported from Russia and practice irregular and high-risk shipping practices as set out in the International Maritime Organisation General Assembly resolution A.1192(33).",Vessel,BOLU,,,,,,,,,,,,,,,,,,,,,,,,,,,,,9439539,,,,,,,
32014R0833,500,EU-RUS,XLII,Transportation restrictions,24.10.2025,"Article 3s(2), point (b): transport crude oil or petroleum products as listed in Annex XXV or mineral products that originate in Russia or are exported from Russia and practice irregular and high-risk shipping practices as set out in the International Maritime Organisation General Assembly resolution A.1192(33).",Vessel,AURA 1,,,,,,,,,,,,,,,,,,,,,,,,,,,,,9472634,,,,,,,
32014R0833,501,EU-RUS,XLII,Transportation restrictions,24.10.2025,"Article 3s(2), point (b): transport crude oil or petroleum products as listed in Annex XXV or mineral products that originate in Russia or are exported from Russia and practice irregular and high-risk shipping practices as set out in the International Maritime Organisation General Assembly resolution A.1192(33).",Vessel,GENERAL SKOBELEV,,,,,,,,,,,,,,,,,,,,,,,,,,,,,9503304,,,,,,,
32014R0833,502,EU-RUS,XLII,Transportation restrictions,24.10.2025,"Article 3s(2), point (b): transport crude oil or petroleum products as listed in Annex XXV or mineral products that originate in Russia or are exported from Russia and practice irregular and high-risk shipping practices as set out in the International Maritime Organisation General Assembly resolution A.1192(33).",Vessel,GAZPROMNEFT ZUID EAST,,,,,,,,,,,,,,,,,,,,,,,,,,,,,9537109,,,,,,,
32014R0833,503,EU-RUS,XLII,Transportation restrictions,24.10.2025,"Article 3s(2), point (b): transport crude oil or petroleum products as listed in Annex XXV or mineral products that originate in Russia or are exported from Russia and practice irregular and high-risk shipping practices as set out in the International Maritime Organisation General Assembly resolution A.1192(33).",Vessel,CENTURION I,,,,,,,,,,,,,,,,,,,,,,,,,,,,,9436020,,,,,,,
32014R0833,505,EU-RUS,XLII,Transportation restrictions,24.10.2025,"Article 3s(2), point (b): transport crude oil or petroleum products as listed in Annex XXV or mineral products that originate in Russia or are exported from Russia and practice irregular and high-risk shipping practices as set out in the International Maritime Organisation General Assembly resolution A.1192(33).",Vessel,TASSOS,,,,,,,,,,,,,,,,,,,,,,,,,,,,,9408695,,,,,,,
32014R0833,506,EU-RUS,XLII,Transportation restrictions,24.10.2025,"Article 3s(2), point (b): transport crude oil or petroleum products as listed in Annex XXV or mineral products that originate in Russia or are exported from Russia and practice irregular and high-risk shipping practices as set out in the International Maritime Organisation General Assembly resolution A.1192(33).",Vessel,ADITYA,,,,,,,,,,,,,,,,,,,,,,,,,,,,,9323314,,,,,,,
32014R0833,507,EU-RUS,XLII,Transportation restrictions,24.10.2025,"Article 3s(2), point (b): transport crude oil or petroleum products as listed in Annex XXV or mineral products that originate in Russia or are exported from Russia and practice irregular and high-risk shipping practices as set out in the International Maritime Organisation General Assembly resolution A.1192(33).",Vessel,BELOMOR,,,,,,,,,,,,,,,,,,,,,,,,,,,,,9384435,,,,,,,
32014R0833,508,EU-RUS,XLII,Transportation restrictions,24.10.2025,"Article 3s(2), point (b): transport crude oil or petroleum products as listed in Annex XXV or mineral products that originate in Russia or are exported from Russia and practice irregular and high-risk shipping practices as set out in the International Maritime Organisation General Assembly resolution A.1192(33).",Vessel,COATLICUE,,,,,,,,,,,,,,,,,,,,,,,,,,,,,9235000,,,,,,,
32014R0833,509,EU-RUS,XLII,Transportation restrictions,24.10.2025,"Article 3s(2), point (b): transport crude oil or petroleum products as listed in Annex XXV or mineral products that originate in Russia or are exported from Russia and practice irregular and high-risk shipping practices as set out in the International Maritime Organisation General Assembly resolution A.1192(33).",Vessel,DENVER,,,,,,,,,,,,,,,,,,,,,,,,,,,,,9382712,,,,,,,
32014R0833,510,EU-RUS,XLII,Transportation restrictions,24.10.2025,"Article 3s(2), point (b): transport crude oil or petroleum products as listed in Annex XXV or mineral products that originate in Russia or are exported from Russia and practice irregular and high-risk shipping practices as set out in the International Maritime Organisation General Assembly resolution A.1192(33).",Vessel,ETHERA,,,,,,,,,,,,,,,,,,,,,,,,,,,,,9387279,,,,,,,
32014R0833,511,EU-RUS,XLII,Transportation restrictions,24.10.2025,"Article 3s(2), point (b): transport crude oil or petroleum products as listed in Annex XXV or mineral products that originate in Russia or are exported from Russia and practice irregular and high-risk shipping practices as set out in the International Maritime Organisation General Assembly resolution A.1192(33).",Vessel,GARUDA,,,,,,,,,,,,,,,,,,,,,,,,,,,,,9272931,,,,,,,
32014R0833,512,EU-RUS,XLII,Transportation restrictions,24.10.2025,"Article 3s(2), point (b): transport crude oil or petroleum products as listed in Annex XXV or mineral products that originate in Russia or are exported from Russia and practice irregular and high-risk shipping practices as set out in the International Maritime Organisation General Assembly resolution A.1192(33).",Vessel,GUANYIN,,,,,,,,,,,,,,,,,,,,,,,,,,,,,9299707,,,,,,,
32014R0833,513,EU-RUS,XLII,Transportation restrictions,24.10.2025,"Article 3s(2), point (b): transport crude oil or petroleum products as listed in Annex XXV or mineral products that originate in Russia or are exported from Russia and practice irregular and high-risk shipping practices as set out in the International Maritime Organisation General Assembly resolution A.1192(33).",Vessel,IRON WAVE,,,,,,,,,,,,,,,,,,,,,,,,,,,,,9248796,,,,,,,
32014R0833,514,EU-RUS,XLII,Transportation restrictions,24.10.2025,"Article 3s(2), point (b): transport crude oil or petroleum products as listed in Annex XXV or mineral products that originate in Russia or are exported from Russia and practice irregular and high-risk shipping practices as set out in the International Maritime Organisation General Assembly resolution A.1192(33).",Vessel,KATY,,,,,,,,,,,,,,,,,,,,,,,,,,,,,9323326,,,,,,,
32014R0833,515,EU-RUS,XLII,Transportation restrictions,24.10.2025,"Article 3s(2), point (b): transport crude oil or petroleum products as listed in Annex XXV or mineral products that originate in Russia or are exported from Russia and practice irregular and high-risk shipping practices as set out in the International Maritime Organisation General Assembly resolution A.1192(33).",Vessel,KAYSERI,,,,,,,,,,,,,,,,,,,,,,,,,,,,,9292199,,,,,,,
32014R0833,517,EU-RUS,XLII,Transportation restrictions,24.10.2025,"Article 3s(2), point (b): transport crude oil or petroleum products as listed in Annex XXV or mineral products that originate in Russia or are exported from Russia and practice irregular and high-risk shipping practices as set out in the International Maritime Organisation General Assembly resolution A.1192(33).",Vessel,KONYA,,,,,,,,,,,,,,,,,,,,,,,,,,,,,9290373,,,,,,,
32014R0833,518,EU-RUS,XLII,Transportation restrictions,24.10.2025,"Article 3s(2), point (b): transport crude oil or petroleum products as listed in Annex XXV or mineral products that originate in Russia or are exported from Russia and practice irregular and high-risk shipping practices as set out in the International Maritime Organisation General Assembly resolution A.1192(33).",Vessel,MARQUISE,,,,,,,,,,,,,,,,,,,,,,,,,,,,,9315745,,,,,,,
32014R0833,519,EU-RUS,XLII,Transportation restrictions,24.10.2025,"Article 3s(2), point (b): transport crude oil or petroleum products as listed in Annex XXV or mineral products that originate in Russia or are exported from Russia and practice irregular and high-risk shipping practices as set out in the International Maritime Organisation General Assembly resolution A.1192(33).",Vessel,ONEGA,,,,,,,,,,,,,,,,,,,,,,,,,,,,,9384459,,,,,,,
32014R0833,520,EU-RUS,XLII,Transportation restrictions,24.10.2025,"Article 3s(2), point (b): transport crude oil or petroleum products as listed in Annex XXV or mineral products that originate in Russia or are exported from Russia and practice irregular and high-risk shipping practices as set out in the International Maritime Organisation General Assembly resolution A.1192(33).",Vessel,OSCAR I,,,,,,,,,,,,,,,,,,,,,,,,,,,,,9314820,,,,,,,
32014R0833,521,EU-RUS,XLII,Transportation restrictions,24.10.2025,"Article 3s(2), point (b): transport crude oil or petroleum products as listed in Annex XXV or mineral products that originate in Russia or are exported from Russia and practice irregular and high-risk shipping practices as set out in the International Maritime Organisation General Assembly resolution A.1192(33).",Vessel,RAGNAR,,,,,,,,,,,,,,,,,,,,,,,,,,,,,9384095,,,,,,,
32014R0833,522,EU-RUS,XLII,Transportation restrictions,24.10.2025,"Article 3s(2), point (b): transport crude oil or petroleum products as listed in Annex XXV or mineral products that originate in Russia or are exported from Russia and practice irregular and high-risk shipping practices as set out in the International Maritime Organisation General Assembly resolution A.1192(33).",Vessel,RHEIN,,,,,,,,,,,,,,,,,,,,,,,,,,,,,9306562,,,,,,,
32014R0833,523,EU-RUS,XLII,Transportation restrictions,24.10.2025,"Article 3s(2), point (b): transport crude oil or petroleum products as listed in Annex XXV or mineral products that originate in Russia or are exported from Russia and practice irregular and high-risk shipping practices as set out in the International Maritime Organisation General Assembly resolution A.1192(33).",Vessel,SEAL,,,,,,,,,,,,,,,,,,,,,,,,,,,,,9252400,,,,,,,
32014R0833,524,EU-RUS,XLII,Transportation restrictions,24.10.2025,"Article 3s(2), point (b): transport crude oil or petroleum products as listed in Annex XXV or mineral products that originate in Russia or are exported from Russia and practice irregular and high-risk shipping practices as set out in the International Maritime Organisation General Assembly resolution A.1192(33).",Vessel,SINO STAR,,,,,,,,,,,,,,,,,,,,,,,,,,,,,9263693,,,,,,,
32014R0833,525,EU-RUS,XLII,Transportation restrictions,24.10.2025,"Article 3s(2), point (b): transport crude oil or petroleum products as listed in Annex XXV or mineral products that originate in Russia or are exported from Russia and practice irregular and high-risk shipping practices as set out in the International Maritime Organisation General Assembly resolution A.1192(33).",Vessel,SOFIA,,,,,,,,,,,,,,,,,,,,,,,,,,,,,9211999,,,,,,,
32014R0833,526,EU-RUS,XLII,Transportation restrictions,24.10.2025,"Article 3s(2), point (b): transport crude oil or petroleum products as listed in Annex XXV or mineral products that originate in Russia or are exported from Russia and practice irregular and high-risk shipping practices as set out in the International Maritime Organisation General Assembly resolution A.1192(33).",Vessel,SOUTH STAR,,,,,,,,,,,,,,,,,,,,,,,,,,,,,9263186,,,,,,,
32014R0833,527,EU-RUS,XLII,Transportation restrictions,24.10.2025,"Article 3s(2), point (b): transport crude oil or petroleum products as listed in Annex XXV or mineral products that originate in Russia or are exported from Russia and practice irregular and high-risk shipping practices as set out in the International Maritime Organisation General Assembly resolution A.1192(33).",Vessel,STANISLAV GOVORUKHIN,,,,,,,,,,,,,,,,,,,,,,,,,,,,,9621596,,,,,,,
32014R0833,528,EU-RUS,XLII,Transportation restrictions,24.10.2025,"Article 3s(2), point (b): transport crude oil or petroleum products as listed in Annex XXV or mineral products that originate in Russia or are exported from Russia and practice irregular and high-risk shipping practices as set out in the International Maritime Organisation General Assembly resolution A.1192(33).",Vessel,TRANQUIL SEA,,,,,,,,,,,,,,,,,,,,,,,,,,,,,9323340,,,,,,,
32014R0833,529,EU-RUS,XLII,Transportation restrictions,24.10.2025,"Article 3s(2), point (b): transport crude oil or petroleum products as listed in Annex XXV or mineral products that originate in Russia or are exported from Russia and practice irregular and high-risk shipping practices as set out in the International Maritime Organisation General Assembly resolution A.1192(33).",Vessel,URIEL,,,,,,,,,,,,,,,,,,,,,,,,,,,,,9336517,,,,,,,
32014R0833,530,EU-RUS,XLII,Transportation restrictions,24.10.2025,"Article 3s(2), point (b): transport crude oil or petroleum products as listed in Annex XXV or mineral products that originate in Russia or are exported from Russia and practice irregular and high-risk shipping practices as set out in the International Maritime Organisation General Assembly resolution A.1192(33).",Vessel,VARG,,,,,,,,,,,,,,,,,,,,,,,,,,,,,9335094,,,,,,,
32014R0833,531,EU-RUS,XLII,Transportation restrictions,24.10.2025,"Article 3s(2), point (b): transport crude oil or petroleum products as listed in Annex XXV or mineral products that originate in Russia or are exported from Russia and practice irregular and high-risk shipping practices as set out in the International Maritime Organisation General Assembly resolution A.1192(33).",Vessel,XING CHEN,,,,,,,,,,,,,,,,,,,,,,,,,,,,,9550682,,,,,,,
32014R0833,533,EU-RUS,XLII,Transportation restrictions,24.10.2025,"Article 3s(2), point (b): transport crude oil or petroleum products as listed in Annex XXV or mineral products that originate in Russia or are exported from Russia and practice irregular and high-risk shipping practices as set out in the International Maritime Organisation General Assembly resolution A.1192(33).",Vessel,ANABAR,,,,,,,,,,,,,,,,,,,,,,,,,,,,,9194012,,,,,,,
32014R0833,534,EU-RUS,XLII,Transportation restrictions,24.10.2025,"Article 3s(2), point (b): transport crude oil or petroleum products as listed in Annex XXV or mineral products that originate in Russia or are exported from Russia and practice irregular and high-risk shipping practices as set out in the International Maritime Organisation General Assembly resolution A.1192(33).",Vessel,BIRTHE THERESI,,,,,,,,,,,,,,,,,,,,,,,,,,,,,9083184,,,,,,,
32014R0833,535,EU-RUS,XLII,Transportation restrictions,24.10.2025,"Article 3s(2), point (b): transport crude oil or petroleum products as listed in Annex XXV or mineral products that originate in Russia or are exported from Russia and practice irregular and high-risk shipping practices as set out in the International Maritime Organisation General Assembly resolution A.1192(33).",Vessel,BRIONT,,,,,,,,,,,,,,,,,,,,,,,,,,,,,9252955,,,,,,,
32014R0833,536,EU-RUS,XLII,Transportation restrictions,24.10.2025,"Article 3s(2), point (b): transport crude oil or petroleum products as listed in Annex XXV or mineral products that originate in Russia or are exported from Russia and practice irregular and high-risk shipping practices as set out in the International Maritime Organisation General Assembly resolution A.1192(33).",Vessel,BRONCO,,,,,,,,,,,,,,,,,,,,,,,,,,,,,8808525,,,,,,,
32014R0833,537,EU-RUS,XLII,Transportation restrictions,24.10.2025,"Article 3s(2), point (b): transport crude oil or petroleum products as listed in Annex XXV or mineral products that originate in Russia or are exported from Russia and practice irregular and high-risk shipping practices as set out in the International Maritime Organisation General Assembly resolution A.1192(33).",Vessel,FLANDRIA,,,,,,,,,,,,,,,,,,,,,,,,,,,,,8414477,,,,,,,
32014R0833,538,EU-RUS,XLII,Transportation restrictions,24.10.2025,"Article 3s(2), point (b): transport crude oil or petroleum products as listed in Annex XXV or mineral products that originate in Russia or are exported from Russia and practice irregular and high-risk shipping practices as set out in the International Maritime Organisation General Assembly resolution A.1192(33).",Vessel,MARINSTRAUM,,,,,,,,,,,,,,,,,,,,,,,,,,,,,9390317,,,,,,,
32014R0833,539,EU-RUS,XLII,Transportation restrictions,24.10.2025,"Article 3s(2), point (b): transport crude oil or petroleum products as listed in Annex XXV or mineral products that originate in Russia or are exported from Russia and practice irregular and high-risk shipping practices as set out in the International Maritime Organisation General Assembly resolution A.1192(33).",Vessel,MAVERICK,,,,,,,,,,,,,,,,,,,,,,,,,,,,,9321562,,,,,,,
32014R0833,540,EU-RUS,XLII,Transportation restrictions,24.10.2025,"Article 3s(2), point (b): transport crude oil or petroleum products as listed in Annex XXV or mineral products that originate in Russia or are exported from Russia and practice irregular and high-risk shipping practices as set out in the International Maritime Organisation General Assembly resolution A.1192(33).",Vessel,NAVIK,,,,,,,,,,,,,,,,,,,,,,,,,,,,,8920579,,,,,,,
32014R0833,541,EU-RUS,XLII,Transportation restrictions,24.10.2025,"Article 3s(2), point (b): transport crude oil or petroleum products as listed in Annex XXV or mineral products that originate in Russia or are exported from Russia and practice irregular and high-risk shipping practices as set out in the International Maritime Organisation General Assembly resolution A.1192(33).",Vessel,NEMRUT,,,,,,,,,,,,,,,,,,,,,,,,,,,,,9439541,,,,,,,
32014R0833,542,EU-RUS,XLII,Transportation restrictions,24.10.2025,"Article 3s(2), point (b): transport crude oil or petroleum products as listed in Annex XXV or mineral products that originate in Russia or are exported from Russia and practice irregular and high-risk shipping practices as set out in the International Maritime Organisation General Assembly resolution A.1192(33).",Vessel,NILANGA,,,,,,,,,,,,,,,,,,,,,,,,,,,,,9412452,,,,,,,
32014R0833,543,EU-RUS,XLII,Transportation restrictions,24.10.2025,"Article 3s(2), point (b): transport crude oil or petroleum products as listed in Annex XXV or mineral products that originate in Russia or are exported from Russia and practice irregular and high-risk shipping practices as set out in the International Maritime Organisation General Assembly resolution A.1192(33).",Vessel,NORDSTRAUM,,,,,,,,,,,,,,,,,,,,,,,,,,,,,9036284,,,,,,,
32014R0833,544,EU-RUS,XLII,Transportation restrictions,24.10.2025,"Article 3s(2), point (b): transport crude oil or petroleum products as listed in Annex XXV or mineral products that originate in Russia or are exported from Russia and practice irregular and high-risk shipping practices as set out in the International Maritime Organisation General Assembly resolution A.1192(33).",Vessel,NOYABRSK,,,,,,,,,,,,,,,,,,,,,,,,,,,,,8915550,,,,,,,
32014R0833,545,EU-RUS,XLII,Transportation restrictions,24.10.2025,"Article 3s(2), point (b): transport crude oil or petroleum products as listed in Annex XXV or mineral products that originate in Russia or are exported from Russia and practice irregular and high-risk shipping practices as set out in the International Maritime Organisation General Assembly resolution A.1192(33).",Vessel,OMNI,,,,,,,,,,,,,,,,,,,,,,,,,,,,,9400980,,,,,,,
32014R0833,546,EU-RUS,XLII,Transportation restrictions,24.10.2025,"Article 3s(2), point (b): transport crude oil or petroleum products as listed in Annex XXV or mineral products that originate in Russia or are exported from Russia and practice irregular and high-risk shipping practices as set out in the International Maritime Organisation General Assembly resolution A.1192(33).",Vessel,OPHELIA,,,,,,,,,,,,,,,,,,,,,,,,,,,,,8010427,,,,,,,
32014R0833,547,EU-RUS,XLII,Transportation restrictions,24.10.2025,"Article 3s(2), point (b): transport crude oil or petroleum products as listed in Annex XXV or mineral products that originate in Russia or are exported from Russia and practice irregular and high-risk shipping practices as set out in the International Maritime Organisation General Assembly resolution A.1192(33).",Vessel,REVANCHE,,,,,,,,,,,,,,,,,,,,,,,,,,,,,9297149,,,,,,,
32014R0833,548,EU-RUS,XLII,Transportation restrictions,24.10.2025,"Article 3s(2), point (b): transport crude oil or petroleum products as listed in Annex XXV or mineral products that originate in Russia or are exported from Russia and practice irregular and high-risk shipping practices as set out in the International Maritime Organisation General Assembly resolution A.1192(33).",Vessel,RN SAKHALIN,,,,,,,,,,,,,,,,,,,,,,,,,,,,,9650016,,,,,,,
32014R0833,549,EU-RUS,XLII,Transportation restrictions,24.10.2025,"Article 3s(2), point (b): transport crude oil or petroleum products as listed in Annex XXV or mineral products that originate in Russia or are exported from Russia and practice irregular and high-risk shipping practices as set out in the International Maritime Organisation General Assembly resolution A.1192(33).",Vessel,SAMOS,,,,,,,,,,,,,,,,,,,,,,,,,,,,,9408190,,,,,,,
32014R0833,550,EU-RUS,XLII,Transportation restrictions,24.10.2025,"Article 3s(2), point (b): transport crude oil or petroleum products as listed in Annex XXV or mineral products that originate in Russia or are exported from Russia and practice irregular and high-risk shipping practices as set out in the International Maritime Organisation General Assembly resolution A.1192(33).",Vessel,SPIRIT 2,,,,,,,,,,,,,,,,,,,,,,,,,,,,,9409259,,,,,,,
32014R0833,551,EU-RUS,XLII,Transportation restrictions,24.10.2025,"Article 3s(2), point (b): transport crude oil or petroleum products as listed in Annex XXV or mineral products that originate in Russia or are exported from Russia and practice irregular and high-risk shipping practices as set out in the International Maritime Organisation General Assembly resolution A.1192(33).",Vessel,TAGOR,,,,,,,,,,,,,,,,,,,,,,,,,,,,,9282481,,,,,,,
32014R0833,552,EU-RUS,XLII,Transportation restrictions,24.10.2025,"Article 3s(2), point (b): transport crude oil or petroleum products as listed in Annex XXV or mineral products that originate in Russia or are exported from Russia and practice irregular and high-risk shipping practices as set out in the International Maritime Organisation General Assembly resolution A.1192(33).",Vessel,TANGO 2,,,,,,,,,,,,,,,,,,,,,,,,,,,,,9389071,,,,,,,
32014R0833,554,EU-RUS,XLII,Transportation restrictions,24.10.2025,"Article 3s(2), point (b): transport crude oil or petroleum products as listed in Annex XXV or mineral products that originate in Russia or are exported from Russia and practice irregular and high-risk shipping practices as set out in the International Maritime Organisation General Assembly resolution A.1192(33).",Vessel,BERGEN T,,,,,,,,,,,,,,,,,,,,,,,,,,,,,8918540,,,,,,,
32014R0833,555,EU-RUS,XLII,Transportation restrictions,24.10.2025,"Article 3s(2), point (b): transport crude oil or petroleum products as listed in Annex XXV or mineral products that originate in Russia or are exported from Russia and practice irregular and high-risk shipping practices as set out in the International Maritime Organisation General Assembly resolution A.1192(33).",Vessel,EVERDINE,,,,,,,,,,,,,,,,,,,,,,,,,,,,,9382073,,,,,,,
32014R0833,556,EU-RUS,XLII,Transportation restrictions,24.10.2025,"Article 3s(2), point (b): transport crude oil or petroleum products as listed in Annex XXV or mineral products that originate in Russia or are exported from Russia and practice irregular and high-risk shipping practices as set out in the International Maritime Organisation General Assembly resolution A.1192(33).",Vessel,NOVA CREST,,,HASAN EAST,,,,,,,,,,,,,,,,,,,,,,,,,,9292046,,,,,,,
32014R0833,557,EU-RUS,XLII,Transportation restrictions,24.10.2025,"Article 3s(2), point (b): transport crude oil or petroleum products as listed in Annex XXV or mineral products that originate in Russia or are exported from Russia and practice irregular and high-risk shipping practices as set out in the International Maritime Organisation General Assembly resolution A.1192(33).",Vessel,MEGION,,,,,,,,,,,,,,,,,,,,,,,,,,,,,9590137,,,,,,,
32014R0833,558,EU-RUS,XLII,Transportation restrictions,24.10.2025,"Article 3s(2), point (b): transport crude oil or petroleum products as listed in Annex XXV or mineral products that originate in Russia or are exported from Russia and practice irregular and high-risk shipping practices as set out in the International Maritime Organisation General Assembly resolution A.1192(33).",Vessel,MELITO CARRIER,,,,,,,,,,,,,,,,,,,,,,,,,,,,,8920581,,,,,,,
32014R0833,559,EU-RUS,XLII,Transportation restrictions,24.10.2025,"Article 3s(2), point (b): transport crude oil or petroleum products as listed in Annex XXV or mineral products that originate in Russia or are exported from Russia and practice irregular and high-risk shipping practices as set out in the International Maritime Organisation General Assembly resolution A.1192(33).",Vessel,RYAZAN,,,,,,,,,,,,,,,,,,,,,,,,,,,,,8915548,,,,,,,
32014R0833,560,EU-RUS,XLII,Transportation restrictions,24.10.2025,"Article 3s(2), point (b): transport crude oil or petroleum products as listed in Annex XXV or mineral products that originate in Russia or are exported from Russia and practice irregular and high-risk shipping practices as set out in the International Maritime Organisation General Assembly resolution A.1192(33).",Vessel,SEA OWL I,,,,,,,,,,,,,,,,,,,,,,,,,,,,,9321172,,,,,,,
32014R0833,561,EU-RUS,XLII,Transportation restrictions,24.10.2025,"Article 3s(2), point (b): transport crude oil or petroleum products as listed in Annex XXV or mineral products that originate in Russia or are exported from Russia and practice irregular and high-risk shipping practices as set out in the International Maritime Organisation General Assembly resolution A.1192(33).",Vessel,THOTH,,,,,,,,,,,,,,,,,,,,,,,,,,,,,9164718,,,,,,,
32014R0833,562,EU-RUS,XLII,Transportation restrictions,24.10.2025,"Article 3s(2), point (b): transport crude oil or petroleum products as listed in Annex XXV or mineral products that originate in Russia or are exported from Russia and practice irregular and high-risk shipping practices as set out in the International Maritime Organisation General Assembly resolution A.1192(33).",Vessel,VANINO,,,,,,,,,,,,,,,,,,,,,,,,,,,,,8724779,,,,,,,
32014R0833,563,EU-RUS,XLII,Transportation restrictions,24.10.2025,"Article 3s(2), point (b): transport crude oil or petroleum products as listed in Annex XXV or mineral products that originate in Russia or are exported from Russia and practice irregular and high-risk shipping practices as set out in the International Maritime Organisation General Assembly resolution A.1192(33).",Vessel,VASILY LANOVOY,,,,,,,,,,,,,,,,,,,,,,,,,,,,,9621601,,,,,,,
32014R0833,564,EU-RUS,XLII,Transportation restrictions,24.10.2025,"Article 3s(2), point (b): transport crude oil or petroleum products as listed in Annex XXV or mineral products that originate in Russia or are exported from Russia and practice irregular and high-risk shipping practices as set out in the International Maritime Organisation General Assembly resolution A.1192(33).",Vessel,ZALE,,,,,,,,,,,,,,,,,,,,,,,,,,,,,9321718,,,,,,,
32014R0833,565,EU-RUS,XLII,Transportation restrictions,19.12.2025,"Article 3s(2), point (d): are operated in such a way as to contribute or support actions or policies which undermine or threaten the economic subsistence or food security of Ukraine, such as the transport of stolen Ukrainian grain, or the preservation of cultural heritage of Ukraine, such as the transport of stolen Ukrainian cultural goods.",Vessel,MATROS KOSHKA,,,,,,,,,,,,,,,,,,,,,,,,,,,,,9550137,,,,,,,
32014R0833,566,EU-RUS,XLII,Transportation restrictions,19.12.2025,"Article 3s(2), point (d): are operated in such a way as to contribute or support actions or policies which undermine or threaten the economic subsistence or food security of Ukraine, such as the transport of stolen Ukrainian grain, or the preservation of cultural heritage of Ukraine, such as the transport of stolen Ukrainian cultural goods.",Vessel,MIKHAIL NENASHEV,,,,,,,,,,,,,,,,,,,,,,,,,,,,,9515539,,,,,,,
32014R0833,567,EU-RUS,XLII,Transportation restrictions,19.12.2025,"Article 3s(2), point (d): are operated in such a way as to contribute or support actions or policies which undermine or threaten the economic subsistence or food security of Ukraine, such as the transport of stolen Ukrainian grain, or the preservation of cultural heritage of Ukraine, such as the transport of stolen Ukrainian cultural goods.",Vessel,ZAID,,,,,,,,,,,,,,,,,,,,,,,,,,,,,9715270,,,,,,,
32014R0833,568,EU-RUS,XLII,Transportation restrictions,19.12.2025,"Article 3s(2), point (d): are operated in such a way as to contribute or support actions or policies which undermine or threaten the economic subsistence or food security of Ukraine, such as the transport of stolen Ukrainian grain, or the preservation of cultural heritage of Ukraine, such as the transport of stolen Ukrainian cultural goods.",Vessel,MATROS POZYNICH,,,,,,,,,,,,,,,,,,,,,,,,,,,,,9573816,,,,,,,
32014R0833,569,EU-RUS,XLII,Transportation restrictions,19.12.2025,"Article 3s(2), point (d): are operated in such a way as to contribute or support actions or policies which undermine or threaten the economic subsistence or food security of Ukraine, such as the transport of stolen Ukrainian grain, or the preservation of cultural heritage of Ukraine, such as the transport of stolen Ukrainian cultural goods.",Vessel,ZAFAR,,,,,,,,,,,,,,,,,,,,,,,,,,,,,9720263,,,,,,,
32014R0833,570,EU-RUS,XLII,Transportation restrictions,19.12.2025,"Article 3s(2), point (b): transport crude oil or petroleum products as listed in Annex XXV or mineral products that originate in Russia or are exported from Russia and practice irregular and high-risk shipping practices as set out in the International Maritime Organisation General Assembly resolution A.1192(33).",Vessel,KAPITAN GOTSKY,,,,,,,,,,,,,,,,,,,,,,,,,,,,,9372559,,,,,,,
32014R0833,571,EU-RUS,XLII,Transportation restrictions,19.12.2025,"Article 3s(2), point (f): are operated in such a way as to facilitate or engage in the violation or circumvention or otherwise significantly frustrate the provisions of this Regulation or of Regulations (EU) No 269/2014, (EU) No 692/2014 or (EU) 2022/263.",Vessel,GT HONOR,,,,,,,,,,,,,,,,,,,,,,,,,,,,,9258478,,,,,,,
32014R0833,572,EU-RUS,XLII,Transportation restrictions,19.12.2025,"Article 3s(2), point (b): transport crude oil or petroleum products as listed in Annex XXV or mineral products that originate in Russia or are exported from Russia and practice irregular and high-risk shipping practices as set out in the International Maritime Organisation General Assembly resolution A.1192(33).",Vessel,TIMOFEY GUZHENKO,,,,,,,,,,,,,,,,,,,,,,,,,,,,,9372561,,,,,,,
32014R0833,573,EU-RUS,XLII,Transportation restrictions,19.12.2025,"Article 3s(2), point (b): transport crude oil or petroleum products as listed in Annex XXV or mineral products that originate in Russia or are exported from Russia and practice irregular and high-risk shipping practices as set out in the International Maritime Organisation General Assembly resolution A.1192(33).",Vessel,HITIT,,,,,,,,,,,,,,,,,,,,,,,,,,,,,9311751,,,,,,,
32014R0833,574,EU-RUS,XLII,Transportation restrictions,19.12.2025,"Article 3s(2), point (b): transport crude oil or petroleum products as listed in Annex XXV or mineral products that originate in Russia or are exported from Russia and practice irregular and high-risk shipping practices as set out in the International Maritime Organisation General Assembly resolution A.1192(33).",Vessel,KHALASI,,,,,,,,,,,,,,,,,,,,,,,,,,,,,9293997,,,,,,,
32014R0833,575,EU-RUS,XLII,Transportation restrictions,19.12.2025,"Article 3s(2), point (b): transport crude oil or petroleum products as listed in Annex XXV or mineral products that originate in Russia or are exported from Russia and practice irregular and high-risk shipping practices as set out in the International Maritime Organisation General Assembly resolution A.1192(33).",Vessel,FENGHUANG,,,,,,,,,,,,,,,,,,,,,,,,,,,,,9236248,,,,,,,
32014R0833,576,EU-RUS,XLII,Transportation restrictions,19.12.2025,"Article 3s(2), point (b): transport crude oil or petroleum products as listed in Annex XXV or mineral products that originate in Russia or are exported from Russia and practice irregular and high-risk shipping practices as set out in the International Maritime Organisation General Assembly resolution A.1192(33).",Vessel,QUARTZ,,,,,,,,,,,,,,,,,,,,,,,,,,,,,9261401,,,,,,,
32014R0833,577,EU-RUS,XLII,Transportation restrictions,19.12.2025,"Article 3s(2), point (b): transport crude oil or petroleum products as listed in Annex XXV or mineral products that originate in Russia or are exported from Russia and practice irregular and high-risk shipping practices as set out in the International Maritime Organisation General Assembly resolution A.1192(33).",Vessel,SINAR G,,,,,,,,,,,,,,,,,,,,,,,,,,,,,9323364,,,,,,,
32014R0833,578,EU-RUS,XLII,Transportation restrictions,19.12.2025,"Article 3s(2), point (b): transport crude oil or petroleum products as listed in Annex XXV or mineral products that originate in Russia or are exported from Russia and practice irregular and high-risk shipping practices as set out in the International Maritime Organisation General Assembly resolution A.1192(33).",Vessel,SHTURMAN MALYGIN,,,,,,,,,,,,,,,,,,,,,,,,,,,,,9752096,,,,,,,
32014R0833,579,EU-RUS,XLII,Transportation restrictions,19.12.2025,"Article 3s(2), point (b): transport crude oil or petroleum products as listed in Annex XXV or mineral products that originate in Russia or are exported from Russia and practice irregular and high-risk shipping practices as set out in the International Maritime Organisation General Assembly resolution A.1192(33).",Vessel,SHTURMAN OVTSYN,,,,,,,,,,,,,,,,,,,,,,,,,,,,,9752101,,,,,,,
32014R0833,580,EU-RUS,XLII,Transportation restrictions,19.12.2025,"Article 3s(2), point (b): transport crude oil or petroleum products as listed in Annex XXV or mineral products that originate in Russia or are exported from Russia and practice irregular and high-risk shipping practices as set out in the International Maritime Organisation General Assembly resolution A.1192(33).",Vessel,SHTURMAN SHCHERBININ,,,,,,,,,,,,,,,,,,,,,,,,,,,,,9759927,,,,,,,
32014R0833,581,EU-RUS,XLII,Transportation restrictions,19.12.2025,"Article 3s(2), point (b): transport crude oil or petroleum products as listed in Annex XXV or mineral products that originate in Russia or are exported from Russia and practice irregular and high-risk shipping practices as set out in the International Maritime Organisation General Assembly resolution A.1192(33).",Vessel,SANAR-14,,,,,,,,,,,,,,,,,,,,,,,,,,,,,9313589,,,,,,,
32014R0833,582,EU-RUS,XLII,Transportation restrictions,19.12.2025,"Article 3s(2), point (b): transport crude oil or petroleum products as listed in Annex XXV or mineral products that originate in Russia or are exported from Russia and practice irregular and high-risk shipping practices as set out in the International Maritime Organisation General Assembly resolution A.1192(33).",Vessel,VASILY DINKOV,,,,,,,,,,,,,,,,,,,,,,,,,,,,,9372547,,,,,,,
32014R0833,583,EU-RUS,XLII,Transportation restrictions,19.12.2025,"Article 3s(2), point (b): transport crude oil or petroleum products as listed in Annex XXV or mineral products that originate in Russia or are exported from Russia and practice irregular and high-risk shipping practices as set out in the International Maritime Organisation General Assembly resolution A.1192(33).",Vessel,INNOVATOR,,,,,,,,,,,,,,,,,,,,,,,,,,,,,9306809,,,,,,,
32014R0833,584,EU-RUS,XLII,Transportation restrictions,19.12.2025,"Article 3s(2), point (b): transport crude oil or petroleum products as listed in Annex XXV or mineral products that originate in Russia or are exported from Russia and practice irregular and high-risk shipping practices as set out in the International Maritime Organisation General Assembly resolution A.1192(33).",Vessel,AURA MARIS,,,,,,,,,,,,,,,,,,,,,,,,,,,,,9347308,,,,,,,
32014R0833,585,EU-RUS,XLII,Transportation restrictions,19.12.2025,"Article 3s(2), point (b): transport crude oil or petroleum products as listed in Annex XXV or mineral products that originate in Russia or are exported from Russia and practice irregular and high-risk shipping practices as set out in the International Maritime Organisation General Assembly resolution A.1192(33).",Vessel,KIRILL LAVROV,,,,,,,,,,,,,,,,,,,,,,,,,,,,,9333682,,,,,,,
32014R0833,586,EU-RUS,XLII,Transportation restrictions,19.12.2025,"Article 3s(2), point (b): transport crude oil or petroleum products as listed in Annex XXV or mineral products that originate in Russia or are exported from Russia and practice irregular and high-risk shipping practices as set out in the International Maritime Organisation General Assembly resolution A.1192(33).",Vessel,MIKHAIL ULYANOV,,,,,,,,,,,,,,,,,,,,,,,,,,,,,9333670,,,,,,,
32014R0833,587,EU-RUS,XLII,Transportation restrictions,19.12.2025,"Article 3s(2), point (b): transport crude oil or petroleum products as listed in Annex XXV or mineral products that originate in Russia or are exported from Russia and practice irregular and high-risk shipping practices as set out in the International Maritime Organisation General Assembly resolution A.1192(33).",Vessel,SANAR-9,,,,,,,,,,,,,,,,,,,,,,,,,,,,,9300350,,,,,,,
32014R0833,588,EU-RUS,XLII,Transportation restrictions,19.12.2025,"Article 3s(2), point (b): transport crude oil or petroleum products as listed in Annex XXV or mineral products that originate in Russia or are exported from Russia and practice irregular and high-risk shipping practices as set out in the International Maritime Organisation General Assembly resolution A.1192(33).",Vessel,LADY LEILA,,,,,,,,,,,,,,,,,,,,,,,,,,,,,9683740,,,,,,,
32014R0833,589,EU-RUS,XLII,Transportation restrictions,19.12.2025,"Article 3s(2), point (b): transport crude oil or petroleum products as listed in Annex XXV or mineral products that originate in Russia or are exported from Russia and practice irregular and high-risk shipping practices as set out in the International Maritime Organisation General Assembly resolution A.1192(33).",Vessel,GAZPROMNEFT NORDEAST,,,,,,,,,,,,,,,,,,,,,,,,,,,,,9422653,,,,,,,
32014R0833,590,EU-RUS,XLII,Transportation restrictions,19.12.2025,"Article 3s(2), point (b): transport crude oil or petroleum products as listed in Annex XXV or mineral products that originate in Russia or are exported from Russia and practice irregular and high-risk shipping practices as set out in the International Maritime Organisation General Assembly resolution A.1192(33).",Vessel,JIN HUI,,,,,,,,,,,,,,,,,,,,,,,,,,,,,9430272,,,,,,,
32014R0833,591,EU-RUS,XLII,Transportation restrictions,19.12.2025,"Article 3s(2), point (b): transport crude oil or petroleum products as listed in Annex XXV or mineral products that originate in Russia or are exported from Russia and practice irregular and high-risk shipping practices as set out in the International Maritime Organisation General Assembly resolution A.1192(33).",Vessel,LADY SEVDA,,,,,,,,,,,,,,,,,,,,,,,,,,,,,9683738,,,,,,,
32014R0833,592,EU-RUS,XLII,Transportation restrictions,19.12.2025,"Article 3s(2), point (b): transport crude oil or petroleum products as listed in Annex XXV or mineral products that originate in Russia or are exported from Russia and practice irregular and high-risk shipping practices as set out in the International Maritime Organisation General Assembly resolution A.1192(33).",Vessel,SHTURMAN KOSHELEV,,,,,,,,,,,,,,,,,,,,,,,,,,,,,9759939,,,,,,,
32014R0833,593,EU-RUS,XLII,Transportation restrictions,19.12.2025,"Article 3s(2), point (b): transport crude oil or petroleum products as listed in Annex XXV or mineral products that originate in Russia or are exported from Russia and practice irregular and high-risk shipping practices as set out in the International Maritime Organisation General Assembly resolution A.1192(33).",Vessel,JEWEL,,,,,,,,,,,,,,,,,,,,,,,,,,,,,9419450,,,,,,,
32014R0833,594,EU-RUS,XLII,Transportation restrictions,19.12.2025,"Article 3s(2), point (b): transport crude oil or petroleum products as listed in Annex XXV or mineral products that originate in Russia or are exported from Russia and practice irregular and high-risk shipping practices as set out in the International Maritime Organisation General Assembly resolution A.1192(33).",Vessel,TYCHE 1,,,,,,,,,,,,,,,,,,,,,,,,,,,,,9308077,,,,,,,
32014R0833,595,EU-RUS,XLII,Transportation restrictions,19.12.2025,"Article 3s(2), point (b): transport crude oil or petroleum products as listed in Annex XXV or mineral products that originate in Russia or are exported from Russia and practice irregular and high-risk shipping practices as set out in the International Maritime Organisation General Assembly resolution A.1192(33).",Vessel,OMSK,,,,,,,,,,,,,,,,,,,,,,,,,,,,,9418509,,,,,,,
32014R0833,596,EU-RUS,XLII,Transportation restrictions,19.12.2025,"Article 3s(2), point (b): transport crude oil or petroleum products as listed in Annex XXV or mineral products that originate in Russia or are exported from Russia and practice irregular and high-risk shipping practices as set out in the International Maritime Organisation General Assembly resolution A.1192(33).",Vessel,OLANGA,,,,,,,,,,,,,,,,,,,,,,,,,,,,,9286463,,,,,,,
32014R0833,597,EU-RUS,XLII,Transportation restrictions,19.12.2025,"Article 3s(2), point (b): transport crude oil or petroleum products as listed in Annex XXV or mineral products that originate in Russia or are exported from Russia and practice irregular and high-risk shipping practices as set out in the International Maritime Organisation General Assembly resolution A.1192(33).",Vessel,AS CALCUTTA,,,,,,,,,,,,,,,,,,,,,,,,,,,,,9037123,,,,,,,
32014R0833,598,EU-RUS,XLII,Transportation restrictions,19.12.2025,"Article 3s(2), point (b): transport crude oil or petroleum products as listed in Annex XXV or mineral products that originate in Russia or are exported from Russia and practice irregular and high-risk shipping practices as set out in the International Maritime Organisation General Assembly resolution A.1192(33).",Vessel,MURMANSK,,,,,,,,,,,,,,,,,,,,,,,,,,,,,9167930,,,,,,,
32014R0833,599,EU-RUS,XLII,Transportation restrictions,19.12.2025,"Article 3s(2), point (b): transport crude oil or petroleum products as listed in Annex XXV or mineral products that originate in Russia or are exported from Russia and practice irregular and high-risk shipping practices as set out in the International Maritime Organisation General Assembly resolution A.1192(33).",Vessel,ZAL PARS 3,,,,,,,,,,,,,,,,,,,,,,,,,,,,,9211896,,,,,,,
32014R0833,600,EU-RUS,XLII,Transportation restrictions,19.12.2025,"Article 3s(2), point (b): transport crude oil or petroleum products as listed in Annex XXV or mineral products that originate in Russia or are exported from Russia and practice irregular and high-risk shipping practices as set out in the International Maritime Organisation General Assembly resolution A.1192(33).",Vessel,HANSON,,,,,,,,,,,,,,,,,,,,,,,,,,,,,9237412,,,,,,,
32014R0833,601,EU-RUS,XLII,Transportation restrictions,19.12.2025,"Article 3s(2), point (b): transport crude oil or petroleum products as listed in Annex XXV or mineral products that originate in Russia or are exported from Russia and practice irregular and high-risk shipping practices as set out in the International Maritime Organisation General Assembly resolution A.1192(33).",Vessel,NP DIKSON,,,,,,,,,,,,,,,,,,,,,,,,,,,,,9255270,,,,,,,
32014R0833,602,EU-RUS,XLII,Transportation restrictions,19.12.2025,"Article 3s(2), point (b): transport crude oil or petroleum products as listed in Annex XXV or mineral products that originate in Russia or are exported from Russia and practice irregular and high-risk shipping practices as set out in the International Maritime Organisation General Assembly resolution A.1192(33).",Vessel,STAR MM,,,,,,,,,,,,,,,,,,,,,,,,,,,,,9186625,,,,,,,
32014R0833,603,EU-RUS,XLII,Transportation restrictions,19.12.2025,"Article 3s(2), point (b): transport crude oil or petroleum products as listed in Annex XXV or mineral products that originate in Russia or are exported from Russia and practice irregular and high-risk shipping practices as set out in the International Maritime Organisation General Assembly resolution A.1192(33).",Vessel,LADY RANIA,,,,,,,,,,,,,,,,,,,,,,,,,,,,,9784893,,,,,,,
32014R0833,604,EU-RUS,XLII,Transportation restrictions,19.12.2025,"Article 3s(2), point (b): transport crude oil or petroleum products as listed in Annex XXV or mineral products that originate in Russia or are exported from Russia and practice irregular and high-risk shipping practices as set out in the International Maritime Organisation General Assembly resolution A.1192(33).",Vessel,SANAR-15,,,,,,,,,,,,,,,,,,,,,,,,,,,,,9777670,,,,,,,
32014R0833,605,EU-RUS,XLII,Transportation restrictions,19.12.2025,"Article 3s(2), point (b): transport crude oil or petroleum products as listed in Annex XXV or mineral products that originate in Russia or are exported from Russia and practice irregular and high-risk shipping practices as set out in the International Maritime Organisation General Assembly resolution A.1192(33).",Vessel,BREEZ,,,,,,,,,,,,,,,,,,,,,,,,,,,,,9247778,,,,,,,
32014R0833,606,EU-RUS,XLII,Transportation restrictions,24.4.2026,"Article 3s(2), point (b): transport crude oil or petroleum products as listed in Annex XXV or mineral products that originate in Russia or are exported from Russia and practice irregular and high-risk shipping practices as set out in the International Maritime Organisation General Assembly resolution A.1192(33).",Vessel,AUGA,,,,,,,,,,,,,,,,,,,,,,,,,,,,,9381732,,,,,,,
32014R0833,607,EU-RUS,XLII,Transportation restrictions,24.4.2026,"Article 3s(2), point (b): transport crude oil or petroleum products as listed in Annex XXV or mineral products that originate in Russia or are exported from Russia and practice irregular and high-risk shipping practices as set out in the International Maritime Organisation General Assembly resolution A.1192(33). Article 3s(2), point (f): are operated in such a way as to facilitate or engage in the violation or circumvention or otherwise significantly frustrate the provisions of this Regulation or of Regulations (EU) No 269/2014, (EU) No 692/2014 or (EU) 2022/263.",Vessel,BHILVA,,,,,,,,,,,,,,,,,,,,,,,,,,,,,9439383,,,,,,,
32014R0833,608,EU-RUS,XLII,Transportation restrictions,24.4.2026,"Article 3s(2), point (b): transport crude oil or petroleum products as listed in Annex XXV or mineral products that originate in Russia or are exported from Russia and practice irregular and high-risk shipping practices as set out in the International Maritime Organisation General Assembly resolution A.1192(33).",Vessel,DORRY,,,,,,,,,,,,,,,,,,,,,,,,,,,,,9298595,,,,,,,
32014R0833,609,EU-RUS,XLII,Transportation restrictions,24.4.2026,"Article 3s(2), point (b): transport crude oil or petroleum products as listed in Annex XXV or mineral products that originate in Russia or are exported from Russia and practice irregular and high-risk shipping practices as set out in the International Maritime Organisation General Assembly resolution A.1192(33).",Vessel,HE BO,,,,,,,,,,,,,,,,,,,,,,,,,,,,,9408554,,,,,,,
32014R0833,610,EU-RUS,XLII,Transportation restrictions,24.4.2026,"Article 3s(2), point (f): are operated in such a way as to facilitate or engage in the violation or circumvention or otherwise significantly frustrate the provisions of this Regulation or of Regulations (EU) No 269/2014, (EU) No 692/2014 or (EU) 2022/263.",Vessel,INTEGRITY RACER,,,,,,,,,,,,,,,,,,,,,,,,,,,,,9270555,,,,,,,
32014R0833,611,EU-RUS,XLII,Transportation restrictions,24.4.2026,"Article 3s(2), point (b): transport crude oil or petroleum products as listed in Annex XXV or mineral products that originate in Russia or are exported from Russia and practice irregular and high-risk shipping practices as set out in the International Maritime Organisation General Assembly resolution A.1192(33).",Vessel,MARJORIE,,,,,,,,,,,,,,,,,,,,,,,,,,,,,9296377,,,,,,,
32014R0833,612,EU-RUS,XLII,Transportation restrictions,24.4.2026,"Article 3s(2), point (b): transport crude oil or petroleum products as listed in Annex XXV or mineral products that originate in Russia or are exported from Russia and practice irregular and high-risk shipping practices as set out in the International Maritime Organisation General Assembly resolution A.1192(33).",Vessel,SANAR-10,,,,,,,,,,,,,,,,,,,,,,,,,,,,,9300348,,,,,,,
32014R0833,613,EU-RUS,XLII,Transportation restrictions,24.4.2026,"Article 3s(2), point (b): transport crude oil or petroleum products as listed in Annex XXV or mineral products that originate in Russia or are exported from Russia and practice irregular and high-risk shipping practices as set out in the International Maritime Organisation General Assembly resolution A.1192(33).",Vessel,TM HAI HA 568,,,,,,,,,,,,,,,,,,,,,,,,,,,,,9274082,,,,,,,
32014R0833,614,EU-RUS,XLII,Transportation restrictions,24.4.2026,"Article 3s(2), point (b): transport crude oil or petroleum products as listed in Annex XXV or mineral products that originate in Russia or are exported from Russia and practice irregular and high-risk shipping practices as set out in the International Maritime Organisation General Assembly resolution A.1192(33). Article 3s(2), point (c): are operated in such a way as to contribute or support actions or policies for the exploitation, development or expansion of the energy sector in Russia, including energy infrastructure.",Vessel,ABHRA,,,,,,,,,,,,,,,,,,,,,,,,,,,,,9282041,,,,,,,
32014R0833,615,EU-RUS,XLII,Transportation restrictions,24.4.2026,"Article 3s(2), point (b): transport crude oil or petroleum products as listed in Annex XXV or mineral products that originate in Russia or are exported from Russia and practice irregular and high-risk shipping practices as set out in the International Maritime Organisation General Assembly resolution A.1192(33).",Vessel,MIKHAIL LAZAREV,,,,,,,,,,,,,,,,,,,,,,,,,,,,,9837547,,,,,,,
32014R0833,616,EU-RUS,XLII,Transportation restrictions,24.4.2026,"Article 3s(2), point (b): transport crude oil or petroleum products as listed in Annex XXV or mineral products that originate in Russia or are exported from Russia and practice irregular and high-risk shipping practices as set out in the International Maritime Organisation General Assembly resolution A.1192(33).",Vessel,MIKHAIL ULYANOV,,,,,,,,,,,,,,,,,,,,,,,,,,,,,9333670,,,,,,,
32014R0833,617,EU-RUS,XLII,Transportation restrictions,24.4.2026,"Article 3s(2), point (b): transport crude oil or petroleum products as listed in Annex XXV or mineral products that originate in Russia or are exported from Russia and practice irregular and high-risk shipping practices as set out in the International Maritime Organisation General Assembly resolution A.1192(33). Article 3s(2), point (c): are operated in such a way as to contribute or support actions or policies for the exploitation, development or expansion of the energy sector in Russia, including energy infrastructure.",Vessel,ONEIROI,,,,,,,,,,,,,,,,,,,,,,,,,,,,,9390587,,,,,,,
32014R0833,618,EU-RUS,XLII,Transportation restrictions,24.4.2026,"Article 3s(2), point (a): transport goods and technology used in the defence and security sector, from or to Russia, for use in Russia or for Russia’s warfare in Ukraine. Article 3s(2), point (g): are owned, chartered or operated by natural or legal persons, entities or bodies listed in Annex I to Regulation (EU) No 269/2014, are otherwise used in the name of, on behalf of, in relation with or for the benefit of such persons.",Vessel,SPARTA,,,,,,,,,,,,,,,,,,,,,,,,,,,,,9268710,,,,,,,
32014R0833,619,EU-RUS,XLII,Transportation restrictions,24.4.2026,"Article 3s(2), point (b): transport crude oil or petroleum products as listed in Annex XXV or mineral products that originate in Russia or are exported from Russia and practice irregular and high-risk shipping practices as set out in the International Maritime Organisation General Assembly resolution A.1192(33). Article 3s(2), point (c): are operated in such a way as to contribute or support actions or policies for the exploitation, development or expansion of the energy sector in Russia, including energy infrastructure.",Vessel,VERSA,,,,,,,,,,,,,,,,,,,,,,,,,,,,,9379301,,,,,,,
32014R0833,620,EU-RUS,XLII,Transportation restrictions,24.4.2026,"Article 3s(2), point (b): transport crude oil or petroleum products as listed in Annex XXV or mineral products that originate in Russia or are exported from Russia and practice irregular and high-risk shipping practices as set out in the International Maritime Organisation General Assembly resolution A.1192(33).",Vessel,TIGER 6,,,,,,,,,,,,,,,,,,,,,,,,,,,,,9389083,,,,,,,
32014R0833,621,EU-RUS,XLII,Transportation restrictions,24.4.2026,"Article 3s(2), point (b): transport crude oil or petroleum products as listed in Annex XXV or mineral products that originate in Russia or are exported from Russia and practice irregular and high-risk shipping practices as set out in the International Maritime Organisation General Assembly resolution A.1192(33).",Vessel,LUNA LUSTER,,,,,,,,,,,,,,,,,,,,,,,,,,,,,9292187,,,,,,,
32014R0833,622,EU-RUS,XLII,Transportation restrictions,24.4.2026,"Article 3s(2), point (b): transport crude oil or petroleum products as listed in Annex XXV or mineral products that originate in Russia or are exported from Russia and practice irregular and high-risk shipping practices as set out in the International Maritime Organisation General Assembly resolution A.1192(33).",Vessel,AETHER,,,,,,,,,,,,,,,,,,,,,,,,,,,,,9328170,,,,,,,
32014R0833,623,EU-RUS,XLII,Transportation restrictions,24.4.2026,"Article 3s(2), point (b): transport crude oil or petroleum products as listed in Annex XXV or mineral products that originate in Russia or are exported from Russia and practice irregular and high-risk shipping practices as set out in the International Maritime Organisation General Assembly resolution A.1192(33).",Vessel,ANIKA,,,,,,,,,,,,,,,,,,,,,,,,,,,,,9417464,,,,,,,
32014R0833,624,EU-RUS,XLII,Transportation restrictions,24.4.2026,"Article 3s(2), point (b): transport crude oil or petroleum products as listed in Annex XXV or mineral products that originate in Russia or are exported from Russia and practice irregular and high-risk shipping practices as set out in the International Maritime Organisation General Assembly resolution A.1192(33).",Vessel,DOVE,,,,,,,,,,,,,,,,,,,,,,,,,,,,,9297541,,,,,,,
32014R0833,625,EU-RUS,XLII,Transportation restrictions,24.4.2026,"Article 3s(2), point (b): transport crude oil or petroleum products as listed in Annex XXV or mineral products that originate in Russia or are exported from Russia and practice irregular and high-risk shipping practices as set out in the International Maritime Organisation General Assembly resolution A.1192(33).",Vessel,GLOBAL STAR,,,,,,,,,,,,,,,,,,,,,,,,,,,,,9198082,,,,,,,
32014R0833,626,EU-RUS,XLII,Transportation restrictions,24.4.2026,"Article 3s(2), point (b): transport crude oil or petroleum products as listed in Annex XXV or mineral products that originate in Russia or are exported from Russia and practice irregular and high-risk shipping practices as set out in the International Maritime Organisation General Assembly resolution A.1192(33). Article 3s(2), point (c): are operated in such a way as to contribute or support actions or policies for the exploitation, development or expansion of the energy sector in Russia, including energy infrastructure.",Vessel,HORAE,,,,,,,,,,,,,,,,,,,,,,,,,,,,,9413004,,,,,,,
32014R0833,627,EU-RUS,XLII,Transportation restrictions,24.4.2026,"Article 3s(2), point (g): are owned, chartered or operated by natural or legal persons, entities or bodies listed in Annex I to Regulation (EU) No 269/2014, are otherwise used in the name of, on behalf of, in relation with or for the benefit of such persons.",Vessel,IVAN AIVAZOVSKY,,,,,,,,,,,,,,,,,,,,,,,,,,,,,9876359,,,,,,,
32014R0833,628,EU-RUS,XLII,Transportation restrictions,24.4.2026,"Article 3s(2), point (b): transport crude oil or petroleum products as listed in Annex XXV or mineral products that originate in Russia or are exported from Russia and practice irregular and high-risk shipping practices as set out in the International Maritime Organisation General Assembly resolution A.1192(33).",Vessel,JUPITER I,,,,,,,,,,,,,,,,,,,,,,,,,,,,,9599341,,,,,,,
32014R0833,629,EU-RUS,XLII,Transportation restrictions,24.4.2026,"Article 3s(2), point (b): transport crude oil or petroleum products as listed in Annex XXV or mineral products that originate in Russia or are exported from Russia and practice irregular and high-risk shipping practices as set out in the International Maritime Organisation General Assembly resolution A.1192(33).",Vessel,KRITI VIGOR,,,,,,,,,,,,,,,,,,,,,,,,,,,,,9290397,,,,,,,
32014R0833,630,EU-RUS,XLII,Transportation restrictions,24.4.2026,"Article 3s(2), point (b): transport crude oil or petroleum products as listed in Annex XXV or mineral products that originate in Russia or are exported from Russia and practice irregular and high-risk shipping practices as set out in the International Maritime Organisation General Assembly resolution A.1192(33).",Vessel,KURDOS III,,,,,,,,,,,,,,,,,,,,,,,,,,,,,9380570,,,,,,,
32014R0833,631,EU-RUS,XLII,Transportation restrictions,24.4.2026,"Article 3s(2), point (b): transport crude oil or petroleum products as listed in Annex XXV or mineral products that originate in Russia or are exported from Russia and practice irregular and high-risk shipping practices as set out in the International Maritime Organisation General Assembly resolution A.1192(33).",Vessel,LING HONG,,,,,,,,,,,,,,,,,,,,,,,,,,,,,9408542,,,,,,,
32014R0833,632,EU-RUS,XLII,Transportation restrictions,24.4.2026,"Article 3s(2), point (b): transport crude oil or petroleum products as listed in Annex XXV or mineral products that originate in Russia or are exported from Russia and practice irregular and high-risk shipping practices as set out in the International Maritime Organisation General Assembly resolution A.1192(33).",Vessel,SAKHALIN,,,,,,,,,,,,,,,,,,,,,,,,,,,,,9249128,,,,,,,
32014R0833,633,EU-RUS,XLII,Transportation restrictions,24.4.2026,"Article 3s(2), point (b): transport crude oil or petroleum products as listed in Annex XXV or mineral products that originate in Russia or are exported from Russia and practice irregular and high-risk shipping practices as set out in the International Maritime Organisation General Assembly resolution A.1192(33).",Vessel,SANRAYZ,,,,,,,,,,,,,,,,,,,,,,,,,,,,,8862935,,,,,,,
32014R0833,634,EU-RUS,XLII,Transportation restrictions,24.4.2026,"Article 3s(2), point (b): transport crude oil or petroleum products as listed in Annex XXV or mineral products that originate in Russia or are exported from Russia and practice irregular and high-risk shipping practices as set out in the International Maritime Organisation General Assembly resolution A.1192(33).",Vessel,CAPELLA MB,,,SEVEN PEARLS,,,,,,,,,,,,,,,,,,,,,,,,,,9343986,,,,,,,
32014R0833,635,EU-RUS,XLII,Transportation restrictions,24.4.2026,"Article 3s(2), point (b): transport crude oil or petroleum products as listed in Annex XXV or mineral products that originate in Russia or are exported from Russia and practice irregular and high-risk shipping practices as set out in the International Maritime Organisation General Assembly resolution A.1192(33).",Vessel,TOA PAYOH,,,,,,,,,,,,,,,,,,,,,,,,,,,,,9298492,,,,,,,
32014R0833,636,EU-RUS,XLII,Transportation restrictions,24.4.2026,"Article 3s(2), point (b): transport crude oil or petroleum products as listed in Annex XXV or mineral products that originate in Russia or are exported from Russia and practice irregular and high-risk shipping practices as set out in the International Maritime Organisation General Assembly resolution A.1192(33).",Vessel,VALENTIN PIKUL,,,,,,,,,,,,,,,,,,,,,,,,,,,,,9885879,,,,,,,
32014R0833,637,EU-RUS,XLII,Transportation restrictions,24.4.2026,"Article 3s(2), point (b): transport crude oil or petroleum products as listed in Annex XXV or mineral products that originate in Russia or are exported from Russia and practice irregular and high-risk shipping practices as set out in the International Maritime Organisation General Assembly resolution A.1192(33).",Vessel,VENUS III,,,,,,,,,,,,,,,,,,,,,,,,,,,,,9599353,,,,,,,
32014R0833,638,EU-RUS,XLII,Transportation restrictions,24.4.2026,"Article 3s(2), point (b): transport crude oil or petroleum products as listed in Annex XXV or mineral products that originate in Russia or are exported from Russia and practice irregular and high-risk shipping practices as set out in the International Maritime Organisation General Assembly resolution A.1192(33).",Vessel,MARVEN,,,,,,,,,,,,,,,,,,,,,,,,,,,,,9305556,,,,,,,
32014R0833,639,EU-RUS,XLII,Transportation restrictions,24.4.2026,"Article 3s(2), point (b): transport crude oil or petroleum products as listed in Annex XXV or mineral products that originate in Russia or are exported from Russia and practice irregular and high-risk shipping practices as set out in the International Maritime Organisation General Assembly resolution A.1192(33).",Vessel,TRUVOR,,,,,,,,,,,,,,,,,,,,,,,,,,,,,9676230,,,,,,,
32014R0833,640,EU-RUS,XLII,Transportation restrictions,24.4.2026,"Article 3s(2), point (b): transport crude oil or petroleum products as listed in Annex XXV or mineral products that originate in Russia or are exported from Russia and practice irregular and high-risk shipping practices as set out in the International Maritime Organisation General Assembly resolution A.1192(33).",Vessel,OCEAN II,,,,,,,,,,,,,,,,,,,,,,,,,,,,,9233777,,,,,,,
32014R0833,641,EU-RUS,XLII,Transportation restrictions,24.4.2026,"Article 3s(2), point (b): transport crude oil or petroleum products as listed in Annex XXV or mineral products that originate in Russia or are exported from Russia and practice irregular and high-risk shipping practices as set out in the International Maritime Organisation General Assembly resolution A.1192(33).",Vessel,SILVAR,,,,,,,,,,,,,,,,,,,,,,,,,,,,,9291262,,,,,,,
32014R0833,642,EU-RUS,XLII,Transportation restrictions,24.4.2026,"Article 3s(2), point (b): transport crude oil or petroleum products as listed in Annex XXV or mineral products that originate in Russia or are exported from Russia and practice irregular and high-risk shipping practices as set out in the International Maritime Organisation General Assembly resolution A.1192(33).",Vessel,KAMELOT,,,,,,,,,,,,,,,,,,,,,,,,,,,,,9265873,,,,,,,
32014R0833,643,EU-RUS,XLII,Transportation restrictions,24.4.2026,"Article 3s(2), point (b): transport crude oil or petroleum products as listed in Annex XXV or mineral products that originate in Russia or are exported from Russia and practice irregular and high-risk shipping practices as set out in the International Maritime Organisation General Assembly resolution A.1192(33).",Vessel,KARAKUZ,,,,,,,,,,,,,,,,,,,,,,,,,,,,,9621558,,,,,,,
32014R0833,644,EU-RUS,XLII,Transportation restrictions,24.4.2026,"Article 3s(2), point (b): transport crude oil or petroleum products as listed in Annex XXV or mineral products that originate in Russia or are exported from Russia and practice irregular and high-risk shipping practices as set out in the International Maritime Organisation General Assembly resolution A.1192(33).",Vessel,ELBUS,,,,,,,,,,,,,,,,,,,,,,,,,,,,,9290385,,,,,,,
32014R0833,645,EU-RUS,XLII,Transportation restrictions,24.4.2026,"Article 3s(2), point (b): transport crude oil or petroleum products as listed in Annex XXV or mineral products that originate in Russia or are exported from Russia and practice irregular and high-risk shipping practices as set out in the International Maritime Organisation General Assembly resolution A.1192(33).",Vessel,ATMOS,,,,,,,,,,,,,,,,,,,,,,,,,,,,,9337418,,,,,,,
32014R0833,646,EU-RUS,XLII,Transportation restrictions,24.4.2026,"Article 3s(2), point (b): transport crude oil or petroleum products as listed in Annex XXV or mineral products that originate in Russia or are exported from Russia and practice irregular and high-risk shipping practices as set out in the International Maritime Organisation General Assembly resolution A.1192(33).",Vessel,SEADAR,,,,,,,,,,,,,,,,,,,,,,,,,,,,,9333785,,,,,,,
32014R0833,647,EU-RUS,XLII,Transportation restrictions,24.4.2026,"Article 3s(2), point (b): transport crude oil or petroleum products as listed in Annex XXV or mineral products that originate in Russia or are exported from Russia and practice irregular and high-risk shipping practices as set out in the International Maritime Organisation General Assembly resolution A.1192(33).",Vessel,GRACEP,,,,,,,,,,,,,,,,,,,,,,,,,,,,,9252967,,,,,,,
32014R0833,648,EU-RUS,XLII,Transportation restrictions,24.4.2026,"Article 3s(2), point (b): transport crude oil or petroleum products as listed in Annex XXV or mineral products that originate in Russia or are exported from Russia and practice irregular and high-risk shipping practices as set out in the International Maritime Organisation General Assembly resolution A.1192(33).",Vessel,SIREN II,,,,,,,,,,,,,,,,,,,,,,,,,,,,,9337195,,,,,,,
32014R0833,649,EU-RUS,XLII,Transportation restrictions,24.4.2026,"Article 3s(2), point (b): transport crude oil or petroleum products as listed in Annex XXV or mineral products that originate in Russia or are exported from Russia and practice irregular and high-risk shipping practices as set out in the International Maritime Organisation General Assembly resolution A.1192(33).",Vessel,SIG,,,,,,,,,,,,,,,,,,,,,,,,,,,,,9735335,,,,,,,
32014R0833,650,EU-RUS,XLII,Transportation restrictions,24.4.2026,"Article 3s(2), point (b): transport crude oil or petroleum products as listed in Annex XXV or mineral products that originate in Russia or are exported from Russia and practice irregular and high-risk shipping practices as set out in the International Maritime Organisation General Assembly resolution A.1192(33).",Vessel,STALINGRAD,,,,,,,,,,,,,,,,,,,,,,,,,,,,,9690212,,,,,,,
32014R0833,651,EU-RUS,XLII,Transportation restrictions,24.4.2026,"Article 3s(2), point (b): transport crude oil or petroleum products as listed in Annex XXV or mineral products that originate in Russia or are exported from Russia and practice irregular and high-risk shipping practices as set out in the International Maritime Organisation General Assembly resolution A.1192(33).",Vessel,ASTORIA,,,,,,,,,,,,,,,,,,,,,,,,,,,,,9166314,,,,,,,
32014R0833,1,EU-RUS,XLIV,Financial restrictions,25 February 2025,,LegalEntity,Bank BelVEB,,,,,,,,,,,,,,,,,,,,,,,,,,,,,,,,,,,,
32014R0833,2,EU-RUS,XLIV,Financial restrictions,25 February 2025,,LegalEntity,Belgazprombank,,,,,,,,,,,,,,,,,,,,,,,,,,,,,,,,,,,,
32014R0833,3,EU-RUS,XLIV,Financial restrictions,25 February 2025,,LegalEntity,VTB Bank (PJSC) Shangai Branch,,,,,,,,,,,,,,,,,,,,,,,,,,,,,,,,,,,,
32014R0833,4,EU-RUS,XLIV,Financial restrictions,2 December 2025,,LegalEntity,CJSC Alfa-Bank (Belarus),,,,,,,,,,,,,,,,,,,,,,,,,,,,,,,,,,,,
32014R0833,5,EU-RUS,XLIV,Financial restrictions,2 December 2025,,LegalEntity,OJSC Sber Bank (Belarus),,,,,,,,,,,,,,,,,,,,,,,,,,,,,,,,,,,,
32014R0833,6,EU-RUS,XLIV,Financial restrictions,2 December 2025,,LegalEntity,VTB Bank (Belarus),,,,,,,,,,,,,,,,,,,,,,,,,,,,,,,,,,,,
32014R0833,7,EU-RUS,XLIV,Financial restrictions,2 December 2025,,LegalEntity,VTB Bank (Kazakhstan),,,,,,,,,,,,,,,,,,,,,,,,,,,,,,,,,,,,
32014R0833,8,EU-RUS,XLIV,Financial restrictions,14.5.2026,,LegalEntity,Yelo Bank (Azerbaijan),,,,,,,,,,,,,,,,,,,,,,,,,,,,,,,,,,,,
32014R0833,,EU-RUS,XLV.A,Financial restrictions,25 November 2025,,LegalEntity,Payeer,,,,,,,,,,,,,,,,,,,,,,,,,,,,,,,,,,,,
32014R0833,,EU-RUS,XLV.A,Financial restrictions,12 November 2025,,LegalEntity,CJSB JSCB Tolubay,,,,,,,,,,,,,,,,,,,,,,,,,,,,,,,,,,,,
32014R0833,,EU-RUS,XLV.A,Financial restrictions,12 November 2025,,LegalEntity,OJSC Eurasian Savings Bank,,,,,,,,,,,,,,,,,,,,,,,,,,,,,,,,,,,,
32014R0833,,EU-RUS,XLV.A,Financial restrictions,14.5.2026,,LegalEntity,Joint Development Bank (Laos),,,,,,,,,,,,,,,,,,,,,,,,,,,,,,,,,,,,
32014R0833,,EU-RUS,XLV.B,Financial restrictions,14.5.2026,,LegalEntity,Keremet bank (Kyrgyzstan),,,,,,,,,,,,,,,,,,,,,,,,,,,,,,,,,,,,
32014R0833,,EU-RUS,XLV.B,Financial restrictions,14.5.2026,,LegalEntity,OJSC Capital Bank of Central Asia (Kyrgyzstan),,,,,,,,,,,,,,,,,,,,,,,,,,,,,,,,,,,,
32014R0833,,EU-RUS,XLV.C,Financial restrictions,12 November 2025,,LegalEntity,Blackford Corporation Limited,,,,,,,,,,,,,,,,,,,,,,,,,,,,,,,,,,,,
32014R0833,,EU-RUS,XLV.C,Financial restrictions,12 November 2025,,LegalEntity,Fuel and Oil Dynamics FZE,,,,,,,,,,,,,,,,,,,,,,,,,,,,,,,,,,,,
32014R0833,,EU-RUS,XLV.D,Financial restrictions,14.5.2026,,LegalEntity,Arneis,,,,,,,,,,,,,,,,,,,,,,,,,,,,,,,,,,,,
32014R0833,,EU-RUS,XLV.D,Financial restrictions,14.5.2026,,LegalEntity,Asia Import Group,,,,,,,,,,,,,,,,,,,,,,,,,,,,,,,,,,,,
32014R0833,,EU-RUS,XLV.D,Financial restrictions,14.5.2026,,LegalEntity,GPAgent,,,,,,,,,,,,,,,,,,,,,,,,,,,,,,,,,,,,
32014R0833,,EU-RUS,XLV.D,Financial restrictions,14.5.2026,,LegalEntity,Platejka,,,,,,,,,,,,,,,,,,,,,,,,,,,,,,,,,,,,
32014R0833,1,EU-RUS,XLVII.A,Transportation restrictions,25.2.2025,"Article 5ae(1), point (a): used for the transfer of Unmanned Aerial Vehicles (UAVs) or missiles or related technologies or components thereof in support of Russia’s war of aggression against Ukraine",Asset,Astrakhan,,,,,,,,,,,,,,,,,,,,,,,,,,,,,,,,,,,,
32014R0833,2,EU-RUS,XLVII.A,Transportation restrictions,25.2.2025,"Article 5ae(1), point (a): used for the transfer of Unmanned Aerial Vehicles (UAVs) or missiles or related technologies or components thereof in support of Russia’s war of aggression against Ukraine",Asset,Makhachkala,,,,,,,,,,,,,,,,,,,,,,,,,,,,,,,,,,,,
32014R0833,3,EU-RUS,XLVII.A,Transportation restrictions,25.2.2025,"Article 5ae(1), point (c): used for the maritime transport of crude oil or petroleum products, as listed in Annex XXV, that originate in Russia or are exported from Russia by vessels practicing irregular and high-risk shipping practices as set out in the International Maritime Organisation General Assembly resolution A.1192(33)",Asset,Ust-Luga,,,,,,,,,,,,,,,,,,,,,,,,,,,,,,,,,,,,
32014R0833,4,EU-RUS,XLVII.A,Transportation restrictions,25.2.2025,"Article 5ae(1), point (c): used for the maritime transport of crude oil or petroleum products, as listed in Annex XXV, that originate in Russia or are exported from Russia by vessels practicing irregular and high-risk shipping practices as set out in the International Maritime Organisation General Assembly resolution A.1192(33)",Asset,Primorsk,,,,,,,,,,,,,,,,,,,,,,,,,,,,,,,,,,,,
32014R0833,5,EU-RUS,XLVII.A,Transportation restrictions,25.2.2025,"Article 5ae(1), point (c): used for the maritime transport of crude oil or petroleum products, as listed in Annex XXV, that originate in Russia or are exported from Russia by vessels practicing irregular and high-risk shipping practices as set out in the International Maritime Organisation General Assembly resolution A.1192(33)",Asset,Novorossiysk,,,,,,,,,,,,,,,,,,,,,,,,,,,,,,,,,,,,
32014R0833,6,EU-RUS,XLVII.A,Transportation restrictions,24.4.2026,"Article 5ae(1), point (c): used for the maritime transport of crude oil or petroleum products, as listed in Annex XXV, or of mineral products, that originate in Russia or are exported from Russia by vessels practicing irregular and high-risk shipping practices as set out in the International Maritime Organisation General Assembly resolution A.1192(33)",Asset,Murmansk,,,,,,,,,,,,,,,,,,,,,,,,,,,,,,,,,,,,
32014R0833,7,EU-RUS,XLVII.A,Transportation restrictions,24.4.2026,"Article 5ae(1), point (c): used for the maritime transport of crude oil or petroleum products, as listed in Annex XXV, or of mineral products, that originate in Russia or are exported from Russia by vessels practicing irregular and high-risk shipping practices as set out in the International Maritime Organisation General Assembly resolution A.1192(33)",Asset,Tuapse,,,,,,,,,,,,,,,,,,,,,,,,,,,,,,,,,,,,
32014R0833,1,EU-RUS,XLVII.B,Transportation restrictions,25.2.2025,"Article 5ae(2), point (a): used for the transfer of Unmanned Aerial Vehicles (UAVs) or missiles or related technologies or components thereof in support of Russia’s war of aggression against Ukraine",Asset,Begishevo International Airport,,,,,,,,,,,,,,,,,,,,,,,,,,,,,,,,,,,,
32014R0833,2,EU-RUS,XLVII.B,Transportation restrictions,25.2.2025,"Article 5ae(2), point (a): used for the transfer of Unmanned Aerial Vehicles (UAVs) or missiles or related technologies or components thereof in support of Russia’s war of aggression against Ukraine",Asset,Vnukovo International Airport,,,,,,,,,,,,,,,,,,,,,,,,,,,,,,,,,,,,
32014R0833,3,EU-RUS,XLVII.B,Transportation restrictions,25.2.2025,"Article 5ae(2), point (b): used for the transport of goods and technology used in the defence and security sector, from or to Russia, for use in Russia or for Russia’s warfare in Ukraine",Asset,Zhukovsky International Airport,,,,,,,,,,,,,,,,,,,,,,,,,,,,,,,,,,,,
32014R0833,4,EU-RUS,XLVII.B,Transportation restrictions,25.2.2025,"Article 5ae(2), point (b): used for the transport of goods and technology used in the defence and security sector, from or to Russia, for use in Russia or for Russia’s warfare in Ukraine",Asset,Perm International Airport,,,,,,,,,,,,,,,,,,,,,,,,,,,,,,,,,,,,
32014R0833,5,EU-RUS,XLVII.B,Transportation restrictions,25.2.2025,"Article 5ae(2), point (b): used for the transport of goods and technology used in the defence and security sector, from or to Russia, for use in Russia or for Russia’s warfare in Ukraine",Asset,Koltsovo International Airport,,,,,,,,,,,,,,,,,,,,,,,,,,,,,,,,,,,,
32014R0833,6,EU-RUS,XLVII.B,Transportation restrictions,25.2.2025,"Article 5ae(2), point (b): used for the transport of goods and technology used in the defence and security sector, from or to Russia, for use in Russia or for Russia’s warfare in Ukraine",Asset,Pskov International Airport,,,,,,,,,,,,,,,,,,,,,,,,,,,,,,,,,,,,
32014R0833,1,EU-RUS,XLVII.C,Transportation restrictions,24.4.2026,"Article 5ae(1), point (c): used for the maritime transport of crude oil or petroleum products, as listed in Annex XXV, or of mineral products, that originate in Russia or are exported from Russia by vessels practicing irregular and high-risk shipping practices as set out in the International Maritime Organisation General Assembly resolution A.1192(33)",Asset,"Karimun Oil Terminal, Indonesia",,,,,,,,,,,,,,,,,,,,,,,,,,,,,,,,,,,,
32014R0833,,EU-RUS,XLIX,Financial restrictions,20.7.2025,,LegalEntity,VizorLabs LLC,,,,,,,,,,,,,,,,,,,,,,,,,,,,,,,,"Moscow, Russia",,,,
32014R0833,,EU-RUS,XLIX,Financial restrictions,20.7.2025,,LegalEntity,Kama (Atom) JSC,,,,,,,,,,,,,,,,,,,,,,,,,,,,,,,,"Moscow, Russia",,,,
32014R0833,,EU-RUS,XLIX,Financial restrictions,20.7.2025,,LegalEntity,BitRiver LLC,,,,,,,,,,,,,,,,,,,,,,,,,,,,,,,,"Moscow, Russia",,,,
32014R0833,,EU-RUS,XLIX,Financial restrictions,20.7.2025,,LegalEntity,LABADVANCE LLC,,,,,,,,,,,,,,,,,,,,,,,,,,,,,,,,"Skolkovo/Moscow, Russia",,,,
32014R0833,1,EU-RUS,LII.A,Investment ban,,,Asset,Special Economic Zone of Industrial-Production Type ‘Alabuga’,,,,Russia,,,,,,,,,,,,,,,,,,,,,,,,,,,,Republic of Tatarstan,,,,
32014R0833,2,EU-RUS,LII.A,Investment ban,,,Asset,Special Economic Zone of Technological-Innovative Type ‘Technopolis Moscow’,,,,Russia,,,,,,,,,,,,,,,,,,,,,,,,,,,,Moscow City,,,,
32014R0833,1,EU-RUS,LII.B,Investment ban,,,Asset,Special Economic Zone of Industrial-Production Type ‘Lipetsk’,,,,Russia,,,,,,,,,,,,,,,,,,,,,,,,,,,,Lipetsk Oblast,,,,
32014R0833,2,EU-RUS,LII.B,Investment ban,,,Asset,Special Economic Zone of Industrial-Production Type ‘Togliatti’,,,,Russia,,,,,,,,,,,,,,,,,,,,,,,,,,,,Samara Oblast,,,,
32014R0833,3,EU-RUS,LII.B,Investment ban,,,Asset,Special Economic Zone of Industrial-Production Type ‘Lyudinovo’,,,,Russia,,,,,,,,,,,,,,,,,,,,,,,,,,,,Kaluga Oblast,,,,
32014R0833,4,EU-RUS,LII.B,Investment ban,,,Asset,Special Economic Zone of Technological-Innovative Type ‘St. Petersburg’,,,,Russia,,,,,,,,,,,,,,,,,,,,,,,,,,,,Saint Petersburg,,,,
32014R0833,5,EU-RUS,LII.B,Investment ban,,,Asset,Special Economic Zone of Technological-Innovative Type ‘Dubna’,,,,Russia,,,,,,,,,,,,,,,,,,,,,,,,,,,,Moscow Oblast,,,,
32014R0833,6,EU-RUS,LII.B,Investment ban,,,Asset,Special Economic Zone of Technological-Innovative Type ‘Innopolis’,,,,Russia,,,,,,,,,,,,,,,,,,,,,,,,,,,,Republic of Tatarstan,,,,
32014R0833,7,EU-RUS,LII.B,Investment ban,,,Asset,Special Economic Zone of Port Type ‘Ulyanovsk’,,,,Russia,,,,,,,,,,,,,,,,,,,,,,,,,,,,Ulyanovsk Oblast,,,,
32014R0833,8,EU-RUS,LII.B,Investment ban,,,Asset,Skolkovo Innovation Center,,,,Russia,,,,,,,,,,,,,,,,,,,,,,,,,,,,Moscow Oblast,,,,
32014R0833,9,EU-RUS,LII.B,Investment ban,,,Asset,Free Port of Vladivostok,,,,Russia,,,,,,,,,,,,,,,,,,,,,,,,,,,,"Primorsky Krai, Kamchatka Krai, Chukotka Autonomous District, Khabarovsk Krai, Sakhalin Oblast",,,,
32014R0833,,EU-RUS,LIII,Financial restrictions,25 November 2025,,Asset,A7A5,,,,,,,,,,,,,,,,,,,,,,,,,,,,,,,,,,,,
32014R0833,,EU-RUS,LIII,Financial restrictions,24 May 2026,,Asset,RUBx,,,,,,,,,,,,,,,,,,,,,,,,,,,,,,,,,,,,
32014R0833,,EU-RUS,LIII,Financial restrictions,24 May 2026,,Asset,Digital rouble,,,,,,,,,,,,,,,,,,,,,,,,,,,,,,,,,,,,
