Measure,Relationship,Type,Name,Alias,Country,Address,Registration number,Notes,Source URL
ABLV Bank,self,,ABLV Bank,ABLV Bank AS; ABLV Bank-in-Liquidation,Latvia,"Riga, Latvia",,"""This document withdraws FinCEN's finding that ABLV Bank AS (ABLV) is a financial institution of primary money laundering concern and the related notice of proposed rulemaking seeking to impose the fifth special measure regarding ABLV, pursuant to section 311 of the USA PATRIOT Act (section 311)""; ""On February 16, 2018, FinCEN issued a notice of proposed rulemaking (NPRM) that (1) set forth FinCEN's finding that ABLV, a commercial bank located in Riga, Latvia, was, at that time, a foreign financial institution of primary money laundering concern and (2) proposed imposing special measure five under section 311""; ""On June 12, 2018, ABLV—with the approval of FCMC—entered irrevocable liquidation, formally changing its name to ABLV Bank-in-Liquidation""",https://www.federalregister.gov/public-inspection/2024-22299/special-measure-against-ablv-bank-as-as-a-financial-institution-of-primary-money-laundering-concern
ABLV Bank,self,,ABLV Bank,"ABLV Bank, AS",Latvia,"Riga, Latvia",,"""ABLV Bank, AS (ABLV), a commercial bank located in Riga, Latvia, is a foreign financial institution of primary money laundering concern pursuant to Section 311""; ""Established in 1993, ABLV Bank, AS (ABLV) is headquartered in Riga, Latvia""; ""ABLV is Latvia's largest NRD bank by assets""",https://www.fincen.gov/system/files/federal_register_notices/2018-02-16/2018-03214.pdf
ABLV Bank,subsidiary,Company,ABLV Bank Luxembourg S.A.,,Luxembourg,,,"""the European Central Bank (ECB) determined that ABLV—as well as its subsidiary ABLV Bank Luxembourg—was failing or likely to fail""; ""Shortly afterward, the Luxembourg courts ordered ABLV Bank Luxembourg dissolved""; ""Dissolution and judicial liquidation: ABLV Bank Luxembourg S.A. – Appointment of liquidators""",https://www.federalregister.gov/public-inspection/2024-22299/special-measure-against-ablv-bank-as-as-a-financial-institution-of-primary-money-laundering-concern
ABLV Bank,subsidiary,Company,"ABLV Bank, Luxembourg, S.A.",,Luxembourg,,,"""ABLV holds several subsidiary entities, including a subsidiary bank, ABLV Bank, Luxembourg, S.A., located in Luxembourg""; ""The proposed rule defines “ABLV” to mean all subsidiaries, branches, and offices of ABLV Bank, AS operating as a bank in any jurisdiction""",https://www.fincen.gov/system/files/federal_register_notices/2018-02-16/2018-03214.pdf
ABLV Bank,target,Company,"ABLV Bank, Luxembourg, S.A.",,Luxembourg,,,"""As noted above, FinCEN is aware of one subsidiary bank, ABLV Bank, Luxembourg, S.A., located in Luxembourg""; ""ABLV means all subsidiaries, branches, and offices of ABLV Bank, AS operating as a bank in any jurisdiction""",https://www.fincen.gov/system/files/federal_register_notices/2018-02-16/2018-03214.pdf
ABLV Bank,owner,Company,"Cassandra Holding Company, SIA",,,,,"""Bernis holds 4.93 percent of shares in the bank directly, and 43.12 percent of shares indirectly via Cassandra Holding Company, SIA""",https://www.fincen.gov/system/files/federal_register_notices/2018-02-16/2018-03214.pdf
ABLV Bank,owner,Person,Ernests Bernis,,,,,"""The beneficial owners of ABLV are Ernests Bernis and Oleg Fils""; ""Bernis holds 4.93 percent of shares in the bank directly, and 43.12 percent of shares indirectly via Cassandra Holding Company, SIA""",https://www.fincen.gov/system/files/federal_register_notices/2018-02-16/2018-03214.pdf
ABLV Bank,owner,Person,Oleg Fils,,,,,"""The beneficial owners of ABLV are Ernests Bernis and Oleg Fils""; ""Fils holds 43.13 percent of shares in ABLV indirectly through SIA “OF Holding.”""",https://www.fincen.gov/system/files/federal_register_notices/2018-02-16/2018-03214.pdf
ABLV Bank,owner,Company,SIA “OF Holding”,,,,,"""Fils holds 43.13 percent of shares in ABLV indirectly through SIA “OF Holding.”""",https://www.fincen.gov/system/files/federal_register_notices/2018-02-16/2018-03214.pdf
ABLV Bank,related,Person,Serhiy Kurchenko,,Ukraine,,,"""Through 2014, for example, Ukrainian tycoon Serhiy Kurchenko funneled billions of dollars through his ABLV shell company accounts""; ""Treasury's Office of Foreign Assets Control (OFAC) designated Kurchenko in 2015, finding that he was responsible for, complicit in, or had engaged in, directly or indirectly, the misappropriation of state assets of Ukraine or of an economically significant entity in Ukraine""; ""ABLV maintained at least nine shell company accounts linked to Kurchenko""",https://www.fincen.gov/system/files/federal_register_notices/2018-02-16/2018-03214.pdf
Al-Huda Bank,self,,Al-Huda Bank,,Iraq,"Baghdad, Iraq",,"""Al-Huda Bank is a private commercial bank registered and headquartered in Baghdad, Iraq, with five domestic branch locations""; ""These domestic branches are in Baghdad, Karbala, and Nasiriyah""; ""Al-Huda Bank has no subsidiaries or branches outside of Iraq, and is regulated by the CBI""",https://www.federalregister.gov/documents/2024/01/31/2024-02004/proposal-of-special-measure-regarding-al-huda-bank-as-a-foreign-financial-institution-of-primary
Al-Huda Bank,self,,Al-Huda Bank,,Iraq,"Baghdad, Iraq",,"""Al-Huda Bank is a private commercial bank registered and headquartered in Baghdad, Iraq, with five branch locations in Baghdad, Karbala, and Nasiriyah, Iraq""; ""Al-Huda Bank has no subsidiaries or branches outside of Iraq and is regulated by the Central Bank of Iraq (CBI)""; ""Following the issuance of the NPRM, the CBI banned Al-Huda Bank from accessing the CBI dollar auction""",https://www.federalregister.gov/documents/2024/07/03/2024-14415/imposition-of-special-measure-regarding-al-huda-bank-as-a-financial-institution-of-primary-money
Al-Huda Bank,related,Organization,Asa'ib Ahl al-Haq,AAH,Iraq,,,"""For years, Al-Huda Bank has exploited its access to U.S. dollars (USD) to support designated foreign terrorist organizations (FTOs), including Iran's Islamic Revolutionary Guard Corps (IRGC) and IRGC-Quds Force (IRGC-QF) as well as Iran-aligned Iraqi militias Kata'ib Hizballah (KH) and Asa'ib Ahl al-Haq (AAH)""; ""The Iran-aligned Iraqi militia AAH has used companies based across Iraq to generate revenue, launder illicit profits, and convert IQD to USD""; ""AAH has used Al-Huda Bank to maintain accounts for some of these companies, as well as to access the currency auction""",https://www.federalregister.gov/documents/2024/01/31/2024-02004/proposal-of-special-measure-regarding-al-huda-bank-as-a-foreign-financial-institution-of-primary
Al-Huda Bank,related,Organization,Asa'ib Ahl al-Haq,AAH,Iraq,,,"""FinCEN assesses that Al-Huda Bank has exploited its access to USD to support designated foreign terrorist organizations (FTOs), including Iran's Islamic Revolutionary Guard Corps (IRGC) and IRGC-Quds Force (IRGC-QF), as well as Iran-aligned Iraqi militias Kata'ib Hizballah (KH) and Asa'ib Ahl al-Haq (AAH)""; ""The Iran-aligned Iraqi militia AAH has used companies based across Iraq to generate revenue, launder illicit profits, and convert IQD to USD""; ""AAH has used Al-Huda Bank to maintain accounts for some of these companies, as well as to access the currency auction""",https://www.federalregister.gov/documents/2024/07/03/2024-14415/imposition-of-special-measure-regarding-al-huda-bank-as-a-financial-institution-of-primary-money
Al-Huda Bank,owner,Person,Hamad al-Moussawi,,,,,"""FinCEN received four comments attesting to the good reputation of the owner and chairman of Al-Huda Bank, Hamad al-Moussawi (al-Moussawi)""; ""Further, even if they could be substantiated, such general claims about Al-Huda Bank and its owner al-Moussawi would not allay FinCEN's concerns regarding Al-Huda Bank's specific illicit conduct""; ""Moreover, the chairman of Al-Huda Bank is complicit in Al-Huda Bank's illicit financial activities, including money laundering through front companies that conceal the true nature of and parties involved in illicit transactions, ultimately enabling the financing of terrorism""",https://www.federalregister.gov/documents/2024/07/03/2024-14415/imposition-of-special-measure-regarding-al-huda-bank-as-a-financial-institution-of-primary-money
Al-Huda Bank,controller,Organization,IRGC-Quds Force,IRGC-QF,Iran,,,"""For years, Al-Huda Bank has exploited its access to U.S. dollars (USD) to support designated foreign terrorist organizations (FTOs), including Iran's Islamic Revolutionary Guard Corps (IRGC) and IRGC-Quds Force (IRGC-QF) as well as Iran-aligned Iraqi militias Kata'ib Hizballah (KH) and Asa'ib Ahl al-Haq (AAH)""; ""Since its establishment, Al-Huda Bank has been controlled and operated by the IRGC and IRGC-QF""; ""In 2008, the chairman of Al-Huda Bank established the bank specifically for the benefit of KH and has met with and taken orders from IRGC-QF leadership in Tehran, Iran""",https://www.federalregister.gov/documents/2024/01/31/2024-02004/proposal-of-special-measure-regarding-al-huda-bank-as-a-foreign-financial-institution-of-primary
Al-Huda Bank,controller,Organization,IRGC-Quds Force,IRGC-QF,Iran,,,"""FinCEN assesses that Al-Huda Bank has exploited its access to USD to support designated foreign terrorist organizations (FTOs), including Iran's Islamic Revolutionary Guard Corps (IRGC) and IRGC-Quds Force (IRGC-QF), as well as Iran-aligned Iraqi militias Kata'ib Hizballah (KH) and Asa'ib Ahl al-Haq (AAH)""; ""Since its establishment, Al-Huda Bank has been controlled and operated by the IRGC and IRGC-QF""; ""In 2008, the chairman of Al-Huda Bank established the bank specifically for the benefit of KH and has met with and taken orders from IRGC-QF leadership in Tehran, Iran""",https://www.federalregister.gov/documents/2024/07/03/2024-14415/imposition-of-special-measure-regarding-al-huda-bank-as-a-financial-institution-of-primary-money
Al-Huda Bank,controller,Organization,Islamic Revolutionary Guard Corps,IRGC,Iran,,,"""For years, Al-Huda Bank has exploited its access to U.S. dollars (USD) to support designated foreign terrorist organizations (FTOs), including Iran's Islamic Revolutionary Guard Corps (IRGC) and IRGC-Quds Force (IRGC-QF) as well as Iran-aligned Iraqi militias Kata'ib Hizballah (KH) and Asa'ib Ahl al-Haq (AAH)""; ""Since its establishment, Al-Huda Bank has been controlled and operated by the IRGC and IRGC-QF""; ""Overall, IRGC and IRGC-QF use of Al-Huda Bank and several other Iraqi banks to access the dollar auction resulted in approximately $70 billion USD in profit from 2019 through 2020""",https://www.federalregister.gov/documents/2024/01/31/2024-02004/proposal-of-special-measure-regarding-al-huda-bank-as-a-foreign-financial-institution-of-primary
Al-Huda Bank,controller,Organization,Islamic Revolutionary Guard Corps,IRGC,Iran,,,"""FinCEN assesses that Al-Huda Bank has exploited its access to USD to support designated foreign terrorist organizations (FTOs), including Iran's Islamic Revolutionary Guard Corps (IRGC) and IRGC-Quds Force (IRGC-QF), as well as Iran-aligned Iraqi militias Kata'ib Hizballah (KH) and Asa'ib Ahl al-Haq (AAH)""; ""Since its establishment, Al-Huda Bank has been controlled and operated by the IRGC and IRGC-QF""; ""Overall, IRGC and IRGC-QF use of Al-Huda Bank and several other Iraqi banks to access the CBI dollar auction resulted in approximately $70 billion USD in profit, from 2019 through 2020""",https://www.federalregister.gov/documents/2024/07/03/2024-14415/imposition-of-special-measure-regarding-al-huda-bank-as-a-financial-institution-of-primary-money
Al-Huda Bank,related,Organization,Kata'ib Hizballah,KH,Iraq,,,"""For years, Al-Huda Bank has exploited its access to U.S. dollars (USD) to support designated foreign terrorist organizations (FTOs), including Iran's Islamic Revolutionary Guard Corps (IRGC) and IRGC-Quds Force (IRGC-QF) as well as Iran-aligned Iraqi militias Kata'ib Hizballah (KH) and Asa'ib Ahl al-Haq (AAH)""; ""In 2008, the chairman of Al-Huda Bank established the bank specifically for the benefit of KH and has met with and taken orders from IRGC-QF leadership in Tehran, Iran""; ""After establishing the bank, the Al-Huda Bank chairman began money laundering operations on behalf of the IRGC-QF and KH""",https://www.federalregister.gov/documents/2024/01/31/2024-02004/proposal-of-special-measure-regarding-al-huda-bank-as-a-foreign-financial-institution-of-primary
Al-Huda Bank,related,Organization,Kata'ib Hizballah,KH,Iraq,,,"""FinCEN assesses that Al-Huda Bank has exploited its access to USD to support designated foreign terrorist organizations (FTOs), including Iran's Islamic Revolutionary Guard Corps (IRGC) and IRGC-Quds Force (IRGC-QF), as well as Iran-aligned Iraqi militias Kata'ib Hizballah (KH) and Asa'ib Ahl al-Haq (AAH)""; ""In 2008, the chairman of Al-Huda Bank established the bank specifically for the benefit of KH and has met with and taken orders from IRGC-QF leadership in Tehran, Iran""; ""After establishing the bank, the Al-Huda Bank chairman began money laundering operations on behalf of the IRGC-QF and KH""",https://www.federalregister.gov/documents/2024/07/03/2024-14415/imposition-of-special-measure-regarding-al-huda-bank-as-a-financial-institution-of-primary-money
Asia Wealth Bank,self,,Asia Wealth Bank,,Burma,,,"""Asia Wealth Bank started its banking operation in 1995, was one of the largest private banks in Burma, and offered a wide variety of banking services""; ""the Government of Burma revoked the licenses of the Banks in 2005 and neither financial institution currently exists""; ""FinCEN hereby withdraws the finding that Myanmar Mayflower Bank and Asia Wealth Bank are financial institutions of primary money laundering concern, as of October 1, 2012""",https://www.fincen.gov/system/files/shared/2012-23995.pdf
Asia Wealth Bank,self,,Asia Wealth Bank,,Burma,,,"""Asia Wealth Bank started its banking operation in 1995 and is one of the largest private banks in Burma, offering a wide variety of banking services""; ""Asia Wealth Bank, one of Burma's largest private banks, is affiliated with prominent organizations and figures in the drug trade, including members of the Kokang ethnic group headed by notorious druglord Peng Chia-Sheng""",https://www.fincen.gov/system/files/shared/311_burmese_banks.pdf
Asia Wealth Bank,self,,Asia Wealth Bank,,Burma,,,"""Asia Wealth Bank started its banking operation in 1995 and is one of the largest private banks in Burma, offering a wide variety of banking services""; ""in the case of the Asia Wealth Bank, the owners are linked to organized crime""",https://www.fincen.gov/system/files/shared/mayflowerbank.pdf
Asia Wealth Bank,related,Person,Aik Htun,Eike Htun,,,,"""According to the 2003 Europa World Yearbook, Win Maung is the Chairman and Aik Htun is the Vice-Chair""; ""Eike Htun, the vice chairman of the bank, has been specifically identified as having connections with Burma's narcotics trade""",https://www.fincen.gov/system/files/shared/311_burmese_banks.pdf
Asia Wealth Bank,related,Person,Aik Htun,,,,,"""According to the 2003 Europa World Yearbook, Win Maung is the Chairman and Aik Htun is the Vice-Chair""",https://www.fincen.gov/system/files/shared/mayflowerbank.pdf
Asia Wealth Bank,related,Organization,United Wa State Army,UWSA,,,,"""the individuals who own and control the banks are linked to the United Wa State Army (UWSA), an organization involved in narcotics trafficking, and designated as significant narcotics traffickers under the Foreign Narcotics Kingpin Designation Act""; ""believed to be controlled by drug traffickers, and believed to be used by the UWSA and possibly other organized crime groups to conduct illegal transactions""",https://www.fincen.gov/system/files/shared/311_burmese_banks.pdf
Banca Privada d’Andorra,self,,Banca Privada d’Andorra,BPA,Andorra,,,"""BPA is one of five Andorran banks and is a subsidiary of the BPA Group, a privately-held entity.""; ""Founded in 1962, BPA is the fourth largest bank of the five banks in Andorra and has 1.79 billion euro in assets.""; ""The bank has seven domestic branches in Andorra and five foreign branches that operate in Spain, Switzerland, Luxembourg, Panama, and Uruguay.""",https://www.fincen.gov/system/files/shared/BPA_NOF.pdf
Banca Privada d’Andorra,self,,Banca Privada d’Andorra,BPA,Andorra,,,"""On March 13, 2015, FinCEN provided notice in the Federal Register that it had found Banca Privada d'Andorra (“BPA”), a bank headquartered in Andorra, to be of primary money laundering concern.""; ""FinCEN therefore has determined that BPA no longer is a primary money laundering concern and will not impose any special measures under Section 311 with respect to BPA.""",https://www.fincen.gov/system/files/shared/BPA_Withdrawal_Finding.pdf
Banca Privada d’Andorra,self,,Banca Privada d’Andorra,BPA,Andorra,,,"""On March 13, 2015, FinCEN provided notice in the Federal Register that it had found Banca Privada d'Andorra (“BPA”), a bank headquartered in Andorra, to be of primary money laundering concern.""; ""FinCEN therefore has determined that BPA no longer is a primary money laundering concern and will not impose any special measures under Section 311 with respect to BPA.""",https://www.fincen.gov/system/files/shared/BPA_Withdrawal_NPRM.pdf
Banca Privada d’Andorra,related,Person,Andrey Petrov,,,,,"""From 2011 to February 2013, High-Level Manager A at BPA in Andorra provided substantial assistance to Andrey Petrov, a TPML (“TPML 1”) working for Russian criminal organizations engaged in corruption.""; ""Both Petrov and the Russian businessman relied on BPA to facilitate the laundering of the organized crime proceeds and maintained large bank accounts with BPA.""; ""In February 2013, Spanish law enforcement arrested Petrov and several associates for laundering approximately 56 million euro.""",https://www.fincen.gov/system/files/shared/BPA_NOF.pdf
Banca Privada d’Andorra,owner,LegalEntity,BPA Group,,,,,"""BPA is one of five Andorran banks and is a subsidiary of the BPA Group, a privately-held entity.""",https://www.fincen.gov/system/files/shared/BPA_NOF.pdf
Banca Privada d’Andorra,related,Person,Gao Ping,,,,,"""from 2011 to October 2012, High-Level Manager C at BPA accepted bribes to process bulk cash transfers for TPML Gao Ping (“TPML 3”).""; ""Ping acted on behalf of a transnational criminal organization engaged in trade-based money laundering and human trafficking and established relationships with Andorran banks to launder money on behalf of his organization and numerous Spanish businesspersons.""; ""Spanish law enforcement arrested Ping in September 2012 for his involvement in money laundering.""",https://www.fincen.gov/system/files/shared/BPA_NOF.pdf
Banca Privada d’Andorra,related,Company,Vall Banc,,Andorra,,,"""In July 2015, AREB announced the creation of the bridge bank, named Vall Banc, to receive the transfer of BPA's legitimate assets, liabilities, and clients.""; ""Vall Banc is wholly-owned by AREB, is registered with the INAF, and is supervised by Andorran banking supervisory authorities.""; ""Vall Banc will not employ the high-level BPA managers described in FinCEN's Notice of Finding.""",https://www.fincen.gov/system/files/shared/BPA_Withdrawal_Finding.pdf
Banca Privada d’Andorra,related,Company,Vall Banc,,Andorra,,,"""In July 2015, AREB announced the creation of the bridge bank, named Vall Banc, to receive the transfer of BPA's legitimate assets, liabilities, and clients.""; ""Vall Banc is wholly-owned by AREB, is registered with the INAF, and is supervised by Andorran banking supervisory authorities.""; ""Vall Banc will not employ the high-level BPA managers described in FinCEN's Notice of Finding.""",https://www.fincen.gov/system/files/shared/BPA_Withdrawal_NPRM.pdf
Banco Delta Asia,self,,Banco Delta Asia,Banco Delta Asia SARL; Banco Hang Sang,Macau,,,"""Banco Delta Asia, located and licensed in Macau, is the commercial banking arm of its parent company, Delta Asia Group (Holdings) Ltd. (“Delta Asia Group”)""; ""Banco Delta Asia was originally established in 1935 as Banco Hang Sang, and its name changed to Banco Delta Asia in December 1993""; ""According to Banco Delta Asia's representations to us, the bank had roughly $205 million (U.S. dollars) in assets as of July 2006""",https://www.fincen.gov/system/files/shared/bda_final_rule.pdf
Banco Delta Asia,self,,Banco Delta Asia,Banco Delta Asia SARL; Banco Hang Sang,Macau,,,"""Banco Delta Asia, located and licensed in the Macau Special Administrative Region, China, is the commercial banking arm of its parent company, Delta Asia Group (Holdings) Ltd. (Delta Asia Group)""; ""Banco Delta Asia was originally established in 1935 as Banco Hang Sang, and its name changed to Banco Delta Asia in December 1993""; ""Banco Delta Asia operates eight branches in Macau (including a branch at a casino) and is served by a representative office in Japan""",https://www.fincen.gov/system/files/shared/finding_banco.pdf
Banco Delta Asia,self,,Banco Delta Asia,Banco Delta Asia SARL; Banco Hang Sang,Macau,,,"""Banco Delta Asia, located and licensed in the Macau Special Administrative Region, China, is the commercial banking arm of its parent company, Delta Asia Group (Holdings) Ltd. (Delta Asia Group)""; ""Banco Delta Asia was originally established in 1935 as Banco Hang Sang, and its name changed to Banco Delta Asia in December 1993""; ""Banco Delta Asia operates eight branches in Macau (including a branch at a casino) and is served by a representative office in Japan""",https://www.fincen.gov/system/files/shared/notice_banco.pdf
Banco Delta Asia,subsidiary,Company,Delta Asia Credit Limited,,,,,"""Banco Delta Asia has two wholly owned subsidiaries: Delta Asia Credit Limited and Delta Asia Insurance Limited""",https://www.fincen.gov/system/files/shared/bda_final_rule.pdf
Banco Delta Asia,target,Company,Delta Asia Credit Limited,,,,,"""Imposition of Special Measure Against Banco Delta Asia, Including Its Subsidiaries Delta Asia Credit Limited and Delta Asia Insurance Limited, as a Financial Institution of Primary Money Laundering Concern""; ""we are prohibited from establishing, maintaining, administering or managing a correspondent account for, or on behalf of, Banco Delta Asia or any of its subsidiaries (including, but not limited to, Delta Asia Credit Limited, and Delta Asia Insurance Limited)""",https://www.fincen.gov/system/files/shared/bda_final_rule.pdf
Banco Delta Asia,subsidiary,Company,Delta Asia Credit Ltd.,,,,,"""In addition, Banco Delta Asia maintains correspondent accounts in Europe, Asia, Australia, Canada, and the United States, and has two wholly owned subsidiaries: Delta Asia Credit Ltd., and Delta Asia Insurance Limited""",https://www.fincen.gov/system/files/shared/finding_banco.pdf
Banco Delta Asia,target,Company,Delta Asia Credit Ltd.,,,,,"""This finding of primary money laundering concern shall apply exclusively to Banco Delta Asia and its branches, offices, and subsidiaries, and not to Delta Asia Group (Holdings) Ltd., or any of its other subsidiaries""",https://www.fincen.gov/system/files/shared/finding_banco.pdf
Banco Delta Asia,subsidiary,Company,Delta Asia Credit Ltd.,,,,,"""In addition, Banco Delta Asia maintains correspondent accounts in Europe, Asia, Australia, Canada, and the United States, and has two wholly owned subsidiaries: Delta Asia Credit Ltd., and Delta Asia Insurance Limited""; ""These branches, offices, and subsidiaries include, but are not necessarily limited to, the Amaral, Antonio, Barca, Campo, Ioa Hon, Lisboa, Outubro, and Tap Sac branches in Macau, the Airport Service Centre, Financial Services Centre, Macao Administrative Centre, The Bank Centre, Delta Asia Credit Ltd., Delta Asia Insurance Limited, and the Tokyo Representative Office""",https://www.fincen.gov/system/files/shared/notice_banco.pdf
Banco Delta Asia,owner,Company,Delta Asia Group (Holdings) Ltd.,Delta Asia Group,,,,"""Banco Delta Asia, located and licensed in Macau, is the commercial banking arm of its parent company, Delta Asia Group (Holdings) Ltd. (“Delta Asia Group”)""; ""In addition to commercial banking, Delta Asia Group engages in investment banking and insurance activities""; ""For purposes of this rulemaking, our finding of primary money laundering concern and imposition of special measures shall apply exclusively to Banco Delta Asia and its branches, offices, and subsidiaries, and not to Delta Asia Group (Holdings) Ltd., or any of its other subsidiaries""",https://www.fincen.gov/system/files/shared/bda_final_rule.pdf
Banco Delta Asia,owner,Company,Delta Asia Group (Holdings) Ltd.,Delta Asia Group,,,,"""Banco Delta Asia, located and licensed in the Macau Special Administrative Region, China, is the commercial banking arm of its parent company, Delta Asia Group (Holdings) Ltd. (Delta Asia Group)""; ""In addition to commercial banking, Delta Asia Group engages in investment banking and insurance activities""; ""This finding of primary money laundering concern shall apply exclusively to Banco Delta Asia and its branches, offices, and subsidiaries, and not to Delta Asia Group (Holdings) Ltd., or any of its other subsidiaries""",https://www.fincen.gov/system/files/shared/finding_banco.pdf
Banco Delta Asia,owner,Company,Delta Asia Group (Holdings) Ltd.,Delta Asia Group,,,,"""Banco Delta Asia, located and licensed in the Macau Special Administrative Region, China, is the commercial banking arm of its parent company, Delta Asia Group (Holdings) Ltd. (Delta Asia Group)""; ""In addition to commercial banking, Delta Asia Group engages in investment banking and insurance activities""; ""For purposes of this rulemaking, The Financial Crimes Enforcement Network's designation of primary money laundering concern and imposition of special measures shall apply exclusively to Banco Delta Asia and its branches, offices, and subsidiaries, and not to Delta Asia Group (Holdings) Ltd., or any of its other subsidiaries""",https://www.fincen.gov/system/files/shared/notice_banco.pdf
Banco Delta Asia,owner,Company,Delta Asia Group (Holdings) Ltd.,,,,,"""The following month, Stanley Au and Delta Asia Group (Holdings) Ltd., the owners of BDA, filed a separate petition for rescission of the Final Rule""",https://www.govinfo.gov/content/pkg/FR-2020-08-10/pdf/2020-17143.pdf
Banco Delta Asia,owner,Company,Delta Asia Group (Holdings) Ltd.,,,,,"""The following month, Stanley Au and Delta Asia Group (Holdings) Ltd., the owners of BDA, filed a separate petition for rescission of the Final Rule""",https://www.govinfo.gov/content/pkg/FR-2020-08-10/pdf/2020-17144.pdf
Banco Delta Asia,subsidiary,Company,Delta Asia Insurance Limited,,,,,"""Banco Delta Asia has two wholly owned subsidiaries: Delta Asia Credit Limited and Delta Asia Insurance Limited""",https://www.fincen.gov/system/files/shared/bda_final_rule.pdf
Banco Delta Asia,target,Company,Delta Asia Insurance Limited,,,,,"""Imposition of Special Measure Against Banco Delta Asia, Including Its Subsidiaries Delta Asia Credit Limited and Delta Asia Insurance Limited, as a Financial Institution of Primary Money Laundering Concern""; ""we are prohibited from establishing, maintaining, administering or managing a correspondent account for, or on behalf of, Banco Delta Asia or any of its subsidiaries (including, but not limited to, Delta Asia Credit Limited, and Delta Asia Insurance Limited)""",https://www.fincen.gov/system/files/shared/bda_final_rule.pdf
Banco Delta Asia,subsidiary,Company,Delta Asia Insurance Limited,,,,,"""In addition, Banco Delta Asia maintains correspondent accounts in Europe, Asia, Australia, Canada, and the United States, and has two wholly owned subsidiaries: Delta Asia Credit Ltd., and Delta Asia Insurance Limited""",https://www.fincen.gov/system/files/shared/finding_banco.pdf
Banco Delta Asia,subsidiary,Company,Delta Asia Insurance Limited,,,,,"""In addition, Banco Delta Asia maintains correspondent accounts in Europe, Asia, Australia, Canada, and the United States, and has two wholly owned subsidiaries: Delta Asia Credit Ltd., and Delta Asia Insurance Limited""; ""These branches, offices, and subsidiaries include, but are not necessarily limited to, the Amaral, Antonio, Barca, Campo, Ioa Hon, Lisboa, Outubro, and Tap Sac branches in Macau, the Airport Service Centre, Financial Services Centre, Macao Administrative Centre, The Bank Centre, Delta Asia Credit Ltd., Delta Asia Insurance Limited, and the Tokyo Representative Office""",https://www.fincen.gov/system/files/shared/notice_banco.pdf
Banco Delta Asia,owner,Person,Stanley Au,,,,,"""The following month, Stanley Au and Delta Asia Group (Holdings) Ltd., the owners of BDA, filed a separate petition for rescission of the Final Rule""",https://www.govinfo.gov/content/pkg/FR-2020-08-10/pdf/2020-17143.pdf
Banco Delta Asia,owner,Person,Stanley Au,,,,,"""The following month, Stanley Au and Delta Asia Group (Holdings) Ltd., the owners of BDA, filed a separate petition for rescission of the Final Rule""",https://www.govinfo.gov/content/pkg/FR-2020-08-10/pdf/2020-17144.pdf
Bank of Dandong,self,,Bank of Dandong,"Bank of Dandong Co., Ltd.",China,"Dandong, China",,"""Established in 1997, Bank of Dandong is a small commercial bank located in Dandong, China that offers domestic and international financial services to both individuals and businesses""; ""According to commercial database research, Bank of Dandong is ranked as the 148th-largest financial institution out of a total of 196 financial institutions in China's banking sector""; ""The proposed rule defines “Bank of Dandong” to mean all subsidiaries, branches, offices, and agents of Bank of Dandong Co., Ltd. operating in any jurisdiction""",https://www.fincen.gov/system/files/federal_register_notices/2017-07-07/2017-14026.pdf
Bank of Dandong,self,,Bank of Dandong,"Bank of Dandong Co., Ltd.",China,"Dandong, China",,"""Established in 1997, Bank of Dandong is a small commercial bank located in Dandong, China that offers domestic and international financial services to both individuals and businesses""; ""According to commercial database research, Bank of Dandong is ranked as the 148th-largest financial institution out of a total of 196 financial institutions in China's banking sector""; ""The final rule defines “Bank of Dandong” to mean all subsidiaries, branches, and offices of Bank of Dandong Co., Ltd. operating in any jurisdiction""",https://www.fincen.gov/system/files/federal_register_notices/2017-11-08/Dandong%20Final%202017-24238.pdf
Bank of Dandong,owner,Company,Dandong Hongxiang Industrial Development Co. Ltd.,DHID,,,,"""Specifically, this entity, Dandong Hongxiang Industrial Development Co. Ltd. (DHID), maintained a minority ownership interest in Bank of Dandong until December 2016""; ""The United States designated DHID in 2016 for acting for, or on behalf of, KKBC, the U.S.- and UN-designated North Korean bank with which Bank of Dandong maintained a direct relationship since approximately 2013""; ""Bank of Dandong processed approximately $56 million through U.S. banks for DHID between October 2012 and December 2014""",https://www.fincen.gov/system/files/federal_register_notices/2017-07-07/2017-14026.pdf
Bank of Dandong,owner,Company,Dandong Hongxiang Industrial Development Co. Ltd.,DHID,,,,"""Specifically, this entity, Dandong Hongxiang Industrial Development Co. Ltd. (DHID), maintained a minority ownership interest in Bank of Dandong until December 2016""; ""The United States designated DHID in 2016 for acting for, or on behalf of, KKBC""; ""Bank of Dandong processed approximately $56 million through U.S. banks for DHID between October 2012 and December 2014""",https://www.fincen.gov/system/files/federal_register_notices/2017-11-08/Dandong%20Final%202017-24238.pdf
Bank of Dandong,related,Company,Korea Kwangson Banking Corporation,KKBC,North Korea,,,"""In particular, Bank of Dandong has facilitated financial activity for Korea Kwangson Banking Corporation (KKBC), a North Korean bank designated by the United States and listed by the United Nations for providing financial services in support of North Korean WMD proliferators""; ""As of May 2012, KKBC had a representative embedded at Bank of Dandong""; ""Moreover, Bank of Dandong maintained a direct correspondent banking relationship with KKBC since approximately 2013, when another Chinese bank ended a similar correspondent relationship""",https://www.fincen.gov/system/files/federal_register_notices/2017-07-07/2017-14026.pdf
Bank of Dandong,related,Company,Korea Kwangson Banking Corporation,KKBC,North Korea,,,"""FinCEN is concerned that Bank of Dandong uses the U.S. financial system to facilitate financial activity for Korea Kwangson Banking Corporation (KKBC) and KOMID, as well as other entities connected to North Korea's WMD and ballistic missile programs""; ""KKBC is a U.S.- and UN-designated North Korean bank that has provided financial services in support of WMD proliferators""; ""KKBC maintained a direct relationship with Bank of Dandong since approximately 2013""",https://www.fincen.gov/system/files/federal_register_notices/2017-11-08/Dandong%20Final%202017-24238.pdf
Bank of Dandong,related,Company,Korea Mining Development Trading Corporation,KOMID,North Korea,,,"""Bank of Dandong has also facilitated financial activity for the Korea Mining Development Trading Corporation (KOMID), a U.S.- and UN-designated entity""; ""As of early 2016, a front company for KOMID maintained multiple bank accounts with Bank of Dandong""; ""The President subjected KOMID to an asset blocking by listing it in the Annex of Executive Order 13382 in 2005, and the United States designated KOMID pursuant to Executive Order 13687 in January 2015 for being North Korea's primary arms dealer and its main exporter of goods and equipment related to ballistic missiles and conventional weapons""",https://www.fincen.gov/system/files/federal_register_notices/2017-07-07/2017-14026.pdf
Bank of Dandong,related,Company,Korea Mining Development Trading Corporation,KOMID,North Korea,,,"""Bank of Dandong has, for example, facilitated financial activity for Korea Mining Development Trading Corporation (KOMID), a U.S.- and UN-designated entity""; ""As of early 2016, a front company for KOMID maintained multiple bank accounts with Bank of Dandong""; ""The President blocked KOMID by listing it in the Annex of Executive Order 13382 in 2005, and the Office of Foreign Assets Control (OFAC) designated KOMID pursuant to Executive Order 13687 in January 2015 for being North Korea's primary arms dealer and its main exporter of goods and equipment related to ballistic missiles and conventional weapons""",https://www.fincen.gov/system/files/federal_register_notices/2017-11-08/Dandong%20Final%202017-24238.pdf
Banque Misr UAE,self,,Banque Misr UAE,Banque Misr United Arab Emirates Branches;Banque Du Caire,United Arab Emirates,Dubai,,"""The term “Banque Misr UAE” means all five branches of Banque Misr located in the United Arab Emirates as well as any other offices, branches, affiliates, or subsidiaries of Banque Misr located in the United Arab Emirates""; ""This includes the two branches in Dubai (located in Deira and Business Bay), one in Abu Dhabi, one in Sharjah, and one in Ras Al Khaimah""; ""Egypt-based Banque Misr commenced its operations in the UAE in August 1972 under the name of Banque Du Caire""",https://www.fincen.gov/system/files/2026-08/Banque-Misr-UAE-NPRM.pdf
Banque Misr UAE,self,,Banque Misr UAE,,United Arab Emirates,Dubai,,"""Banque Misr UAE is a commercial bank in the UAE offering a range of retail and wholesale banking services""",https://www.fincen.gov/system/files/2026-08/Banque-Misr-UAE-NPRM.pdf
Banque Misr UAE,self,,Banque Misr UAE,,United Arab Emirates,Abu Dhabi,,"""Banque Misr UAE operates under UAE banking regulations and is regulated by the Central Bank of the UAE (CBUAE), the UAE financial supervisor""",https://www.fincen.gov/system/files/2026-08/Banque-Misr-UAE-NPRM.pdf
Banque Misr UAE,self,,Banque Misr UAE,,United Arab Emirates,Sharjah,,"""According to the CBUAE, Banque Misr UAE is one of 63 registered banks in the country""",https://www.fincen.gov/system/files/2026-08/Banque-Misr-UAE-NPRM.pdf
Banque Misr UAE,self,,Banque Misr UAE,,United Arab Emirates,Ras Al Khaimah,,"""Banque Misr UAE has approximately USD 6 billion in assets""; ""It has three direct U.S. correspondent relationships through which it accesses the U.S. financial system""",https://www.fincen.gov/system/files/2026-08/Banque-Misr-UAE-NPRM.pdf
Banque Misr UAE,owner,Company,Banque Misr,,Egypt,,,"""In July 2007, these UAE branches were fully acquired by Banque Misr, wholly owned by the government of Egypt""; ""Egypt-based Banque Misr, and its branches and operations in countries other than the UAE, are expressly excluded from the definition of “Banque Misr UAE” for the purposes of this NPRM""",https://www.fincen.gov/system/files/2026-08/Banque-Misr-UAE-NPRM.pdf
Banque Misr UAE,owner,Organization,government of Egypt,,Egypt,,,"""Banque Misr UAE is also wholly owned by the government of Egypt""",https://www.fincen.gov/system/files/2026-08/Banque-Misr-UAE-NPRM.pdf
Banque Misr UAE,related,Company,Alpa Trading FZCO,,United Arab Emirates,,,"""Alpa Trading FZCO, a UAE-based front company operated by Iranian financial facilitators, knowingly facilitated illicit flows of funds, including for the purchase of products on behalf of Iran’s Ministry of Defense and Armed Forces Logistics (MODAFL) and the Islamic Revolutionary Guard Corps (IRGC),""; ""In September 2025, Alpa Trading FZCO was designated as an SDGT pursuant to E.O. 13224, as amended, for having materially assisted, sponsored, or provided financial, material, or technological support for, or goods or services to or in support of, Ramin Jalalian""; ""between 2024 and 2025, Banque Misr UAE processed over USD 32 million in transactions for Alpa Trading FZCO""",https://www.fincen.gov/system/files/2026-08/Banque-Misr-UAE-NPRM.pdf
Banque Misr UAE,related,Company,Naba Alzaki Raw Materials Trading LLC,,United Arab Emirates,,,"""Naba Alzaki Raw Materials Trading LLC, a UAE-based front company, has been used by Iran-based Mohsen Khandan and Partners General Partnership Company (Khandan Exchange) as part of Iran’s shadow banking network""; ""In July 2026, OFAC designated Naba Alzaki Raw Materials Trading LLC pursuant to E.O. 13902, for operating in the financial sector of the Iranian economy""; ""between March and July 2025, Banque Misr UAE processed over USD 29 million in transactions for Naba Alzaki Raw Materials Trading LLC""",https://www.fincen.gov/system/files/2026-08/Banque-Misr-UAE-NPRM.pdf
Banque Misr UAE,related,Company,Midas Oil Trading DMCC,,United Arab Emirates,,,"""According to press reporting, UAE-based Midas Oil Trading DMCC is a key money laundering entity on behalf of Iranian Supreme Leader Mojtaba Khamenei""; ""in January 2025, Banque Misr UAE processed a transaction for over USD 1 million for Midas Oil Trading DMCC""",https://www.fincen.gov/system/files/2026-08/Banque-Misr-UAE-NPRM.pdf
Bitzlato,self,,Bitzlato,Bitzlato Limited; ChangeBot,Hong Kong,"Unit 617, 6/F, 131-132 Connaught Road West, Solo workshops, Hong Kong",,"""This order: (1) sets forth FinCEN's determination that Bitzlato Limited (Bitzlato), a virtual asset service provider (VASP) incorporated in the Hong Kong Special Administrative Region of the People's Republic of China (Hong Kong), is a financial institution operating outside of the United States that is of primary money laundering concern in connection with Russian illicit finance""; ""Bitzlato is identified as “registered under the laws of Hong Kong” and “located at Unit 617, 6/F, 131-132 Connaught Road West, Solo workshops, Hong Kong.”""; ""The order defines Bitzlato, a CVC exchanger registered in Hong Kong and previously known as ChangeBot, to mean all subsidiaries, branches, and offices of Bitzlato operating in any jurisdiction, as well as any successor entity""",https://www.federalregister.gov/documents/2023/01/23/2023-01189/imposition-of-special-measure-prohibiting-the-transmittal-of-funds-involving-bitzlato
Bitzlato,self,,Bitzlato,,Russia,,,"""FinCEN finds that reasonable grounds exist for concluding that Bitzlato, a P2P CVC exchanger with significant operations in Russia, is a financial institution of primary money laundering concern in connection with Russian illicit finance""; ""a study performed by a blockchain analysis company expressly identifies Bitzlato as having a presence in Moscow City (the financial district of Moscow, Russia) during the period between 2019 and 2021""",https://www.federalregister.gov/documents/2023/01/23/2023-01189/imposition-of-special-measure-prohibiting-the-transmittal-of-funds-involving-bitzlato
Burma****,self,,Burma****,Myanmar,Burma,,,"""On November 18, 2003, the Secretary of the Treasury designated Burma as a jurisdiction of primary money laundering concern pursuant to 31 U.S.C. 5318A""; ""Burma (also known as Myanmar) has no effective anti-money laundering controls in place""; ""The Secretary has found Burma to be a jurisdiction of primary money laundering concern due to a number of factors, including: (1) Inadequate anti-money laundering controls; and (2) lack of cooperation with U.S. law enforcement agencies in criminal matters""",https://www.fincen.gov/system/files/shared/311_burma_nprm.pdf
Burma****,self,,Burma****,Myanmar,Burma,,,"""The Secretary has designated Burma as a jurisdiction of primary money laundering concern under 31 U.S.C. 5318A""; ""Burma (also known as Myanmar) has no effective anti-money laundering controls in place""; ""FinCEN is issuing this final rule to require certain U.S. financial institutions to take the proposed special measure regarding Burma""",https://www.fincen.gov/system/files/shared/burma.pdf
Burma****,related,Organization,United Wa State Army,,,,,"""the Secretary has information that specific financial institutions within Burma are essentially controlled by and used to facilitate money laundering for organized drug trafficking organizations such as the United Wa State Army and members of the Kokang ethnic group""; ""The United States as designated the United Wa State Army as significant narcotics traffickers under the Foreign Narcotics Kingpin Designation Act (the “Kingpin Act”)""",https://www.fincen.gov/system/files/shared/311_burma_nprm.pdf
"CIBanco S.A., Institution de Banca Multiple (CIBanco)",self,,"CIBanco S.A., Institution de Banca Multiple (CIBanco)",,Mexico,"Mexico City, Mexico",,"""CIBanco S.A., Institución De Banca Multiple (CIBanco), a Mexico-based commercial bank, is a financial institution operating outside of the United States that is of primary money laundering concern in connection with illicit opioid trafficking""; ""According to commercially available bank data, CIBanco is headquartered in Mexico City, Mexico, and as of 2024 had over 200 known branches in Mexico and was the majority owner of two non-depository finance companies: Finanmadrid Mexico, S.A. de C.V. and CI Fondos S.A. de C.V.""",https://www.federalregister.gov/d/2025-11993
"CIBanco S.A., Institution de Banca Multiple (CIBanco)",subsidiary,Company,CI Fondos S.A. de C.V.,,Mexico,,,"""CIBanco is headquartered in Mexico City, Mexico, and as of 2024 had over 200 known branches in Mexico and was the majority owner of two non-depository finance companies: Finanmadrid Mexico, S.A. de C.V. and CI Fondos S.A. de C.V.""",https://www.federalregister.gov/d/2025-11993
"CIBanco S.A., Institution de Banca Multiple (CIBanco)",target,Company,CI Fondos S.A. de C.V.,,Mexico,,,"""The order defines CIBanco S.A., Institucion De Banca Multiple, a Mexico-based commercial bank, to include its branches, subsidiaries, and offices located in Mexico and operating pursuant to Mexican financial laws and regulations""",https://www.federalregister.gov/d/2025-11993
"CIBanco S.A., Institution de Banca Multiple (CIBanco)",subsidiary,Company,"Finanmadrid Mexico, S.A. de C.V.",,Mexico,,,"""CIBanco is headquartered in Mexico City, Mexico, and as of 2024 had over 200 known branches in Mexico and was the majority owner of two non-depository finance companies: Finanmadrid Mexico, S.A. de C.V. and CI Fondos S.A. de C.V.""",https://www.federalregister.gov/d/2025-11993
"CIBanco S.A., Institution de Banca Multiple (CIBanco)",target,Company,"Finanmadrid Mexico, S.A. de C.V.",,Mexico,,,"""The order defines CIBanco S.A., Institucion De Banca Multiple, a Mexico-based commercial bank, to include its branches, subsidiaries, and offices located in Mexico and operating pursuant to Mexican financial laws and regulations""",https://www.federalregister.gov/d/2025-11993
Commercial Bank of Syria (Includes Syrian Lebanese Commercial Bank)*****,self,,Commercial Bank of Syria (Includes Syrian Lebanese Commercial Bank)*****,,Syria,"Damascus, Syria",,"""CBS is based in Damascus, Syria, and maintains approximately 50 branches and employs about 4,500 persons""; ""All of the branches are located in Syria""; ""CBS was established in Syria in 1967 as the single, government-owned bank specializing in servicing foreign trade and commercial banking, including foreign exchange transactions""",https://www.fincen.gov/system/files/shared/311syrianprm.pdf
Commercial Bank of Syria (Includes Syrian Lebanese Commercial Bank)*****,self,,Commercial Bank of Syria (Includes Syrian Lebanese Commercial Bank)*****,,Syria,"Damascus, Syria",,"""Commercial Bank of Syria is based in Damascus, Syria, and maintains approximately 50 branches and employs about 4,500 persons""; ""It was established in Syria in 1967 as the single, government-owned bank specializing in servicing foreign trade and commercial banking, including foreign exchange transactions""; ""In May 2004, the Secretary, through the Director of the Financial Crimes Enforcement Network, found that reasonable grounds exist for concluding that Commercial Bank of Syria, a Syrian government-owned bank, is a financial institution of primary money laundering concern""",https://www.fincen.gov/system/files/shared/noticeoffinalrule03152006.pdf
Commercial Bank of Syria (Includes Syrian Lebanese Commercial Bank)*****,owner,Organization,Government of Syria,,Syria,,,"""In addition, other countries have not taken an action similar to the one proposed in this rulemaking that would prohibit domestic financial institutions and agencies from opening or maintaining a correspondent account for or on behalf of CBS, which is owned and controlled by the Government of Syria""; ""Further, the Government of Syria has not taken any steps to transfer the CBS accounts containing the proceeds generated from the illicit sale of Iraqi oil to the Development Fund for Iraq, as required under U.N. Security Council Resolution (UNSCR) 1483""",https://www.fincen.gov/system/files/shared/311syrianprm.pdf
Commercial Bank of Syria (Includes Syrian Lebanese Commercial Bank)*****,related,Organization,Iraqi State Oil Marketing Organization,SOMO,Iraq,,,"""The sale of Iraqi oil outside the U.N.'s Oil-for-Food Program, in violation of applicable U.N. sanctions, was overseen by the Iraqi State Oil Marketing Organization (SOMO)""; ""SOMO maintained at least two accounts at CBS through which proceeds from the illicit sale of Iraqi oil flowed""",https://www.fincen.gov/system/files/shared/311syrianprm.pdf
Commercial Bank of Syria (Includes Syrian Lebanese Commercial Bank)*****,subsidiary,Company,Syrian Lebanese Commercial Bank,,Lebanon,"Beirut, Lebanon",,"""CBS has one subsidiary, Syrian Lebanese Commercial Bank, located in Beirut, Lebanon, of which CBS maintains approximately an 84% ownership interest""; ""Syrian Lebanese Commercial Bank has two branches and two offices—its main branch in Beirut, a branch in Moussaitbeh, and representative offices in Aleppo and Damascus, Syria""; ""Syrian Lebanese Commercial Bank also maintains correspondent accounts with a few banks in the United States""",https://www.fincen.gov/system/files/shared/311syrianprm.pdf
Commercial Bank of Syria (Includes Syrian Lebanese Commercial Bank)*****,target,Company,Syrian Lebanese Commercial Bank,,Lebanon,"Beirut, Lebanon",,"""All subsidiaries of CBS, including Syrian Lebanese Commercial Bank and its branches, are included in the definition, although FinCEN understands that CBS currently only has one subsidiary, Syrian Lebanese Commercial Bank""; ""Commercial Bank of Syria means any headquarters, branch, office, or subsidiary of Commercial Bank of Syria operating in Syria or in any other jurisdiction, including Syrian Lebanese Commercial Bank""",https://www.fincen.gov/system/files/shared/311syrianprm.pdf
Commercial Bank of Syria (Includes Syrian Lebanese Commercial Bank)*****,subsidiary,Company,Syrian Lebanese Commercial Bank,,Lebanon,"Beirut, Lebanon",,"""Commercial Bank of Syria has one subsidiary, Syrian Lebanese Commercial Bank, located in Beirut, Lebanon""; ""Syrian Lebanese Commercial Bank has two branches in Beirut and two representative offices, one in Aleppo and another in Damascus, Syria""; ""The one known subsidiary of Commercial Bank of Syria, Syrian Lebanese Commercial Bank, and any of its branches or offices, is included in the definition""",https://www.fincen.gov/system/files/shared/noticeoffinalrule03152006.pdf
Convertible Virtual Currency Mixing,target,LegalEntity,Bestmixer.io,,,,,"""shutdown of Bestmixer.io and associated seizure of servers located in the Netherlands and Luxembourg by the Dutch Fiscal Information and Investigation Service (FIOD), in close cooperation with Europol and Luxembourg authorities on May 22, 2019""",https://www.federalregister.gov/public-inspection/2023-23449/proposal-of-special-measure-regarding-convertible-virtual-currency-mixing-as-a-class-of-transactions
Convertible Virtual Currency Mixing,target,LegalEntity,Bitcoin Fog,,,,,"""According to DOJ, the mixer Bitcoin Fog—the longest running Bitcoin money laundering service on the darknet—laundered CVC from darknet marketplaces tied to illegal narcotics, computer fraud and abuse activities, and identity theft.""",https://www.federalregister.gov/public-inspection/2023-23449/proposal-of-special-measure-regarding-convertible-virtual-currency-mixing-as-a-class-of-transactions
Convertible Virtual Currency Mixing,target,LegalEntity,Blender.io,,,,,"""and made high profile use of at least two mixers to launder the proceeds of the theft—Blender.io and Tornado Cash.""; ""used to launder illicit proceeds of the March 2022 Axie Infinity heist and the June 2022 Harmony heist, both of which were carried out by North Korea’s Lazarus Group.""; ""OFAC identified Conti and Sodinokibi as Russian-linked malign ransomware groups in their designation of Blender.io on May 6, 2022.""",https://www.federalregister.gov/public-inspection/2023-23449/proposal-of-special-measure-regarding-convertible-virtual-currency-mixing-as-a-class-of-transactions
Convertible Virtual Currency Mixing,target,LegalEntity,ChipMixer,,Vietnam,,,"""The coordinated international takedown of ChipMixer, a darknet CVC “mixing” service operated by Vietnamese national Minh Quốc Nguyễn in Hanoi, Vietnam, by the DOJ and the German Federal Criminal Police (Bundeskriminalamt or BKA) on March 15, 2023""; ""In addition, DOJ has determined that ChipMixer processed over $700 million in Bitcoin associated with wallet addresses identified as containing stolen CVC, including CVC related to the Axie Infinity and the Harmony heists.""",https://www.federalregister.gov/public-inspection/2023-23449/proposal-of-special-measure-regarding-convertible-virtual-currency-mixing-as-a-class-of-transactions
Convertible Virtual Currency Mixing,target,LegalEntity,Helix,,,,,"""the dismantled darknet market Alphabay allegedly not only sold and purchased various illegal drugs, illicit goods, and services with CVC, but also allegedly provided mixing services, via the CVC mixer Helix, to obfuscate CVC transactions on the site.""",https://www.federalregister.gov/public-inspection/2023-23449/proposal-of-special-measure-regarding-convertible-virtual-currency-mixing-as-a-class-of-transactions
Convertible Virtual Currency Mixing,related,Person,Minh Quốc Nguyễn,,Vietnam,,,"""a darknet CVC “mixing” service operated by Vietnamese national Minh Quốc Nguyễn in Hanoi, Vietnam""",https://www.federalregister.gov/public-inspection/2023-23449/proposal-of-special-measure-regarding-convertible-virtual-currency-mixing-as-a-class-of-transactions
Convertible Virtual Currency Mixing,target,LegalEntity,RAILGUN,,United Kingdom,,,"""The Federal Bureau of Investigation (FBI) has also determined that North Korean cyber actors laundered over $60 million worth of Ethereum stolen during the Harmony heist through RAILGUN, a United Kingdom-based CVC mixer.""; ""According to open-source reporting, RAILGUN is headquartered in London, England.""; ""FinCEN assesses that RAILGUN falls under the umbrella of CVC mixing, as defined by this NPRM, because it uses its privacy protocol to manipulate the structure of the transaction to appear as being sent from the RAILGUN contract address, thus obscuring the true originator.""",https://www.federalregister.gov/public-inspection/2023-23449/proposal-of-special-measure-regarding-convertible-virtual-currency-mixing-as-a-class-of-transactions
Convertible Virtual Currency Mixing,target,LegalEntity,Sinbad,,,,,"""Most recently, in August 2023 the FBI attributed the June 2023 Atomic Wallet heist to the Lazarus Group, and open-source reporting indicates that the Lazarus Group used specific services including Sinbad, a CVC mixer, to launder the stolen CVC.""",https://www.federalregister.gov/public-inspection/2023-23449/proposal-of-special-measure-regarding-convertible-virtual-currency-mixing-as-a-class-of-transactions
Convertible Virtual Currency Mixing,target,LegalEntity,Tornado Cash,,,,,"""and made high profile use of at least two mixers to launder the proceeds of the theft—Blender.io and Tornado Cash.""; ""used to launder illicit proceeds of the March 2022 Axie Infinity heist and the June 2022 Harmony heist, both of which were carried out by North Korea’s Lazarus Group.""; ""likely due to OFAC designation of two CVC mixers, Blender.io and Tornado Cash.""",https://www.federalregister.gov/public-inspection/2023-23449/proposal-of-special-measure-regarding-convertible-virtual-currency-mixing-as-a-class-of-transactions
Democratic People’s Republic of Korea,related,Company,DCB Finance Limited,,,,,"""DCB also directed a front company, DCB Finance Limited, to carry out international financial transactions as a means to avoid scrutiny by financial institutions""; ""DCB Finance Limited has conducted transactions through correspondent accounts at U.S. banks""",https://www.fincen.gov/system/files/shared/2016-13038(DPRK_Finding).pdf
Democratic People’s Republic of Korea,related,Company,Daedong Credit Bank,DCB,North Korea,,,"""additional North Korean financial institutions, including Korea Kwangson Banking Corporation (KKBC), Foreign Trade Bank (FTB), and Daedong Credit Bank (DCB), were subsequently designated pursuant to E.O. 13382""; ""The UN listed DCB under UNSCR 2270 in March 2016""; ""Since at least 2007, DCB has facilitated hundreds of financial transactions worth millions of dollars on behalf of designated actors, KOMID and TCB""",https://www.fincen.gov/system/files/shared/2016-13038(DPRK_Finding).pdf
Democratic People’s Republic of Korea,related,Company,Foreign Trade Bank,FTB,North Korea,Pyongyang,,"""The Department of the Treasury designated Foreign Trade Bank (FTB) under E.O. 13382 in March 2013 for facilitating transactions on behalf of actors linked to North Korea’s nuclear proliferation networks""; ""Headquartered in Pyongyang, FTB acts as North Korea’s primary foreign exchange bank and has provided financial support to KOMID and KKBC""",https://www.fincen.gov/system/files/shared/2016-13038(DPRK_Finding).pdf
Democratic People’s Republic of Korea,related,Company,Korea 5 Trading Corporation,,North Korea,,,"""Korea 5 Trading Corporation, a subordinate of U.S. and UN-designated Korea Ryonbong General Corporation, in financial dealings totaling several millions of U.S. dollars""",https://www.fincen.gov/system/files/shared/2016-13038(DPRK_Finding).pdf
Democratic People’s Republic of Korea,related,Company,Korea Daesong Bank,KDB,North Korea,,,"""To support its efforts, Office 39 controls Korea Daesong Bank (KDB), which is used to facilitate financial transactions supporting the procurement of luxury goods""; ""Treasury designated KDB under E.O. 13551 in November 2010 as an instrumentality of Office 39""; ""In spite of its designation, KDB continues to conduct illicit transactions on behalf of the regime""",https://www.fincen.gov/system/files/shared/2016-13038(DPRK_Finding).pdf
Democratic People’s Republic of Korea,related,Company,Korea Hyoksin Trading Corporation,Hyoksin,North Korea,,,"""and the UN listed Hyoksin under UNSCR 1718 for WMD proliferation activity""",https://www.fincen.gov/system/files/shared/2016-13038(DPRK_Finding).pdf
Democratic People’s Republic of Korea,related,Company,Korea Kwangson Banking Corporation,KKBC,North Korea,,,"""The United States and United Nations have identified Korea Mining Development Trading Corporation (KOMID), Tanchon Commercial Bank (TCB), Korea Kwangson Banking Corporation (KKBC), and Daedong Credit Bank (DCB) as entities that conduct financial transactions in support of North Korea’s proliferation of WMD or ballistic missiles""; ""the Department of the Treasury designated KKBC under E.O. 13382 in August 2009, and the UN listed KKBC under UNSCR 2270 in March 2016""; ""In spite of its designation, KKBC has continued to evade sanctions and process financial transactions that support the proliferation of WMD and ballistic missiles by using front companies to clear U.S. dollar transactions through U.S. correspondent accounts""",https://www.fincen.gov/system/files/shared/2016-13038(DPRK_Finding).pdf
Democratic People’s Republic of Korea,related,Company,Korea Mining Development Trading Corporation,KOMID,North Korea,,,"""Korea Mining Development Trading Corporation (KOMID), North Korea’s primary arms exporter""; ""The UN Security Council also listed KOMID under UNSCR 1718 in April 2009, subjecting it to a worldwide asset blocking""; ""Despite the sanctions placed on KOMID and its network, North Korea continues to sell weapons abroad""",https://www.fincen.gov/system/files/shared/2016-13038(DPRK_Finding).pdf
Democratic People’s Republic of Korea,related,Company,Korea Namchongang Trading Corporation,Namchongang,North Korea,,,"""Dating as far back as 2005, TCB, Korea Namchongang Trading Corporation (“Namchongang”), and front companies have facilitated deals that could be associated with proliferation""; ""The U.S. Department of State designated Namchongang in June 2009 under E.O. 13382 for WMD proliferation activities""",https://www.fincen.gov/system/files/shared/2016-13038(DPRK_Finding).pdf
Democratic People’s Republic of Korea,related,Company,Korea Ryonbong General Corporation,,North Korea,,,"""Korea 5 Trading Corporation, a subordinate of U.S. and UN-designated Korea Ryonbong General Corporation, in financial dealings totaling several millions of U.S. dollars""",https://www.fincen.gov/system/files/shared/2016-13038(DPRK_Finding).pdf
Democratic People’s Republic of Korea,related,Company,Leader (Hong Kong) International Trading Limited,Leader (Hong Kong) International,Hong Kong,,,"""The Department of the Treasury designated one of these front companies, Leader (Hong Kong) International Trading Limited, under E.O. 13382 in January 2013 for facilitating the shipment of machinery and equipment to customers on behalf of KOMID and directly to KOMID representatives located outside of North Korea""; ""Between January 2009 and November 2012, Leader (Hong Kong) International cleared at least $13.5 million through correspondent accounts at U.S. banks""",https://www.fincen.gov/system/files/shared/2016-13038(DPRK_Finding).pdf
Democratic People’s Republic of Korea,related,Company,Namhung Trading Corporation,,North Korea,,,"""the UN listed Namchongang under UNSCR 1718 in July 2009""; ""and also listed its successor organization—Namhung Trading Corporation—under UNSCR 2270 in March 2016""",https://www.fincen.gov/system/files/shared/2016-13038(DPRK_Finding).pdf
Democratic People’s Republic of Korea,related,Organization,Office 39,,North Korea,,,"""North Korea has also utilized Office 39 of the Korean Workers’ Party (KWP) to influence and maintain the support of North Korea’s elite citizens""; ""Office 39 was listed for an asset blocking by the President in the Annex to E.O. 13551 in August 2010""; ""and is the branch of the North Korean Government that provides illicit economic support to North Korean leadership, including managing slush funds for North Korean government officials""",https://www.fincen.gov/system/files/shared/2016-13038(DPRK_Finding).pdf
Democratic People’s Republic of Korea,related,Organization,Second Academy of Natural Sciences,SANS,North Korea,,,"""Additionally, KOMID occasionally procures equipment and materials for Second Academy of Natural Sciences (SANS) research—an entity subject to an asset blocking by the U.S. under E.O. 13382 in August 2010 for using subordinate organizations to obtain technology, equipment, and information for use in North Korea’s weapons and nuclear programs""; ""in 2015 TCB accounts were used to purchase technology and equipment in support of U.S.-designated SANS research and development activities""",https://www.fincen.gov/system/files/shared/2016-13038(DPRK_Finding).pdf
Democratic People’s Republic of Korea,related,Company,Tanchon Commercial Bank,TCB,North Korea,,,"""Tanchon Commercial Bank (TCB) was listed by the President in the Annex of E.O. 13382 in June 2005, subjecting it to an asset blocking, and the UN Security Council listed TCB under UNSCR 1718 in April 2009""; ""TCB is the financial arm of KOMID and the main North Korean financial institution for the sale of conventional arms, ballistic missiles, and goods related to the assembly and manufacture of such weapons""",https://www.fincen.gov/system/files/shared/2016-13038(DPRK_Finding).pdf
FBME Bank Ltd.,self,,FBME Bank Ltd.,Federal Bank of the Middle East Ltd.; FBME Tanzania Ltd.,Tanzania,,,"""FBME Bank Ltd. (FBME) was established in 1982 in Cyprus as the Federal Bank of the Middle East Ltd., a subsidiary of the private Lebanese bank, the Federal Bank of Lebanon.""; ""In 2003, FBME left the Cayman Islands and incorporated and established its headquarters in Tanzania.""; ""On July 21, 2014, the Central Bank of Cyprus (CBC), under authority of the Cyprus Resolution Act, issued a decree announcing that it would formally place FBME's Cyprus branch “under resolution” and appoint a Special Administrator to protect the bank's depositors.""",https://www.fincen.gov/system/files/shared/FBME_FR_20160325.pdf
FBME Bank Ltd.,self,,FBME Bank Ltd.,"Federal Bank of the Middle East, Ltd.; FBME Tanzania Ltd.",Tanzania,,,"""FBME was established in 1982 in Cyprus as the Federal Bank of the Middle East, Ltd., a subsidiary of the private Lebanese bank, Federal Bank of Lebanon.""; ""In 1986, FBME changed its country of incorporation to the Cayman Islands, and its banking presence in Cyprus was re-registered as a branch of the Cayman Islands entity.""; ""Since 2003, FBME has been headquartered in Tanzania.""",https://www.fincen.gov/system/files/shared/FBME_NOF.pdf
FBME Bank Ltd.,self,,FBME Bank Ltd.,"Federal Bank of the Middle East, Ltd.",Tanzania,,,"""the Director of FinCEN found that FBME Bank Ltd. (“FBME”), formerly known as Federal Bank of the Middle East, Ltd., is a financial institution operating outside of the United States that is of primary money laundering concern.""; ""While FBME is presently headquartered in Tanzania, FBME transacts over 90% of its global banking business and holds over 90% of its assets in its Cyprus branch.""",https://www.fincen.gov/system/files/shared/FBME_NPRM.pdf
FBME Bank Ltd.,owner,Person,Ayoub-Farid M. Saab,,,,,"""Both FBME and the Federal Bank of Lebanon are owned by Ayoub-Farid M. Saab and Fadi M. Saab.""",https://www.fincen.gov/system/files/shared/FBME_FR_20160325.pdf
FBME Bank Ltd.,owner,Person,Ayoub-Farid M. Saab,,,,,"""Both FBME and the Federal Bank of Lebanon are owned by Ayoub-Farid M. Saab and Fadi M. Saab""",https://www.fincen.gov/system/files/shared/FBME_NOF.pdf
FBME Bank Ltd.,related,Company,Delphis Bank,,Tanzania,,,"""by acquiring Delphis Bank, a small Tanzanian financial institution with three bank branches.""",https://www.fincen.gov/system/files/shared/FBME_NOF.pdf
FBME Bank Ltd.,owner,Person,Fadi M. Saab,,,,,"""Both FBME and the Federal Bank of Lebanon are owned by Ayoub-Farid M. Saab and Fadi M. Saab.""",https://www.fincen.gov/system/files/shared/FBME_FR_20160325.pdf
FBME Bank Ltd.,owner,Person,Fadi M. Saab,,,,,"""Both FBME and the Federal Bank of Lebanon are owned by Ayoub-Farid M. Saab and Fadi M. Saab""",https://www.fincen.gov/system/files/shared/FBME_NOF.pdf
FBME Bank Ltd.,related,Company,Federal Bank of Lebanon,,Lebanon,,,"""FBME Bank Ltd. (FBME) was established in 1982 in Cyprus as the Federal Bank of the Middle East Ltd., a subsidiary of the private Lebanese bank, the Federal Bank of Lebanon.""; ""Both FBME and the Federal Bank of Lebanon are owned by Ayoub-Farid M. Saab and Fadi M. Saab.""",https://www.fincen.gov/system/files/shared/FBME_FR_20160325.pdf
FBME Bank Ltd.,related,Company,Federal Bank of Lebanon,,Lebanon,,,"""FBME was established in 1982 in Cyprus as the Federal Bank of the Middle East, Ltd., a subsidiary of the private Lebanese bank, Federal Bank of Lebanon.""",https://www.fincen.gov/system/files/shared/FBME_NOF.pdf
FMB Finance Ltd.,self,,FMB Finance Ltd.,"FMB Finance Limited; FMB Finance, Ltd.",British Virgin Islands,,,"""our research indicates FMB Finance Limited (British Virgin Islands) is no longer registered and First Merchant International Inc. (Bahamas) is not in existence and is not known to have operated there""; ""First Merchant Bank’s website stated that it had four wholly owned subsidiaries: FMB Finance Ltd. (British Virgin Islands), First Merchant International Inc. (Bahamas), First Merchant Finance Ltd. (Ireland), and First Merchant Trust Ltd. (Ireland)""",https://www.fincen.gov/system/files/shared/Section311_WithdrawalFMB.pdf
FMB Finance Ltd.,self,,FMB Finance Ltd.,,British Virgin Islands,,,"""First Merchant Bank has four wholly owned subsidiaries: FMB Finance Ltd (British Virgin Islands), First Merchant International Inc (Bahamas)""; ""FMB Finance Ltd. (British Virgin Islands), First Merchant International Inc. (Bahamas), First Merchant Finance Ltd. (Ireland), and First Merchant Trust Ltd. (Ireland), and their branches, are included in the definition, although FinCEN understands that First Merchant Bank currently has only the four subsidiaries mentioned here""; ""First Merchant Bank means any headquarters, branch, office, or subsidiary of First Merchant Bank OSH Ltd operating in the “Turkish Republic of Northern Cyprus” (“TRNC”) or in any other jurisdiction, including FMB Finance Ltd (British Virgin Islands), First Merchant International Inc (Bahamas), First Merchant Finance Ltd (Ireland), and First Merchant Trust Ltd (Ireland)""",https://www.fincen.gov/system/files/shared/waisgate1.pdf
First Merchant Bank OSH Ltd.,self,,First Merchant Bank OSH Ltd.,First Merchant Bank,Turkish Republic of Northern Cyprus,,,"""The Ministry of Finance of the “Turkish Republic of Northern Cyprus” ceased First Merchant Bank’s operations on December 4, 2006""; ""Our withdrawal of the finding of First Merchant Bank as a financial institution of primary money laundering concern does not acknowledge any remedial measure taken by First Merchant Bank, but is the result of First Merchant Bank no longer operating as a financial institution because it no longer exists""; ""we hereby withdraw the notice of proposed rulemaking imposing the fifth special measure authorized by 31 U.S.C. 5318A(B)(5) against First Merchant Bank as published in the Federal Register on August 24, 2004 (69 FR 51979)""",https://www.fincen.gov/system/files/shared/Section311_WithdrawalFMB.pdf
First Merchant Bank OSH Ltd.,self,,First Merchant Bank OSH Ltd.,,Turkish Republic of Northern Cyprus,"Lefkosa/Nicosia, “TRNC”",,"""First Merchant Bank operates out of offices in Lefkosa/Nicosia, “TRNC,” and has 21 employees""; ""First Merchant Bank was licensed in the “TRNC” in 1993 as an offshore bank""; ""It is a privately owned commercial bank specializing in the provision of commercial and investment banking services to individual and corporate offshore customers""",https://www.fincen.gov/system/files/shared/waisgate1.pdf
First Merchant Bank OSH Ltd.,related,Company,Concorde Wyvern Atlantic,Wyvern Anstalt,Liechtenstein,,,"""Jarson operated through his company Concorde Wyvern Atlantic, a/k/a Wyvern Anstalt, located in London and registered in Liechtenstein""",https://www.fincen.gov/system/files/shared/waisgate1.pdf
First Merchant Bank OSH Ltd.,related,Person,Dr. Hakki Yaman Namli,,,,,"""Dr. Hakki Yaman Namli is President, Chairman, and General Manager of First Merchant Bank""; ""In January 2003, a Federal grand jury sitting in the Southern District of New York indicted First Merchant Bank’s President, Chairman, and General Manager, Dr. Hakki Yaman Namli, as a co-conspirator with an associate, Ralph Jarson, in a scheme to market “credit enhancement” products""; ""Because Dr. Hakki Yaman Namli became a fugitive from justice he was not tried on the indictment""",https://www.fincen.gov/system/files/shared/waisgate1.pdf
First Merchant Bank OSH Ltd.,related,Company,Millvale Holdings Inc.,,British Virgin Islands,,,"""Standard Finance Ltd., in turn, was owned by Provincial & Allied Funding Corp. (Bahamas) and Millvale Holdings Inc. (British Virgin Islands)""; ""First Merchant Bank was owned by Standard Finance Ltd. (Ireland) and private shareholders (98% and 2%, respectively)""",https://www.fincen.gov/system/files/shared/Section311_WithdrawalFMB.pdf
First Merchant Bank OSH Ltd.,related,Company,Millvale Holdings Inc.,,British Virgin Islands,,,"""Standard Finance Ltd., in turn, is owned by Provincial & Allied Funding Corp. (Bahamas) and Millvale Holdings Inc. (British Virgin Islands)""; ""First Merchant Bank is owned by Standard Finance Ltd. (Ireland) and private shareholders (98% and 2%, respectively)""",https://www.fincen.gov/system/files/shared/waisgate1.pdf
First Merchant Bank OSH Ltd.,related,Company,Provincial & Allied Funding Corp.,,Bahamas,,,"""Standard Finance Ltd., in turn, was owned by Provincial & Allied Funding Corp. (Bahamas) and Millvale Holdings Inc. (British Virgin Islands)""; ""First Merchant Bank was owned by Standard Finance Ltd. (Ireland) and private shareholders (98% and 2%, respectively)""",https://www.fincen.gov/system/files/shared/Section311_WithdrawalFMB.pdf
First Merchant Bank OSH Ltd.,related,Company,Provincial & Allied Funding Corp.,,Bahamas,,,"""Standard Finance Ltd., in turn, is owned by Provincial & Allied Funding Corp. (Bahamas) and Millvale Holdings Inc. (British Virgin Islands)""; ""First Merchant Bank is owned by Standard Finance Ltd. (Ireland) and private shareholders (98% and 2%, respectively)""",https://www.fincen.gov/system/files/shared/waisgate1.pdf
First Merchant Bank OSH Ltd.,related,Person,Ralph Jarson,,,,,"""his associate, Ralph Jarson, was convicted on six felony counts, including one count of conspiring with Dr. Hakki Yaman Namli to engage in wire fraud, and five counts of committing wire fraud, on October 30, 2003""; ""The indictment on which Ralph Jarson was tried describes two different schemes perpetrated by Ralph Jarson, Dr. Hakki Yaman Namli, and First Merchant Bank""",https://www.fincen.gov/system/files/shared/waisgate1.pdf
First Merchant Bank OSH Ltd.,owner,Company,Standard Finance Ltd.,,Ireland,,,"""First Merchant Bank was owned by Standard Finance Ltd. (Ireland) and private shareholders (98% and 2%, respectively)""; ""we confirmed the dissolution of First Merchant Bank’s parent, Standard Finance Ltd. (Ireland), and two of First Merchant Bank’s subsidiaries, First Merchant Finance Ltd. (Ireland) and First Merchant Trust Ltd. (Ireland)""",https://www.fincen.gov/system/files/shared/Section311_WithdrawalFMB.pdf
First Merchant Bank OSH Ltd.,owner,Company,Standard Finance Ltd.,,Ireland,,,"""First Merchant Bank is owned by Standard Finance Ltd. (Ireland) and private shareholders (98% and 2%, respectively)""; ""Standard Finance Ltd., in turn, is owned by Provincial & Allied Funding Corp. (Bahamas) and Millvale Holdings Inc. (British Virgin Islands)""",https://www.fincen.gov/system/files/shared/waisgate1.pdf
First Merchant Bank OSH Ltd.,related,Person,Tarik Umit,,,,,"""Another original partner, Tarik Umit, was a former Turkish National Intelligence Organization (MIT) member who was believed killed in connection with a well-known Turkish investigation into links between the Turkish mafia, the MIT, and right wing politicians (the Susurluk scandal)""",https://www.fincen.gov/system/files/shared/waisgate1.pdf
First Merchant Bank OSH Ltd.,related,Person,Vladimir Kobarel,,,,,"""One of the original partners of First Merchant Bank is reported to be a former KGB employee identified as Vladimir Kobarel, who allegedly involved First Merchant Bank in transferring underground money to Russian banks""",https://www.fincen.gov/system/files/shared/waisgate1.pdf
First Merchant Finance Ltd.,self,,First Merchant Finance Ltd.,"First Merchant Finance, Ltd.",Ireland,"Kildress House Pembroke Row, LWR Baggot St., Dublin, BUE 2, Ireland",,"""First Merchant Bank’s website stated that it had four wholly owned subsidiaries: FMB Finance Ltd. (British Virgin Islands), First Merchant International Inc. (Bahamas), First Merchant Finance Ltd. (Ireland), and First Merchant Trust Ltd. (Ireland)""; ""First Merchant Finance, Ltd. and First Merchant Trust, Ltd. both listed their address as Kildress House Pembroke Row, LWR Baggot St., Dublin, BUE 2, Ireland""; ""we confirmed the dissolution of First Merchant Bank’s parent, Standard Finance Ltd. (Ireland), and two of First Merchant Bank’s subsidiaries, First Merchant Finance Ltd. (Ireland) and First Merchant Trust Ltd. (Ireland)""",https://www.fincen.gov/system/files/shared/Section311_WithdrawalFMB.pdf
First Merchant Finance Ltd.,self,,First Merchant Finance Ltd.,,Ireland,,,"""FMB Finance Ltd. (British Virgin Islands), First Merchant International Inc. (Bahamas), First Merchant Finance Ltd. (Ireland), and First Merchant Trust Ltd. (Ireland), and their branches, are included in the definition, although FinCEN understands that First Merchant Bank currently has only the four subsidiaries mentioned here""; ""First Merchant Bank means any headquarters, branch, office, or subsidiary of First Merchant Bank OSH Ltd operating in the “Turkish Republic of Northern Cyprus” (“TRNC”) or in any other jurisdiction, including FMB Finance Ltd (British Virgin Islands), First Merchant International Inc (Bahamas), First Merchant Finance Ltd (Ireland), and First Merchant Trust Ltd (Ireland)""",https://www.fincen.gov/system/files/shared/waisgate1.pdf
First Merchant International Inc.,self,,First Merchant International Inc.,,Bahamas,,,"""our research indicates FMB Finance Limited (British Virgin Islands) is no longer registered and First Merchant International Inc. (Bahamas) is not in existence and is not known to have operated there""; ""First Merchant Bank’s website stated that it had four wholly owned subsidiaries: FMB Finance Ltd. (British Virgin Islands), First Merchant International Inc. (Bahamas), First Merchant Finance Ltd. (Ireland), and First Merchant Trust Ltd. (Ireland)""",https://www.fincen.gov/system/files/shared/Section311_WithdrawalFMB.pdf
First Merchant International Inc.,self,,First Merchant International Inc.,,Bahamas,,,"""First Merchant Bank has four wholly owned subsidiaries: FMB Finance Ltd (British Virgin Islands), First Merchant International Inc (Bahamas)""; ""FMB Finance Ltd. (British Virgin Islands), First Merchant International Inc. (Bahamas), First Merchant Finance Ltd. (Ireland), and First Merchant Trust Ltd. (Ireland), and their branches, are included in the definition, although FinCEN understands that First Merchant Bank currently has only the four subsidiaries mentioned here""; ""First Merchant Bank means any headquarters, branch, office, or subsidiary of First Merchant Bank OSH Ltd operating in the “Turkish Republic of Northern Cyprus” (“TRNC”) or in any other jurisdiction, including FMB Finance Ltd (British Virgin Islands), First Merchant International Inc (Bahamas), First Merchant Finance Ltd (Ireland), and First Merchant Trust Ltd (Ireland)""",https://www.fincen.gov/system/files/shared/waisgate1.pdf
First Merchant Trust Ltd.,self,,First Merchant Trust Ltd.,"First Merchant Trust, Ltd.",Ireland,"Kildress House Pembroke Row, LWR Baggot St., Dublin, BUE 2, Ireland",,"""First Merchant Bank’s website stated that it had four wholly owned subsidiaries: FMB Finance Ltd. (British Virgin Islands), First Merchant International Inc. (Bahamas), First Merchant Finance Ltd. (Ireland), and First Merchant Trust Ltd. (Ireland)""; ""First Merchant Finance, Ltd. and First Merchant Trust, Ltd. both listed their address as Kildress House Pembroke Row, LWR Baggot St., Dublin, BUE 2, Ireland""; ""we confirmed the dissolution of First Merchant Bank’s parent, Standard Finance Ltd. (Ireland), and two of First Merchant Bank’s subsidiaries, First Merchant Finance Ltd. (Ireland) and First Merchant Trust Ltd. (Ireland)""",https://www.fincen.gov/system/files/shared/Section311_WithdrawalFMB.pdf
First Merchant Trust Ltd.,self,,First Merchant Trust Ltd.,,Ireland,,,"""FMB Finance Ltd. (British Virgin Islands), First Merchant International Inc. (Bahamas), First Merchant Finance Ltd. (Ireland), and First Merchant Trust Ltd. (Ireland), and their branches, are included in the definition, although FinCEN understands that First Merchant Bank currently has only the four subsidiaries mentioned here""; ""First Merchant Bank means any headquarters, branch, office, or subsidiary of First Merchant Bank OSH Ltd operating in the “Turkish Republic of Northern Cyprus” (“TRNC”) or in any other jurisdiction, including FMB Finance Ltd (British Virgin Islands), First Merchant International Inc (Bahamas), First Merchant Finance Ltd (Ireland), and First Merchant Trust Ltd (Ireland)""",https://www.fincen.gov/system/files/shared/waisgate1.pdf
H-Pay Service PLC,self,,H-Pay Service PLC,H-Pay; H-PAY SERVICE PLC.,Cambodia,,00074959,"""Based on public and non-public information, FinCEN assesses that H-Pay Service PLC (H-Pay) is a financial institution operating outside the United States that is not only of primary money laundering concern as a component of Huione Group""; ""Kingdom of Cambodia, Business Registration, H-PAY SERVICE PLC. (00074959) General Details""; ""In an announcement on April 10, 2026, the National Bank of Cambodia reportedly revoked H-Pay’s payment services license""",https://www.federalregister.gov/public-inspection/2026-12794/definition-of-huione-group-financial-institution-operating-outside-the-united-states-of-primary
H-Pay Service PLC,owner,Organization,Huione Group,,Cambodia,,,"""H-Pay is a newly operational component of the Huione Group that FinCEN assesses has, following the publication of the First NPRM and Final Rule, effectively assumed the business role of Huione Pay PLC within the Huione Group""; ""FinCEN assesses that H-Pay is a component of the Huione Group—closely linked to Huione Pay PLC—and operating outside the United States""",https://www.federalregister.gov/public-inspection/2026-12794/definition-of-huione-group-financial-institution-operating-outside-the-united-states-of-primary
H-Pay Service PLC,related,Company,Huione Pay PLC,,Cambodia,,,"""which has been publicly characterized as a “rebrand” of Huione Pay""; ""After that point, FinCEN assesses that H-Pay assumed Huione Pay PLC’s physical and operational footprint""; ""FinCEN assesses that Huione Pay PLC changing its name to H-Pay presents another example of the Huione Group attempting to circumvent the impact of Huione Pay’s corporate delisting and loss of license""",https://www.federalregister.gov/public-inspection/2026-12794/definition-of-huione-group-financial-institution-operating-outside-the-united-states-of-primary
H-Pay Service PLC,related,Company,Panda Commercial Bank PLC,Panda Bank,Cambodia,,,"""H-Pay originally utilized an address in the same building as the flagship location of Panda Commercial Bank PLC, a financial institution in Cambodia that has reportedly been linked to Huione Pay PLC and the Huione Group and that has had its license revoked (and been forced into liquidation) by the National Bank of Cambodia""; ""Huione Group has a history of claiming to be affiliated with Panda Bank""; ""claimed that Panda Bank was a subsidiary of Huione Group""",https://www.federalregister.gov/public-inspection/2026-12794/definition-of-huione-group-financial-institution-operating-outside-the-united-states-of-primary
H-Pay Service PLC,related,LegalEntity,Tudou Guarantee,,,,,"""Later, in December 2024, Haowang Guarantee announced it was buying a stake in another illicit marketplace, Tudou Guarantee""; ""Haowang Guarantee then began directing its former customers to the illicit marketplace, Tudou Guarantee, that it had invested in earlier""; ""The combination of overlap in customers, particularly following Haowang Guarantee’s ban from Telegram, the ownership stake by Haowang Guarantee of Tudou Guarantee, and media reporting lead FinCEN to believe Tudou Guarantee subsumed Haowang Guarantee""",https://www.federalregister.gov/public-inspection/2026-12794/definition-of-huione-group-financial-institution-operating-outside-the-united-states-of-primary
Halawi Exchange Co.,self,,Halawi Exchange Co.,,Lebanon,"Beirut, Lebanon",,"""Halawi Exchange offers a variety of financial services, primarily currency exchange and transmission of funds""; ""The Halawi companies are based in Beirut, Lebanon, share key corporate leadership, maintain offices at the same addresses, share common phone numbers and common email addresses, and frequently reference their close connection to one another""; ""Halawi Exchange identifies itself as “a family business under the Halawi group.”""",https://www.fincen.gov/system/files/shared/311--ExchHouse-H-NoticeofFindingFinal.pdf
Halawi Exchange Co.,related,Person,Abbas Hussein Harb,,,,,"""SDNTs Ibrahim Chebli and Abbas Hussein Harb regularly coordinated and executed financial transactions—including bulk cash transfers—that were processed through the Halawi Exchange""; ""Harb and Chebli were designated by Treasury in June 2012 pursuant to the Kingpin Act for collaboration with Joumaa in the movement of millions of dollars of narcotics-related proceeds""; ""Harb’s Columbia- and Venezuela-based organization has laundered money for the Joumaa network through the Lebanese financial sector""",https://www.fincen.gov/system/files/shared/311--ExchHouse-H-NoticeofFindingFinal.pdf
Halawi Exchange Co.,related,Person,Ahmed Tofeily,,Benin,,,"""which is run by Ahmed Tofeily, a Benin-based money launderer""; ""Tofeily—a Halawi agent/employee—owns and operates a car lot in Benin named Auto Deal (AKA Ste Auto Deal, Societe Auto Deal) which purchases cars in Canada and exports them through the United States""; ""Tofeily worked closely with Halawi Exchange and wired all of his money through it""",https://www.fincen.gov/system/files/shared/311--ExchHouse-H-NoticeofFindingFinal.pdf
Halawi Exchange Co.,owner,Person,Ali Halawi,,,,,"""It lists its partners as Mahmoud Halawi and Ali Halawi who, according to Halawi Exchange, maintain “daily involvement in management and operations of the company.”""; ""Ali Halawi—a partner at Halawi Exchange—is listed by name on many of these transfers""",https://www.fincen.gov/system/files/shared/311--ExchHouse-H-NoticeofFindingFinal.pdf
Halawi Exchange Co.,related,Company,Auto Deal,Ste Auto Deal; Societe Auto Deal,Benin,,,"""Tofeily—a Halawi agent/employee—owns and operates a car lot in Benin named Auto Deal (AKA Ste Auto Deal, Societe Auto Deal) which purchases cars in Canada and exports them through the United States""",https://www.fincen.gov/system/files/shared/311--ExchHouse-H-NoticeofFindingFinal.pdf
Halawi Exchange Co.,related,Person,Fouad Halawi,,,,,"""His son, Fouad Halawi, is a Director at Halawi Holding SAL and has served as a manager at Halawi Exchange""; ""Fouad Halawi, acting in his capacity as a senior official at Halawi Holding, was responsible for the receipt and transfer of funds for this narcotics trafficking and money laundering network and provided accounting services for its senior leadership""",https://www.fincen.gov/system/files/shared/311--ExchHouse-H-NoticeofFindingFinal.pdf
Halawi Exchange Co.,related,Company,Halawi Exchange Co. LTD,,United Kingdom,London,,"""In 2012, Halawi Exchange expanded to cover five branches in Lebanon and a sister company in London under the name “Halawi Exchange Co. LTD.”""",https://www.fincen.gov/system/files/shared/311--ExchHouse-H-NoticeofFindingFinal.pdf
Halawi Exchange Co.,owner,Company,Halawi Holding SAL,,Lebanon,,,"""Halawi Exchange, along with other related entities, is organized under a holding company known as Halawi Holding SAL, which also owns several other related companies in Lebanon""",https://www.fincen.gov/system/files/shared/311--ExchHouse-H-NoticeofFindingFinal.pdf
Halawi Exchange Co.,related,Company,Halawi Investment Trust SAL,,Lebanon,,,"""Mahmoud Halawi is the sole or majority owner and senior management officer at Halawi Exchange, Halawi Holding SAL, and Halawi Investment Trust SAL""",https://www.fincen.gov/system/files/shared/311--ExchHouse-H-NoticeofFindingFinal.pdf
Halawi Exchange Co.,related,Organization,Hizballah,,Lebanon,,,"""Halawi Exchange, and its management, ownership, and key employees are complicit in providing money laundering services for an international narcotics trafficking and money laundering network that is affiliated with Hizballah""; ""Halawi Exchange is known to have laundered profits from drug trafficking and cocaine-related money laundering for a Hizballah leader and narcotics trafficker""; ""Halawi Exchange has also been routinely used by other Hizballah associates as a means to transfer illicit funds""",https://www.fincen.gov/system/files/shared/311--ExchHouse-H-NoticeofFindingFinal.pdf
Halawi Exchange Co.,related,Person,Ibrahim Chebli,,Lebanon,,,"""SDNTs Ibrahim Chebli and Abbas Hussein Harb regularly coordinated and executed financial transactions—including bulk cash transfers—that were processed through the Halawi Exchange""; ""Chebli used his position as the manager of the Abbassieh branch of Fenicia Bank in Lebanon to facilitate the movement of money for Joumaa and Harb.""",https://www.fincen.gov/system/files/shared/311--ExchHouse-H-NoticeofFindingFinal.pdf
Halawi Exchange Co.,owner,Person,Mahmoud Halawi,,Lebanon,,,"""Mahmoud Halawi is the sole or majority owner and senior management officer at Halawi Exchange, Halawi Holding SAL, and Halawi Investment Trust SAL""; ""He is also President of the Money Changers Association in Lebanon""; ""Mahmoud Halawi was heavily involved in the establishment of this car lot, which is run by Ahmed Tofeily, a Benin-based money launderer, and continues to be involved in its operations""",https://www.fincen.gov/system/files/shared/311--ExchHouse-H-NoticeofFindingFinal.pdf
Huione Group,self,,Huione Group,Huione Group Limited,Cambodia,,,"""Huione Group is a financial services conglomerate based in Phnom Penh, Cambodia""; ""though it was originally incorporated in Hong Kong in 2018 as Huione Group Limited""; ""Huione Group is a parent entity that controls three subsidiaries: (i) Haowang Guarantee; (ii) Huione Pay PLC; and (iii) Huione Crypto""",https://www.federalregister.gov/public-inspection/2025-07837/special-measure-regarding-huione-group-as-a-foreign-financial-institution-of-primary-money
Huione Group,self,,Huione Group,Huione Group Limited,Cambodia,,,"""Huione Group is a financial services conglomerate based in Phnom Penh, Cambodia""; ""Although it was originally incorporated in Hong Kong in 2018 as Huione Group Limited, Huione Group, the controlling entity of the conglomerate, does not appear to be registered as a business in any jurisdiction""; ""Huione Group is the parent company of, or otherwise controls, several subsidiaries, affiliates, and components—including, but not limited to: Haowang Guarantee, Huione Pay PLC, and Huione Crypto (the “Components”)—that coordinate to provide services that are useful for money laundering and carrying out cyber scams""",https://www.federalregister.gov/public-inspection/2025-19571/imposition-of-special-measure-regarding-huione-group-as-a-foreign-financial-institution-of-primary
Huione Group,subsidiary,Company,Haowang Guarantee,Huione Guarantee,Cambodia,,,"""Huione Group is a parent entity that controls three subsidiaries: (i) Haowang Guarantee; (ii) Huione Pay PLC; and (iii) Huione Crypto""; ""On October 19, 2024, Huione Guarantee was rebranded as Haowang Guarantee""",https://www.federalregister.gov/public-inspection/2025-07837/special-measure-regarding-huione-group-as-a-foreign-financial-institution-of-primary-money
Huione Group,target,Company,Haowang Guarantee,Huione Guarantee,Cambodia,,,"""The term “Huione Group” means all subsidiaries, branches, and offices of Huione Group operating as a financial institution in any jurisdiction outside of the United States, including Haowang Guarantee (formerly known as Huione Guarantee), Huione Pay PLC, and Huione Crypto Spółka Z Ograniczoną Odpowiedzialnością (d/b/a Huione Crypto)""; ""FinCEN assesses that Haowang Guarantee deals in the sale of illicit goods and services in a manner similar to a darknet market but on the open internet""; ""Chainalysis reviewed blockchain data of Haowang Guarantee and determined it had processed at least USD 49 billion worth of CVC since 2021""",https://www.federalregister.gov/public-inspection/2025-07837/special-measure-regarding-huione-group-as-a-foreign-financial-institution-of-primary-money
Huione Group,subsidiary,Company,Haowang Guarantee,Huione Guarantee,Cambodia,,,"""On October 19, 2024, Huione Guarantee was rebranded as Haowang Guarantee""; ""Haowang Guarantee is integrated into Huione Group’s operations and is apparently subject to Huione Group’s control""; ""FinCEN assesses that Haowang Guarantee deals in the sale of illicit goods and services in a manner similar to a darknet market but on the open internet""",https://www.federalregister.gov/public-inspection/2025-19571/imposition-of-special-measure-regarding-huione-group-as-a-foreign-financial-institution-of-primary
Huione Group,subsidiary,Company,Huione Crypto,Huione Crypto Spółka Z Ograniczoną Odpowiedzialnością; Huione Exchange,Poland,,KRS 0001043802,"""Huione Crypto, under the name Huione Crypto Spółka Z Ograniczoną Odpowiedzialnością, is registered in Poland""; ""Despite its Polish registration, however, FinCEN assesses that Huione Crypto operates in and from Cambodia""; ""Huione Group is a parent entity that controls three subsidiaries: (i) Haowang Guarantee; (ii) Huione Pay PLC; and (iii) Huione Crypto""",https://www.federalregister.gov/public-inspection/2025-07837/special-measure-regarding-huione-group-as-a-foreign-financial-institution-of-primary-money
Huione Group,target,Company,Huione Crypto,Huione Crypto Spółka Z Ograniczoną Odpowiedzialnością; Huione Exchange,Poland,,KRS 0001043802,"""Huione Crypto provides CVC trading services through its “Huione Exchange” brand, which it owns and operates""; ""Huione Crypto is a VASP operating under the Huione Group umbrella, and other Huione Group entities use Huione Crypto’s infrastructure to engage in CVC transactions""; ""Separately, Huione Crypto issues the USDH stablecoin""",https://www.federalregister.gov/public-inspection/2025-07837/special-measure-regarding-huione-group-as-a-foreign-financial-institution-of-primary-money
Huione Group,subsidiary,Company,Huione Crypto,Huione Crypto Spółka Z Ograniczoną Odpowiedzialnością; Huione Exchange,Poland,,,"""Huione Crypto is registered in Poland under the name Huione Crypto Spółka Z Ograniczoną Odpowiedzialnością""; ""despite its registration in Poland and the United States, FinCEN assesses that Huione Crypto actually operates in and from Cambodia""; ""Huione Crypto provides CVC trading services through its “Huione Exchange” brand, which it owns and operates""",https://www.federalregister.gov/public-inspection/2025-19571/imposition-of-special-measure-regarding-huione-group-as-a-foreign-financial-institution-of-primary
Huione Group,subsidiary,Company,Huione International Payments,,,,,"""FinCEN assesses that Huione International Payments is part of Huione Pay PLC and that the entity supports Haowang Guarantee’s facilitation of transactions connected to money laundering activities""",https://www.federalregister.gov/public-inspection/2025-07837/special-measure-regarding-huione-group-as-a-foreign-financial-institution-of-primary-money
Huione Group,target,Company,Huione International Payments,,,,,"""Part of Huione Pay PLC, Huione International Payments, acts as a merchant""",https://www.federalregister.gov/public-inspection/2025-07837/special-measure-regarding-huione-group-as-a-foreign-financial-institution-of-primary-money
Huione Group,subsidiary,Company,Huione International Payments,,,,,"""Part of Huione Pay PLC, Huione International Payments, acts as a merchant on Haowang Guarantee’s platform, exchanging CVC to facilitate the transfer of the proceeds of cyber scams""; ""FinCEN assesses that Huione International Payments is part of Huione Pay PLC and that the entity supports Haowang Guarantee’s facilitation of transactions connected to money laundering activities""",https://www.federalregister.gov/public-inspection/2025-19571/imposition-of-special-measure-regarding-huione-group-as-a-foreign-financial-institution-of-primary
Huione Group,related,Company,Huione LTD,,,,,"""in February 2025, Huione LTD registered as a dealer in foreign exchange, money transmitter, and seller of money orders, and noted no branches in the United States""; ""Huione LTD appears to use the same Denver, Colorado mail forwarding service as Huione Pay Inc.""; ""While the three MSB registrations by Huione Crypto, Huione Pay Inc., and Huione LTD suggest that Huione Group may intend to expand its business to the United States in the future""",https://www.federalregister.gov/public-inspection/2025-07837/special-measure-regarding-huione-group-as-a-foreign-financial-institution-of-primary-money
Huione Group,subsidiary,Company,Huione Labs,,,,,"""describing USDH as “[a] stablecoin pegged 1:1 to the US Dollar launched by Huione Labs under Huione Group.”""",https://www.federalregister.gov/public-inspection/2025-19571/imposition-of-special-measure-regarding-huione-group-as-a-foreign-financial-institution-of-primary
Huione Group,related,Company,Huione Pay Inc,,Canada,,,"""Until December 2023, there was a likely related entity, “Huione Pay,” registered as a money services business in Canada, which was incorporated in the country as Huione Pay Inc""; ""In August 2024, Huione Pay Inc. registered to conduct multiple MSB activities, including check cashing, dealing in foreign exchange, and money transmission""; ""Huione Pay Inc. provided an address in Denver, Colorado associated with a virtual mail forwarding service, and it also noted no branches in the United States""",https://www.federalregister.gov/public-inspection/2025-07837/special-measure-regarding-huione-group-as-a-foreign-financial-institution-of-primary-money
Huione Group,related,Company,Huione Pay Inc,,Canada,,,"""Until December 2023, there was a likely related entity, “Huione Pay,” registered as a money services business in Canada""; ""In August 2024, Huione Pay Inc. registered to conduct multiple MSB activities, including check cashing, dealing in foreign exchange, and money transmission""; ""Huione Pay Inc. provided an address in Denver, Colorado associated with a virtual mail forwarding service, and it also noted no branches in the United States""",https://www.federalregister.gov/public-inspection/2025-19571/imposition-of-special-measure-regarding-huione-group-as-a-foreign-financial-institution-of-primary
Huione Group,subsidiary,Company,Huione Pay PLC,,Cambodia,,,"""As of January 2025, Huione Pay PLC was registered as a payment services institution with the National Bank of Cambodia""; ""Huione Pay PLC operates eight Cambodian domestic branch locations""; ""Huione Pay PLC also advertises on social media that it has operated a branch in Laukkaing""",https://www.federalregister.gov/public-inspection/2025-07837/special-measure-regarding-huione-group-as-a-foreign-financial-institution-of-primary-money
Huione Group,target,Company,Huione Pay PLC,,Cambodia,,,"""Huione Pay PLC offers its customers the ability to trade CVC on different blockchains, and to convert CVC to or from various fiat currencies""; ""Huione Pay PLC holds the local equivalent of a money transmitting business license issued by the Kingdom of Cambodia and engages in the exchange of CVC in a manner consistent with the definition of a money transmitting business""; ""On multiple occasions between 2022 and 2024, a DPRK national with deep ties to the RGB, DPRK’s primary foreign intelligence organization, worked with Huione Pay PLC officials to transfer CVC and fiat currency""",https://www.federalregister.gov/public-inspection/2025-07837/special-measure-regarding-huione-group-as-a-foreign-financial-institution-of-primary-money
Huione Group,subsidiary,Company,Huione Pay PLC,,Cambodia,,,"""Huione Pay PLC held a corporate registration in Cambodia as well as a payment services institution license, both of which have been revoked as of March 2025""; ""In March 2025, National Bank of Cambodia stripped Huione Pay PLC of its banking license""; ""FinCEN finds this claim unpersuasive and continues to assess that Huione Pay PLC is a component of Huione Group""",https://www.federalregister.gov/public-inspection/2025-19571/imposition-of-special-measure-regarding-huione-group-as-a-foreign-financial-institution-of-primary
Infobank (Includes Belmetalnergo); renamed Trustbank ***,self,,Infobank (Includes Belmetalnergo); renamed Trustbank ***,PJSC Trustbank; Trustbank; Infobank,,,,"""This document withdraws FinCEN's August 24, 2004 proposed rule proposing imposition of the fifth special measure against PJSC Trustbank, formerly known as Infobank (“Trustbank”), as a financial institution of primary money laundering concern, pursuant to the authority contained in the Bank Secrecy Act.""; ""FinCEN concludes that it is no longer appropriate to maintain its finding that Trustbank represents a primary money laundering concern, and FinCEN will therefore not proceed with the rule proposed on August 24, 2004.""",http://www.gpo.gov/fdsys/pkg/FR-2014-12-15/pdf/2014-29339.pdf
Infobank (Includes Belmetalnergo); renamed Trustbank ***,self,,Infobank (Includes Belmetalnergo); renamed Trustbank ***,,Belarus,"Minsk, Belarus",,"""Infobank was established in 1994, in Minsk, Belarus, and is one of the country’s ten largest banks""; ""Infobank is a national commercial bank licensed by the National Bank of the Republic of Belarus (NBRB) to engage in foreign trade including foreign exchange transactions""; ""Infobank is a joint-stock bank""",https://www.fincen.gov/system/files/shared/waisgate3.pdf
Infobank (Includes Belmetalnergo); renamed Trustbank ***,related,Company,Bel-Cel,,,,,"""Infobank is actively involved in a number of business ventures through a network of affiliated entities, joint ventures, and its subsidiary""; ""These concerns include Bel-Cel, a cellular telecommunications corporation""",https://www.fincen.gov/system/files/shared/waisgate3.pdf
Infobank (Includes Belmetalnergo); renamed Trustbank ***,subsidiary,Company,Belmetalnergo,,Belarus,,,"""Infobank, however, is widely reported to be a bank specializing in financial transactions related to arms exports because of the activities of its subsidiary corporation, Belmetalnergo""; ""All subsidiaries of Infobank, including Belmetalnergo, are included in the definition, although FinCEN understands that Infobank currently only has one subsidiary, Belmetalnergo""",https://www.fincen.gov/system/files/shared/waisgate3.pdf
Infobank (Includes Belmetalnergo); renamed Trustbank ***,target,Company,Belmetalnergo,,Belarus,,,"""Infobank is defined specifically in the proposed notice to include Belmetalnergo""; ""Infobank means all headquarters, branches, offices, and subsidiaries of Infobank operating in Belarus or in any jurisdiction, including Belmetalnergo""",https://www.fincen.gov/system/files/shared/waisgate3.pdf
Infobank (Includes Belmetalnergo); renamed Trustbank ***,related,Organization,Central Bank of Libya,,Libya,,,"""In 2001, Infobank sold a 35 percent share of its shares to the Libyan Arab Foreign Bank (LAFB), which is fully owned by the Central Bank of Libya""",https://www.fincen.gov/system/files/shared/waisgate3.pdf
Infobank (Includes Belmetalnergo); renamed Trustbank ***,owner,Company,Libyan Arab Foreign Bank,LAFB,Libya,,,"""In 2001, Infobank sold a 35 percent share of its shares to the Libyan Arab Foreign Bank (LAFB), which is fully owned by the Central Bank of Libya""",https://www.fincen.gov/system/files/shared/waisgate3.pdf
Infobank (Includes Belmetalnergo); renamed Trustbank ***,related,Company,MAZ–MAN,,,,,"""Infobank is actively involved in a number of business ventures through a network of affiliated entities, joint ventures, and its subsidiary""; ""and MAZ–MAN, a tractor manufacturing company""",https://www.fincen.gov/system/files/shared/waisgate3.pdf
Infobank (Includes Belmetalnergo); renamed Trustbank ***,related,Company,Systems Business Management,,,,,"""Infobank is actively involved in a number of business ventures through a network of affiliated entities, joint ventures, and its subsidiary""; ""Systems Business Management, a joint venture that specializes in project finance in the Middle East and Eastern Europe""",https://www.fincen.gov/system/files/shared/waisgate3.pdf
Infobank (Includes Belmetalnergo); renamed Trustbank ***,related,Person,Victor Shevstov,,,,,"""Infobank’s Chairman, Victor Shevstov, reportedly had close ties with the former Iraqi regime""; ""Shevstov served as Chairman of the Iraqi-Belarus Friendship Society""",https://www.fincen.gov/system/files/shared/waisgate3.pdf
Infobank (Includes Belmetalnergo); renamed Trustbank ***,owner,Organization,government of Belarus,,Belarus,,,"""The government of Belarus is a principal shareholder of the bank’s capital""",https://www.fincen.gov/system/files/shared/waisgate3.pdf
Institución de Banca Multiple (Intercam),self,,Institución de Banca Multiple (Intercam),,Mexico,"Mexico City, Mexico",,"""Intercam is a Mexico-based commercial bank.""; ""Intercam is headquartered in Mexico City, Mexico, has over 70 branches across Mexico, and provides U.S. dollar (USD) correspondent banking services through at least two U.S. financial institutions.""; ""The order defines Intercam Banco S.A., Institución de Banca Multiple (Intercam), a commercial bank licensed by the government of the Republic of Mexico, to mean all of its subsidiaries, branches, and offices located in Mexico and operating pursuant to Mexican financial laws and regulations.""",https://www.federalregister.gov/d/2025-11990
Institución de Banca Multiple (Intercam),subsidiary,Company,"Intercam Advisors, Inc.",,United States,,,"""Intercam also owns other U.S.-based financial services companies—Intercam Futures, Inc. (d/b/a Intercam FX) and Intercam Wealth Management Group, including its affiliates Intercam Advisors, Inc., and Intercam Securities, Inc.""; ""Intercam's U.S.-based subsidiaries are outside the scope of this order.""",https://www.federalregister.gov/d/2025-11990
Institución de Banca Multiple (Intercam),subsidiary,Company,"Intercam Banco Internacional, Inc.",,Puerto Rico,"Guaynabo, Puerto Rico",,"""Intercam has a wholly owned U.S.-based subsidiary bank—Intercam Banco Internacional, Inc., which is headquartered in Guaynabo, Puerto Rico, and is a registered international financial entity in Puerto Rico.""; ""Intercam's U.S.-based subsidiaries are outside the scope of this order.""",https://www.federalregister.gov/d/2025-11990
Institución de Banca Multiple (Intercam),related,Company,Intercam Casa de Bolsa,,Mexico,,,"""Intercam Grupo Financiero is an integrated group of financial services companies headquartered in Mexico City, including Intercam Banco, Intercam Casa de Bolsa, and Intercam Banco Internacional, Inc. in Puerto Rico""",https://www.federalregister.gov/d/2025-11990
Institución de Banca Multiple (Intercam),subsidiary,Company,"Intercam Futures, Inc.",Intercam FX,United States,"Miami, Florida",31000289206987,"""Intercam also owns other U.S.-based financial services companies—Intercam Futures, Inc. (d/b/a Intercam FX) and Intercam Wealth Management Group, including its affiliates Intercam Advisors, Inc., and Intercam Securities, Inc.""; ""Money Services Business Registration No. 31000289206987 (filed by Intercam Futures, Inc., d/b/a Intercam FX in Miami, Florida, received on Dec. 24, 2024).""; ""Intercam's U.S.-based subsidiaries are outside the scope of this order.""",https://www.federalregister.gov/d/2025-11990
Institución de Banca Multiple (Intercam),owner,Company,Intercam Grupo Financiero,,Mexico,Mexico City,,"""Intercam Grupo Financiero is an integrated group of financial services companies headquartered in Mexico City, including Intercam Banco, Intercam Casa de Bolsa, and Intercam Banco Internacional, Inc. in Puerto Rico""; ""Intercam FX is an affiliated entity under common control of Intercam Grupo Financiero""",https://www.federalregister.gov/d/2025-11990
Institución de Banca Multiple (Intercam),subsidiary,Company,"Intercam Securities, Inc.",,United States,,,"""Intercam also owns other U.S.-based financial services companies—Intercam Futures, Inc. (d/b/a Intercam FX) and Intercam Wealth Management Group, including its affiliates Intercam Advisors, Inc., and Intercam Securities, Inc.""; ""Intercam's U.S.-based subsidiaries are outside the scope of this order.""",https://www.federalregister.gov/d/2025-11990
Institución de Banca Multiple (Intercam),subsidiary,Company,Intercam Wealth Management Group,,United States,,,"""Intercam also owns other U.S.-based financial services companies—Intercam Futures, Inc. (d/b/a Intercam FX) and Intercam Wealth Management Group, including its affiliates Intercam Advisors, Inc., and Intercam Securities, Inc.""; ""Intercam's U.S.-based subsidiaries are outside the scope of this order.""",https://www.federalregister.gov/d/2025-11990
Islamic Republic of Iran,related,Organization,Aerospace Industries Organization,AIO,Iran,,,"""and the Aerospace Industries Organization (“AIO”), which is identified in the Annex to E.O. 13382 for its role in overseeing Iran’s missile industries.""; ""AIO, the parent entity to Shahid Hemat Industrial Group (SHIG), which is also listed in the Annex to E.O. 13382, was identified for its ballistic missile research, development, and production activities, in addition to overseeing all of Iran’s missile industries.""",http://www.gpo.gov/fdsys/pkg/FR-2011-11-25/pdf/2011-30332.pdf
Islamic Republic of Iran,related,Person,Ali Tarzali,,Iran,,,"""in connection with a scheme to move millions of USD for the IRGC–QF, Treasury designated the then-governor of the CBI, Valiollah Seif, the assistant director of CBI’s international department, Ali Tarzali""; ""Treasury designated them as Specially Designated Global Terrorists (SDGTs) pursuant to E.O. 13224.""",https://www.fincen.gov/system/files/shared/2019-23697.pdf
Islamic Republic of Iran,related,Company,Ansar Bank,,Iran,,,"""Ansar Bank and Mehr Bank for providing financial services to the IRGC""",http://www.gpo.gov/fdsys/pkg/FR-2011-11-25/pdf/2011-30332.pdf
Islamic Republic of Iran,related,Company,Ansar Bank,,Iran,,,"""The action included a designation of Ansar Bank, an Iranian bank controlled by the IRGC, and its currency exchange arm, Ansar Exchange, for providing banking services to the IRGC–QF.""; ""FinCEN notes that two Iranian banks are currently designated by the European Union as entities subject to an asset freeze and prohibition to make funds available: Ansar Bank and Mehr Bank.""",https://www.fincen.gov/system/files/shared/2019-23697.pdf
Islamic Republic of Iran,related,Company,Ansar Exchange,,Iran,,,"""The action included a designation of Ansar Bank, an Iranian bank controlled by the IRGC, and its currency exchange arm, Ansar Exchange, for providing banking services to the IRGC–QF.""",https://www.fincen.gov/system/files/shared/2019-23697.pdf
Islamic Republic of Iran,related,Organization,Atomic Energy Organization of Iran,AEOI,Iran,,,"""Iran has used the Atomic Energy Organization of Iran (“AEOI”), which was designated by Treasury as the main Iranian organization for research and development activities in the field of nuclear technology, including Iran’s uranium enrichment program, to manage the country’s overall nuclear program.""",http://www.gpo.gov/fdsys/pkg/FR-2011-11-25/pdf/2011-30332.pdf
Islamic Republic of Iran,related,Organization,Atomic Energy Organization of Iran,,Iran,,,"""which plays a crucial role in Iran’s uranium enrichment through the production of centrifuges for Atomic Energy Organization of Iran facilities.""",https://www.fincen.gov/system/files/shared/2019-23697.pdf
Islamic Republic of Iran,related,Company,Bank Mellat,,Iran,,,"""Treasury has also designated under E.O. 13382 Bank Mellat, another Iranian state-owned bank, for financially facilitating Iran’s nuclear and proliferation activities by supporting AEOI and its main financial conduit,""; ""Specifically, the designation noted that as of October 2007, Bank Mellat had facilitated the movement of millions of dollars for Iran’s nuclear program since at least 2003.""",http://www.gpo.gov/fdsys/pkg/FR-2011-11-25/pdf/2011-30332.pdf
Islamic Republic of Iran,related,Company,Bank Melli,,Iran,,,"""Iran’s state-owned Bank Melli, which was identified in UNSCR 1803,""; ""Treasury found that Bank Melli has provided a range of financial services to known proliferators, including opening letters of credit and maintaining accounts.""; ""Treasury designated Bank Melli and associated subsidiaries and front companies under E.O. 13382 for its financial support to entities involved in the proliferation of weapons of mass destruction.""",http://www.gpo.gov/fdsys/pkg/FR-2011-11-25/pdf/2011-30332.pdf
Islamic Republic of Iran,related,Company,Bank Melli,,Iran,,,"""Bank Melli was among those banks designated pursuant to E.O. 13224 for assisting in, sponsoring, or providing financial, material, or technological support for, or other services to or in support of, the IRGC–QF.""; ""As of 2018, the equivalent of billions of USD in funds had transited IRGC–QF controlled accounts at Bank Melli.""; ""Moreover, Bank Melli had enabled the IRGC and its affiliates to move funds into and out of Iran, while the IRGC–QF, using Bank Melli’s presence in Iraq, had used Bank Melli to pay Iraqi Shia militant groups.""",https://www.fincen.gov/system/files/shared/2019-23697.pdf
Islamic Republic of Iran,related,Company,Bank Refah,,Iran,,,"""Bank Refah for providing financial services to MODAFL""",http://www.gpo.gov/fdsys/pkg/FR-2011-11-25/pdf/2011-30332.pdf
Islamic Republic of Iran,related,Company,Bank Saderat,,Iran,,,"""In 2007, the Treasury designated Bank Saderat under E.O. 13224 for its financial support of terrorist organizations, noting that from 2001 to 2006 Bank Saderat transferred $50 million from the Central Bank of Iran through its subsidiary in London to its branch in Beirut for the benefit of Hizballah fronts in Lebanon that support acts of violence.""",http://www.gpo.gov/fdsys/pkg/FR-2011-11-25/pdf/2011-30332.pdf
Islamic Republic of Iran,related,Company,Bank Sepah,,Iran,,,"""following the designation of Bank Sepah under UNSCR 1747 for its support for AIO and AIO’s subordinates, Bank Melli took precautions not to identify Bank Sepah in transactions.""; ""since Bank Sepah’s designation by the United States and identification by the UN Security Council, EDBI has served as one of the leading intermediaries handling Bank Sepah’s financing,""",http://www.gpo.gov/fdsys/pkg/FR-2011-11-25/pdf/2011-30332.pdf
Islamic Republic of Iran,related,Company,Bank Tejarat,,Iran,,,"""The U.S. and EU-designated Iranian banks Melli, Mellat, and state-owned Iranian Bank Tejarat have provided financial support to Khatam al-Anbiya-related business before and after the UN designation of Khatam al-Anbiya and fourteen of its subsidiaries.""",http://www.gpo.gov/fdsys/pkg/FR-2011-11-25/pdf/2011-30332.pdf
Islamic Republic of Iran,related,Company,Bank of Industry and Mine,,Iran,,,"""Bank of Industry and Mine for providing financial services to Bank Mellat and EIH""",http://www.gpo.gov/fdsys/pkg/FR-2011-11-25/pdf/2011-30332.pdf
Islamic Republic of Iran,related,Organization,Basij Resistance Force,,Iran,,,"""In October 2018, Treasury designated an Iran-based network comprised of businesses providing financial support to the Basij Resistance Force, a paramilitary force subordinate to the IRGC.""; ""the IRGC Basij militia recruits, trains, and deploys child soldiers to fight in IRGC-fueled conflicts across the region.""",https://www.fincen.gov/system/files/shared/2019-23697.pdf
Islamic Republic of Iran,related,Organization,Central Bank of Iran,CBI; Central Bank of the Islamic Republic of Iran,Iran,,,"""The Central Bank of Iran, which regulates Iranian banks, has assisted designated Iranian banks by transferring billions of dollars to these banks in 2011.""; ""In mid-2011, the CBI transferred several billion dollars to designated banks, including Saderat, Mellat, EDBI and Melli, through a variety of payment schemes.""; ""Iranian financial institutions, including the Central Bank of Iran (“CBI”), and other state-controlled entities, willingly engage in deceptive practices to disguise illicit conduct, evade international sanctions, and undermine the efforts of responsible regulatory agencies around the world.""",http://www.gpo.gov/fdsys/pkg/FR-2011-11-25/pdf/2011-30332.pdf
Islamic Republic of Iran,target,Organization,Central Bank of Iran,Bank Markazi Iran,Iran,,,"""In addition, the Central Bank of Iran (Bank Markazi Iran), as well as any foreign bank of which more than 50 percent of the voting stock or analogous interest is owned by two or more foreign banks chartered by Iran, shall be considered an Iranian banking institution.""; ""in the case of the Islamic Republic of Iran, this inclusion is justified due to the deceptive practices the Central Bank of Iran engages in and encourages among Iranian state-owned banks.""",http://www.gpo.gov/fdsys/pkg/FR-2011-11-28/pdf/2011-30331.pdf
Islamic Republic of Iran,related,Organization,Central Bank of Iran,CBI,Iran,,,"""In September 2019, Treasury designated the CBI and NDF under its counterterrorism authority, Executive Order (E.O.) 13224, as amended by E.O. 13886.""; ""The CBI has been complicit in these activities, including providing billions of U.S. dollars (USD) and euros to the IRGC–QF, Hizballah and other terrorist organizations.""; ""Since at least 2016, the CBI has provided the IRGC–QF with the vast majority of its foreign currency.""",https://www.fincen.gov/system/files/shared/2019-23697.pdf
Islamic Republic of Iran,related,Company,Centrifuge Technology Company,,Iran,,,"""Treasury designated seven entities and five individuals in Iran, China, and Belgium, for acting as a procurement network for Iran’s Centrifuge Technology Company, which plays a crucial role in Iran’s uranium enrichment through the production of centrifuges for Atomic Energy Organization of Iran facilities.""",https://www.fincen.gov/system/files/shared/2019-23697.pdf
Islamic Republic of Iran,related,Organization,Defense Industries Organization,DIO,Iran,,,"""Iran also controls the Defense Industries Organization (“DIO”),""",http://www.gpo.gov/fdsys/pkg/FR-2011-11-25/pdf/2011-30332.pdf
Islamic Republic of Iran,related,Company,EIH,,Germany,,,"""the Iranian-owned German bank EIH for providing financial services to Bank Mellat, Persia International Bank, EDBI, and Post Bank""; ""As recently as May 2011, the EU designated EIH for playing a “key role in assisting a number of Iranian banks with alternative options for completing transactions disrupted by EU sanctions targeting Iran.”""",http://www.gpo.gov/fdsys/pkg/FR-2011-11-25/pdf/2011-30332.pdf
Islamic Republic of Iran,related,Company,Ebtekar Sanat Ilya,,Iran,,,"""Among the targets in Treasury’s August 2019 designation action was the Iranian firm Ebtekar Sanat Ilya, which helped procure more than one million dollars’ worth of export-controlled, military-grade electronic components for Iranian military clients—including both SBIG and SHIG.""",https://www.fincen.gov/system/files/shared/2019-23697.pdf
Islamic Republic of Iran,related,Company,Export Development Bank of Iran,EDBI,Iran,,,"""The designation further asserted that EDBI provides financial services to multiple MODAFL-subordinate entities and facilitated the ongoing procurement activities of various front companies associated with MODAFL-subordinate entities.""; ""since Bank Sepah’s designation by the United States and identification by the UN Security Council, EDBI has served as one of the leading intermediaries handling Bank Sepah’s financing,""",http://www.gpo.gov/fdsys/pkg/FR-2011-11-25/pdf/2011-30332.pdf
Islamic Republic of Iran,related,Company,First East Export Bank,,Malaysia,,,"""In November 2009, First East Export Bank was designated pursuant to E.O. 13382 as a subsidiary and for its support of Bank Mellat.""; ""Noting that Bank Mellat itself has facilitated hundreds of millions of dollars in transactions for Iranian nuclear, missile, and defense entities, UNSCR 1929 designated First East Export Bank, a Bank Mellat subsidiary in Malaysia.""",http://www.gpo.gov/fdsys/pkg/FR-2011-11-25/pdf/2011-30332.pdf
Islamic Republic of Iran,related,Company,Global Vision Group,,Russia,,,"""The scheme was centered on Syrian national Mohammad Amer Alchwiki and his Russia-based company, Global Vision Group.""; ""Global Vision worked with Russian state-owned company Promsyrioimport to facilitate shipments of Iranian oil to Syria.""; ""Iran sent funds to Russia through Alchwiki and Global Vision.""",https://www.fincen.gov/system/files/shared/2019-23697.pdf
Islamic Republic of Iran,related,Company,HDS Lines,,,,,"""and has moved its container operations to a subsidiary, HDS Lines.""; ""Moreover, IRISL has also since stopped referring to HDS Lines in bills of lading from its shipping agent.""",http://www.gpo.gov/fdsys/pkg/FR-2011-11-25/pdf/2011-30332.pdf
Islamic Republic of Iran,related,Company,Hong Kong Electronics,,,,,"""The designation further notes that, in 2009, Post Bank facilitated business on behalf of Bank Sepah between Iran’s defense industries and overseas beneficiaries and transacted millions of dollars worth of business between U.S.-designated Hong Kong Electronics and other overseas beneficiaries.""",http://www.gpo.gov/fdsys/pkg/FR-2011-11-25/pdf/2011-30332.pdf
Islamic Republic of Iran,related,Person,Hossein Yaghoobi,,Iran,,,"""CBI International Department Director Rasul Sajjad and CBI Vice Governor for International Affairs Hossein Yaghoobi both assisted in facilitating Alchwiki’s transfers.""; ""who has a history of working with Hizballah in Lebanon and has coordinated financial transfers to Hizballah with IRGC–QF and Hizballah personnel.""",https://www.fincen.gov/system/files/shared/2019-23697.pdf
Islamic Republic of Iran,related,Organization,IRGC-Qods Force,Qods Force; IRGC-QF,Iran,,,"""IRGC–Qods Force was designated under E.O. 13224 for providing material support for the Taliban and other terrorist groups.""; ""The Qods Force reportedly has been active in the Levant, where it has a long history of supporting Hizballah’s military, paramilitary, and terrorist activities, and provides Hizballah with as much as $200 million in funding per year.""",http://www.gpo.gov/fdsys/pkg/FR-2011-11-25/pdf/2011-30332.pdf
Islamic Republic of Iran,related,Company,IRISL Benelux NV,,,,,"""Three IRISL-related entities, Irano Hind Shipping Company, IRISL Benelux NV, and South Shipping Line Iran (SSL), were sanctioned by the UN in June 2010.""",http://www.gpo.gov/fdsys/pkg/FR-2011-11-25/pdf/2011-30332.pdf
Islamic Republic of Iran,related,Company,Iran Air,,Iran,,,"""Treasury also designated Iran Air under E.O. 13382 for providing material support to the IRGC and MODAFL, both of which used the commercial airline carrier to transport military-related equipment on passenger aircraft.""",http://www.gpo.gov/fdsys/pkg/FR-2011-11-25/pdf/2011-30332.pdf
Islamic Republic of Iran,related,Organization,Iranian National Development Fund,NDF,Iran,,,"""During 2018 and early 2019, the CBI transferred several billion USD and euros from the Iranian National Development Fund (NDF) to the IRGC–QF.""; ""In September 2019, Treasury designated the CBI and NDF under its counterterrorism authority, Executive Order (E.O.) 13224, as amended by E.O. 13886.""; ""The Iranian government established the NDF to serve the welfare of the Iranian people by allocating revenues from oil and gas sales to economic investments, but has instead used the NDF as a slush fund for the IRGC–QF""",https://www.fincen.gov/system/files/shared/2019-23697.pdf
Islamic Republic of Iran,related,Company,Irano Hind Shipping Company,,,,,"""Three IRISL-related entities, Irano Hind Shipping Company, IRISL Benelux NV, and South Shipping Line Iran (SSL), were sanctioned by the UN in June 2010.""",http://www.gpo.gov/fdsys/pkg/FR-2011-11-25/pdf/2011-30332.pdf
Islamic Republic of Iran,related,Company,Islamic Republic of Iran Shipping Lines,IRISL,Iran,,,"""Treasury designated IRISL, Iran’s national maritime carrier, and affiliated entities pursuant to E.O. 13382 for providing logistical services to MODAFL.""; ""Since being subjected to U.S. and international sanctions, IRISL has renamed as many as 80 of the ships in its fleet and changed ownership information and flag registries to evade sanctions.""",http://www.gpo.gov/fdsys/pkg/FR-2011-11-25/pdf/2011-30332.pdf
Islamic Republic of Iran,related,Organization,Islamic Revolutionary Guard Corps,IRGC,Iran,,,"""Iran’s Islamic Revolutionary Guard Corps (“IRGC”) was founded in the aftermath of the 1979 Islamic Revolution to defend the government against internal and external threats.""; ""The IRGC, which was designated by the Department of State as a primary proliferator under E.O. 13382 in October 2007, owns and/or controls multiple commercial entities across a wide range of sectors within the Iranian economy.""",http://www.gpo.gov/fdsys/pkg/FR-2011-11-25/pdf/2011-30332.pdf
Islamic Republic of Iran,related,Organization,Islamic Revolutionary Guard Corps,IRGC,Iran,,,"""In April 2019, the State Department designated the IRGC, including the IRGC–QF, as a Foreign Terrorist Organization (FTO).""; ""The IRGC is integrally woven into the Iranian economy, operating institutions and front companies worldwide, so that the profits from seemingly legitimate business deals may actually fund Iranian terrorism.""",https://www.fincen.gov/system/files/shared/2019-23697.pdf
Islamic Republic of Iran,related,Organization,Islamic Revolutionary Guard Corps Qods Force,IRGC-QF,Iran,,,"""The IRGC–QF is an elite unit within the IRGC, the military and internal security force created after the Islamic Revolution.""; ""Treasury has designated the IRGC–QF pursuant to E.O. 13224 for providing material support to terrorist groups, including the Taliban, E.O. 13572 for support to the Syrian General Intelligence Directorate, the Assad regime’s civilian intelligence service, and E.O. 13553 for serious human rights abuses by the Iranian government.""",https://www.fincen.gov/system/files/shared/2019-23697.pdf
Islamic Republic of Iran,related,Company,Khatam al-Anbiya,Khatem al-Anbiya Constructions Headquarters; Khatam al-Anbiya Construction Headquarters,Iran,,,"""For example, the IRGC established Khatam al-Anbiya, the largest major Iranian construction conglomerate,""; ""Khatam al-Anbiya was designated by Treasury in 2007 pursuant to E.O. 13382.""; ""including Khatam al-Anbiya Construction Headquarters, which secured deals worth at least $7 billion in the oil, gas and transportation sectors, among others, in 2006.""",http://www.gpo.gov/fdsys/pkg/FR-2011-11-25/pdf/2011-30332.pdf
Islamic Republic of Iran,related,Company,Khatam al-Anbiya Construction Headquarters,,Iran,,,"""for providing financial support to Khatam al-Anbiya Construction Headquarters, the engineering arm of the IRGC.""",https://www.fincen.gov/system/files/shared/2019-23697.pdf
Islamic Republic of Iran,related,Company,Mehr Bank,,Iran,,,"""Ansar Bank and Mehr Bank for providing financial services to the IRGC""",http://www.gpo.gov/fdsys/pkg/FR-2011-11-25/pdf/2011-30332.pdf
Islamic Republic of Iran,related,Company,Mehr Bank,,Iran,,,"""FinCEN notes that two Iranian banks are currently designated by the European Union as entities subject to an asset freeze and prohibition to make funds available: Ansar Bank and Mehr Bank.""",https://www.fincen.gov/system/files/shared/2019-23697.pdf
Islamic Republic of Iran,related,Company,Mesbah Energy Company,Mesbah,Iran,,,"""Additionally, Mesbah Energy Company (“Mesbah”), was designated under EO 13382 for being controlled by, or acting or purporting to act for or on behalf of AEOI, and was cited in UNSCR 1737.""; ""Mesbah has been used to procure products for Iran’s heavy water project.""",http://www.gpo.gov/fdsys/pkg/FR-2011-11-25/pdf/2011-30332.pdf
Islamic Republic of Iran,related,Organization,Ministry of Defense and Armed Forces Logistics,MODAFL,Iran,,,"""Additionally, Iran has relied on the Ministry of Defense and Armed Forces Logistics (“MODAFL”), which was designated by the State Department under Executive Order (“E.O.”) 13382 for proliferation activities.""",http://www.gpo.gov/fdsys/pkg/FR-2011-11-25/pdf/2011-30332.pdf
Islamic Republic of Iran,related,Organization,Ministry of Defense and Armed Forces Logistics,MODAFL,Iran,,,"""In March 2019, Treasury took action against 25 individuals and entities, including a network of Iran, UAE, and Turkey-based front companies that transferred over a billion USD and euros to the IRGC, IRGC–QF and Iran’s Ministry of Defense and Armed Forces Logistics (MODAFL).""",https://www.fincen.gov/system/files/shared/2019-23697.pdf
Islamic Republic of Iran,related,Company,Mir Business Bank,,Russia,,,"""Treasury designated Mir Business Bank on November 5, 2018.""; ""It is a wholly-owned subsidiary of Iran’s Bank Melli, which was designated for acting as a conduit for payments to the IRGC–QF.""; ""and funneled millions of USD between the CBI and Alchwiki’s Mir Bank account in Russia.""",https://www.fincen.gov/system/files/shared/2019-23697.pdf
Islamic Republic of Iran,related,Company,Moallem Insurance Company,,Iran,,,"""IRISL was forced to turn to Tehran-based Moallem Insurance Company, which was not in the business of providing maritime insurance.""; ""Treasury designated Moallem in December 2010 for providing marine insurance to IRISL vessels.""",http://www.gpo.gov/fdsys/pkg/FR-2011-11-25/pdf/2011-30332.pdf
Islamic Republic of Iran,related,Person,Mohammad Amer Alchwiki,,Syria,,,"""The scheme was centered on Syrian national Mohammad Amer Alchwiki and his Russia-based company, Global Vision Group.""; ""Treasury noted at the time of the designations that Mohammad Amer Alchwiki, a central player in this scheme, was acting as a critical conduit for the transfer of the USD banknotes.""; ""Alchwiki worked with the Central Bank of Syria to coordinate transfers to Hizballah official Muhammad Qasir, in charge of the Hizballah unit responsible for weapons, technology, and other support transfers.""",https://www.fincen.gov/system/files/shared/2019-23697.pdf
Islamic Republic of Iran,related,Company,Novin Energy Company,Novin,Iran,,,"""For example, Novin, an AEOI front company that operates as the financial arm of AEOI, has transferred millions of dollars on behalf of AEOI to entities associated with Iran’s nuclear program.""",http://www.gpo.gov/fdsys/pkg/FR-2011-11-25/pdf/2011-30332.pdf
Islamic Republic of Iran,related,Company,Persia International Bank,,,,,"""the Iranian-owned German bank EIH for providing financial services to Bank Mellat, Persia International Bank, EDBI, and Post Bank""",http://www.gpo.gov/fdsys/pkg/FR-2011-11-25/pdf/2011-30332.pdf
Islamic Republic of Iran,related,Company,Persian Gulf Petrochemical Industries Company,,Iran,,,"""In June 2019, Treasury designated Iran’s largest and most profitable petrochemical holding group, Persian Gulf Petrochemical Industries Company, for providing financial support to Khatam al-Anbiya Construction Headquarters, the engineering arm of the IRGC.""",https://www.fincen.gov/system/files/shared/2019-23697.pdf
Islamic Republic of Iran,related,Company,Post Bank of Iran,Post Bank,Iran,,,"""Treasury designated Post Bank for operating on behalf of Bank Sepah""; ""The designation further notes that, in 2009, Post Bank facilitated business on behalf of Bank Sepah between Iran’s defense industries and overseas beneficiaries and transacted millions of dollars worth of business between U.S.-designated Hong Kong Electronics and other overseas beneficiaries.""",http://www.gpo.gov/fdsys/pkg/FR-2011-11-25/pdf/2011-30332.pdf
Islamic Republic of Iran,related,Company,Promsyrioimport,,Russia,,,"""Global Vision worked with Russian state-owned company Promsyrioimport to facilitate shipments of Iranian oil to Syria.""; ""Following the CBI’s transfer of funds from Tadbir Kish to Global Vision, Global Vision transferred payments to Promsyrioimport.""",https://www.fincen.gov/system/files/shared/2019-23697.pdf
Islamic Republic of Iran,related,Person,Rasul Sajjad,,Iran,,,"""CBI International Department Director Rasul Sajjad and CBI Vice Governor for International Affairs Hossein Yaghoobi both assisted in facilitating Alchwiki’s transfers.""",https://www.fincen.gov/system/files/shared/2019-23697.pdf
Islamic Republic of Iran,related,Company,Redin Exchange,,Turkey,,,"""Treasury designated Turkey-based Redin Exchange and its Deputy Head, Ismael Tash""; ""Since at least 2017, Tash has had contact with a money transfer channel managed by Mohammad Sarur that transferred IRGC–QF money to Hamas; as of January 2019, Tash was a key player in many Iran-Hamas financial transfers.""",https://www.fincen.gov/system/files/shared/2019-23697.pdf
Islamic Republic of Iran,related,Person,Rostam Qasemi,,Iran,,,"""pursuant to E.O. 13224, designated 16 entities and 10 individuals, including senior IRGC–QF official and former Iranian Minister of Petroleum Rostam Qasemi, who oversees the network.""",https://www.fincen.gov/system/files/shared/2019-23697.pdf
Islamic Republic of Iran,related,Organization,Shahid Bakeri Industrial Group,SBIG,Iran,,,"""Iran’s Shahid Bakeri Industrial Group (SBIG) and Shahid Hemmat Industrial Group (SHIG), respectively its solid and liquid propellant ballistic missile producers, utilize foreign entities and networks to procure missile-related materials and technology and disguise their involvement in the process.""; ""SBIG and SHIG are listed in the annex to E.O. 13382, which targets proliferators of WMD and their supporters.""",https://www.fincen.gov/system/files/shared/2019-23697.pdf
Islamic Republic of Iran,related,Organization,Shahid Hemat Industrial Group,SHIG,Iran,,,"""AIO, the parent entity to Shahid Hemat Industrial Group (SHIG), which is also listed in the Annex to E.O. 13382, was identified for its ballistic missile research, development, and production activities, in addition to overseeing all of Iran’s missile industries.""",http://www.gpo.gov/fdsys/pkg/FR-2011-11-25/pdf/2011-30332.pdf
Islamic Republic of Iran,related,Organization,Shahid Hemmat Industrial Group,SHIG,Iran,,,"""Iran’s Shahid Bakeri Industrial Group (SBIG) and Shahid Hemmat Industrial Group (SHIG), respectively its solid and liquid propellant ballistic missile producers, utilize foreign entities and networks to procure missile-related materials and technology and disguise their involvement in the process.""; ""SBIG and SHIG are listed in the annex to E.O. 13382, which targets proliferators of WMD and their supporters.""",https://www.fincen.gov/system/files/shared/2019-23697.pdf
Islamic Republic of Iran,related,Company,South Shipping Line Iran,SSL,,,,"""Three IRISL-related entities, Irano Hind Shipping Company, IRISL Benelux NV, and South Shipping Line Iran (SSL), were sanctioned by the UN in June 2010.""",http://www.gpo.gov/fdsys/pkg/FR-2011-11-25/pdf/2011-30332.pdf
Islamic Republic of Iran,related,Company,South Wealth Resources Company,SWRC,Iraq,,,"""In June 2019, Treasury designated an Iraq-based IRGC–QF financial conduit, South Wealth Resources Company (SWRC), which trafficked hundreds of millions of U.S. dollars’ worth of weapons to IRGC–QF-backed militias.""; ""SWRC and its two Iraqi associates covertly facilitated the IRGC–QF’s access to the Iraqi financial system to evade sanctions, while also generating profits in the form of commission payments for a Treasury-designated advisor to the IRGC–QF’s commander, Qasem Soleimani.""",https://www.fincen.gov/system/files/shared/2019-23697.pdf
Islamic Republic of Iran,related,Company,Tadbir Kish Medical and Pharmaceutical Company,,Iran,,,"""To conceal its involvement, the CBI made payments to Mir Business Bank using Iran-based Tadbir Kish Medical and Pharmaceutical Company""; ""Following the CBI’s transfer of funds from Tadbir Kish to Global Vision, Global Vision transferred payments to Promsyrioimport.""",https://www.fincen.gov/system/files/shared/2019-23697.pdf
Islamic Republic of Iran,related,Company,Tidewater Middle East Company,Tidewater,Iran,,,"""For example, Tidewater Middle East Company (“Tidewater”), a port operating company, was designated by Treasury under E.O. 13382 in June 2011 as a company that is owned by the IRGC.""; ""Tidewater has operations at seven Iranian ports, some of which the Iranian government has repeatedly used to export arms or related material in violation of UNSCRs.""",http://www.gpo.gov/fdsys/pkg/FR-2011-11-25/pdf/2011-30332.pdf
Islamic Republic of Iran,related,Person,Valiollah Seif,,Iran,,,"""in connection with a scheme to move millions of USD for the IRGC–QF, Treasury designated the then-governor of the CBI, Valiollah Seif""; ""Treasury designated them as Specially Designated Global Terrorists (SDGTs) pursuant to E.O. 13224.""; ""Treasury stated that Seif had covertly funneled millions of USD on behalf of the IRGC–QF through al-Bilad Bank to support Hizballah’s radical agenda, an action that undermined the credibility of his commitment to protecting CBI’s integrity.""",https://www.fincen.gov/system/files/shared/2019-23697.pdf
Islamic Republic of Iran,related,Company,al-Bilad Islamic Bank,,Iraq,,,"""Iraq-based al-Bilad Islamic Bank, and Muhammad Qasir, a Hizballah official.""; ""Treasury designated them as SDGTs pursuant to E.O. 13224 after finding that Seif had covertly funneled millions of USD on behalf of the IRGC–QF through al-Bilad Bank to support Hizballah’s radical agenda.""",https://www.fincen.gov/system/files/shared/2019-23697.pdf
JSC CredexBank,self,,JSC CredexBank,Nordic Investment Bank Corporation; Northern Investment Bank,Belarus,,,"""JSC CredexBank (“Credex”) is a depository institution located and licensed in the Republic of Belarus that primarily services corporate entities.""; ""Originally established on September 27, 2001, as Nordic Investment Bank Corporation by Ximex Executive Limited (“Ximex”),""; ""the bank changed its name to Northern Investment Bank on April 5, 2006, and then to the current name of JSC CredexBank on February 12, 2007.""",http://www.gpo.gov/fdsys/pkg/FR-2012-05-25/pdf/2012-12742.pdf
JSC CredexBank,self,,JSC CredexBank,Nordic Investment Bank Corporation; Northern Investment Bank,Belarus,,,"""Credex is a depository institution that is located and licensed in the Republic of Belarus and primarily services corporate entities.""; ""the bank changed its name to Northern Investment Bank on April 5, 2006, and then to the current name of Credex on February 12, 2007.""; ""Credex has six domestic branches and one representative office in the Czech Republic.""",http://www.gpo.gov/fdsys/pkg/FR-2012-05-30/pdf/2012-12747.pdf
JSC CredexBank,self,,JSC CredexBank,JSC InterPayBank; InterPay; ‘InterPayBank’ Joint Stock Company,Belarus,,,"""This document withdraws FinCEN's finding that JSC CredexBank (“Credex”), renamed JSC InterPayBank (“InterPay”), is a financial institution of primary money laundering concern, pursuant to Section 311 of the USA PATRIOT Act (“Section 311”).""; ""On May 8, 2015, the National Bank of the Republic of Belarus (“NBRB”), the Belarusian central bank and monetary authority with control over bank supervision and regulation, revoked the banking license of InterPay, the successor of Credex, and delisted InterPay from the list of banks published by the NBRB.""; ""In late January 2016, InterPay was also listed by the NBRB as being in the process of bankruptcy and liquidation.""",https://www.fincen.gov/system/files/shared/JSC_Withdrawal_Finding.pdf
JSC CredexBank,self,,JSC CredexBank,JSC InterPayBank; InterPay,,,,"""This document withdraws FinCEN’s proposed rulemaking to impose the first and fifth special measure regarding JSC CredexBank (“Credex”), renamed JSC InterPayBank (“InterPay”), as a financial institution of primary money laundering concern, pursuant to Section 311 of the USA PATRIOT Act (“Section 311”).""; ""the Belarusian central bank and monetary authority with control over bank supervision and regulation, revoked the banking license of InterPay, the successor of Credex, and delisted InterPay from the list of banks published by the NBRB.""; ""In late January 2016, InterPay was also listed by the NBRB as being in the process of bankruptcy and liquidation.""",https://www.fincen.gov/system/files/shared/JSC_Withdrawal_NPRM.pdf
JSC CredexBank,related,Company,"Imex Executive, Limited",,,,,"""Ximex is owned by “Imex Executive, Limited,” a company registered to the address of a BVI company formation agent.""",http://www.gpo.gov/fdsys/pkg/FR-2012-05-25/pdf/2012-12742.pdf
JSC CredexBank,owner,Company,Vicpart Holding SA,,Switzerland,"Fribourg, Switzerland",,"""Credex is 96.82% owned by Vicpart Holding SA, based in Fribourg, Switzerland.""; ""Since October 2009, Credex has been owned by Vicpart Holding SA (“Vicpart”), based in Fribourg, Switzerland.""; ""Vicpart shares the same address with more than 200 other companies, some of which are in liquidation.""",http://www.gpo.gov/fdsys/pkg/FR-2012-05-25/pdf/2012-12742.pdf
JSC CredexBank,owner,Company,Vicpart Holding SA,,Switzerland,"Fribourg City, Switzerland",,"""Credex is 96.82% owned by Vicpart Holding SA, based in Fribourg City, Switzerland.""",http://www.gpo.gov/fdsys/pkg/FR-2012-05-30/pdf/2012-12747.pdf
JSC CredexBank,owner,Company,Ximex Executive Limited,,United Kingdom,"12–16 Clerkenwell Rd, London, United Kingdom",,"""Credex's original registered owner, Ximex, displays numerous characteristics of a shell corporation.""; ""Listed at 12-16 Clerkenwell Rd, London, United Kingdom, Ximex shares the same mailing address as another firm—whose primary activities are formation and servicing of international business companies, as well as tax and financial planning.""; ""it does not appear to have been active until June 2009—four months prior to acquiring Credex from another shell corporation, Ximex in October 2009.""",http://www.gpo.gov/fdsys/pkg/FR-2012-05-25/pdf/2012-12742.pdf
JSC CredexBank,owner,Company,Ximex Executive Limited,,,,,"""Originally established on September 27, 2001, as Nordic Investment Bank Corporation by Ximex Executive Limited (“Ximex”),""",http://www.gpo.gov/fdsys/pkg/FR-2012-05-30/pdf/2012-12747.pdf
Kassem Rmeiti & Co. For Exchange,self,,Kassem Rmeiti & Co. For Exchange,Rmaiti For Exchange Co.,Lebanon,,,"""Kassem Rmeiti & Co. For Exchange (“Rmeiti Exchange”) is a Lebanon-based money exchanger with branches and affiliates in Switzerland and Benin""; ""Rmeiti Exchange offers a variety of financial services, primarily currency exchange and transmission of funds""; ""a known money launderer of this organization with ties to Hizballah moved his operations to Kassem Rmeiti Exchange in the Dahieh area of Beirut""",https://www.fincen.gov/system/files/shared/311--ExchHouse-R-NoticeofFinding-Final.pdf
Kassem Rmeiti & Co. For Exchange,related,Person,Ali Mohamed Kharroubi,Ali Kharroubi,,,,"""Rmeiti Exchange engages in auto sale-related financial transactions working with SDNT Ali Mohamed Kharroubi to send funds to U.S. auto dealers as part of a trade-based money laundering scheme""; ""in February 2011 Ali Mohamed Kharroubi directed Kassem Rmeiti to create the Trading African Group (TAG) in Benin so that Kharroubi could continue making international wire transfers for U.S. car purchases that avoided U.S. Government scrutiny""; ""Further, by the fall of 2011, former Elissa Exchange employees were working for TAG, and Kassem Rmeiti was paying Kharroubi about 30–40% of TAG’s profits""",https://www.fincen.gov/system/files/shared/311--ExchHouse-R-NoticeofFinding-Final.pdf
Kassem Rmeiti & Co. For Exchange,related,Person,Haitham Rmeiti,,,,,"""Haitham Rmeiti—the manager/owner of STE Rmeiti—as a key facilitator for wiring money and transferring Hizballah funds""",https://www.fincen.gov/system/files/shared/311--ExchHouse-R-NoticeofFinding-Final.pdf
Kassem Rmeiti & Co. For Exchange,related,Organization,Hizballah,,Lebanon,,,"""Rmeiti Exchange has also conducted money laundering activities for and provided financial services to Hizballah""; ""Hizballah is a Lebanon-based terrorist group""; ""And Hizballah, an organization which the United States designated as a Foreign Terrorist Organization in October 1997 and a Specially Designated Global Terrorist under Executive Order 13224 in October 2001""",https://www.fincen.gov/system/files/shared/311--ExchHouse-R-NoticeofFinding-Final.pdf
Kassem Rmeiti & Co. For Exchange,owner,Person,Kassem Rmeiti,,Benin,,,"""Benin-based suspected money launderer Kassem Rmeiti, the owner of Rmeiti Exchange, continues to actively seek money laundering opportunities in trade transactions""; ""Rmeiti Exchange, through its owner, Kassem Rmeiti, owns Societe Rmaiti SARL (a.k.a. STE Rmeiti)""; ""Additionally, Kassem Rmeiti has engaged in commingling of over $2.5 million among his several businesses, including WCS SA, WCS AG, STE Rmaiti SARL, and Kassem Rmeiti and Co. For Exchange between 2009 and 2012""",https://www.fincen.gov/system/files/shared/311--ExchHouse-R-NoticeofFinding-Final.pdf
Kassem Rmeiti & Co. For Exchange,subsidiary,Company,Rmaiti Group SAL,,Lebanon,,,"""Rmeiti Exchange, through its owner, Kassem Rmeiti, also owns companies including, but not limited to, the Rmaiti Group SAL in Lebanon and Societe Rmaiti SARL (STE Rmeiti) located in Benin""; ""For the purpose of this document and unless expressly stated otherwise, references to Rmeiti Exchange include the aforementioned companies, collectively the “Rmeiti Exchange companies.”""",https://www.fincen.gov/system/files/shared/311--ExchHouse-R-NoticeofFinding-Final.pdf
Kassem Rmeiti & Co. For Exchange,target,Company,Rmaiti Group SAL,,Lebanon,,,,https://www.fincen.gov/system/files/shared/311--ExchHouse-R-NoticeofFinding-Final.pdf
Kassem Rmeiti & Co. For Exchange,subsidiary,Company,Societe Rmaiti SARL,STE Rmeiti,Benin,,,"""Rmeiti Exchange, through its owner, Kassem Rmeiti, owns Societe Rmaiti SARL (a.k.a. STE Rmeiti)""; ""Rmeiti Exchange, through its owner, Kassem Rmeiti, also owns companies including, but not limited to, the Rmaiti Group SAL in Lebanon and Societe Rmaiti SARL (STE Rmeiti) located in Benin""; ""For the purpose of this document and unless expressly stated otherwise, references to Rmeiti Exchange include the aforementioned companies, collectively the “Rmeiti Exchange companies.”""",https://www.fincen.gov/system/files/shared/311--ExchHouse-R-NoticeofFinding-Final.pdf
Kassem Rmeiti & Co. For Exchange,target,Company,Societe Rmaiti SARL,STE Rmeiti,Benin,,,,https://www.fincen.gov/system/files/shared/311--ExchHouse-R-NoticeofFinding-Final.pdf
Kassem Rmeiti & Co. For Exchange,related,Company,Trading African Group,TAG,Benin,,,"""in February 2011 Ali Mohamed Kharroubi directed Kassem Rmeiti to create the Trading African Group (TAG) in Benin so that Kharroubi could continue making international wire transfers for U.S. car purchases that avoided U.S. Government scrutiny""; ""Further, by the fall of 2011, former Elissa Exchange employees were working for TAG, and Kassem Rmeiti was paying Kharroubi about 30–40% of TAG’s profits""; ""TAG provided more than $1.7 million to U.S. car dealers and exporters between March and October 2011""",https://www.fincen.gov/system/files/shared/311--ExchHouse-R-NoticeofFinding-Final.pdf
Kassem Rmeiti & Co. For Exchange,related,Company,World Car Service International Transport and Shipping Company,WCS SA,Benin,,,"""which is believed to be an affiliate of World Car Service International Transport and Shipping Company (a.k.a., WCS SA) located in Benin""; ""Between March 2011 and August 2012, WCS SA in Benin processed numerous international wire transfers totaling over $100,000 and referencing auto purchases or vehicles to U.S.-based individuals and businesses and one other individual involved in auto exports or sales""; ""From 2011 to 2012, WCS SA in Benin provided over $2.2 million in large, round-dollar wire transfers to numerous U.S. car dealers and car exporters, one of which was named in the 2011 SDNY Complaint""",https://www.fincen.gov/system/files/shared/311--ExchHouse-R-NoticeofFinding-Final.pdf
Kassem Rmeiti & Co. For Exchange,related,Company,World Car Service LTD,World Car Service AG; WCS AG,Switzerland,,,"""Kassem Rmeiti also serves as a board member or executive and represents himself as the owner of World Car Service LTD, a.k.a., World Car Service AG, (WCS AG)—an international transport and shipping business located in Switzerland""; ""This pattern of activity indicates that in 2011 Rmeiti shifted some transactions away from his exchange companies and TAG and began increasingly utilizing his WCS accounts for trade-based money laundering transactions with the same entities through 2012""",https://www.fincen.gov/system/files/shared/311--ExchHouse-R-NoticeofFinding-Final.pdf
Lebanese Canadian Bank SAL,self,,Lebanese Canadian Bank SAL,,Lebanon,,,"""On September 20, 2011, the Lebanese central bank and monetary authority, with control over bank supervision and regulation, the Banque du Liban (BDL), revoked the banking license of LCB and delisted LCB from the list of banks published by BDL.""; ""Because of the action taken by the Lebanese banking authorities and the liquidation of the LCB's assets, LCB no longer exists as a foreign financial institution.""",https://www.fincen.gov/system/files/shared/2015-24912.pdf
Lebanese Canadian Bank SAL,self,,Lebanese Canadian Bank SAL,Banque des Activities Economiques SAL,Lebanon,"Beirut, Lebanon",,"""The Lebanese Canadian Bank SAL (“LCB”) is based in Beirut, Lebanon""; ""Originally established in 1960 as Banque des Activities Economiques SAL, it operated as a subsidiary of the Royal Bank of Canada Middle East (1968-1988) and is now a privately owned bank""; ""The bank is eighth largest among Lebanese banks in assets and has over 600 employees""",https://www.gpo.gov/fdsys/pkg/FR-2011-02-17/pdf/2011-3346.pdf
Lebanese Canadian Bank SAL,self,,Lebanese Canadian Bank SAL,,Canada,"Montreal, Canada",,"""and maintains a network of 35 branches in Lebanon and a representative office in Montreal, Canada""",https://www.gpo.gov/fdsys/pkg/FR-2011-02-17/pdf/2011-3346.pdf
Lebanese Canadian Bank SAL,self,,Lebanese Canadian Bank SAL,Banque des Activities Economiques SAL,Lebanon,"Beirut, Lebanon",,"""LCB is based in Beirut, Lebanon, and maintains a network of 35 branches in Lebanon and a representative office in Montreal, Canada.""; ""Originally established in 1960 as Banque des Activities Economiques SAL, it operated as a subsidiary of the Royal Bank of Canada Middle East (1968-1988) and is now a privately owned bank.""",https://www.gpo.gov/fdsys/pkg/FR-2011-02-17/pdf/2011-3348.pdf
Lebanese Canadian Bank SAL,related,Person,Abdallah Safieddine,,Iran,,,"""Additionally, LCB managers are linked to Hizballah officials outside Lebanon""; ""Hizballah's Tehran-based envoy Abdallah Safieddine is involved in Iranian officials' access to LCB and key LCB managers, who provide them banking services""",https://www.gpo.gov/fdsys/pkg/FR-2011-02-17/pdf/2011-3346.pdf
Lebanese Canadian Bank SAL,related,Person,Ayman Joumaa,,,,,"""With respect to the exchanges and companies related to Ayman Joumaa, numerous instances indicate that substantial amounts of illicit funds may have passed through LCB""; ""Ayman Joumaa deposits bulk cash into multiple exchange houses, including the one that he owns, which then deposit the currency into their LCB accounts""; ""Hizballah derived financial support from the criminal activities of Joumaa's network""",https://www.gpo.gov/fdsys/pkg/FR-2011-02-17/pdf/2011-3346.pdf
Lebanese Canadian Bank SAL,related,Organization,Hizballah,,Lebanon,,,"""The United States Government (“USG”) designated Hizballah as a Foreign Terrorist Organization on October 8, 1997""; ""Hizballah derived financial support from the criminal activities of this network""; ""LCB managers are linked to Hizballah officials outside Lebanon""",https://www.gpo.gov/fdsys/pkg/FR-2011-02-17/pdf/2011-3346.pdf
Lebanese Canadian Bank SAL,subsidiary,Company,LCB Estates SAL,,Lebanon,,,"""LCB has a controlling financial interest in a number of subsidiaries, including LCB Investments (Holding) SAL, LCB Finance SAL, LCB Estates SAL, LCB Insurance Brokerage House SAL, and Dubai-based Tabadul for Shares and Bonds LLC""",https://www.gpo.gov/fdsys/pkg/FR-2011-02-17/pdf/2011-3346.pdf
Lebanese Canadian Bank SAL,target,Company,LCB Estates SAL,,Lebanon,,,"""LCB has a controlling financial interest in a number of subsidiaries, including LCB Investments (Holding) SAL, LCB Finance SAL, LCB Estates SAL, LCB Insurance Brokerage House SAL, and Dubai-based Tabadul for Shares and Bonds LLC""; ""For purposes of this document and unless expressly stated otherwise, references to LCB include the aforementioned subsidiaries""",https://www.gpo.gov/fdsys/pkg/FR-2011-02-17/pdf/2011-3346.pdf
Lebanese Canadian Bank SAL,subsidiary,Company,LCB Estates SAL,,Lebanon,,,"""LCB has a controlling financial interest in a number of subsidiaries, including LCB Investments SAL, LCB Finance SAL, LCB Estates SAL, LCB Insurance Brokerage House SAL, Dubai-based Tabadul for Shares and Bonds LLC, Prime Bank Limited (“Prime Bank”) of Gambia.""",https://www.gpo.gov/fdsys/pkg/FR-2011-02-17/pdf/2011-3348.pdf
Lebanese Canadian Bank SAL,subsidiary,Company,LCB Finance SAL,,Lebanon,,,"""LCB has a controlling financial interest in a number of subsidiaries, including LCB Investments (Holding) SAL, LCB Finance SAL, LCB Estates SAL, LCB Insurance Brokerage House SAL, and Dubai-based Tabadul for Shares and Bonds LLC""",https://www.gpo.gov/fdsys/pkg/FR-2011-02-17/pdf/2011-3346.pdf
Lebanese Canadian Bank SAL,target,Company,LCB Finance SAL,,Lebanon,,,"""LCB has a controlling financial interest in a number of subsidiaries, including LCB Investments (Holding) SAL, LCB Finance SAL, LCB Estates SAL, LCB Insurance Brokerage House SAL, and Dubai-based Tabadul for Shares and Bonds LLC""; ""For purposes of this document and unless expressly stated otherwise, references to LCB include the aforementioned subsidiaries""",https://www.gpo.gov/fdsys/pkg/FR-2011-02-17/pdf/2011-3346.pdf
Lebanese Canadian Bank SAL,subsidiary,Company,LCB Finance SAL,,Lebanon,,,"""LCB has a controlling financial interest in a number of subsidiaries, including LCB Investments SAL, LCB Finance SAL, LCB Estates SAL, LCB Insurance Brokerage House SAL, Dubai-based Tabadul for Shares and Bonds LLC, Prime Bank Limited (“Prime Bank”) of Gambia.""",https://www.gpo.gov/fdsys/pkg/FR-2011-02-17/pdf/2011-3348.pdf
Lebanese Canadian Bank SAL,subsidiary,Company,LCB Insurance Brokerage House SAL,,Lebanon,,,"""LCB has a controlling financial interest in a number of subsidiaries, including LCB Investments (Holding) SAL, LCB Finance SAL, LCB Estates SAL, LCB Insurance Brokerage House SAL, and Dubai-based Tabadul for Shares and Bonds LLC""",https://www.gpo.gov/fdsys/pkg/FR-2011-02-17/pdf/2011-3346.pdf
Lebanese Canadian Bank SAL,target,Company,LCB Insurance Brokerage House SAL,,Lebanon,,,"""LCB has a controlling financial interest in a number of subsidiaries, including LCB Investments (Holding) SAL, LCB Finance SAL, LCB Estates SAL, LCB Insurance Brokerage House SAL, and Dubai-based Tabadul for Shares and Bonds LLC""; ""For purposes of this document and unless expressly stated otherwise, references to LCB include the aforementioned subsidiaries""",https://www.gpo.gov/fdsys/pkg/FR-2011-02-17/pdf/2011-3346.pdf
Lebanese Canadian Bank SAL,subsidiary,Company,LCB Insurance Brokerage House SAL,,Lebanon,,,"""LCB has a controlling financial interest in a number of subsidiaries, including LCB Investments SAL, LCB Finance SAL, LCB Estates SAL, LCB Insurance Brokerage House SAL, Dubai-based Tabadul for Shares and Bonds LLC, Prime Bank Limited (“Prime Bank”) of Gambia.""",https://www.gpo.gov/fdsys/pkg/FR-2011-02-17/pdf/2011-3348.pdf
Lebanese Canadian Bank SAL,subsidiary,Company,LCB Investments (Holding) SAL,,Lebanon,,,"""LCB has a controlling financial interest in a number of subsidiaries, including LCB Investments (Holding) SAL, LCB Finance SAL, LCB Estates SAL, LCB Insurance Brokerage House SAL, and Dubai-based Tabadul for Shares and Bonds LLC""",https://www.gpo.gov/fdsys/pkg/FR-2011-02-17/pdf/2011-3346.pdf
Lebanese Canadian Bank SAL,target,Company,LCB Investments (Holding) SAL,,Lebanon,,,"""LCB has a controlling financial interest in a number of subsidiaries, including LCB Investments (Holding) SAL, LCB Finance SAL, LCB Estates SAL, LCB Insurance Brokerage House SAL, and Dubai-based Tabadul for Shares and Bonds LLC""; ""For purposes of this document and unless expressly stated otherwise, references to LCB include the aforementioned subsidiaries""",https://www.gpo.gov/fdsys/pkg/FR-2011-02-17/pdf/2011-3346.pdf
Lebanese Canadian Bank SAL,subsidiary,Company,LCB Investments (Holding) SAL,,Lebanon,,,"""These branches, offices, and subsidiaries include, but are not necessarily limited to, LCB Investments (Holding) SAL, LCB Finance SAL, LCB Estates SAL, LCB Insurance Brokerage House SAL, Dubai-based Tabadul for Shares and Bonds LLC, and Prime Bank Limited in Serrekunda, Gambia.""",https://www.gpo.gov/fdsys/pkg/FR-2011-02-17/pdf/2011-3348.pdf
Lebanese Canadian Bank SAL,subsidiary,Company,Prime Bank Limited,,Gambia,"Serrekunda, Gambia",,"""LCB is the majority shareholder of Prime Bank Limited, a private commercial bank and the LCB subsidiary located in Serrekunda, Gambia""; ""LCB owns 51% of Prime Bank while the remaining shares are held by local and Lebanese partners""; ""LCB apparently serves as the sole correspondent bank for Prime Bank""",https://www.gpo.gov/fdsys/pkg/FR-2011-02-17/pdf/2011-3346.pdf
Lebanese Canadian Bank SAL,target,Company,Prime Bank Limited,,Gambia,"Serrekunda, Gambia",,"""LCB's subsidiary, Gambia-based Prime Bank, is partially owned by a Lebanese individual known to be a supporter of Hizballah""; ""In addition to Gambian nationals, Prime Bank serves Iranian and Lebanese clientele throughout West Africa""; ""For purposes of this document and unless expressly stated otherwise, references to LCB include the aforementioned subsidiaries""",https://www.gpo.gov/fdsys/pkg/FR-2011-02-17/pdf/2011-3346.pdf
Lebanese Canadian Bank SAL,subsidiary,Company,Prime Bank Limited,,Gambia,"Serrekunda, Gambia",,"""Prime Bank is a private commercial bank located in Serrekunda, Gambia.""; ""LCB owns 51% of Prime Bank, while the remaining shares are held by local and Lebanese partners.""; ""LCB apparently serves as the sole correspondent bank for Prime Bank.""",https://www.gpo.gov/fdsys/pkg/FR-2011-02-17/pdf/2011-3348.pdf
Lebanese Canadian Bank SAL,related,Company,Royal Bank of Canada Middle East,,,,,"""Originally established in 1960 as Banque des Activities Economiques SAL, it operated as a subsidiary of the Royal Bank of Canada Middle East (1968-1988) and is now a privately owned bank""",https://www.gpo.gov/fdsys/pkg/FR-2011-02-17/pdf/2011-3346.pdf
Lebanese Canadian Bank SAL,related,Company,Societé Generale de Banque au Liban SAL,SGBL,Lebanon,,,"""LCB's former shareholders sold its assets and liabilities to the Societé Generale de Banque au Liban SAL (SGBL).""",https://www.fincen.gov/system/files/shared/2015-24912.pdf
Lebanese Canadian Bank SAL,subsidiary,Company,Tabadul for Shares and Bonds LLC,,United Arab Emirates,,,"""LCB has a controlling financial interest in a number of subsidiaries, including LCB Investments (Holding) SAL, LCB Finance SAL, LCB Estates SAL, LCB Insurance Brokerage House SAL, and Dubai-based Tabadul for Shares and Bonds LLC""",https://www.gpo.gov/fdsys/pkg/FR-2011-02-17/pdf/2011-3346.pdf
Lebanese Canadian Bank SAL,target,Company,Tabadul for Shares and Bonds LLC,,United Arab Emirates,,,"""LCB has a controlling financial interest in a number of subsidiaries, including LCB Investments (Holding) SAL, LCB Finance SAL, LCB Estates SAL, LCB Insurance Brokerage House SAL, and Dubai-based Tabadul for Shares and Bonds LLC""; ""For purposes of this document and unless expressly stated otherwise, references to LCB include the aforementioned subsidiaries""",https://www.gpo.gov/fdsys/pkg/FR-2011-02-17/pdf/2011-3346.pdf
Lebanese Canadian Bank SAL,subsidiary,Company,Tabadul for Shares and Bonds LLC,,United Arab Emirates,,,"""LCB has a controlling financial interest in a number of subsidiaries, including LCB Investments SAL, LCB Finance SAL, LCB Estates SAL, LCB Insurance Brokerage House SAL, Dubai-based Tabadul for Shares and Bonds LLC, Prime Bank Limited (“Prime Bank”) of Gambia.""",https://www.gpo.gov/fdsys/pkg/FR-2011-02-17/pdf/2011-3348.pdf
Liberty Reserve S.A,self,,Liberty Reserve S.A,,Costa Rica,,,"""Section 1010.660(a)(1) of the proposed rule would define Liberty Reserve to include all branches, offices, and subsidiaries of Liberty Reserve S.A. operating in Costa Rica or in any other jurisdiction.""; ""the Director of FinCEN found that Liberty Reserve S.A. (Liberty Reserve) is a financial institution operating outside of the United States that is of primary money laundering concern pursuant to 31 U.S.C. 5318A.""",https://www.fincen.gov/system/files/shared/311--LR-NPRM-Final.pdf
Liberty Reserve S.A,self,,Liberty Reserve S.A,,Costa Rica,,,"""Liberty Reserve is a web-based money transfer system, or “virtual currency.” It is a financial institution currently registered in Costa Rica and has been operating since 2001.""; ""Liberty Reserve was then based in Nevis and began as a private exchange system for import/export businesses.""; ""In March 2004, Liberty Reserve’s website indicated that it was operating out of Brooklyn, New York. In May 2006, Liberty Reserve was re-registered in Costa Rica.""",https://www.fincen.gov/system/files/shared/311--LR-NoticeofFinding-Final.pdf
Liberty Reserve S.A,owner,Person,Arthur Budovsky,,,,,"""According to reporting of a Planetgold.com interview in 2003 with Arthur Budovsky, who founded the company, Liberty Reserve was then based in Nevis and began as a private exchange system for import/export businesses.""; ""Budovsky pled guilty and was sentenced to five years of probation.""",https://www.fincen.gov/system/files/shared/311--LR-NoticeofFinding-Final.pdf
Liberty Reserve S.A,related,Company,GoldAge Inc.,,United States,,,"""In 2002, Budovsky and another individual, Vladimir Kats, set up several other companies, including GoldAge Inc., according to the New York County District Attorney’s Office. GoldAge served as a prominent exchanger for E-Gold, a gold-based virtual currency system.""; ""In July 2006, Budovsky and Kats were indicted by the state of New York for operating an illegal money transmitting business, GoldAge, out of their Brooklyn apartments.""",https://www.fincen.gov/system/files/shared/311--LR-NoticeofFinding-Final.pdf
Liberty Reserve S.A,related,Person,Vladimir Kats,,,,,"""In 2002, Budovsky and another individual, Vladimir Kats, set up several other companies, including GoldAge Inc., according to the New York County District Attorney’s Office.""; ""In July 2006, Budovsky and Kats were indicted by the state of New York for operating an illegal money transmitting business, GoldAge, out of their Brooklyn apartments.""",https://www.fincen.gov/system/files/shared/311--LR-NoticeofFinding-Final.pdf
MBaer Merchant Bank AG,self,,MBaer Merchant Bank AG,,Switzerland,"Zürich, Switzerland",,"""MBaer is a commercial bank with a single office headquartered in Zürich, Switzerland""; ""MBaer has no branches other than its headquarters location""",https://www.federalregister.gov/documents/2026/03/02/2026-04033/proposal-of-special-measure-regarding-mbaer-merchant-bank-ag-as-a-financial-institution-operating
MBaer Merchant Bank AG,owner,Person,Alessandro Bazzoni,,,,,"""Alessandro Bazzoni (Bazzoni), a minority shareholder of MBaer at the time, who was sanctioned by OFAC in January 2021 for providing material support to PdVSA in his role as a core facilitator of the sanctions evasion network""; ""Although Bazzoni has since been removed from the OFAC sanctions list, Evjemo-Nysveen's activities took place while he was on the OFAC list""",https://www.federalregister.gov/documents/2026/03/02/2026-04033/proposal-of-special-measure-regarding-mbaer-merchant-bank-ag-as-a-financial-institution-operating
MBaer Merchant Bank AG,related,Person,Jose Luis Chavez Calva,,,,,"""while the PdVSA money laundering scheme was ongoing, MBaer maintained an account for Jose Luis Chavez Calva (Calva), a key figure involved in laundering billions of dollars obtained through PdVSA corruption through European banks""; ""Calva was also alleged to be a financial facilitator handling funds derived from corruption on behalf of both Bazzoni and Alex Saab""",https://www.federalregister.gov/documents/2026/03/02/2026-04033/proposal-of-special-measure-regarding-mbaer-merchant-bank-ag-as-a-financial-institution-operating
MBaer Merchant Bank AG,related,Company,LLC PrikarpatZakhidTrans,,Ukraine,,,"""LLC PrikarpatZakhidTrans, the operator of the Ukrainian section of the Russian-owned Samara-West oil pipeline""; ""Press reporting going back to early 2021 asserts that Medvedchuk has controlled LLC PrikarpatZakhidTrans since 2017 through his wife""",https://www.federalregister.gov/documents/2026/03/02/2026-04033/proposal-of-special-measure-regarding-mbaer-merchant-bank-ag-as-a-financial-institution-operating
MBaer Merchant Bank AG,related,Company,Plus Ultra Lineas Aereas SA,Plus Ultra,,,,"""allegedly under investigation by Swiss and French authorities for laundering the proceeds of funds embezzled by Venezuelan public officials, including through airline Plus Ultra Lineas Aereas SA (Plus Ultra)""; ""one of the Swiss investor's two MBaer accounts received over $519,000 in 2021 from Plus Ultra""",https://www.federalregister.gov/documents/2026/03/02/2026-04033/proposal-of-special-measure-regarding-mbaer-merchant-bank-ag-as-a-financial-institution-operating
MBaer Merchant Bank AG,related,Person,Sergey Kurchenko,,,,,"""OFAC designated Kurchenko in 2015 for his role in misappropriating state assets of Ukraine, or of an economically significant entity in Ukraine""; ""As of 2022, at least two employees of MBaer probably managed trust and front companies involved in a Ukrainian sanctions evasion scheme linked to Kurchenko""",https://www.federalregister.gov/documents/2026/03/02/2026-04033/proposal-of-special-measure-regarding-mbaer-merchant-bank-ag-as-a-financial-institution-operating
MBaer Merchant Bank AG,related,Person,Siri Evjemo-Nysveen,,,,,"""Siri Evjemo-Nysveen (Evjemo-Nysveen), MBaer's Vice Chairperson from September 2020 through May 2023 and board member from 2019 to 2023, reportedly used her position to further payments through MBaer related to a PdVSA corruption scheme after OFAC's designation of PdVSA""",https://www.federalregister.gov/documents/2026/03/02/2026-04033/proposal-of-special-measure-regarding-mbaer-merchant-bank-ag-as-a-financial-institution-operating
MBaer Merchant Bank AG,related,Company,Turkoca Import Export Transit Co LTD,Turkoca,,,,"""three MBaer customers remitted funds through MBaer to Turkoca, a pass-through entity used by IRGC-QF affiliates to launder funds for Iran""",https://www.federalregister.gov/documents/2026/03/02/2026-04033/proposal-of-special-measure-regarding-mbaer-merchant-bank-ag-as-a-financial-institution-operating
MBaer Merchant Bank AG,related,Person,Victor Volodymyrovych Medvedchuk,,Ukraine,,,"""FinCEN assesses that MBaer maintained two accounts that were controlled by, and used to launder the funds of, Victor Volodymyrovych Medvedchuk (Medvedchuk), a pro-Kremlin Ukrainian politician with close ties to Russian President Putin""",https://www.federalregister.gov/documents/2026/03/02/2026-04033/proposal-of-special-measure-regarding-mbaer-merchant-bank-ag-as-a-financial-institution-operating
Mexican Gambling Establishments,target,Company,Casino Emine,Emine Casino,Mexico,"Av. Félix Contreras 203, Comercial, 83449 San Luis Río Colorado, Sonora",,"""the operations of (1) Emine Casino in San Luis Rio Colorado, Sonora; (2) Palermo Casino in Nogales, Sonora; (3) Skampa Casino in Ensenada, Baja California; and (4) Casino Mirage in Culiacan, Sinaloa, are all overseen by the senior leadership of Midas Casino in Mazatlan, Sinaloa""",https://www.federalregister.gov/public-inspection/2025-19927/special-measure-regarding-transactions-involving-ten-mexican-gambling-establishments-as-a-class-of
Mexican Gambling Establishments,target,Company,Casino Mirage,Copa Kabana Casino,Mexico,"Boulevard Enrique Sánchez Alonso, Desarrollo Urbano Tres Rios, 80034 Culiacán Rosales, Sinaloa",,"""FinCEN assesses that Casino Mirage was later renamed “Copa Kabana Casino” based on the fact that, in January 2022, its parent company was granted permission to establish a casino in Culiacan at an address that a search of Google Maps revealed to be Copa Kabana Casino""; ""the operations of (1) Emine Casino in San Luis Rio Colorado, Sonora; (2) Palermo Casino in Nogales, Sonora; (3) Skampa Casino in Ensenada, Baja California; and (4) Casino Mirage in Culiacan, Sinaloa, are all overseen by the senior leadership of Midas Casino in Mazatlan, Sinaloa""",https://www.federalregister.gov/public-inspection/2025-19927/special-measure-regarding-transactions-involving-ten-mexican-gambling-establishments-as-a-class-of
Mexican Gambling Establishments,target,Company,Midas Casino Agua Prieta,,Mexico,"Calle 5 y Avenida 21, Agua Prieta, Sonora 84269",,"""from at least 2021 through 2023, senior leadership for Midas Casinos made monthly payments to a highly influential Sinaloa Cartel affiliate as part of an agreement related to (1) Midas Casino in Agua Prieta, Sonora; (2) Midas Casino in Guamuchil, Sinaloa; (3) Midas Casino in Los Mochis, Sinaloa; (4) Midas Casino in Mazatlan, Sinaloa; (5) Midas Casino in Rosarita, Baja California; and (6) Skampa Casino in Villahermosa, Tabasco""",https://www.federalregister.gov/public-inspection/2025-19927/special-measure-regarding-transactions-involving-ten-mexican-gambling-establishments-as-a-class-of
Mexican Gambling Establishments,target,Company,Midas Casino Guamúchil,,Mexico,"Boulevard Antonio Rosales 334, Morelos, Salvador Alvarado, Guamúchil, Sinaloa 81460",,"""from at least 2021 through 2023, senior leadership for Midas Casinos made monthly payments to a highly influential Sinaloa Cartel affiliate as part of an agreement related to (1) Midas Casino in Agua Prieta, Sonora; (2) Midas Casino in Guamuchil, Sinaloa; (3) Midas Casino in Los Mochis, Sinaloa; (4) Midas Casino in Mazatlan, Sinaloa; (5) Midas Casino in Rosarita, Baja California; and (6) Skampa Casino in Villahermosa, Tabasco""",https://www.federalregister.gov/public-inspection/2025-19927/special-measure-regarding-transactions-involving-ten-mexican-gambling-establishments-as-a-class-of
Mexican Gambling Establishments,target,Company,Midas Casino Los Mochis,,Mexico,"Boulevard Canuto Ibarra Guerrero, 1048 Monferrath, Los Mochis, Sinaloa 81248",,"""from at least 2021 through 2023, senior leadership for Midas Casinos made monthly payments to a highly influential Sinaloa Cartel affiliate as part of an agreement related to (1) Midas Casino in Agua Prieta, Sonora; (2) Midas Casino in Guamuchil, Sinaloa; (3) Midas Casino in Los Mochis, Sinaloa; (4) Midas Casino in Mazatlan, Sinaloa; (5) Midas Casino in Rosarita, Baja California; and (6) Skampa Casino in Villahermosa, Tabasco""",https://www.federalregister.gov/public-inspection/2025-19927/special-measure-regarding-transactions-involving-ten-mexican-gambling-establishments-as-a-class-of
Mexican Gambling Establishments,target,Company,Midas Casino Mazatlan,,Mexico,"#2206 La Gran Plaza local T-10, Avenida Reforma, Mazatlán, Sinaloa, 82123",,"""From 2017 through 2024, senior leadership of Midas Casino in Mazatlan, Sinaloa, made monthly disbursements of funds to the Sinaloa Cartel as part of an agreement with a highly influential Sinaloa Cartel affiliate""; ""the operations of (1) Emine Casino in San Luis Rio Colorado, Sonora; (2) Palermo Casino in Nogales, Sonora; (3) Skampa Casino in Ensenada, Baja California; and (4) Casino Mirage in Culiacan, Sinaloa, are all overseen by the senior leadership of Midas Casino in Mazatlan, Sinaloa""",https://www.federalregister.gov/public-inspection/2025-19927/special-measure-regarding-transactions-involving-ten-mexican-gambling-establishments-as-a-class-of
Mexican Gambling Establishments,target,Company,Midas Casino Rosarito,,Mexico,"Boulevard Benito Juarez 2701, Echeverría, Rosarito, Baja California 22703",,"""from at least 2021 through 2023, senior leadership for Midas Casinos made monthly payments to a highly influential Sinaloa Cartel affiliate as part of an agreement related to (1) Midas Casino in Agua Prieta, Sonora; (2) Midas Casino in Guamuchil, Sinaloa; (3) Midas Casino in Los Mochis, Sinaloa; (4) Midas Casino in Mazatlan, Sinaloa; (5) Midas Casino in Rosarita, Baja California; and (6) Skampa Casino in Villahermosa, Tabasco""",https://www.federalregister.gov/public-inspection/2025-19927/special-measure-regarding-transactions-involving-ten-mexican-gambling-establishments-as-a-class-of
Mexican Gambling Establishments,target,Company,Palermo Casino,,Mexico,"Boulevard Luis Donaldo Colosio, Kennedy, 84063, Heroica Nogales, Sonora",,"""the operations of (1) Emine Casino in San Luis Rio Colorado, Sonora; (2) Palermo Casino in Nogales, Sonora; (3) Skampa Casino in Ensenada, Baja California; and (4) Casino Mirage in Culiacan, Sinaloa, are all overseen by the senior leadership of Midas Casino in Mazatlan, Sinaloa""",https://www.federalregister.gov/public-inspection/2025-19927/special-measure-regarding-transactions-involving-ten-mexican-gambling-establishments-as-a-class-of
Mexican Gambling Establishments,target,Company,Skampa Casino Ensenada,,Mexico,"Avenida Gral Agustin Sanginés, Carlos Pacheco 4, Ensenada, Baja California 22890",,"""the operations of (1) Emine Casino in San Luis Rio Colorado, Sonora; (2) Palermo Casino in Nogales, Sonora; (3) Skampa Casino in Ensenada, Baja California; and (4) Casino Mirage in Culiacan, Sinaloa, are all overseen by the senior leadership of Midas Casino in Mazatlan, Sinaloa""",https://www.federalregister.gov/public-inspection/2025-19927/special-measure-regarding-transactions-involving-ten-mexican-gambling-establishments-as-a-class-of
Mexican Gambling Establishments,target,Company,Skampa Casino Villahermosa,Venezzia Casino,Mexico,"Periferico Carlos Pellicer Cámara, Cuadrante II, Miguel Hidalgo 2a Secc, 86127 Villahermosa, Tabasco",,"""Skampa Casino, formerly known as Venezzia Casino (Villahermosa, Tabasco): Skampa Casino Villahermosa is located in Villahermosa, Tabasco""; ""from at least 2021 through 2023, senior leadership for Midas Casinos made monthly payments to a highly influential Sinaloa Cartel affiliate as part of an agreement related to (1) Midas Casino in Agua Prieta, Sonora; (2) Midas Casino in Guamuchil, Sinaloa; (3) Midas Casino in Los Mochis, Sinaloa; (4) Midas Casino in Mazatlan, Sinaloa; (5) Midas Casino in Rosarita, Baja California; and (6) Skampa Casino in Villahermosa, Tabasco""",https://www.federalregister.gov/public-inspection/2025-19927/special-measure-regarding-transactions-involving-ten-mexican-gambling-establishments-as-a-class-of
Multibanka,self,,Multibanka,joint stock company Multibanka,Latvia,Riga,,"""Multibanka is headquartered in Riga, the capital of the Republic of Latvia (“Latvia”). Multibanka is the oldest commercial bank in Latvia and is among the smallest of Latvia’s 23 banks.""",https://www.fincen.gov/system/files/shared/311multibanka070706.pdf
Multibanka,self,,Multibanka,joint stock company Multibanka,Latvia,Riga,,"""FinCEN is issuing this notice of proposed rulemaking to impose a special measure against joint stock company Multibanka (Multibanka) as a financial institution of primary money laundering concern, pursuant to the authority contained in 31 U.S.C. 5318A.""; ""Multibanka is headquartered in Riga, the capital of the Republic of Latvia.""; ""Multibanka is the oldest commercial bank in Latvia and is among the smaller of Latvia's 23 banks, reported to have approximately $269 million in assets and 150 employees.""",https://www.fincen.gov/system/files/shared/nprmultibanka.pdf
Multibanka,related,Company,LNT Skonto Banka,,Latvia,,,"""In 1995, Multibanka merged with joint stock company LNT Skonto Banka, increasing its assets and resources.""",https://www.fincen.gov/system/files/shared/nprmultibanka.pdf
Multibanka,subsidiary,Company,Multilizings,,,,,"""It has: Four foreign offices, which are located in Russia, Ukraine, and Belarus; five domestic branches; and one leasing subsidiary, Multilizings.""",https://www.fincen.gov/system/files/shared/311multibanka070706.pdf
Multibanka,subsidiary,Company,Multilizings,,,,,"""Multibanka has four foreign offices in Russia, Ukraine, and Belarus; five domestic branches; and one leasing subsidiary, Multilizings.""",https://www.fincen.gov/system/files/shared/nprmultibanka.pdf
Multibanka,target,Company,Multilizings,,,,,"""Multilizings, and any of its branches, is included in the definition.""",https://www.fincen.gov/system/files/shared/nprmultibanka.pdf
Myanmar Mayflower Bank,self,,Myanmar Mayflower Bank,,Burma,"Rangoon, Burma",,"""Myanmar Mayflower Bank was incorporated in 1996 as a full-service commercial bank in Rangoon, Burma""; ""the Government of Burma revoked the licenses of the Banks in 2005 and neither financial institution currently exists""; ""FinCEN hereby withdraws the finding that Myanmar Mayflower Bank and Asia Wealth Bank are financial institutions of primary money laundering concern, as of October 1, 2012""",http://www.gpo.gov/fdsys/pkg/FR-2012-10-01/pdf/2012-23995.pdf
Myanmar Mayflower Bank,self,,Myanmar Mayflower Bank,Mayflower Bank,Burma,"Rangoon, Burma",,"""On November 18, 2003, the Secretary of the Treasury designated Myanmar Mayflower Bank (Mayflower Bank) and Asia Wealth Bank, both Burma banks, as financial institutions of primary money laundering concern""; ""Mayflower Bank was incorporated in 1996 as a full-service commercial bank in Rangoon, Burma""; ""The bank maintains 25 branches and has 1,153 employees""",https://www.fincen.gov/system/files/shared/311_burmese_banks.pdf
Myanmar Mayflower Bank,self,,Myanmar Mayflower Bank,Mayflower Bank,Burma,"Rangoon, Burma",,"""the Secretary of the Treasury (Secretary) designated Myanmar Mayflower Bank (Mayflower Bank) and Asia Wealth Bank, both Burmese banks, as financial institutions of primary money laundering concern""; ""Mayflower Bank was incorporated in 1996 as a full-service commercial bank in Rangoon, Burma""; ""The bank maintains 25 branches and has 1,153 employees""",https://www.fincen.gov/system/files/shared/mayflowerbank.pdf
Myanmar Mayflower Bank,owner,Person,Kyaw Win,,,,,"""public sources indicate that Mayflower Bank is owned by Kyaw Win""; ""According to the 2003 Europa World Yearbook, the chairman of Mayflower Bank is Kyaw Win""; ""His name has been linked to a former drug lord and to others who have been identified in connection with the narcotics trade""",https://www.fincen.gov/system/files/shared/311_burmese_banks.pdf
Myanmar Mayflower Bank,owner,Person,Kyaw Win,,,,,"""According to the 2003 Europa World Yearbook, the chairman of Mayflower Bank is Kyaw Win""; ""individuals owning and controlling both banks are linked to drug trafficking and money laundering, including using the banks for such purposes""",https://www.fincen.gov/system/files/shared/mayflowerbank.pdf
Myanmar Mayflower Bank,owner,Organization,United Wa State Army,UWSA,,,,"""The Secretary has information that Mayflower Bank is owned and controlled by convicted narcotics traffickers, is essentially controlled by the UWSA, and has been used to facilitate money laundering""; ""The Financial Times reports that the UWSA, one of the world's largest organizations of armed drug traffickers, has taken over the Mayflower Bank in Rangoon""; ""A Thailand article from 2002 indicates that the UWSA bought shares in the Mayflower Bank and has been providing assistance to it, describing the Bank as part of the UWSA Business Empire""",https://www.fincen.gov/system/files/shared/311_burmese_banks.pdf
Nauru,target,Company,Access Bank International Ltd.,,Nauru,,,,https://www.fincen.gov/system/files/shared/finding_nauru.pdf
Nauru,target,Company,Adriatica Bank,,Nauru,,,,https://www.fincen.gov/system/files/shared/finding_nauru.pdf
Nauru,target,Company,"Agro Trust Bank, Inc.",,Nauru,,,,https://www.fincen.gov/system/files/shared/finding_nauru.pdf
Nauru,target,Company,Ako Bank Corp.,Akobank; Ako-Bank; Akkobank,Nauru,,,,https://www.fincen.gov/system/files/shared/finding_nauru.pdf
Nauru,target,Company,Alliance Bank,,Nauru,,,"""Alliance Bank (possibly A.K.A. European Credit Alliance Bank, Inc.)""",https://www.fincen.gov/system/files/shared/finding_nauru.pdf
Nauru,target,Company,Amoko Bank Corporation,,Nauru,,,,https://www.fincen.gov/system/files/shared/finding_nauru.pdf
Nauru,target,Company,"Apollo Bank, Inc.",,Nauru,,,,https://www.fincen.gov/system/files/shared/finding_nauru.pdf
Nauru,target,Company,Ardex International Bank,,Nauru,,,,https://www.fincen.gov/system/files/shared/finding_nauru.pdf
Nauru,target,Company,Atlantic Capital Trust PLC,,Nauru,,,,https://www.fincen.gov/system/files/shared/finding_nauru.pdf
Nauru,target,Company,Augusta Bank Corp.,,Nauru,,,,https://www.fincen.gov/system/files/shared/finding_nauru.pdf
Nauru,target,Company,Babylon Bank Corp.,,Nauru,,,,https://www.fincen.gov/system/files/shared/finding_nauru.pdf
Nauru,target,Company,Baltic Pacific Bank,,Nauru,,,,https://www.fincen.gov/system/files/shared/finding_nauru.pdf
Nauru,target,Company,Bank Thalia,,Nauru,,,,https://www.fincen.gov/system/files/shared/finding_nauru.pdf
Nauru,target,Company,Bank for International Settlements Corp.,Bis Corp.,Nauru,,,,https://www.fincen.gov/system/files/shared/finding_nauru.pdf
Nauru,related,Company,Bank of Nauru,Central Bank of Nauru,Nauru,,,"""only one bank appears to be physically located in Nauru, the “Bank of Nauru.” It is a local community bank that also serves as the Central Bank""; ""Any foreign bank, as that term is defined in Sec. 103.11(o), licensed by Nauru, but does not include the Central Bank of Nauru""; ""This rule would make it clear that all banks licensed by Nauru (other than the Central Bank of Nauru) are shell banks notwithstanding that such a bank may have provided a certification that it is not a shell bank""",https://www.fincen.gov/system/files/shared/311_nauru_countermeasures.pdf
Nauru,related,Company,Bank of Nauru,,Nauru,,,"""only one bank appears to be physically located in Nauru, the “Bank of Nauru.” It is a local community bank that also serves as the Central Bank""; ""This prohibition would not, however, apply to the Bank of Nauru""; ""Treasury has determined to except the Bank of Nauru, which as noted, serves as the Central Bank, from these prohibitions in order to ensure the people of Nauru can continue to meet their legitimate banking needs""",https://www.fincen.gov/system/files/shared/finding_nauru.pdf
Nauru,target,Company,Bank of the Nations,,Nauru,,,,https://www.fincen.gov/system/files/shared/finding_nauru.pdf
Nauru,target,Company,"Bartang Bank and Trust, Inc.",,Nauru,,,,https://www.fincen.gov/system/files/shared/finding_nauru.pdf
Nauru,target,Company,Benmore Union Bank,,Nauru,,,,https://www.fincen.gov/system/files/shared/finding_nauru.pdf
Nauru,target,Company,Business Mediterranean Bank,,Nauru,,,,https://www.fincen.gov/system/files/shared/finding_nauru.pdf
Nauru,target,Company,CP Bank,,Nauru,,,,https://www.fincen.gov/system/files/shared/finding_nauru.pdf
Nauru,target,Company,Capital Bank Inc.,,Nauru,,,,https://www.fincen.gov/system/files/shared/finding_nauru.pdf
Nauru,target,Company,Capital International Bank Ltd. Corp.,,Nauru,,,,https://www.fincen.gov/system/files/shared/finding_nauru.pdf
Nauru,target,Company,Caribbean Unified Bank,,Nauru,,,,https://www.fincen.gov/system/files/shared/finding_nauru.pdf
Nauru,target,Company,Carlton Bank Trust Inc.,,Nauru,,,,https://www.fincen.gov/system/files/shared/finding_nauru.pdf
Nauru,target,Company,Cassaf Bank Corp.,Casaf; Kasaf,Nauru,,,,https://www.fincen.gov/system/files/shared/finding_nauru.pdf
Nauru,target,Company,Central Pacific Bank,,Nauru,,,,https://www.fincen.gov/system/files/shared/finding_nauru.pdf
Nauru,target,Company,Central Pacific National Bank,,Nauru,,,,https://www.fincen.gov/system/files/shared/finding_nauru.pdf
Nauru,target,Company,Chierici Bank,,Nauru,,,,https://www.fincen.gov/system/files/shared/finding_nauru.pdf
Nauru,target,Company,"City Trading Bank, Inc.",,Nauru,,,,https://www.fincen.gov/system/files/shared/finding_nauru.pdf
Nauru,target,Company,Cometa Bank,Kometa,Nauru,,,,https://www.fincen.gov/system/files/shared/finding_nauru.pdf
Nauru,target,Company,"Commercial Intercontinental Bank, Inc.",,Nauru,,,,https://www.fincen.gov/system/files/shared/finding_nauru.pdf
Nauru,target,Company,Commex Bank,,Nauru,,,,https://www.fincen.gov/system/files/shared/finding_nauru.pdf
Nauru,target,Company,Communication Pacific Bank Corp.,,Nauru,,,,https://www.fincen.gov/system/files/shared/finding_nauru.pdf
Nauru,target,Company,"Continental Assets, Ltd.",,Nauru,,,,https://www.fincen.gov/system/files/shared/finding_nauru.pdf
Nauru,target,Company,Cortex Bank of London,,Nauru,,,,https://www.fincen.gov/system/files/shared/finding_nauru.pdf
Nauru,target,Company,Creditbankinc,Credit Bank Inc.,Nauru,,,,https://www.fincen.gov/system/files/shared/finding_nauru.pdf
Nauru,target,Company,Crystal Merchant Bank,,Nauru,,,,https://www.fincen.gov/system/files/shared/finding_nauru.pdf
Nauru,target,Company,"Diffusion Bank, Inc.",Diffusion Finance,Nauru,,,,https://www.fincen.gov/system/files/shared/finding_nauru.pdf
Nauru,target,Company,Dom Mitra Bank,Dom Mitra National,Nauru,,,,https://www.fincen.gov/system/files/shared/finding_nauru.pdf
Nauru,target,Company,Doris Bank,,Nauru,,,,https://www.fincen.gov/system/files/shared/finding_nauru.pdf
Nauru,target,Company,East Investment Bank Corp.,,Nauru,,,,https://www.fincen.gov/system/files/shared/finding_nauru.pdf
Nauru,target,Company,"East and Central Asian Bankers Trust, Inc.",,Nauru,,,,https://www.fincen.gov/system/files/shared/finding_nauru.pdf
Nauru,target,Company,East-West International Bank S.A.,,Nauru,,,,https://www.fincen.gov/system/files/shared/finding_nauru.pdf
Nauru,target,Company,Eastock Bank,Eastok,Nauru,,,,https://www.fincen.gov/system/files/shared/finding_nauru.pdf
Nauru,target,Company,"Ecumene Bank, Inc.",Ecumene Bank Ltd.,Nauru,,,,https://www.fincen.gov/system/files/shared/finding_nauru.pdf
Nauru,target,Company,"Elmstone Bank, Inc.",,Nauru,,,,https://www.fincen.gov/system/files/shared/finding_nauru.pdf
Nauru,target,Company,Energy Capital Bank S.A.,,Nauru,,,,https://www.fincen.gov/system/files/shared/finding_nauru.pdf
Nauru,target,Company,Euro Capital Bank Inc.,,Nauru,,,,https://www.fincen.gov/system/files/shared/finding_nauru.pdf
Nauru,target,Company,Euro-American Bank,,Nauru,,,,https://www.fincen.gov/system/files/shared/finding_nauru.pdf
Nauru,target,Company,Euro-Atlantic Bank Corp.,Euro-Atlantik,Nauru,,,,https://www.fincen.gov/system/files/shared/finding_nauru.pdf
Nauru,target,Company,"Euro-Central Investment Bank, Inc.",,Nauru,,,,https://www.fincen.gov/system/files/shared/finding_nauru.pdf
Nauru,target,Company,Euro-Nord Bank Corp.,,Nauru,,,,https://www.fincen.gov/system/files/shared/finding_nauru.pdf
Nauru,target,Company,"European Credit Alliance Bank, Inc.",ECAB,Nauru,,,"""European Credit Alliance Bank, Inc. (A.K.A. ECAB)(possibly A.K.A. Alliance Bank)""",https://www.fincen.gov/system/files/shared/finding_nauru.pdf
Nauru,target,Company,European Overseas Bank Incorporated,,Nauru,,,,https://www.fincen.gov/system/files/shared/finding_nauru.pdf
Nauru,target,Company,Exchange Bank and Trust,,Nauru,,,,https://www.fincen.gov/system/files/shared/finding_nauru.pdf
Nauru,target,Company,Export and Import Bank Corp.,EXIM,Nauru,,,,https://www.fincen.gov/system/files/shared/finding_nauru.pdf
Nauru,target,Company,Federal Commercial Bank,,Nauru,,,,https://www.fincen.gov/system/files/shared/finding_nauru.pdf
Nauru,target,Company,"Fidelity International Bank, Inc.",,Nauru,,,,https://www.fincen.gov/system/files/shared/finding_nauru.pdf
Nauru,target,Company,"Financial Continent Bank, Inc.",,Nauru,,,,https://www.fincen.gov/system/files/shared/finding_nauru.pdf
Nauru,target,Company,First American International Bank,,Nauru,,,,https://www.fincen.gov/system/files/shared/finding_nauru.pdf
Nauru,target,Company,First Capital Bank,,Nauru,,,,https://www.fincen.gov/system/files/shared/finding_nauru.pdf
Nauru,target,Company,First Credit and Trade Bank,,Nauru,,,,https://www.fincen.gov/system/files/shared/finding_nauru.pdf
Nauru,target,Company,"First European Charter Bank, Inc.",,Nauru,,,,https://www.fincen.gov/system/files/shared/finding_nauru.pdf
Nauru,target,Company,"First Fidelity Bank, Inc.",,Nauru,,,,https://www.fincen.gov/system/files/shared/finding_nauru.pdf
Nauru,target,Company,"First Financial Security Bank, Inc.",,Nauru,,,,https://www.fincen.gov/system/files/shared/finding_nauru.pdf
Nauru,target,Company,First International Bank,,Nauru,,,,https://www.fincen.gov/system/files/shared/finding_nauru.pdf
Nauru,target,Company,First Investment Bank,,Nauru,,,,https://www.fincen.gov/system/files/shared/finding_nauru.pdf
Nauru,target,Company,First Republic Bank of Nauru,,Nauru,,,,https://www.fincen.gov/system/files/shared/finding_nauru.pdf
Nauru,target,Company,First Sky Bank Corp.,,Nauru,,,,https://www.fincen.gov/system/files/shared/finding_nauru.pdf
Nauru,target,Company,First Southern Bank of Nauru,,Nauru,,,,https://www.fincen.gov/system/files/shared/finding_nauru.pdf
Nauru,target,Company,First Southern Banking Corp.,,Nauru,,,,https://www.fincen.gov/system/files/shared/finding_nauru.pdf
Nauru,target,Company,First Trading Bank Corp.,First Trading Bank Inc.,Nauru,,,,https://www.fincen.gov/system/files/shared/finding_nauru.pdf
Nauru,target,Company,Founders Bank Ltd.,,Nauru,,,,https://www.fincen.gov/system/files/shared/finding_nauru.pdf
Nauru,target,Company,General Europe Bank Inc.,,Nauru,,,,https://www.fincen.gov/system/files/shared/finding_nauru.pdf
Nauru,target,Company,Global Heritage Bank,,Nauru,,,,https://www.fincen.gov/system/files/shared/finding_nauru.pdf
Nauru,target,Company,Global Market Development Bank,,Nauru,,,,https://www.fincen.gov/system/files/shared/finding_nauru.pdf
Nauru,target,Company,Global Specialty Bank,,Nauru,,,,https://www.fincen.gov/system/files/shared/finding_nauru.pdf
Nauru,target,Company,Greater International Bank of Nauru,Greater International Bank Corp.,Nauru,,,,https://www.fincen.gov/system/files/shared/finding_nauru.pdf
Nauru,target,Company,Guardian Bank Corp.,,Nauru,,,,https://www.fincen.gov/system/files/shared/finding_nauru.pdf
Nauru,target,Company,Guardian Banking Corp.,,Nauru,,,,https://www.fincen.gov/system/files/shared/finding_nauru.pdf
Nauru,target,Company,Hampshire Bank and Trust Inc.,H-Bank,Nauru,,,,https://www.fincen.gov/system/files/shared/finding_nauru.pdf
Nauru,target,Company,"Harmony Investment Bank, Inc.",,Nauru,,,,https://www.fincen.gov/system/files/shared/finding_nauru.pdf
Nauru,target,Company,"IMRI Credit Bank, Inc.",,Nauru,,,,https://www.fincen.gov/system/files/shared/finding_nauru.pdf
Nauru,target,Company,Info Assets Management Bank Corp.,,Nauru,,,,https://www.fincen.gov/system/files/shared/finding_nauru.pdf
Nauru,target,Company,Innovation Development Bank,,Nauru,,,,https://www.fincen.gov/system/files/shared/finding_nauru.pdf
Nauru,target,Company,Inter Development Bank,,Nauru,,,,https://www.fincen.gov/system/files/shared/finding_nauru.pdf
Nauru,target,Company,Intercredit Bank,Interkredit Bank,Nauru,,,,https://www.fincen.gov/system/files/shared/finding_nauru.pdf
Nauru,target,Company,International Bank for Economic Affairs Corp.,,Nauru,,,,https://www.fincen.gov/system/files/shared/finding_nauru.pdf
Nauru,target,Company,International Cassaf Bank,,Nauru,,,,https://www.fincen.gov/system/files/shared/finding_nauru.pdf
Nauru,target,Company,International Commercial Bank Corp.,International Commercial Banking Corp.,Nauru,,,"""International Commercial Bank Corp. (A.K.A. International Commercial Banking Corp.) (possibly A.K.A. International Commerce Bank Corp.)""",https://www.fincen.gov/system/files/shared/finding_nauru.pdf
Nauru,target,Company,International Exchange Bank,,Nauru,,,,https://www.fincen.gov/system/files/shared/finding_nauru.pdf
Nauru,target,Company,"International Industrial and Investment Bank, Inc.",,Nauru,,,,https://www.fincen.gov/system/files/shared/finding_nauru.pdf
Nauru,target,Company,International Metal Trading Bank,IMTB,Nauru,,,,https://www.fincen.gov/system/files/shared/finding_nauru.pdf
Nauru,target,Company,"International Overseas Bank, Inc.",Interoverseas Bank,Nauru,,,,https://www.fincen.gov/system/files/shared/finding_nauru.pdf
Nauru,target,Company,International Prime Bank Corp.,,Nauru,,,,https://www.fincen.gov/system/files/shared/finding_nauru.pdf
Nauru,target,Company,International Trade and Finance Bank Corp.,,Nauru,,,,https://www.fincen.gov/system/files/shared/finding_nauru.pdf
Nauru,target,Company,"International Treasury Banking Corporation, Inc.",,Nauru,,,,https://www.fincen.gov/system/files/shared/finding_nauru.pdf
Nauru,target,Company,Intertrust Credit Bank,Intertrust and Credit,Nauru,,,,https://www.fincen.gov/system/files/shared/finding_nauru.pdf
Nauru,target,Company,Investment Bank of London Inc.,,Nauru,,,,https://www.fincen.gov/system/files/shared/finding_nauru.pdf
Nauru,target,Company,Jefferson Bank and Trust Inc.,,Nauru,,,,https://www.fincen.gov/system/files/shared/finding_nauru.pdf
Nauru,target,Company,Liberty International Bank and Trust,,Nauru,,,,https://www.fincen.gov/system/files/shared/finding_nauru.pdf
Nauru,target,Company,MC Bank,,Nauru,,,,https://www.fincen.gov/system/files/shared/finding_nauru.pdf
Nauru,target,Company,MFC Bank Ltd.,,Nauru,,,,https://www.fincen.gov/system/files/shared/finding_nauru.pdf
Nauru,target,Company,"Maritime Pacific Bank, Inc.",,Nauru,,,,https://www.fincen.gov/system/files/shared/finding_nauru.pdf
Nauru,target,Company,Mars Bank,,Nauru,,,,https://www.fincen.gov/system/files/shared/finding_nauru.pdf
Nauru,target,Company,Mediterranean International Bank Corp.,,Nauru,,,,https://www.fincen.gov/system/files/shared/finding_nauru.pdf
Nauru,target,Company,Merchant Deposit Bank Corp.,,Nauru,,,,https://www.fincen.gov/system/files/shared/finding_nauru.pdf
Nauru,target,Company,"Meridian Merchants Bank, Inc.",,Nauru,,,,https://www.fincen.gov/system/files/shared/finding_nauru.pdf
Nauru,target,Company,Millenium Bank Corp.,,Nauru,,,,https://www.fincen.gov/system/files/shared/finding_nauru.pdf
Nauru,target,Company,NR Bank,,Nauru,,,,https://www.fincen.gov/system/files/shared/finding_nauru.pdf
Nauru,target,Company,NTBank,,Nauru,,,,https://www.fincen.gov/system/files/shared/finding_nauru.pdf
Nauru,target,Company,National Commerce Bank Inc.,,Nauru,,,,https://www.fincen.gov/system/files/shared/finding_nauru.pdf
Nauru,target,Company,Nations Bank,,Nauru,,,,https://www.fincen.gov/system/files/shared/finding_nauru.pdf
Nauru,target,Company,Nations Trust Bank,,Nauru,,,,https://www.fincen.gov/system/files/shared/finding_nauru.pdf
Nauru,target,Company,"Nistru Bank, Inc.",,Nauru,,,,https://www.fincen.gov/system/files/shared/finding_nauru.pdf
Nauru,target,Company,"Nord-West Investment Bank, Inc.",,Nauru,,,,https://www.fincen.gov/system/files/shared/finding_nauru.pdf
Nauru,target,Company,"North-West Bank, Inc.",,Nauru,,,,https://www.fincen.gov/system/files/shared/finding_nauru.pdf
Nauru,target,Company,Northern Security Bank,,Nauru,,,,https://www.fincen.gov/system/files/shared/finding_nauru.pdf
Nauru,target,Company,Pam Bank,,Nauru,,,,https://www.fincen.gov/system/files/shared/finding_nauru.pdf
Nauru,target,Company,Panacea Bank and Trust,,Nauru,,,,https://www.fincen.gov/system/files/shared/finding_nauru.pdf
Nauru,target,Company,Panin Bank International,,Nauru,,,,https://www.fincen.gov/system/files/shared/finding_nauru.pdf
Nauru,target,Company,Pioneer Invest Bank,Pioner,Nauru,,,,https://www.fincen.gov/system/files/shared/finding_nauru.pdf
Nauru,target,Company,Prime International Bank,,Nauru,,,,https://www.fincen.gov/system/files/shared/finding_nauru.pdf
Nauru,target,Company,"Private Finance Bank and Trust, Inc.",,Nauru,,,,https://www.fincen.gov/system/files/shared/finding_nauru.pdf
Nauru,target,Company,Ram Bank,,Nauru,,,,https://www.fincen.gov/system/files/shared/finding_nauru.pdf
Nauru,target,Company,Reconversion and Development Bank,RDB-Bank,Nauru,,,,https://www.fincen.gov/system/files/shared/finding_nauru.pdf
Nauru,target,Company,"Republic and Commercial Bank, Inc.",,Nauru,,,,https://www.fincen.gov/system/files/shared/finding_nauru.pdf
Nauru,target,Company,Rockland Bank,,Nauru,,,,https://www.fincen.gov/system/files/shared/finding_nauru.pdf
Nauru,target,Company,Royal Meridian International Bank Inc.,,Nauru,,,,https://www.fincen.gov/system/files/shared/finding_nauru.pdf
Nauru,target,Company,"Russian Clearing and Commercial Bank, Inc.",,Nauru,,,,https://www.fincen.gov/system/files/shared/finding_nauru.pdf
Nauru,target,Company,SCB Bank,,Nauru,,,,https://www.fincen.gov/system/files/shared/finding_nauru.pdf
Nauru,target,Company,Sinex Bank,,Nauru,,,,https://www.fincen.gov/system/files/shared/finding_nauru.pdf
Nauru,target,Company,South Pacific Commercial Bank,,Nauru,,,,https://www.fincen.gov/system/files/shared/finding_nauru.pdf
Nauru,target,Company,Sovereign Allied Bank,,Nauru,,,,https://www.fincen.gov/system/files/shared/finding_nauru.pdf
Nauru,target,Company,"Sprint Bank, Inc.",,Nauru,,,,https://www.fincen.gov/system/files/shared/finding_nauru.pdf
Nauru,target,Company,Standard Capital Bank Corp.,,Nauru,,,,https://www.fincen.gov/system/files/shared/finding_nauru.pdf
Nauru,target,Company,Standard Hellier Bank Inc.,,Nauru,,,,https://www.fincen.gov/system/files/shared/finding_nauru.pdf
Nauru,target,Company,"Standard Investments Bank, Inc.",,Nauru,,,,https://www.fincen.gov/system/files/shared/finding_nauru.pdf
Nauru,target,Company,"Sterling International Bank, Inc.",,Nauru,,,,https://www.fincen.gov/system/files/shared/finding_nauru.pdf
Nauru,target,Company,Supreme Banking Corporation,,Nauru,,,,https://www.fincen.gov/system/files/shared/finding_nauru.pdf
Nauru,target,Company,Swiss American Bank,,Nauru,,,,https://www.fincen.gov/system/files/shared/finding_nauru.pdf
Nauru,target,Company,"Swiss Trading Bank, Inc.",,Nauru,,,,https://www.fincen.gov/system/files/shared/finding_nauru.pdf
Nauru,target,Company,Swiss Union Bank Corp.,,Nauru,,,,https://www.fincen.gov/system/files/shared/finding_nauru.pdf
Nauru,target,Company,"T-Bank, Inc.",,Nauru,,,,https://www.fincen.gov/system/files/shared/finding_nauru.pdf
Nauru,target,Company,TOCA Bank,,Nauru,,,,https://www.fincen.gov/system/files/shared/finding_nauru.pdf
Nauru,target,Company,Tower Bank,,Nauru,,,,https://www.fincen.gov/system/files/shared/finding_nauru.pdf
Nauru,target,Company,"Tridal Investment Bank, Inc.",,Nauru,,,,https://www.fincen.gov/system/files/shared/finding_nauru.pdf
Nauru,target,Company,"Trust Investment Bank, Inc.",,Nauru,,,,https://www.fincen.gov/system/files/shared/finding_nauru.pdf
Nauru,target,Company,"Trust Merchant Bank, Inc.",,Nauru,,,,https://www.fincen.gov/system/files/shared/finding_nauru.pdf
Nauru,target,Company,"Unibank International, Inc.",,Nauru,,,,https://www.fincen.gov/system/files/shared/finding_nauru.pdf
Nauru,target,Company,"Union Credit Bank, Inc.",,Nauru,,,,https://www.fincen.gov/system/files/shared/finding_nauru.pdf
Nauru,target,Company,Union Lombard Bank and Trust Corp.,,Nauru,,,,https://www.fincen.gov/system/files/shared/finding_nauru.pdf
Nauru,target,Company,United Bank and Trust Company,,Nauru,,,,https://www.fincen.gov/system/files/shared/finding_nauru.pdf
Nauru,target,Company,United Bank of Industry and Trade,UBIT Bank,Nauru,,,,https://www.fincen.gov/system/files/shared/finding_nauru.pdf
Nauru,target,Company,"United Industrial Bank, Inc.",Uninbank; Unin Bank,Nauru,,,,https://www.fincen.gov/system/files/shared/finding_nauru.pdf
Nauru,target,Company,"United West Bank, Inc.",Unwest Bank,Nauru,,,,https://www.fincen.gov/system/files/shared/finding_nauru.pdf
Nauru,target,Company,Universal Baltic Bank Inc.,,Nauru,,,,https://www.fincen.gov/system/files/shared/finding_nauru.pdf
Nauru,target,Company,Universal Bank,,Nauru,,,,https://www.fincen.gov/system/files/shared/finding_nauru.pdf
Nauru,target,Company,"Universal European Bank, Inc.",Unieurobank,Nauru,,,,https://www.fincen.gov/system/files/shared/finding_nauru.pdf
Nauru,target,Company,Veksmarkbank,,Nauru,,,,https://www.fincen.gov/system/files/shared/finding_nauru.pdf
Nauru,target,Company,Westerhall Private Bank,,Nauru,,,,https://www.fincen.gov/system/files/shared/finding_nauru.pdf
Nauru,target,Company,Westock Bank,Westok,Nauru,,,,https://www.fincen.gov/system/files/shared/finding_nauru.pdf
Nauru,target,Company,White Knight Merchant Bank,,Nauru,,,,https://www.fincen.gov/system/files/shared/finding_nauru.pdf
PM2BTC,self,,PM2BTC,PM2BTC.ME; BTC2PM.ME; PM2CASHIN.ME; BTC2CASHIN.ME; PM2WM.ME; BTC2WM.ME,Russia,,,"""PM2BTC operates outside the United States and, although it is not incorporated in any jurisdiction, PM2BTC has significant ties to, and connections with, Russia""; ""By its own account, PM2BTC is comprised of the following exchange services: PM2BTC.ME, BTC2PM.ME, PM2CASHIN.ME, BTC2CASHIN.ME, PM2WM.ME, and BTC2WM.ME""",https://www.federalregister.gov/public-inspection/2024-23430/imposition-of-special-measure-prohibiting-the-transmittal-of-funds-involving-pm2btc
PM2BTC,owner,Person,Sergey Sergeevich Ivanov,,Russia,,,"""PM2BTC, including each of its constituent exchange services, is operated, with other persons, by Sergey Sergeevich Ivanov (Ivanov), a Russian national with an established history of advertising the use of U.S.-based money services businesses for cashouts and drops services on various Russian-speaking cybercrime forums""",https://www.federalregister.gov/public-inspection/2024-23430/imposition-of-special-measure-prohibiting-the-transmittal-of-funds-involving-pm2btc
VEF Banka,self,,VEF Banka,,Latvia,Riga,,"""At the time of issuance of the final rule on July 13, 2006, VEF Banka was headquartered in Riga, Latvia. VEF Banka was one of the smallest of Latvia's 23 banks, and, in 2004, was reported to have approximately $80 million in assets and 87 employees.""; ""On May 26, 2010, VEF Banka's Latvian banking regulator, the Financial and Capital Market Commission (the “FCMC”), revoked VEF Banka's operating license on the grounds that the shareholders of the bank had not received authorization from the FCMC for the acquisition of qualifying holdings and the bank failed to ensure compliance with provisions of the Credit Institution Law.""; ""On November 15, 2010, the Riga District Court issued a non-appealable order to begin liquidating the bank.""",http://www.gpo.gov/fdsys/pkg/FR-2011-08-01/pdf/2011-19118.pdf
VEF Banka,self,,VEF Banka,joint stock company VEF Banka; VEF,Latvia,Riga,,"""FinCEN is issuing this notice of proposed rulemaking to impose a special measure against joint stock company VEF Banka (VEF) as a financial institution of primary money laundering concern, pursuant to the authority contained in 31 U.S.C. 5318A.""; ""VEF is headquartered in Riga, the capital of the Republic of Latvia. VEF is one of the smallest of Latvia's 23 banks, reported to have approximately $80 million in assets and 87 employees.""",https://www.fincen.gov/system/files/shared/nprvefbanka.pdf
VEF Banka,self,,VEF Banka,VEF; VEF Bank (Republic of Latvia),Latvia,Riga,,"""The Financial Crimes Enforcement Network is issuing a final rule imposing a special measure against joint stock company VEF Banka (“VEF”, “VEF Bank”, or the “bank”) as a financial institution of primary money laundering concern, pursuant to the authority contained in 31 U.S.C. 5318A of the Bank Secrecy Act.""; ""VEF is headquartered in Riga, the capital of Latvia. VEF is one of the smallest of Latvia’s 23 banks, and in 2004 was reported to have approximately $80 million in assets and 87 employees.""; ""we are prohibited from opening or maintaining a correspondent account for, or on behalf of, VEF Bank (Republic of Latvia) or any of its subsidiaries (including Veiksmes līzings).""",https://www.fincen.gov/system/files/shared/vef_final_rule_070706.pdf
VEF Banka,subsidiary,Company,Veiksmes līzings,,,,,"""VEF Banka had one subsidiary, Veiksmes līzings, which offered financial leasing and factoring services.""; ""The liquidation process is expected to be complete in one to two years and will result in the disposition of all of VEF Banka's assets, including its subsidiary, Veiksmes līzings.""",http://www.gpo.gov/fdsys/pkg/FR-2011-08-01/pdf/2011-19118.pdf
VEF Banka,subsidiary,Company,Veiksmes līzings,,,,,"""It has one subsidiary, Veiksmes līzings, which offers financial leasing and factoring services.""",https://www.fincen.gov/system/files/shared/nprvefbanka.pdf
VEF Banka,target,Company,Veiksmes līzings,,,,,"""Veiksmes lizings, and any of its branches, is included in the definition.""",https://www.fincen.gov/system/files/shared/nprvefbanka.pdf
VEF Banka,subsidiary,Company,Veiksmes līzings,,,,,"""The bank has one subsidiary, Veiksmes līzings, which offers financial leasing and factoring services.""; ""The one known VEF subsidiary, Veiksmes līzings, and any of its branches or offices, is included in the definition.""",https://www.fincen.gov/system/files/shared/vef_final_rule_070706.pdf
"Vector Casa de Bolsa, S.A. de C.V. (Vector)",self,,"Vector Casa de Bolsa, S.A. de C.V. (Vector)",,Mexico,"San Pedro Garza Garcia, Mexico",,"""Vector Casa de Bolsa, S.A. de C.V. (Vector), a Mexico-based brokerage firm, is a financial institution operating outside of the United States that is of primary money laundering concern in connection with illicit opioid trafficking""; ""According to commercially available banking information, Vector is headquartered in San Pedro Garza Garcia, Mexico, and provides U.S. dollar (USD) correspondent banking services through at least one U.S. financial institution""",https://www.federalregister.gov/d/2025-11991
"Vector Casa de Bolsa, S.A. de C.V. (Vector)",related,Person,Genaro Garcia Luna,,Mexico,,,"""Vector engaged in several transactions over several years that FinCEN assesses involved proceeds of bribes paid by the Sinaloa Cartel to Mexico's “top law enforcement official,” Genaro Garcia Luna""; ""Garcia Luna, Mexico's former Secretary of Public Security and head of Mexico's Federal Investigative Agency, was convicted at trial in 2023 for abusing his positions between 2001 and 2012 to permit the Sinaloa Cartel to evade law enforcement in exchange for millions of dollars in bribes""; ""FinCEN has further determined that between 2013 and 2019, a business controlled by Garcia Luna conducted transactions with Vector totaling more than USD 40 million""",https://www.federalregister.gov/d/2025-11991
