target_country,program,name_raw,auto-translated,name_jpn_cleaned,aliases_jpn_cleaned,name_en,address,designated_date,last_updated,source_url
Russia, 国際平和のための国際的な努力に我が国として寄与するために講ずる輸出等に係る禁止措置 の対象となるロシア連邦の団体（令和四年外務省告示第八十二号）,１ 株式会社アドミラルティ造船所,"1. Admiralty Shipbuilding Co., Ltd.",,,Admiralty Shipyard JSC,"所在地：203, Fontanka Emb., 190121, St. Peterburg, Russia.",2022 年03 月01 日,2025 年01 月10 日,https://www.meti.go.jp/policy/external_economy/trade_control/02_export/17_russia/250912_list_russia_tokutei.pdf
Russia, 国際平和のための国際的な努力に我が国として寄与するために講ずる輸出等に係る禁止措置 の対象となるロシア連邦の団体（令和四年外務省告示第八十二号）,２ アレクサンドロフ名称科学技術研究所,2. Alexandrov Institute of Science and Technology,,,Aleksandrov Scientific Research Technological Institute NITI,"所在地：Koporskoe Highway, House 72, Sosnovy Bor, Russia.",2022 年03 月01 日,2025 年01 月10 日,https://www.meti.go.jp/policy/external_economy/trade_control/02_export/17_russia/250912_list_russia_tokutei.pdf
Russia, 国際平和のための国際的な努力に我が国として寄与するために講ずる輸出等に係る禁止措置 の対象となるロシア連邦の団体（令和四年外務省告示第八十二号）,３ 有限責任会社アルグト,3. Argut Limited Liability Company,,,Argut OOO,"所在地：6 Mnevniki str end 6 fl, Moscow 123308, Russia.",2022 年03 月01 日,2025 年01 月10 日,https://www.meti.go.jp/policy/external_economy/trade_control/02_export/17_russia/250912_list_russia_tokutei.pdf
Russia, 国際平和のための国際的な努力に我が国として寄与するために講ずる輸出等に係る禁止措置 の対象となるロシア連邦の団体（令和四年外務省告示第八十二号）,４ 国防省通信センター,4. Ministry of National Defense Communications Center,,,Communication center of the Ministry of Defence,"所在地：Bolshoi Znamenskiy per. 21, Moscow, Russia.",2022 年03 月01 日,2025 年01 月10 日,https://www.meti.go.jp/policy/external_economy/trade_control/02_export/17_russia/250912_list_russia_tokutei.pdf
Russia, 国際平和のための国際的な努力に我が国として寄与するために講ずる輸出等に係る禁止措置 の対象となるロシア連邦の団体（令和四年外務省告示第八十二号）,５ ボレスコフ名称触媒研究センター,5. Boleskov Center for Catalysis Research,,,Federal Research Center Boreskov Institute of Catalysis,"所在地：pr. Lavrentieva 5, Novosibirsk 630090, Russia.",2022 年03 月01 日,2025 年01 月10 日,https://www.meti.go.jp/policy/external_economy/trade_control/02_export/17_russia/250912_list_russia_tokutei.pdf
Russia, 国際平和のための国際的な努力に我が国として寄与するために講ずる輸出等に係る禁止措置 の対象となるロシア連邦の団体（令和四年外務省告示第八十二号）,６ 連邦保安庁,6. Federal Security Service,,,"Federal Security Service (FSB), a.k.a., the following one alias: -Federalnaya Sluzhba Bezopasnosti","所在地：Ulitsa Kuznetskiy Most, Dom 22, Moscow 107031, Russia; and Lubyanskaya Ploschad, Dom 2, Moscow 107031, Russia.",2022 年03 月01 日,2025 年01 月10 日,https://www.meti.go.jp/policy/external_economy/trade_control/02_export/17_russia/250912_list_russia_tokutei.pdf
Russia, 国際平和のための国際的な努力に我が国として寄与するために講ずる輸出等に係る禁止措置 の対象となるロシア連邦の団体（令和四年外務省告示第八十二号）,７ ロシア大統領府連邦国家予算機関,7. Federal State Budget Agency of the Russian Presidential Administration,,,Federal State Budgetary Enterprise of the Administration of the President of Russia,"所在地：1-ya Reysovaya Street, 1, Moscow 119027, Russia.",2022 年03 月01 日,2025 年01 月10 日,https://www.meti.go.jp/policy/external_economy/trade_control/02_export/17_russia/250912_list_russia_tokutei.pdf
Russia, 国際平和のための国際的な努力に我が国として寄与するために講ずる輸出等に係る禁止措置 の対象となるロシア連邦の団体（令和四年外務省告示第八十二号）,８ ロシア大統領府連邦国家予算機関特別飛行部隊「Russia」,"8. Special Air Force ""Russia"" of the Federal State Budget Agency of the Russian Presidential Administration",,,Federal State Budgetary Enterprise Special Flight Unit Rossiya of the Administration of the President of Russia,"所在地：1-ya Reysovaya Street, 1, Moscow 119027, Russia.",2022 年03 月01 日,2025 年01 月10 日,https://www.meti.go.jp/policy/external_economy/trade_control/02_export/17_russia/250912_list_russia_tokutei.pdf
Russia, 国際平和のための国際的な努力に我が国として寄与するために講ずる輸出等に係る禁止措置 の対象となるロシア連邦の団体（令和四年外務省告示第八十二号）,９ 連邦国家単一企業ドゥホフ名称オートメーション研究所,9. Federal State Unitary Enterprise Duhoff Automation Institute,,,Federal State Unitary Enterprise Dukhov Automatics Research Institute (VNIIA),"所在地：22, Sushchevskaya UI, Moscow 127055RU.",2022 年03 月01 日,2025 年01 月10 日,https://www.meti.go.jp/policy/external_economy/trade_control/02_export/17_russia/250912_list_russia_tokutei.pdf
Russia, 国際平和のための国際的な努力に我が国として寄与するために講ずる輸出等に係る禁止措置 の対象となるロシア連邦の団体（令和四年外務省告示第八十二号）,10 対外諜報庁,10. Foreign Intelligence Agency,,,Foreign Intelligence Service (SVR),"所在地：Yasenevo 11 Kolpachny, Moscow, 0101000.",2022 年03 月01 日,2025 年01 月10 日,https://www.meti.go.jp/policy/external_economy/trade_control/02_export/17_russia/250912_list_russia_tokutei.pdf
Russia, 国際平和のための国際的な努力に我が国として寄与するために講ずる輸出等に係る禁止措置 の対象となるロシア連邦の団体（令和四年外務省告示第八十二号）,11 内務省ニジニ・ノヴゴロド本部専門法科学センター,"11. Specialized Forensic Science Center, Nizhny Novgorod Headquarters, Ministry of Internal Affairs",,,Forensic Center of Nizhniy Novgorod Region Main Directorate of the Ministry of Interior Affairs,"所在地：Gorkiy Street, 71, Nizhniy Novgorod 603950, Russia.",2022 年03 月01 日,2025 年01 月10 日,https://www.meti.go.jp/policy/external_economy/trade_control/02_export/17_russia/250912_list_russia_tokutei.pdf
Russia, 国際平和のための国際的な努力に我が国として寄与するために講ずる輸出等に係る禁止措置 の対象となるロシア連邦の団体（令和四年外務省告示第八十二号）,12 国際量子光学・量子技術センター（別称、ロシア量子センター及び RQC）,12. International Center for Quantum Optics and Quantum Technology (also known as the Russian Quantum Center and RQC),,,"International Center for Quantum Optics and Quantum Technologies LLS, a.k.a. the following two aliases: -Russian Quantum Center; and -RQC","所在地：Business-center “Ural,” 100 Novaya Street, Skolkovo, Moscow, 143025, Russia; and 30 Bolshoy Blvd, Bldg 1, Moscow, 121205, Russia; and 100A Novaya Street, Skolkovo, Odintsovsky District, Moscow, 143025, Russia.",2022 年03 月01 日,2025 年01 月10 日,https://www.meti.go.jp/policy/external_economy/trade_control/02_export/17_russia/250912_list_russia_tokutei.pdf
Russia, 国際平和のための国際的な努力に我が国として寄与するために講ずる輸出等に係る禁止措置 の対象となるロシア連邦の団体（令和四年外務省告示第八十二号）,13 イルクート,13 Irkut,,,Irkut Corporation,"所在地：Leningradsky Prospect 68, Moscow 125315, Russia.",2022 年03 月01 日,2025 年01 月10 日,https://www.meti.go.jp/policy/external_economy/trade_control/02_export/17_russia/250912_list_russia_tokutei.pdf
Russia, 国際平和のための国際的な努力に我が国として寄与するために講ずる輸出等に係る禁止措置 の対象となるロシア連邦の団体（令和四年外務省告示第八十二号）,14 公開株式会社研究・製造法人イルクート,14. Publicly available research and manufacturing company Ilkuto,,,Irkut Research and Production Corporation Public Joint Stock Company,"所在地：68 Leningradsky Prospect, Moscow 125315, Russia.",2022 年03 月01 日,2025 年01 月10 日,https://www.meti.go.jp/policy/external_economy/trade_control/02_export/17_russia/250912_list_russia_tokutei.pdf
Russia, 国際平和のための国際的な努力に我が国として寄与するために講ずる輸出等に係る禁止措置 の対象となるロシア連邦の団体（令和四年外務省告示第八十二号）,15 株式会社計算機科学研究所,"15. Computer Science Laboratory, Inc.",,,Joint Stock Company Scientific Research Institute of Computing Machinery,"所在地：Melnichnaya Street, 31, Kirov 610025, Russia.",2022 年03 月01 日,2025 年01 月10 日,https://www.meti.go.jp/policy/external_economy/trade_control/02_export/17_russia/250912_list_russia_tokutei.pdf
Russia, 国際平和のための国際的な努力に我が国として寄与するために講ずる輸出等に係る禁止措置 の対象となるロシア連邦の団体（令和四年外務省告示第八十二号）,16 株式会社機械工学中央研究所,"16. Central Research Institute for Mechanical Engineering, Inc.",,,JSC Central Research Institute of Machine Building (JSC TsNIIMash),"所在地：Pionerskaya Street, 4, korpus 22, Moskovskaya obl., Korolov 141070, Russia.",2022 年03 月01 日,2025 年01 月10 日,https://www.meti.go.jp/policy/external_economy/trade_control/02_export/17_russia/250912_list_russia_tokutei.pdf
Russia, 国際平和のための国際的な努力に我が国として寄与するために講ずる輸出等に係る禁止措置 の対象となるロシア連邦の団体（令和四年外務省告示第八十二号）,17 株式会社カザンヘリコプター修理工場（別称、 Kazanski Vertoletny Zavod Remservis 及び KVZ Remservis）,"17. Kazan Helicopter Repair Plant Co., Ltd. (also known as Kazanski Vertoletny Zavod Remservis and KVZ Remservis)",,,"JSC Kazan Helicopter Plant Repair Service, a.k.a., the following two aliases: -Kazanski Vertoletny Zavod Remservis; and -KVZ Remservis","所在地：Ulitsa Tetsevskaya 14, Kazan, Russia.",2022 年03 月01 日,2025 年01 月10 日,https://www.meti.go.jp/policy/external_economy/trade_control/02_export/17_russia/250912_list_russia_tokutei.pdf
Russia, 国際平和のための国際的な努力に我が国として寄与するために講ずる輸出等に係る禁止措置 の対象となるロシア連邦の団体（令和四年外務省告示第八十二号）,18 株式会社ロケット・宇宙センター「プログレス」,"18. Rocket & Space Center Corporation ""Progress""",,,JSC Rocket and Space Centre – Progress,"所在地：Zemetsa Street 18, Samarskaya Oblast, Samara 443009, Russia.",2022 年03 月01 日,2025 年01 月10 日,https://www.meti.go.jp/policy/external_economy/trade_control/02_export/17_russia/250912_list_russia_tokutei.pdf
Russia, 国際平和のための国際的な努力に我が国として寄与するために講ずる輸出等に係る禁止措置 の対象となるロシア連邦の団体（令和四年外務省告示第八十二号）,19 株式会社カメンスク・ウラリスキー冶金工場,"19 Kamensk-Vallisky Metallurgical Plant Co., Ltd.",,,Kamensk-Uralsky Metallurgical Works J.S. Co.,"所在地：5 Zavodskaya St., Kamensk Uralsky, 623405 Sverdlovsk region, Russia.",2022 年03 月01 日,2025 年01 月10 日,https://www.meti.go.jp/policy/external_economy/trade_control/02_export/17_russia/250912_list_russia_tokutei.pdf
Russia, 国際平和のための国際的な努力に我が国として寄与するために講ずる輸出等に係る禁止措置 の対象となるロシア連邦の団体（令和四年外務省告示第八十二号）,20 公共株式会社カザンヘリコプター工場,20 Public Corporation Kazan Helicopter Plant,,,Kazan Helicopter Plant PJSC,"所在地：Tetsevskaya St, Kazan 420085, Russia.",2022 年03 月01 日,2025 年01 月10 日,https://www.meti.go.jp/policy/external_economy/trade_control/02_export/17_russia/250912_list_russia_tokutei.pdf
Russia, 国際平和のための国際的な努力に我が国として寄与するために講ずる輸出等に係る禁止措置 の対象となるロシア連邦の団体（令和四年外務省告示第八十二号）,21 コムソモリスク・ナ・アムーレ航空機製造工場,21 Komsomolsk-on-Amur Aircraft Manufacturing Plant,,,Komsomolsk-na-Amur Aviation Production Organization (KNAAPO),"所在地：1 Sovetskaya Street, Komsomolsk-on-Amur, Khabarovsky Krai, Russia 618018.",2022 年03 月01 日,2025 年01 月10 日,https://www.meti.go.jp/policy/external_economy/trade_control/02_export/17_russia/250912_list_russia_tokutei.pdf
Russia, 国際平和のための国際的な努力に我が国として寄与するために講ずる輸出等に係る禁止措置 の対象となるロシア連邦の団体（令和四年外務省告示第八十二号）,22 参謀本部情報総局（別称、Glavnoe Razvedyvatel’noe Upravlenie、GRU及び情報総局）,"22. Main Intelligence Directorate of the General Staff (also known as Glavnoe Razvedyvatel’noe Upravlenie, GRU and Main Intelligence Directorate)",,,"Main Intelligence Directorate, a.k.a., the following three aliases: -Glavnoe Razvedyvatel’noe Upravlenie; -GRU; and -Main Intelligence Department","所在地：Khoroshevskoye Shosse 76, Khodinka, Moscow, Russia; and Ministry of Defence of the Russian Federation, Frunzenskaya nab., 22/2, Moscow 119160, Russia.",2022 年03 月01 日,2025 年01 月10 日,https://www.meti.go.jp/policy/external_economy/trade_control/02_export/17_russia/250912_list_russia_tokutei.pdf
Russia, 国際平和のための国際的な努力に我が国として寄与するために講ずる輸出等に係る禁止措置 の対象となるロシア連邦の団体（令和四年外務省告示第八十二号）,23 国防省（連邦軍及び場所を問わず全ての運用部隊を含む）,23. Ministry of Defense (including the Federal Armed Forces and all operational units regardless of location),国防省（連邦軍及び場所を問わず全ての運用部隊を含む）,,"Ministry of Defence of the Russian Federation, including the Armed Forces of Russia and all operating units wherever located",所在地：All address located in Russia,2022 年03 月01 日,2025 年01 月10 日,https://www.meti.go.jp/policy/external_economy/trade_control/02_export/17_russia/250912_list_russia_tokutei.pdf
Russia, 国際平和のための国際的な努力に我が国として寄与するために講ずる輸出等に係る禁止措置 の対象となるロシア連邦の団体（令和四年外務省告示第八十二号）,23 露連邦の国軍（地上軍、海軍、海軍歩兵部隊、航空宇宙軍及び沿岸部隊）,"23. The armed forces of the Russian Federation (Ground Forces, Navy, Naval Infantry, Aerospace Forces and Coastal Forces)",露連邦の国軍（地上軍、海軍、海軍歩兵部隊、航空宇宙軍及び沿岸部隊）,,"National Armed Services (Army, Navy, Marine, Air Force, or Coast Guard) of the Russian Federation",所在地：All address located in Russia,2022 年03 月01 日,2025 年01 月10 日,https://www.meti.go.jp/policy/external_economy/trade_control/02_export/17_russia/250912_list_russia_tokutei.pdf
Russia, 国際平和のための国際的な努力に我が国として寄与するために講ずる輸出等に係る禁止措置 の対象となるロシア連邦の団体（令和四年外務省告示第八十二号）,23 国家親衛軍と警察,23. National Guard and Police,,,National Guard and National Police of the Russian Federation,所在地：All address located in Russia,2022 年03 月01 日,2025 年01 月10 日,https://www.meti.go.jp/policy/external_economy/trade_control/02_export/17_russia/250912_list_russia_tokutei.pdf
Russia, 国際平和のための国際的な努力に我が国として寄与するために講ずる輸出等に係る禁止措置 の対象となるロシア連邦の団体（令和四年外務省告示第八十二号）,23 諜報及び偵察機関,23 Intelligence and Reconnaissance Agencies,,,Government Intelligence or Reconnaissance Organizations of the Russian Federation,所在地：All address located in Russia,2022 年03 月01 日,2025 年01 月10 日,https://www.meti.go.jp/policy/external_economy/trade_control/02_export/17_russia/250912_list_russia_tokutei.pdf
Russia, 国際平和のための国際的な努力に我が国として寄与するために講ずる輸出等に係る禁止措置 の対象となるロシア連邦の団体（令和四年外務省告示第八十二号）,24 モスクワ物理・技術大学（別称、MIPT及びMFTI）,24 Moscow State University of Physics and Technology (also known as MIPT and MFTI),,,"Moscow Institute of Physics and Technology, a.k.a., the following two aliases: -MIPT; and -MFTI","所在地：Dolgoprudny Campus: 9 Institutskiy per., Dolgoprudny, Moscow Region 141701, Russia; and Zhukovsky Campus: Ulitsa Gagarina 16, Zhukovsky, Moscow Region 140180, Russia; and Moscow Campus 1 Stroyeniye 1, Klimentovsky Pereulok, Moscow Region 115184, Russia.",2022 年03 月01 日,2025 年01 月10 日,https://www.meti.go.jp/policy/external_economy/trade_control/02_export/17_russia/250912_list_russia_tokutei.pdf
Russia, 国際平和のための国際的な努力に我が国として寄与するために講ずる輸出等に係る禁止措置 の対象となるロシア連邦の団体（令和四年外務省告示第八十二号）,25 株式会社学術生産公団高精度コンプレックス,25. Academic Production Corporation High-Precision Complex,,,NPO High Precision Systems JSC,"所在地：Kievskaya Street 7, Moscow, Russia.",2022 年03 月01 日,2025 年01 月10 日,https://www.meti.go.jp/policy/external_economy/trade_control/02_export/17_russia/250912_list_russia_tokutei.pdf
Russia, 国際平和のための国際的な努力に我が国として寄与するために講ずる輸出等に係る禁止措置 の対象となるロシア連邦の団体（令和四年外務省告示第八十二号）,26 株式会社学術生産公団スプラフ,"26. SPLAF, Inc.",,,NPO Splav JSC,"所在地：33 ul. Shcheglov Kaya Zaseka Tula, 300004 Russia.",2022 年03 月01 日,2025 年01 月10 日,https://www.meti.go.jp/policy/external_economy/trade_control/02_export/17_russia/250912_list_russia_tokutei.pdf
Russia, 国際平和のための国際的な努力に我が国として寄与するために講ずる輸出等に係る禁止措置 の対象となるロシア連邦の団体（令和四年外務省告示第八十二号）,27 公開株式会社オボロンプロム,"27. Publicly available: Oboron Prom Co., Ltd.",,,Oboronprom OJSC,"所在地：29/141 Vereiskaya Street, Moscow, 121357 Russia.",2022 年03 月01 日,2025 年01 月10 日,https://www.meti.go.jp/policy/external_economy/trade_control/02_export/17_russia/250912_list_russia_tokutei.pdf
Russia, 国際平和のための国際的な努力に我が国として寄与するために講ずる輸出等に係る禁止措置 の対象となるロシア連邦の団体（令和四年外務省告示第八十二号）,28 公共株式会社ベリエフ名称航空機会社,28. Public Corporation Beriev Aircraft Company,,,PJSC Beriev Aircraft Company,"所在地：1 Aviatorov Square, Taganrog 347923, Russia.",2022 年03 月01 日,2025 年01 月10 日,https://www.meti.go.jp/policy/external_economy/trade_control/02_export/17_russia/250912_list_russia_tokutei.pdf
Russia, 国際平和のための国際的な努力に我が国として寄与するために講ずる輸出等に係る禁止措置 の対象となるロシア連邦の団体（令和四年外務省告示第八十二号）,29 イルクート,29 Irkut,,,PJSC Irkut Corporation,"所在地：Regional Aircraft 26 Leninskaya Sloboda, Moscow 115280, Russia.",2022 年03 月01 日,2025 年01 月10 日,https://www.meti.go.jp/policy/external_economy/trade_control/02_export/17_russia/250912_list_russia_tokutei.pdf
Russia, 国際平和のための国際的な努力に我が国として寄与するために講ずる輸出等に係る禁止措置 の対象となるロシア連邦の団体（令和四年外務省告示第八十二号）,30 カザンヘリコプター,30 Kazan Helicopters,,,PJSC Kazan Helicopters,"所在地：Tetsevskaya Street, 14, Kazan, Tatarstan Republic 420085, Russia.",2022 年03 月01 日,2025 年01 月10 日,https://www.meti.go.jp/policy/external_economy/trade_control/02_export/17_russia/250912_list_russia_tokutei.pdf
Russia, 国際平和のための国際的な努力に我が国として寄与するために講ずる輸出等に係る禁止措置 の対象となるロシア連邦の団体（令和四年外務省告示第八十二号）,31 株式会社ステリマフ名称「ポリュス」研究所,"31. Sterimaf Co., Ltd., name ""Polyus"" Research Institute",,,POLYUS Research Institute of M.F. Stelmakh Joint Stock Company,"所在地：Building 1, 3 Vvedenskogo Street, Moscow, 117342, Russia.",2022 年03 月01 日,2025 年01 月10 日,https://www.meti.go.jp/policy/external_economy/trade_control/02_export/17_russia/250912_list_russia_tokutei.pdf
Russia, 国際平和のための国際的な努力に我が国として寄与するために講ずる輸出等に係る禁止措置 の対象となるロシア連邦の団体（令和四年外務省告示第八十二号）,32 株式会社プロムテック・ドゥブナ,"32 Promtech Dubna Co., Ltd.",,,"Promtech-Dubna, JSC","所在地：Programmistov st., 4, room 364, Dubna, Moscow 141983, Russia.",2022 年03 月01 日,2025 年01 月10 日,https://www.meti.go.jp/policy/external_economy/trade_control/02_export/17_russia/250912_list_russia_tokutei.pdf
Russia, 国際平和のための国際的な努力に我が国として寄与するために講ずる輸出等に係る禁止措置 の対象となるロシア連邦の団体（令和四年外務省告示第八十二号）,33 公共株式会社統一航空機製造会社,33. Public Corporation Unified Aircraft Manufacturing Company,,,Public Joint Stock Company United Aircraft Corporation,"所在地：Bolshaya Pionerskaya, Moscow 115054, Russia.",2022 年03 月01 日,2025 年01 月10 日,https://www.meti.go.jp/policy/external_economy/trade_control/02_export/17_russia/250912_list_russia_tokutei.pdf
Russia, 国際平和のための国際的な努力に我が国として寄与するために講ずる輸出等に係る禁止措置 の対象となるロシア連邦の団体（令和四年外務省告示第八十二号）,34 無線技術・情報（RTI）システム,34. Wireless Technology and Information (RTI) Systems,無線技術・情報（RTI）システム,,Radiotechnical and Information Systems (RTI) Concern,"所在地：127083, Moscow, 8 marta, 10/1 Russia.",2022 年03 月01 日,2025 年01 月10 日,https://www.meti.go.jp/policy/external_economy/trade_control/02_export/17_russia/250912_list_russia_tokutei.pdf
Russia, 国際平和のための国際的な努力に我が国として寄与するために講ずる輸出等に係る禁止措置 の対象となるロシア連邦の団体（令和四年外務省告示第八十二号）,35 有限責任会社ラパルト・サービス,"35 Laparte Services, Limited Liability Company",,,Rapart Services LLC,"所在地：Aeroportovskaya str. 6/2, Solnechnogorskiy region, Dubrobki 141580, Russia.",2022 年03 月01 日,2025 年01 月10 日,https://www.meti.go.jp/policy/external_economy/trade_control/02_export/17_russia/250912_list_russia_tokutei.pdf
Russia, 国際平和のための国際的な努力に我が国として寄与するために講ずる輸出等に係る禁止措置 の対象となるロシア連邦の団体（令和四年外務省告示第八十二号）,36 公開株式会社ロスオボロンエクスポルト,36. Publicly available company Los Oboron Export,,,Rosoboronexport OJSC (ROE),"所在地：Strada Strominka 27, Moscow, 107076 Russia.",2022 年03 月01 日,2025 年01 月10 日,https://www.meti.go.jp/policy/external_economy/trade_control/02_export/17_russia/250912_list_russia_tokutei.pdf
Russia, 国際平和のための国際的な努力に我が国として寄与するために講ずる輸出等に係る禁止措置 の対象となるロシア連邦の団体（令和四年外務省告示第八十二号）,37 国営企業ロステック,37 State-owned enterprise Rostec,,,Rostec (Russian Technologies State Corporation),"所在地：24 Usacheva Street, Moscow, Russia 119048.",2022 年03 月01 日,2025 年01 月10 日,https://www.meti.go.jp/policy/external_economy/trade_control/02_export/17_russia/250912_list_russia_tokutei.pdf
Russia, 国際平和のための国際的な努力に我が国として寄与するために講ずる輸出等に係る禁止措置 の対象となるロシア連邦の団体（令和四年外務省告示第八十二号）,38 ロステック・アジムト,38 Rostec Azimut,,,Rostekh – Azimuth,"所在地：Building 2, 5 Suite X Room 15 Floor 2, Narishkinskaya Alleya, Moscow 125167, Russia.",2022 年03 月01 日,2025 年01 月10 日,https://www.meti.go.jp/policy/external_economy/trade_control/02_export/17_russia/250912_list_russia_tokutei.pdf
Russia, 国際平和のための国際的な努力に我が国として寄与するために講ずる輸出等に係る禁止措置 の対象となるロシア連邦の団体（令和四年外務省告示第八十二号）,39 航空機製造会社ミグ,39. Aircraft manufacturer MiG,,,Russian Aircraft Corporation MiG,"所在地：Leningradskoe highway, 6, building 1, Moscow, 125171 Russia.",2022 年03 月01 日,2025 年01 月10 日,https://www.meti.go.jp/policy/external_economy/trade_control/02_export/17_russia/250912_list_russia_tokutei.pdf
Russia, 国際平和のための国際的な努力に我が国として寄与するために講ずる輸出等に係る禁止措置 の対象となるロシア連邦の団体（令和四年外務省告示第八十二号）,40 株式会社ロシアヘリコプター,"40. Russian Helicopter Co., Ltd.",,,Russian Helicopters JSC,"所在地：Bolshaya Pionerskaya, 1, Moscow, 123610 Russia.",2022 年03 月01 日,2025 年01 月10 日,https://www.meti.go.jp/policy/external_economy/trade_control/02_export/17_russia/250912_list_russia_tokutei.pdf
Russia, 国際平和のための国際的な努力に我が国として寄与するために講ずる輸出等に係る禁止措置 の対象となるロシア連邦の団体（令和四年外務省告示第八十二号）,41 合弁企業クヴァント（別称、有限責任会社クヴァント、有限責任会社合弁企業クオンタム・テ クノロジーズ及び合弁企業クオンタム）,"41. Quant Joint Venture (also known as Quant Limited Liability Company, Quantum Technologies Limited Liability Company, and Quantum Joint Venture)",,,"SP Kvant, a.k.a., the follow three aliases: - Kvant LLC; - Limited Liability Company Joint Venture Quantum Technologies; and - Joint Ventur Quantum","所在地：D. 46, Etazh 6, pom. 600K, Shosse Varshavskoe, Moscow, 115230, Russia.",2022 年03 月01 日,2025 年01 月10 日,https://www.meti.go.jp/policy/external_economy/trade_control/02_export/17_russia/250912_list_russia_tokutei.pdf
Russia, 国際平和のための国際的な努力に我が国として寄与するために講ずる輸出等に係る禁止措置 の対象となるロシア連邦の団体（令和四年外務省告示第八十二号）,42 株式会社スホイ,"42 Suhoi Co., Ltd.",,,Sukhoi Aviation JSC,"所在地：Polikarpov str., 23B, Moscow, 125284 Russia.",2022 年03 月01 日,2025 年01 月10 日,https://www.meti.go.jp/policy/external_economy/trade_control/02_export/17_russia/250912_list_russia_tokutei.pdf
Russia, 国際平和のための国際的な努力に我が国として寄与するために講ずる輸出等に係る禁止措置 の対象となるロシア連邦の団体（令和四年外務省告示第八十二号）,43 スホイ民間航空機,43 Shoe civilian aircraft,,,Sukhoi Civil Aircraft,"所在地：1 Sovetskaya Street, Komsomolsk-On-Amur 681018, Russia; and 15 Tupoleva Street, OP JSC SCA, Zukhovskiy 140180, Russia; and 23b Bld 2 Polikarpova St, Moscow 125824, Russia; and 26, Bld. 5, Leninskaya Sloboda Street, Moscow, 115280, Russia; and Antonova Avenue 1, Ulianovsk 432072, Russia; and Leningradskaya Street 80 / 4A, Komsomolsk-On-Amur 681007, Russia",2022 年03 月01 日,2025 年01 月10 日,https://www.meti.go.jp/policy/external_economy/trade_control/02_export/17_russia/250912_list_russia_tokutei.pdf
Russia, 国際平和のための国際的な努力に我が国として寄与するために講ずる輸出等に係る禁止措置 の対象となるロシア連邦の団体（令和四年外務省告示第八十二号）,44 株式会社戦術ミサイル兵器コーポレーション,44. Tactical Missile Weapons Corporation,,,Tactical Missiles Corporation JSC,"所在地：KorolevIlyicha Street, 7, 141080, Russia.",2022 年03 月01 日,2025 年01 月10 日,https://www.meti.go.jp/policy/external_economy/trade_control/02_export/17_russia/250912_list_russia_tokutei.pdf
Russia, 国際平和のための国際的な努力に我が国として寄与するために講ずる輸出等に係る禁止措置 の対象となるロシア連邦の団体（令和四年外務省告示第八十二号）,45 株式会社ツポレフ,45 Tupolev Corporation,,,Tupolev JSC,"所在地：Academician Tupolev Embankment 17, Moscow, 105005, Russia.",2022 年03 月01 日,2025 年01 月10 日,https://www.meti.go.jp/policy/external_economy/trade_control/02_export/17_russia/250912_list_russia_tokutei.pdf
Russia, 国際平和のための国際的な努力に我が国として寄与するために講ずる輸出等に係る禁止措置 の対象となるロシア連邦の団体（令和四年外務省告示第八十二号）,46 統一エンジン製造会社―サトゥルン,46. ​​Unified Engine Manufacturing Company - Saturn,,,UEC-Saturn,"所在地：163 Lenin Avenue, Rybinsk 152903, Yavoslavl Region, Russia.",2022 年03 月01 日,2025 年01 月10 日,https://www.meti.go.jp/policy/external_economy/trade_control/02_export/17_russia/250912_list_russia_tokutei.pdf
Russia, 国際平和のための国際的な努力に我が国として寄与するために講ずる輸出等に係る禁止措置 の対象となるロシア連邦の団体（令和四年外務省告示第八十二号）,47 ユナイテッド・エアクラフト,47 United Aircraft,,,United Aircraft Corporation,"所在地：Bolshaya Pionerskaya str., 1, Moscow, 115054, Russia.",2022 年03 月01 日,2025 年01 月10 日,https://www.meti.go.jp/policy/external_economy/trade_control/02_export/17_russia/250912_list_russia_tokutei.pdf
Russia, 国際平和のための国際的な努力に我が国として寄与するために講ずる輸出等に係る禁止措置 の対象となるロシア連邦の団体（令和四年外務省告示第八十二号）,48 統一エンジン製造会社,48 Unified Engine Manufacturing Co.,,,United Engine Corporation,"所在地：16, Budyonny Avenue, Moscow, 105118 Russia.",2022 年03 月01 日,2025 年01 月10 日,https://www.meti.go.jp/policy/external_economy/trade_control/02_export/17_russia/250912_list_russia_tokutei.pdf
Russia, 国際平和のための国際的な努力に我が国として寄与するために講ずる輸出等に係る禁止措置 の対象となるロシア連邦の団体（令和四年外務省告示第八十二号）,49 統一機器製造会社,49. Unified Machinery Manufacturing Company,,,United Instrument Manufacturing Corporation,"所在地：Vereiskaya 29, str. 141, Moscow, Russia.",2022 年03 月01 日,2025 年01 月10 日,https://www.meti.go.jp/policy/external_economy/trade_control/02_export/17_russia/250912_list_russia_tokutei.pdf
Russia, 国際平和のための国際的な努力に我が国として寄与するために講ずる輸出等に係る禁止措置 の対象となるロシア連邦の団体（令和四年外務省告示第八十二号）,50 公共株式会社アムール造船所（別称、PAO Amurskiy Sudostroitelnyy Zavod 及び公共株式会 社ASZ）,"50. Amur Shipyards, a public company (also known as PAO Amurskiy Sudostroitelnyy Zavod and ASZ, a public company)",,,"Amur Shipbuilding Factory PJSC, a.k.a., the following two aliases: -PAO Amurskiy Sudostroitelnyy Zavod; and -PJSC ASZ.","所在地：1 Alleya Truda Street, Komsomolsk-na-Amure, Khabarovskiy Krai, Russia, 681000.",2022 年03 月01 日,2025 年01 月10 日,https://www.meti.go.jp/policy/external_economy/trade_control/02_export/17_russia/250912_list_russia_tokutei.pdf
Russia, 国際平和のための国際的な努力に我が国として寄与するために講ずる輸出等に係る禁止措置 の対象となるロシア連邦の団体（令和四年外務省告示第八十二号）,51 株式会社造船センター及び株式会社船舶修理（別称、株式会社造船・船舶修理技術センター）,"51. Shipbuilding Center Co., Ltd. and Ship Repair Co., Ltd. (also known as Shipbuilding and Ship Repair Technology Center Co., Ltd.)",,,"AO Center of Shipbuilding and Ship Repairing JSC, a.k.a., the following one alias: -AO Tsentr Tekhnologii Sudostroyeniya i Sudoremonta.","所在地：7 Promyshlennaya Street, St. Petersburg, Russia, 198095.",2022 年03 月01 日,2025 年01 月10 日,https://www.meti.go.jp/policy/external_economy/trade_control/02_export/17_russia/250912_list_russia_tokutei.pdf
Russia, 国際平和のための国際的な努力に我が国として寄与するために講ずる輸出等に係る禁止措置 の対象となるロシア連邦の団体（令和四年外務省告示第八十二号）,52 株式会社クロンシュタット（別称、クロンシュタットグループ、クロンシュタット、クロンデ グループ及び非公開株式会社クロンシュタット）,"52. Kronstadt Co., Ltd. (also known as Kronstadt Group, Kronstadt, Kronde Group, and privately held Kronstadt Co., Ltd.)",,,"AO Kronshtadt, a.k.a., the following four aliases: -Kronshtadt Group; -Kronshtadt; -Kronde Group; and-ZAO Kronshtadt.","所在地：18 Stromynka Street, Moscow, Russia, 107076; and In. 3-Ya V.O., D. 62 litera A Pom 162, St. Petersburg, Russia, 199178; and 54 Maly Prospekt Vasilyevskogo Ostrova, Building 4P, St. Petersburg, Russia, 199178.",2022 年03 月01 日,2025 年01 月10 日,https://www.meti.go.jp/policy/external_economy/trade_control/02_export/17_russia/250912_list_russia_tokutei.pdf
Russia, 国際平和のための国際的な努力に我が国として寄与するために講ずる輸出等に係る禁止措置 の対象となるロシア連邦の団体（令和四年外務省告示第八十二号）,53 有限会社アヴァント・スペース（別称、アヴァント・スペイス、アヴァント・スペース・シ ステム、アヴァント・スペース推進システム及び OOO Avant-Spejs）,"53 Avant-Spejs Co., Ltd. (also known as Avant-Spejs, Avant-Spejs System, Avant-Spejs Promotion System, and OOO Avant-Spejs)",,,"Avant-Space LLC, a.k.a., the following four aliases: -AVANT-SPEIS; -Avant Space Systems; -Avant Space Propulsion Systems; and -OOO Avant-Spejs.","所在地：4/7 Lugovaya Street, Skolkovo Innovation Center, Moscow, Russia, 143026; and 42 Bolshoy Bulvar, Skolkovo, Moscow, Russia, 143026; and 12 Presnenskaya Embankment, Moscow, Russia, 123112.",2022 年03 月01 日,2025 年01 月10 日,https://www.meti.go.jp/policy/external_economy/trade_control/02_export/17_russia/250912_list_russia_tokutei.pdf
Russia, 国際平和のための国際的な努力に我が国として寄与するために講ずる輸出等に係る禁止措置 の対象となるロシア連邦の団体（令和四年外務省告示第八十二号）,54 バイカル・エレクトロニクス,54 Baikal Electronics,,,Baikal Electronics,"所在地：Building B2, Territory of 26 km of the highway “Baltia,” BC “Riga Land,” Krasnogorsk District, Moscow, Russia, 143421.",2022 年03 月01 日,2025 年01 月10 日,https://www.meti.go.jp/policy/external_economy/trade_control/02_export/17_russia/250912_list_russia_tokutei.pdf
Russia, 国際平和のための国際的な努力に我が国として寄与するために講ずる輸出等に係る禁止措置 の対象となるロシア連邦の団体（令和四年外務省告示第八十二号）,55 電波工学技術能力センター（別称、株式会社 CheAZ、TsTK、TsTK CheAZ 及びチェボクサリィ電 気機器プラント）,"55. Radio Engineering Technology Capability Center (also known as CheAZ Corporation, TsTK, TsTK CheAZ, and Cheboksari Electrical Equipment Plant)",,,"Center for Technological Competencies in Radiophtonics, a.k.a., the following four aliases: -JCS CheAZ; -TsTK; -TsTK CheAZ; and -Cheboksary Electrical Equipment Plant.","所在地：10 8th of March, Building 1, Moscow, Russia, 127083.",2022 年03 月01 日,2025 年01 月10 日,https://www.meti.go.jp/policy/external_economy/trade_control/02_export/17_russia/250912_list_russia_tokutei.pdf
Russia, 国際平和のための国際的な努力に我が国として寄与するために講ずる輸出等に係る禁止措置 の対象となるロシア連邦の団体（令和四年外務省告示第八十二号）,56 ツィクロン中央研究開発所（別称、サイクロン TsNII、CRI サイクロン、株式会社サイクロン 中央研究所及び有限会社インターサイクロン）,"56. Cyclone Central Research and Development Center (also known as Cyclone TsNII, CRI Cyclone, Cyclone Central Research Institute Co., Ltd., and Intercyclone Co., Ltd.)",,,"Central Research and Development Institute Tsiklon, a.k.a., the following four aliases: -Cyclone TsNII; -CRI Cyclone; -Central Research Institute Cyclone JSC; and Intercyclone LLC.","所在地：77 Shelkovskoe Highway, Moscow, Russia, 107207.",2022 年03 月01 日,2025 年01 月10 日,https://www.meti.go.jp/policy/external_economy/trade_control/02_export/17_russia/250912_list_russia_tokutei.pdf
Russia, 国際平和のための国際的な努力に我が国として寄与するために講ずる輸出等に係る禁止措置 の対象となるロシア連邦の団体（令和四年外務省告示第八十二号）,57 クロッカス・ナノ・エレクトロニクス,57 Crocus Nanoelectronics,,,Crocus Nano Electronics,"所在地：42 Volgoradski Avenue, Fifth Floor, Moscow, Russia, 109316.",2022 年03 月01 日,2025 年01 月10 日,https://www.meti.go.jp/policy/external_economy/trade_control/02_export/17_russia/250912_list_russia_tokutei.pdf
Russia, 国際平和のための国際的な努力に我が国として寄与するために講ずる輸出等に係る禁止措置 の対象となるロシア連邦の団体（令和四年外務省告示第八十二号）,58 ダリザヴォート船舶修理センター（別称、公開株式会社ダリザヴォート船舶修理センター及び 株式会社CSD）,"58. Dalizavod Ship Repair Center (also known as Dalizavod Ship Repair Center, Inc. and CSD, Inc.)",,,"Dalzavod Ship-Repair Center, a.k.a., the following two aliases: -OAO Tsentr Sudoremonta Dalzavod; and -JSC CSD.","所在地：2 Dalzavodskaya Street, Vladivostok, Russia, 690001.",2022 年03 月01 日,2025 年01 月10 日,https://www.meti.go.jp/policy/external_economy/trade_control/02_export/17_russia/250912_list_russia_tokutei.pdf
Russia, 国際平和のための国際的な努力に我が国として寄与するために講ずる輸出等に係る禁止措置 の対象となるロシア連邦の団体（令和四年外務省告示第八十二号）,59 エララ（別称、株式会社 G.A.イリエンコ名称科学生産コンプレックス・エララ）,"59. Elara (also known as G.A. Ilienco Corporation, Scientific Production Complex Elara)",,,"Elara, a.k.a., the following one alias: -Joint Stock Company Scientific and Production Complex Elara named after G. A. Illienko.","所在地：40 Moskovsky Avenue, Chuvash Republic, 428017; and 7 Obraztsova Street, Moscow, Russia, 428020.",2022 年03 月01 日,2025 年01 月10 日,https://www.meti.go.jp/policy/external_economy/trade_control/02_export/17_russia/250912_list_russia_tokutei.pdf
Russia, 国際平和のための国際的な努力に我が国として寄与するために講ずる輸出等に係る禁止措置 の対象となるロシア連邦の団体（令和四年外務省告示第八十二号）,60 電子機械・情報システム（ELVIS）（別称、株式会社研究開発センター・エルヴィス（ELVEES）及び科学生産センター・エルヴィス）,"60. Electronic Machinery and Information Systems (ELVIS) (Also known as Research and Development Center ELVEES Co., Ltd. and Scientific Production Center ELVEES)",電子機械・情報システム（ELVIS）, 株式会社研究開発センター・エルヴィス; ELVEES; 科学生産センター・エルヴィス,"Electronic Computing and Information Systems (ELVIS), a.k.a. the following two aliases: -Joint Stock Company Research and Development Center ELVEES; and -Scientific Production Center Elvis.","所在地：Thoroughfare No. 4922, House 4, Building 2, Zelenograd, Russia.",2022 年03 月01 日,2025 年01 月10 日,https://www.meti.go.jp/policy/external_economy/trade_control/02_export/17_russia/250912_list_russia_tokutei.pdf
Russia, 国際平和のための国際的な努力に我が国として寄与するために講ずる輸出等に係る禁止措置 の対象となるロシア連邦の団体（令和四年外務省告示第八十二号）,61 エルプロム,61 El Prom,,,ELPROM,"所在地：Marshala Govorova Str. 40, Lit. A, Office 34, St. Petersburg 198095, Russia.",2022 年03 月01 日,2025 年01 月10 日,https://www.meti.go.jp/policy/external_economy/trade_control/02_export/17_russia/250912_list_russia_tokutei.pdf
Russia, 国際平和のための国際的な努力に我が国として寄与するために講ずる輸出等に係る禁止措置 の対象となるロシア連邦の団体（令和四年外務省告示第八十二号）,62 有限会社エンジニアリングセンター（別称、有限会社認定エンジニアリングセンター、LCEC 及びEC）,"62 Engineering Center Co., Ltd. (also known as Certified Engineering Center Co., Ltd., LCEC, and EC)",,,"Engineering Center Ltd., a.k.a., the following three aliases: -Certified Engineering Center, Ltd.; -LCEC; and -EC.","所在地：4 Gabrichevsky Street, Room 124, Moscow, Russia, 125367; and 43 Volokolamskoe Highway, Room 121, Moscow, Russia, 125424.",2022 年03 月01 日,2025 年01 月10 日,https://www.meti.go.jp/policy/external_economy/trade_control/02_export/17_russia/250912_list_russia_tokutei.pdf
Russia, 国際平和のための国際的な努力に我が国として寄与するために講ずる輸出等に係る禁止措置 の対象となるロシア連邦の団体（令和四年外務省告示第八十二号）,63 フォルステクノロジー有限会社（別称、有限会社 FT、フォルスマリーン、有限会社スマートマ リーン及び有限会社フォルステクノロジー）,"63. Force Technology Co., Ltd. (also known as FT Co., Ltd., Force Marine, Smart Marine Co., Ltd., and Force Technology Co., Ltd.)",,,"Forss Technology Ltd., a.k.a., the following four aliases: -FT Ltd;-Forss Marine; -OOO Smart Marin; and -OOO Forss Teknologii.","所在地：51 Magnitogorskaya Street, D. Letter E Office 210, Saint Petersburg, Russia, 195027; and 44 Bronnitskaya Street, Letter A, Room 1H, Saint Petersburg, Russia, 190013",2022 年03 月01 日,2025 年01 月10 日,https://www.meti.go.jp/policy/external_economy/trade_control/02_export/17_russia/250912_list_russia_tokutei.pdf
Russia, 国際平和のための国際的な努力に我が国として寄与するために講ずる輸出等に係る禁止措置 の対象となるロシア連邦の団体（令和四年外務省告示第八十二号）,64 インテグラルSPB,64 Integral SPB,,,Integral SPB,"所在地：21 Irinovski Avenue, Building 1, Saint Petersburg, Russia, 195279.",2022 年03 月01 日,2025 年01 月10 日,https://www.meti.go.jp/policy/external_economy/trade_control/02_export/17_russia/250912_list_russia_tokutei.pdf
Russia, 国際平和のための国際的な努力に我が国として寄与するために講ずる輸出等に係る禁止措置 の対象となるロシア連邦の団体（令和四年外務省告示第八十二号）,65 株式会社エレメント,"65 Element Co., Ltd.",,,JSC Element,"所在地：12 Presnenskaya Embankment, Office 2024, Moscow, Russia, 123112.",2022 年03 月01 日,2025 年01 月10 日,https://www.meti.go.jp/policy/external_economy/trade_control/02_export/17_russia/250912_list_russia_tokutei.pdf
Russia, 国際平和のための国際的な努力に我が国として寄与するために講ずる輸出等に係る禁止措置 の対象となるロシア連邦の団体（令和四年外務省告示第八十二号）,66 株式会社ペラ・マシュ,"66 Pera Mashu Co., Ltd.",,,JSC Pella-Mash,"所在地：4 Tsentralnaya Street, Kirovski District, Otradnoe, Leningradskaya Oblast, Russia, 187330.",2022 年03 月01 日,2025 年01 月10 日,https://www.meti.go.jp/policy/external_economy/trade_control/02_export/17_russia/250912_list_russia_tokutei.pdf
Russia, 国際平和のための国際的な努力に我が国として寄与するために講ずる輸出等に係る禁止措置 の対象となるロシア連邦の団体（令和四年外務省告示第八十二号）,67 株式会社ヴィンペル造船所（別称、株式会社造船所「ヴィンペル」及び株式会社造船所ヴィ ンペル）,"67. Vympel Shipyard Co., Ltd. (also known as Vympel Shipyard Co., Ltd. and Vympel Shipyard Co., Ltd.)",,,"JSC Shipyard Vympel, a.k.a., the following two aliases: -Aktsionernoe Obshchestvo “Sudostroitelny Zavod “Vympel”; and -Sudostroitelny Zavod Vympel, Aktsionernoe Obshchestvo.","所在地：4 Novaya Street, Rybinsk, Rybinski District, Yaroslavskaya, Russia, 152912.",2022 年03 月01 日,2025 年01 月10 日,https://www.meti.go.jp/policy/external_economy/trade_control/02_export/17_russia/250912_list_russia_tokutei.pdf
Russia, 国際平和のための国際的な努力に我が国として寄与するために講ずる輸出等に係る禁止措置 の対象となるロシア連邦の団体（令和四年外務省告示第八十二号）,68 有限会社クラナーク,"68. Cranark Co., Ltd.",,,Kranark LLC,"所在地：14 Professora Kachalova Street, Letter A, Saint Petersburg, Russia, 192019.",2022 年03 月01 日,2025 年01 月10 日,https://www.meti.go.jp/policy/external_economy/trade_control/02_export/17_russia/250912_list_russia_tokutei.pdf
Russia, 国際平和のための国際的な努力に我が国として寄与するために講ずる輸出等に係る禁止措置 の対象となるロシア連邦の団体（令和四年外務省告示第八十二号）,69 レフ・アナトリエヴィチ・イェルショフ（エルショフ）,69. Lev Anatolyevich Yershov (Yershov),レフ・アナトリエヴィチ・イェルショフ,エルショフ,Lev Anatolyevich Yershov (Ershov),"所在地：Ul. Tsvetochnaya, d.25, k.3, St. Petersburg, Russia.",2022 年03 月01 日,2025 年01 月10 日,https://www.meti.go.jp/policy/external_economy/trade_control/02_export/17_russia/250912_list_russia_tokutei.pdf
Russia, 国際平和のための国際的な努力に我が国として寄与するために講ずる輸出等に係る禁止措置 の対象となるロシア連邦の団体（令和四年外務省告示第八十二号）,70 有限会社センター,"70 Center Co., Ltd.",,,LLC Center,"所在地：21 Yablochkova Street, Building 3, Floor 3, Premise VIII, Room 1L, Moscow, Russia, 127322.",2022 年03 月01 日,2025 年01 月10 日,https://www.meti.go.jp/policy/external_economy/trade_control/02_export/17_russia/250912_list_russia_tokutei.pdf
Russia, 国際平和のための国際的な努力に我が国として寄与するために講ずる輸出等に係る禁止措置 の対象となるロシア連邦の団体（令和四年外務省告示第八十二号）,71 レベジェフ名称MCST（別称、SPARCテクノロジー・モスクワ・センター、株式会社 MTSST 及び 非公開株式会社エルブルス MCST）,"71. Lebedev Name MCST (Also known as SPARC Technology Moscow Center, MTSST Inc., and privately held Elbrus Inc. MCST)",,,"MCST Lebedev, a.k.a., the following three aliases: -Moscow Center of SPARC Technologies; -AO MTSST; and -ZAO Elbrus-MCST.","所在地：1 Nagatinskaya Street, Moscow, 117105, Russia; and 51 Leninski Prospekt, Moscow, 119049, Russia.",2022 年03 月01 日,2025 年01 月10 日,https://www.meti.go.jp/policy/external_economy/trade_control/02_export/17_russia/250912_list_russia_tokutei.pdf
Russia, 国際平和のための国際的な努力に我が国として寄与するために講ずる輸出等に係る禁止措置 の対象となるロシア連邦の団体（令和四年外務省告示第八十二号）,72 ミアス機械・製造工場（別称、株式会社ミアス機械製造工場及び株式会社 MMZ）,"72. Mias Machinery and Manufacturing Plant (also known as Mias Machinery Manufacturing Plant Co., Ltd. and MMZ Co., Ltd.)",,,"Miass Machine-Building Factory, a.k.a., the following two aliases: -AO Miasskiy mashinostroitelnyy zavod; and -JSC MMZ.","所在地：1 Turgoyakskoye Highway, Miass, Chelyabinksaya Oblast, Russia, 456300.",2022 年03 月01 日,2025 年01 月10 日,https://www.meti.go.jp/policy/external_economy/trade_control/02_export/17_russia/250912_list_russia_tokutei.pdf
Russia, 国際平和のための国際的な努力に我が国として寄与するために講ずる輸出等に係る禁止措置 の対象となるロシア連邦の団体（令和四年外務省告示第八十二号）,73 ノヴォシビルスク・マイクロエレクトロニクス研究開発センター（別称、 KTIPM及びIFP KTIPM SO RAN）,73 Novosibirsk Microelectronics Research and Development Center (also known as KTIPM and IFP KTIPM SO RAN),,,"Microelectronic Research and Development Center Novosibirsk, a.k.a. the following two aliases: -KTIPM; and -IFP KTIPM SO RAN.","所在地：8 Nikolayeva Street, Novosibirsk, Russia, 630090; and 2/1 Akademika Lavrentyeva Avenue, Novosibirsk, Russia, 630090.",2022 年03 月01 日,2025 年01 月10 日,https://www.meti.go.jp/policy/external_economy/trade_control/02_export/17_russia/250912_list_russia_tokutei.pdf
Russia, 国際平和のための国際的な努力に我が国として寄与するために講ずる輸出等に係る禁止措置 の対象となるロシア連邦の団体（令和四年外務省告示第八十二号）,74 MPI VOLNA （別称、マシュプリボリントルグ・ヴォルナ及びマシュプリボリントルグウェーブ）,74 MPI VOLNA (also known as Mashpriborintorg Volna and Mashpriborintorg Wave),,,"MPI VOLNA, a.k.a., the following two aliases: -Mashpriborintorg-Volna; and -Mashpriborintorg Wave.","所在地：4A Plekhanova Street, Unit XII, Floor 2, Moscow, Russia, 111123; and 29 Entuziastov Highway, Balashikha, Moskovskaya Oblast, Russia, 143907.",2022 年03 月01 日,2025 年01 月10 日,https://www.meti.go.jp/policy/external_economy/trade_control/02_export/17_russia/250912_list_russia_tokutei.pdf
Russia, 国際平和のための国際的な努力に我が国として寄与するために講ずる輸出等に係る禁止措置 の対象となるロシア連邦の団体（令和四年外務省告示第八十二号）,75 ドレジャリ名称レーニン勲章エネルギー工学研究設計研究所（別称、株式会社ドレジャリ名称 レーニン勲章エネルギー工学研究設計研究所及び株式会社 NIKIET）,"75. Drejari Lenin Order Energy Engineering Research and Design Institute (also known as Drejari Lenin Order Energy Engineering Research and Design Institute Co., Ltd. and NIKIET Co., Ltd.)",,,"N.A. Dollezhal Order of Lenin Research and Design Institute of Power Engineering, a.k.a., the following two aliases: -JSC Order of Lenin Research and Design Institute of Energy Engineering named after N. A. Dollezhal; and -JSC NIKIET.","所在地：2/8 Krasnosel’skaya Street, Moscow, Russia, 107140.",2022 年03 月01 日,2025 年01 月10 日,https://www.meti.go.jp/policy/external_economy/trade_control/02_export/17_russia/250912_list_russia_tokutei.pdf
Russia, 国際平和のための国際的な努力に我が国として寄与するために講ずる輸出等に係る禁止措置 の対象となるロシア連邦の団体（令和四年外務省告示第八十二号）,76 ネルパ造船所（別称、SRZネルパ）,76 Nerpa Shipyard (also known as SRZ Nerpa),,,"Nerpa Shipyard, a.k.a., the following one alias: -SRZ Nerpa.","所在地：Snezhnogorsk, Murmansk Region, Russia, 184682.",2022 年03 月01 日,2025 年01 月10 日,https://www.meti.go.jp/policy/external_economy/trade_control/02_export/17_russia/250912_list_russia_tokutei.pdf
Russia, 国際平和のための国際的な努力に我が国として寄与するために講ずる輸出等に係る禁止措置 の対象となるロシア連邦の団体（令和四年外務省告示第八十二号）,77 NMテック,77 NM Tech,,,NM-Tekh,"所在地：4A Solnechnaya, House 6, Floor 1, Apartment XII, Office 4, Zelenograd, Moscow Oblast, Russia.",2022 年03 月01 日,2025 年01 月10 日,https://www.meti.go.jp/policy/external_economy/trade_control/02_export/17_russia/250912_list_russia_tokutei.pdf
Russia, 国際平和のための国際的な努力に我が国として寄与するために講ずる輸出等に係る禁止措置 の対象となるロシア連邦の団体（令和四年外務省告示第八十二号）,78 株式会社ノヴォロシスク造船（別称、公開株式会社ノヴォロシスキー・スドレモントニー・ザ ヴォード及び株式会社 NSRZ）,"78 Novorossiysk Shipbuilding Co., Ltd. (also known as Novorossiysk Sudremontony Zavod Public Corporation and NSRZ Corporation)",,,"Novorossiysk Shipyard JSC, a.k.a., the following two aliases:-OAO Novorossiyskiy sudoremontnyy zavod; and
-JSC NSRZ.","所在地：Sukhumskoye Highway, Novorossiysk, Krasnodarskiy Krai, Russia, 353902.",2022 年03 月01 日,2025 年01 月10 日,https://www.meti.go.jp/policy/external_economy/trade_control/02_export/17_russia/250912_list_russia_tokutei.pdf
Russia, 国際平和のための国際的な努力に我が国として寄与するために講ずる輸出等に係る禁止措置 の対象となるロシア連邦の団体（令和四年外務省告示第八十二号）,79 学術生産公団電子システム（別称、学術生産公団エレクトリックシステム、学術生産公団エレクトロンニエシステム及び NPOS ES）,"79. Science and Production Corporation Electronic Systems (also known as Science and Production Corporation Electric Systems, Science and Production Corporation Electronnier Systems, and NPOS ES)",,,"NPO Electronic Systems, a.k.a., the following three aliases: -NPO Electric Systems; -NPO Elektronnye Sistemy; and -NPOS ES.","所在地：6 Kievskaya Street, St. Petersburg, Russia, 196084.",2022 年03 月01 日,2025 年01 月10 日,https://www.meti.go.jp/policy/external_economy/trade_control/02_export/17_russia/250912_list_russia_tokutei.pdf
Russia, 国際平和のための国際的な努力に我が国として寄与するために講ずる輸出等に係る禁止措置 の対象となるロシア連邦の団体（令和四年外務省告示第八十二号）,80 NPPイストック,80 NPP iStock,,,NPP Istok,"所在地：19 Zavodskaya, Chernukha, Arzamasski District, Nizhegorodskaya Oblast, Russia, 607210; and 4A Okruzhnoi Thoroughfare, Fryazino, Moscovskaya Oblast, Russia, 141190;
and 2A Vokzalnaya, Fryazino, Moskovaskaya Oblast, Russia, 141190.",2022 年03 月01 日,2025 年01 月10 日,https://www.meti.go.jp/policy/external_economy/trade_control/02_export/17_russia/250912_list_russia_tokutei.pdf
Russia, 国際平和のための国際的な努力に我が国として寄与するために講ずる輸出等に係る禁止措置 の対象となるロシア連邦の団体（令和四年外務省告示第八十二号）,81 NTCメトロテック（別称、メトロテック、メトロテックインジニアリング、科学テクノロジ ー・センター・メトロテック及び NTTS メトロテック）,"81 NTC MetroTec (also known as MetroTec, MetroTec Engineering, Science and Technology Center MetroTec, and NTTS MetroTec)",,,"NTC Metrotek, a.k.a., the following four aliases:-Metrotek; -Metrotek Inzhiniring; -Nauchno-Tekhnicheskee Tsentr Metrotek; and -NTTS Metrotek.","所在地：21 Yablochkova Street, Moscow, Russia, 127322; and 27 Kolomyazhsky Avenue, 4th Floor, St. Petersburg, Russia, 197341.",2022 年03 月01 日,2025 年01 月10 日,https://www.meti.go.jp/policy/external_economy/trade_control/02_export/17_russia/250912_list_russia_tokutei.pdf
Russia, 国際平和のための国際的な努力に我が国として寄与するために講ずる輸出等に係る禁止措置 の対象となるロシア連邦の団体（令和四年外務省告示第八十二号）,82 公開株式会社ゴスニイクヒムアナリット（別称、国立化学・分析研究所）,82. Gosnikhim Analyt Inc. (also known as the National Institute of Chemical and Analytical Research),,,"OAO GosNIIkhimanalit, a.k.a., the following one alias: -State Research Chemical-Analytical Institute.","所在地：17 Bumazhnaya Street, St. Petersburg, Russia, 190020.",2022 年03 月01 日,2025 年01 月10 日,https://www.meti.go.jp/policy/external_economy/trade_control/02_export/17_russia/250912_list_russia_tokutei.pdf
Russia, 国際平和のための国際的な努力に我が国として寄与するために講ずる輸出等に係る禁止措置 の対象となるロシア連邦の団体（令和四年外務省告示第八十二号）,83 公開株式会社スヴェトロフスコエ・プレドプリヤティエ・エラ（別称、株式会社スヴェトロフ スコエ・プレドプリヤティエ・エラ及び SPエラ）,"83. Public Company Limited Svetlovskoye Predpriyatye Ella (also known as Svetlovskoye Predpriyatye Ella Co., Ltd. and SP Ella)",,,"OAO Svetlovskoye Predpriyatiye Era, a.k.a., the following two aliases: -JSC Svetlovskoye Predpriyatiye Era; and -SP Era.","所在地：1 L. Chaikinoi St., Svetly, Kaliningradskaya obl., 238340, Russia.",2022 年03 月01 日,2025 年01 月10 日,https://www.meti.go.jp/policy/external_economy/trade_control/02_export/17_russia/250912_list_russia_tokutei.pdf
Russia, 国際平和のための国際的な努力に我が国として寄与するために講ずる輸出等に係る禁止措置 の対象となるロシア連邦の団体（令和四年外務省告示第八十二号）,84 公開株式会社TSRY（別称、公開株式会社トゥアプセ船舶修理プラント）,84. TSRY Corporation (also known as Tuapse Ship Repair Plant Corporation),,,"OJSC TSRY, a.k.a., the following one alias: -OJSC Tuapse Ship Repair Plant.","所在地：11 Maksima Gorkogo Street, Tuapsinski District, Tuapse, Krasnodarski Krai, Russia, 352800.",2022 年03 月01 日,2025 年01 月10 日,https://www.meti.go.jp/policy/external_economy/trade_control/02_export/17_russia/250912_list_russia_tokutei.pdf
Russia, 国際平和のための国際的な努力に我が国として寄与するために講ずる輸出等に係る禁止措置 の対象となるロシア連邦の団体（令和四年外務省告示第八十二号）,85 有限会社エルコムテック（Elkomtex）,"85 Elkomtex Co., Ltd.",有限会社エルコムテック,Elkomtex ,OOO Elkomtekh (Elkomtex),"所在地：Shkapina Street, 32/34 D, St. Petersburg, Russia 198095.",2022 年03 月01 日,2025 年01 月10 日,https://www.meti.go.jp/policy/external_economy/trade_control/02_export/17_russia/250912_list_russia_tokutei.pdf
Russia, 国際平和のための国際的な努力に我が国として寄与するために講ずる輸出等に係る禁止措置 の対象となるロシア連邦の団体（令和四年外務省告示第八十二号）,86 有限会社プラナール,"86 Planar Co., Ltd.",,,OOO Planar,"所在地：Office 1, Dom 76, Likhvintseva St., Izhevsk, Republic of Udmurt, Russia 426034; and 8th March Street, Dom 16, Izhevsk, Republic of Udmurt, Russia 426034; and Dom 19,
Bazisnaya St., Izhevsk, Republic of Udmurt, Russia 426034.",2022 年03 月01 日,2025 年01 月10 日,https://www.meti.go.jp/policy/external_economy/trade_control/02_export/17_russia/250912_list_russia_tokutei.pdf
Russia, 国際平和のための国際的な努力に我が国として寄与するために講ずる輸出等に係る禁止措置 の対象となるロシア連邦の団体（令和四年外務省告示第八十二号）,87 有限会社セルタル（別称、セルニア、セルニヤ及び Sertal LLC）,"87. Sertal LLC (also known as Sernia, Sernia, and Sertal LLC)",,,"OOO Sertal, a.k.a., the following three aliases: -Sernia; -Serniya; and -Sertal LLC.","所在地：21 Yablochkova Street, Building 3, Floor 3, Apartment VIII, Room 11, Moscow, Russia, 27322.",2022 年03 月01 日,2025 年01 月10 日,https://www.meti.go.jp/policy/external_economy/trade_control/02_export/17_russia/250912_list_russia_tokutei.pdf
Russia, 国際平和のための国際的な努力に我が国として寄与するために講ずる輸出等に係る禁止措置 の対象となるロシア連邦の団体（令和四年外務省告示第八十二号）,88 有限責任事業組合フォトンプロ（別称、フォトンプロ）,88 Photon Pro Limited Liability Partnership (also known as Photon Pro),,,"Photon Pro LLP, a.k.a., the following one alias: -Photon Pro.","所在地：3 Lodygina Street, Saransk, Mordovia Republic, Russia, 430034.",2022 年03 月01 日,2025 年01 月10 日,https://www.meti.go.jp/policy/external_economy/trade_control/02_export/17_russia/250912_list_russia_tokutei.pdf
Russia, 国際平和のための国際的な努力に我が国として寄与するために講ずる輸出等に係る禁止措置 の対象となるロシア連邦の団体（令和四年外務省告示第八十二号）,89 公共株式会社ズヴェズダ,89 Zvezda Public Corporation,,,PJSC Zvezda,"所在地：123 Babushkina Street, St. Petersburg, Russia, 192012.",2022 年03 月01 日,2025 年01 月10 日,https://www.meti.go.jp/policy/external_economy/trade_control/02_export/17_russia/250912_list_russia_tokutei.pdf
Russia, 国際平和のための国際的な努力に我が国として寄与するために講ずる輸出等に係る禁止措置 の対象となるロシア連邦の団体（令和四年外務省告示第八十二号）,90 ストレラ生産連合体,90 Strella Production Association,,,Production Association Strela,"所在地：26 Shevchenko Street, Orenburg, Russia, 460005.",2022 年03 月01 日,2025 年01 月10 日,https://www.meti.go.jp/policy/external_economy/trade_control/02_export/17_russia/250912_list_russia_tokutei.pdf
Russia, 国際平和のための国際的な努力に我が国として寄与するために講ずる輸出等に係る禁止措置 の対象となるロシア連邦の団体（令和四年外務省告示第八十二号）,91 ラジオオートマティック（別称、有限会社テストプレシジョン）,"91 Radio Automatic (also known as Test Precision Co., Ltd.)",,,"Radioavtomatika, a.k.a., the following one alias: -Testprecision LLC.","所在地：33 Gagarina, Reutov, Moscow Oblast, Russia, 143966; and 1 Komsomolskaya, Podolsk, Moscow Oblast, Russia, 142100; and 5 B Maliy Avenue P.S., St. Petersburg,
Russia, 194044; and 2A Severnaya, Vladimir, Vladimirskaya Oblast, Russia, 600007; and
11 Zolotorozhski Val, Moscow, Russia, 111033.",2022 年03 月01 日,2025 年01 月10 日,https://www.meti.go.jp/policy/external_economy/trade_control/02_export/17_russia/250912_list_russia_tokutei.pdf
Russia, 国際平和のための国際的な努力に我が国として寄与するために講ずる輸出等に係る禁止措置 の対象となるロシア連邦の団体（令和四年外務省告示第八十二号）,92 モジュール研究センター（別称、NTTs モジュール科学技術研究センター及び非公開株式会社 STCモジュール）,92 Module Research Center (also known as NTTs Module Science and Technology Research Center and the unlisted STC Module Corporation),,,"Research Center Module, a.k.a., the following two aliases: -NTTs Science and Technology Research Center Module; and -CJSC STC Module.","所在地：3 8 Marta 4th Street, Moscow, Russia, 123557.",2022 年03 月01 日,2025 年01 月10 日,https://www.meti.go.jp/policy/external_economy/trade_control/02_export/17_russia/250912_list_russia_tokutei.pdf
Russia, 国際平和のための国際的な努力に我が国として寄与するために講ずる輸出等に係る禁止措置 の対象となるロシア連邦の団体（令和四年外務省告示第八十二号）,93 ロビン貿易有限会社（別称、ロビントリエド）,"93 Robin Trading Co., Ltd. (also known as Robin Triedo)",,,"Robin Trade Limited, a.k.a., the following one alias: -Robin Tried.","所在地：21 Yablochkova Street, Building 3, Room VII, Moscow, Russia, 127322.",2022 年03 月01 日,2025 年01 月10 日,https://www.meti.go.jp/policy/external_economy/trade_control/02_export/17_russia/250912_list_russia_tokutei.pdf
Russia, 国際平和のための国際的な努力に我が国として寄与するために講ずる輸出等に係る禁止措置 の対象となるロシア連邦の団体（令和四年外務省告示第八十二号）,94 Ｒ．Ｅ．アレクセーエフ水中翼船中央設計局（別称、公開株式会社Ｒ．Ｅ．アレクセーエフ名 称水中翼船中央設計局及び株式会社アレクセーエフ水中翼船設計局）,"94 R. E. Alexeyev Hydrofoil Central Design Bureau (also known as R. E. Alexeyev Hydrofoil Central Design Bureau, a publicly traded company, and Alexeyev Hydrofoil Design Bureau, a private company)",,,"R.Ye. Alekseyev Central Design Bureau for Hydrofoil Ships, a.k.a., the following two aliases: -OAO Tsentralnoye Konstructorskoye byuro po sudam na podvodnqkh krylyakh imeni R.E. Alekseyeva; and -JSC Alexeev’s Hydrofoil Design Bureau.","所在地：51 Svobody Street, Nizhnyy Novgorod, Russia, 603003; and 5 Alekseeva Street, Kuznetsovo Village, Chkalovskiy District, Nizhny Novgorod Oblast, Russia, 606549; and
29 Alpiyskiy Line, St. Petersburg, Russia, 192286.",2022 年03 月01 日,2025 年01 月10 日,https://www.meti.go.jp/policy/external_economy/trade_control/02_export/17_russia/250912_list_russia_tokutei.pdf
Russia, 国際平和のための国際的な努力に我が国として寄与するために講ずる輸出等に係る禁止措置 の対象となるロシア連邦の団体（令和四年外務省告示第八十二号）,95 ルビン・セーヴェル設計局（別称、株式会社ルビン・セーヴェル、公共株式会社ルビン・セーヴェル建設局及び株式会社「ルビン・セーヴェル建設局」）,"95. Rubin Severe Design Office (also known as Rubin Severe Ltd., Rubin Severe Construction Office Public Corporation, and Rubin Severe Construction Office Corporation)",,,"Rubin Sever Design Bureau, a.k.a., the following three aliases: -Rubin Sever AO; -Konstruktorskoe Byuro Rubin-Sever, PAO; and -Aktsionernoe Obshchestvo “Konstruktorskoe Byuro “Rubin-Sever”.","所在地：58 Arkhangelskoe Highway, Severodvinsk, Arkhangelskaya Oblast, Russia, 164500.",2022 年03 月01 日,2025 年01 月10 日,https://www.meti.go.jp/policy/external_economy/trade_control/02_export/17_russia/250912_list_russia_tokutei.pdf
Russia, 国際平和のための国際的な努力に我が国として寄与するために講ずる輸出等に係る禁止措置 の対象となるロシア連邦の団体（令和四年外務省告示第八十二号）,96 ロシア・スペース・システム（RKS）,96 Russian Space Systems (RKS),ロシア・スペース・システム,RKS,Russian Space Systems (RKS),"所在地：222 Sosnovaya, Tsiolkovski, Amurskaya Oblast, Russia, 676470; and 53G Aviamotornaya, Moscow, Russia, 111024; and 51 Dekabristov, Moscow, Russia, 127490.",2022 年03 月01 日,2025 年01 月10 日,https://www.meti.go.jp/policy/external_economy/trade_control/02_export/17_russia/250912_list_russia_tokutei.pdf
Russia, 国際平和のための国際的な努力に我が国として寄与するために講ずる輸出等に係る禁止措置 の対象となるロシア連邦の団体（令和四年外務省告示第八十二号）,97 リビンスク造船エンジニアリング（別称、非公開株式会社リビンスカヤ・ワーフ・インジニア リング）,"97. Ryvinsk Shipbuilding Engineering (also known as Ryvinskaya Wharf Engineering, a privately held company)",,,"Rybinsk Shipyard Engineering, a.k.a., the following one alias: -ZAO Rybinskaya verf - inzhenering.","所 在 地 ： 1A Sudostroitelnaya Street, Sudoverf Village, Rybinskiy Districy, Yaroslavskaya Oblast, Russia, 152978.",2022 年03 月01 日,2025 年01 月10 日,https://www.meti.go.jp/policy/external_economy/trade_control/02_export/17_russia/250912_list_russia_tokutei.pdf
Russia, 国際平和のための国際的な努力に我が国として寄与するために講ずる輸出等に係る禁止措置 の対象となるロシア連邦の団体（令和四年外務省告示第八十二号）,98 応用化学科学研究所（別称、連邦研究生産センター・応用化学研究所及び NIIPH）,98. Institute of Applied Chemistry (also known as the Federal Research and Production Center for Applied Chemistry and NIIPH),,,"Scientific Research Institute of Applied Chemistry, a.k.a., the following two aliases: -Federal Research and Production Center Research Institute of Applied Chemistry; and -NIIPH.","所在地：3 Academician Silina Street, Sergiev Posad, Moscow Oblast, Russia, 141313.",2022 年03 月01 日,2025 年01 月10 日,https://www.meti.go.jp/policy/external_economy/trade_control/02_export/17_russia/250912_list_russia_tokutei.pdf
Russia, 国際平和のための国際的な努力に我が国として寄与するために講ずる輸出等に係る禁止措置 の対象となるロシア連邦の団体（令和四年外務省告示第八十二号）,99 電子科学研究所（別称、株式会社電子科学研究所及び株式会社科学研究）,"99. Electronic Science Research Institute (also known as Electronic Science Research Institute Co., Ltd. and Scientific Research Co., Ltd.)",,,"Scientific-Research Institute of Electronics (NIIET), a.k.a., the following two aliases: -AO Scientific Research Institute of Electronics; and -AO Scientific Research.","所在地：119A Prospekt Leninski, Voronezh, Voronezhskaya Oblast, Russia, 394033; and 5 Starykh Bolshevikov, Voronezh, Voronezhskaya Oblast, Russia, 394033.",2022 年03 月01 日,2025 年01 月10 日,https://www.meti.go.jp/policy/external_economy/trade_control/02_export/17_russia/250912_list_russia_tokutei.pdf
Russia, 国際平和のための国際的な努力に我が国として寄与するために講ずる輸出等に係る禁止措置 の対象となるロシア連邦の団体（令和四年外務省告示第八十二号）,100 極超音速システム科学研究所（別称、持株会社レニネツ極超音速システム科学研究所）,100 Hypersonic Systems Science Institute (also known as the Leninets Hypersonic Systems Science Institute Holding Company),,,"Scientific Research Institute of Hypersonic Systems, a.k.a., the following one alias:
-Hypersonic System Research Institute of holding company Leninetz.","所在地：212 Mosckovsky Avenue, St. Petersburg, Russia, 196066.",2022 年03 月01 日,2025 年01 月10 日,https://www.meti.go.jp/policy/external_economy/trade_control/02_export/17_russia/250912_list_russia_tokutei.pdf
Russia, 国際平和のための国際的な努力に我が国として寄与するために講ずる輸出等に係る禁止措置 の対象となるロシア連邦の団体（令和四年外務省告示第八十二号）,101 NIIサブミクロン科学研究所,101 NII Submicron Research Institute,,,Scientific Research Institute NII Submikron,"所在地：5 Street 2, Proskpekt Georgievski, Zelenograd, Moscow, Russia, 124498.",2022 年03 月01 日,2025 年01 月10 日,https://www.meti.go.jp/policy/external_economy/trade_control/02_export/17_russia/250912_list_russia_tokutei.pdf
Russia, 国際平和のための国際的な努力に我が国として寄与するために講ずる輸出等に係る禁止措置 の対象となるロシア連邦の団体（令和四年外務省告示第八十二号）,102 セルゲイ・イオノフ,102 Sergei Ionov,,,Sergey IONOV,"所在地：Marshala Govorova Str. 40, Lit. A, Office 34, St. Petersburg 198095, Russia.",2022 年03 月01 日,2025 年01 月10 日,https://www.meti.go.jp/policy/external_economy/trade_control/02_export/17_russia/250912_list_russia_tokutei.pdf
Russia, 国際平和のための国際的な努力に我が国として寄与するために講ずる輸出等に係る禁止措置 の対象となるロシア連邦の団体（令和四年外務省告示第八十二号）,103 セルニヤエンジニアリング（別称、セルニアエンジニアリング）,103 Cernia Engineering (also known as Cernia Engineering),,,"Serniya Engineering, a.k.a., the following one alias: -Sernia Engineering.","所在地：57A Vavilova Street, Floor 2, Apartment 211, Room 211-3, Moscow, Russia, 117292; and 20 Ogorodnyy Driveway, Building 27, Floor 6, Office 8, Moscow, Russia, 127322; and 167B Rodionova Street, Nizhniy Novgorod, Russia; and 270 Ligovsky Avenue, Section B, Office 2201, Saint Petersburg, Russia, 196084; and 12 Sibirskiy Tract, Building 1A, Yekaterinburg, Russia.",2022 年03 月01 日,2025 年01 月10 日,https://www.meti.go.jp/policy/external_economy/trade_control/02_export/17_russia/250912_list_russia_tokutei.pdf
Russia, 国際平和のための国際的な努力に我が国として寄与するために講ずる輸出等に係る禁止措置 の対象となるロシア連邦の団体（令和四年外務省告示第八十二号）,104 セーヴェルナヤ・ワーフ造船工場（別称、公開株式会社セーヴェルナヤ・ワーフ造船プラン ト）,"104 Severnaya Wharf Shipyard (also known as Severnaya Wharf Shipyard, a publicly traded company)",,,"Severnaya Verf Shipbuilding Factory, a.k.a., the following one alias: -OJSC Shipbuilding Plant Severnaya Verf.","所在地：6 Korabelnaya Street, St. Petersburg, Russia, 198096.",2022 年03 月01 日,2025 年01 月10 日,https://www.meti.go.jp/policy/external_economy/trade_control/02_export/17_russia/250912_list_russia_tokutei.pdf
Russia, 国際平和のための国際的な努力に我が国として寄与するために講ずる輸出等に係る禁止措置 の対象となるロシア連邦の団体（令和四年外務省告示第八十二号）,105 ズヴョーズダチカ船舶整備センター（別称、株式会社ズヴョーズダチカ船舶修理センター、ズヴョーズダチカCS 及びFL5船舶修理工場株式会社 TSSズヴョーズダチカ）,"105 Zvyozdachka Ship Maintenance Center (also known as Zvyozdachka Ship Repair Center Co., Ltd., Zvyozdachka CS, and FL5 Ship Repair Plant Co., Ltd. TSS Zvyozdachka)",,,"Ship Maintenance Center Zvezdochka, a.k.a., the following three aliases: -Zvezdochka Ship Repair Center JSC; -Zvezdochka CS; and -FL 5 Suderemontny Zavod AO TSS Zvezdochka.","所在地：12 Mashinostroiteley Passage, Severodvinsk, Arkhangelsk Region, Russia,",2022 年03 月01 日,2025 年01 月10 日,https://www.meti.go.jp/policy/external_economy/trade_control/02_export/17_russia/250912_list_russia_tokutei.pdf
Russia, 国際平和のための国際的な努力に我が国として寄与するために講ずる輸出等に係る禁止措置 の対象となるロシア連邦の団体（令和四年外務省告示第八十二号）,106 政府航空システム科学研究実験場（GkNIPAS）（別称、L.K.サフロノフ名称連邦政府航空システム研究・試験場）,106. Government Aviation Systems Scientific Research and Experimental Site (GkNIPAS) (also known as the L.K. Safronov Government Aviation Systems Research and Test Site),政府航空システム科学研究実験場（GkNIPAS）,GkNIPAS; L.K.サフロノフ名称連邦政府航空システム研究・試験場,"State Governmental Scientific Testing Area of Aircraft Systems (GkNIPAS), a.k.a., the following one alias:
-Federal State Enterprise State Research and Testing Ground for Aviation Systems
named after L.K. Safronov.","所在地：59 Lesnaya Street, 1st Microdistrict, Beloozersky, Voskresensk, Moscow Oblast, Russia, 140250.",2022 年03 月01 日,2025 年01 月10 日,https://www.meti.go.jp/policy/external_economy/trade_control/02_export/17_russia/250912_list_russia_tokutei.pdf
Russia, 国際平和のための国際的な努力に我が国として寄与するために講ずる輸出等に係る禁止措置 の対象となるロシア連邦の団体（令和四年外務省告示第八十二号）,107 ラドゥガ国立機械建築設計局,107 Raduga National Mechanical and Architectural Design Office,,,State Machine Building Design Bureau Raduga,"所在地：2A Zhuckovskiy Street, Dubna, Moscow Oblast, Russia, 14980.",2022 年03 月01 日,2025 年01 月10 日,https://www.meti.go.jp/policy/external_economy/trade_control/02_export/17_russia/250912_list_russia_tokutei.pdf
Russia, 国際平和のための国際的な努力に我が国として寄与するために講ずる輸出等に係る禁止措置 の対象となるロシア連邦の団体（令和四年外務省告示第八十二号）,108 国立科学センター株式会社 GNTs RF – FEI A.I. レイプンスキー・フィスコ－・エネルギー・ センター（別称、レイプンスキー物理学・電力工学センター及び IPPE）,108 National Science Center Corporation GNTs RF – FEI A.I. Leipnsky-Fisko Energy Center (also known as Leipnsky Center for Physics and Power Engineering and IPPE),,,"State Scientific Center AO GNTs RF – FEI A.I. Leypunskiy Physico-Energy Institute, a.k.a., the following two aliases:
-Leypunsky Institute of Physics and Power Engineering; and
-IPPE.","所在地：1 Bondarenko Square, Obninsk, Kaluga Oblast, Russia, 249020.",2022 年03 月01 日,2025 年01 月10 日,https://www.meti.go.jp/policy/external_economy/trade_control/02_export/17_russia/250912_list_russia_tokutei.pdf
Russia, 国際平和のための国際的な努力に我が国として寄与するために講ずる輸出等に係る禁止措置 の対象となるロシア連邦の団体（令和四年外務省告示第八十二号）,109 バヒレフ国立機械製造科学研究所（GosNIIMash）（別称、株式会社機械工学科学研究所、V.V. バヒレフ名称国立機械工学研究所及び GosNIImash）,"109. Bakhirev National Institute of Mechanical Engineering Science (GosNIIMash) (also known as the Institute of Mechanical Engineering Science Co., Ltd., the V.V. Bakhirev National Institute of Mechanical Engineering, and GosNIIMash)",バヒレフ国立機械製造科学研究所（GosNIIMash）,株式会社機械工学科学研究所; V.V. バヒレフ名称国立機械工学研究所; GosNIImash,"State Scientific Research Institute of Machine Building Bakhirev (GosNIImash), a.k.a., the following three aliases: -JSC Scientific Research Institute for Mechanical Engineering;
-State Research Institute of Mechanical Engineering named after. V.V. Bakhireva;
and
-GosNIImash.","所在地：11A Sverdlova Thoroughfare, Dzerzhinsk, Russia, 606002.",2022 年03 月01 日,2025 年01 月10 日,https://www.meti.go.jp/policy/external_economy/trade_control/02_export/17_russia/250912_list_russia_tokutei.pdf
Russia, 国際平和のための国際的な努力に我が国として寄与するために講ずる輸出等に係る禁止措置 の対象となるロシア連邦の団体（令和四年外務省告示第八十二号）,110 トムスク・マイクロ波フォトニック集積回路モジュール集合設計センター（別称、TUSUR電子 研究会社）,110 Tomsk Microwave Photonic Integrated Circuit Module Assembly Design Center (also known as TUSUR Electronics Research Company),,,"Tomsk Microwave and Photonic Integrated Circuits and Modules Collective Design Center, a.k.a., the following one alias:
-TUSUR-Electronica Research Company.","所在地：147 Krasnoarmeyskay Street, Office 101, Tomsk, Russia 634045; and 19 Gvardeyskoy Divizii Street, Office 64, 15, Tomsk, Russia, 634045.",2022 年03 月01 日,2025 年01 月10 日,https://www.meti.go.jp/policy/external_economy/trade_control/02_export/17_russia/250912_list_russia_tokutei.pdf
Russia, 国際平和のための国際的な努力に我が国として寄与するために講ずる輸出等に係る禁止措置 の対象となるロシア連邦の団体（令和四年外務省告示第八十二号）,111 非公開株式会社ペラ・フィヨルド,111 Private Company Perafjord,,,UAB Pella-Fjord,"所在地：4 Tsentralnaya Street, Kirovski District, Otradnoe, Leningradskaya Oblast, Russia, 187330.",2022 年03 月01 日,2025 年01 月10 日,https://www.meti.go.jp/policy/external_economy/trade_control/02_export/17_russia/250912_list_russia_tokutei.pdf
Russia, 国際平和のための国際的な努力に我が国として寄与するために講ずる輸出等に係る禁止措置 の対象となるロシア連邦の団体（令和四年外務省告示第八十二号）,112 株式会社統一造船会社「第 35 造船所」（別称、株式会社「船舶修理センター」「第 35 船舶修 理工場」 支社 「ズヴョーズダチカ」）,"112. United Shipbuilding Co., Ltd. ""Shipyard No. 35"" (also known as ""Ship Repair Center Co., Ltd."", ""Ship Repair Plant No. 35"", and its branch ""Zvyozdachka"")",,,"United Shipbuilding Corporation JSC “35th Shipyard”, a.k.a., the following one alias:
-Filial “35 sudoremontny zavod” Aktsionernogo obshchestva “Tsentr sudoremonta”
“Zvezdochka”.","所在地：100 Admirala Flota Lobova, Murmansk, Russia, 183017; and 100 A Street, Lobova, Russia, 183017.",2022 年03 月01 日,2025 年01 月10 日,https://www.meti.go.jp/policy/external_economy/trade_control/02_export/17_russia/250912_list_russia_tokutei.pdf
Russia, 国際平和のための国際的な努力に我が国として寄与するために講ずる輸出等に係る禁止措置 の対象となるロシア連邦の団体（令和四年外務省告示第八十二号）,113 株式会社統一造船会社「アストラハン造船所」（別称、ストラハンスキー造船所）,"113. United Shipbuilding Company ""Astrakhan Shipyard"" (also known as Strahansky Shipyard)",,,"United Shipbuilding Corporation JSC “Astrakhan Shipyard”, a.k.a., the following one alias:
-Strahansky Shipyard.","所在地：37 Atarbekova, Astrakhan 414009, Russia.",2022 年03 月01 日,2025 年01 月10 日,https://www.meti.go.jp/policy/external_economy/trade_control/02_export/17_russia/250912_list_russia_tokutei.pdf
Russia, 国際平和のための国際的な努力に我が国として寄与するために講ずる輸出等に係る禁止措置 の対象となるロシア連邦の団体（令和四年外務省告示第八十二号）,114 株式会社統一造船会社「アイスベルグ中央設計建設」（別称、アイスバーグ中央設計局）,"114. United Shipbuilding Co., Ltd. ""Iceberg Central Design and Construction"" (also known as Iceberg Central Design Bureau)",,,"United Shipbuilding Corporation JSC “Aysberg Central Design Building”, a.k.a., the following one alias: -Iceberg Central Design Bureau.","所在地：36 Bolshoi Avenue V. I., St. Petersburg, Russia, 199034.",2022 年03 月01 日,2025 年01 月10 日,https://www.meti.go.jp/policy/external_economy/trade_control/02_export/17_russia/250912_list_russia_tokutei.pdf
Russia, 国際平和のための国際的な努力に我が国として寄与するために講ずる輸出等に係る禁止措置 の対象となるロシア連邦の団体（令和四年外務省告示第八十二号）,115 株式会社統一造船会社 「バルティック造船工場」（別称、株式会社バルティック工場及びバ ルティック造船所）,"115. United Shipbuilding Co., Ltd. ""Baltic Shipyard"" (also known as Baltic Shipyard Co., Ltd. and Baltic Shipyard)",,,"United Shipbuilding Corporation JSC “Baltic Shipbuilding Factory”, a.k.a., the following two aliases:
-JSC Baltiski Zavod; and
-Baltic Shipyard.","所在地：16 Kosaya Liniya Street, St. Petersburg, Russia, 199106.",2022 年03 月01 日,2025 年01 月10 日,https://www.meti.go.jp/policy/external_economy/trade_control/02_export/17_russia/250912_list_russia_tokutei.pdf
Russia, 国際平和のための国際的な努力に我が国として寄与するために講ずる輸出等に係る禁止措置 の対象となるロシア連邦の団体（令和四年外務省告示第八十二号）,116 株式会社統一造船会社「公開株式会社クラースナエ・ソルモヴォ・プラント」（別称、公共株 式会社クラースナエ・ソルモヴォ工場）,"116. Unified Shipbuilding Company, Ltd. ""Krasnaye Sormovo Plant, Ltd."" (also known as Krasnaye Sormovo Plant, Ltd.)",,,"United Shipbuilding Corporation JSC “Krasnoye Sormovo Plant OJSC”, a.k.a., the following one alias:
-Zavod Krasnoe Sormovo, PAO.","所在地：1 Barrikad Street, Nizhni Novgorod, Nizhegorodskaya Oblast, Russia, 603003.",2022 年03 月01 日,2025 年01 月10 日,https://www.meti.go.jp/policy/external_economy/trade_control/02_export/17_russia/250912_list_russia_tokutei.pdf
Russia, 国際平和のための国際的な努力に我が国として寄与するために講ずる輸出等に係る禁止措置 の対象となるロシア連邦の団体（令和四年外務省告示第八十二号）,117 株式会社統一造船会社「株式会社ズヴョーズダチカ」（別称、株式会社「船舶修理センター・ズヴョーズダチカ」 「アストラハンスキー・船舶修理工場」支社）,"117. Unified Shipbuilding Company, Ltd. ""Zvyozdachka Corporation"" (also known as ""Ship Repair Center Zvyozdachka Corporation"" and ""Astrakhansky Ship Repair Plant"" branch)",,,"United Shipbuilding Corporation JSC “SC “Zvyozdochka”, a.k.a., the following one alias:
-Filial “Astrakhanski Sudoremontny Zavod” Aktsionernogo Obshchestva “Tsentr sudoremonta “Zvezdochka”.","所在地：37 Atarbekova, Astrakhan, Astrakhanskaya Oblast, Russia, 414009.",2022 年03 月01 日,2025 年01 月10 日,https://www.meti.go.jp/policy/external_economy/trade_control/02_export/17_russia/250912_list_russia_tokutei.pdf
Russia, 国際平和のための国際的な努力に我が国として寄与するために講ずる輸出等に係る禁止措置 の対象となるロシア連邦の団体（令和四年外務省告示第八十二号）,118 統一造船会社「プリバルティック造船工場ヤンタール」（別称、株式会社「プリバルティック造船工場ヤンタール」及び株式会社プリバルティック造船工場ヤンタール）,"118. The Unified Shipbuilding Company ""Privaltic Shipyard Yantar"" (also known as ""Privaltic Shipyard Yantar Co., Ltd."" and ""Privaltic Shipyard Yantar Co., Ltd."")",,,"United Shipbuilding Corporation “Pribaltic Shipbuilding Factory Yantar”, a.k.a., the following two aliases:
-Aktsionernoe Obshchestvo “Pribaltiski Sudostroitelny Zavod “Yantar”; and
-Pribaltiski Sudostroitelny Zavod Yantar, Aktsionernoe Obshchestvo.","所在地：1 Guskova Place, Kaliningrad, Kaliningradskaya Oblast, Russia, 236005.",2022 年03 月01 日,2025 年01 月10 日,https://www.meti.go.jp/policy/external_economy/trade_control/02_export/17_russia/250912_list_russia_tokutei.pdf
Russia, 国際平和のための国際的な努力に我が国として寄与するために講ずる輸出等に係る禁止措置 の対象となるロシア連邦の団体（令和四年外務省告示第八十二号）,119 統一造船会社「オネガ科学研究設計技術局」（別称、公共株式会社オネガ科学研究・計画技術 局及びSC NIPTBオネガ）,"119. United Shipbuilding Company ""Onega Scientific Research, Design and Technology Bureau"" (also known as Public Corporation Onega Scientific Research and Planning and Technology Bureau and SC NIPTB Onega)",,,"United Shipbuilding Corporation “Scientific Research Design Technological Bureau Onega”, a.k.a., the following two aliases:
-Nauchno - issledovatelskoe proektno - teknnologicheskoe byuro Onega PJSC; and
-SC NIPTB Onega.","所在地：12 Mashinostroitelei Thoroughfare, Severodvinsk, Arkhangelskaya Oblast, Russia, 164509.",2022 年03 月01 日,2025 年01 月10 日,https://www.meti.go.jp/policy/external_economy/trade_control/02_export/17_russia/250912_list_russia_tokutei.pdf
Russia, 国際平和のための国際的な努力に我が国として寄与するために講ずる輸出等に係る禁止措置 の対象となるロシア連邦の団体（令和四年外務省告示第八十二号）,"120 統一造船会社「中央・ネフスキー造船所」（別称、株式会社 SNSZ、株式会社「中央・ネフス キー造船プラント」、中央ネヴァ造船プラント及び連邦国家単一企業 「中央・ネフスキー造
船プラント」）","120. United Shipbuilding Company ""Central Nevsky Shipyard"" (also known as SNSZ Corporation, Central Nevsky Shipbuilding Plant Corporation, Central Neva Shipbuilding Plant, and Federal State Unitary Enterprise ""Central Nevsky Shipbuilding Plant"")",,,"United Shipbuilding Corporation “Sredne - Nevsky Shipyard”, a.k.a., the following four aliases:
-JSC SNSZ;
-Aktcionernoe Obshestvo “Sredne - Nevsky Sudostroyelny Plant”;
-Middle Neva Shipbuilding Plant; and
-Federal State Unitary Enterprise “Sredne - Nevsky Shipbuilding Plant”.","所在地：10 Zavodskaya Street, Pontonny District, Saint Petersburg, Russia, 196643.",2022 年03 月01 日,2025 年01 月10 日,https://www.meti.go.jp/policy/external_economy/trade_control/02_export/17_russia/250912_list_russia_tokutei.pdf
Russia, 国際平和のための国際的な努力に我が国として寄与するために講ずる輸出等に係る禁止措置 の対象となるロシア連邦の団体（令和四年外務省告示第八十二号）,121 ウラル複合材料科学研究所,121 Ural Institute for Composite Materials Science,,,Ural Scientific Research Institute for Composite Materials,"所在地：57 Novozvyaginskaya Street, Perm, Russia, 614014.",2022 年03 月01 日,2025 年01 月10 日,https://www.meti.go.jp/policy/external_economy/trade_control/02_export/17_russia/250912_list_russia_tokutei.pdf
Russia, 国際平和のための国際的な努力に我が国として寄与するために講ずる輸出等に係る禁止措置 の対象となるロシア連邦の団体（令和四年外務省告示第八十二号）,122 ウラルプロジェクト設計局デタル,122 Ural Project Design Bureau DETAL,,,Urals Project Design Bureau Detal,"所在地：8 Pironskaya Street, Kamensk-Uralskiy, Sverdlovsk Oblast, Russia, 623409.",2022 年03 月01 日,2025 年01 月10 日,https://www.meti.go.jp/policy/external_economy/trade_control/02_export/17_russia/250912_list_russia_tokutei.pdf
Russia, 国際平和のための国際的な努力に我が国として寄与するために講ずる輸出等に係る禁止措置 の対象となるロシア連邦の団体（令和四年外務省告示第八十二号）,123 ヴェガ・パイロット・プラント（別称、OZ ヴェガ・株式会社 TSSズヴョーズダチカ支社及び ヴェガ実験プラント）,123 Vega Pilot Plant (also known as OZ Vega Corporation TSS Zvjözdachka Branch and Vega Experimental Plant),,,"Vega Pilot Plant, a.k.a., the following two aliases: -OZ Vega – Filial AO TSS Zvezdochka; and
-Experimental Plant Vega.","所在地：73 Lenina Street, Borovski District, Borovsk, Kaluga Oblast, Russia, 249010.",2022 年03 月01 日,2025 年01 月10 日,https://www.meti.go.jp/policy/external_economy/trade_control/02_export/17_russia/250912_list_russia_tokutei.pdf
Russia, 国際平和のための国際的な努力に我が国として寄与するために講ずる輸出等に係る禁止措置 の対象となるロシア連邦の団体（令和四年外務省告示第八十二号）,124 有限会社ヴァーティカル,"124 Vertical Co., Ltd.",,,Vertikal LLC,"所在地：148 Moskovski Avenue, Letter D, Apartment 8, Saint Petersburg, Russia, 196084.",2022 年03 月01 日,2025 年01 月10 日,https://www.meti.go.jp/policy/external_economy/trade_control/02_export/17_russia/250912_list_russia_tokutei.pdf
Russia, 国際平和のための国際的な努力に我が国として寄与するために講ずる輸出等に係る禁止措置 の対象となるロシア連邦の団体（令和四年外務省告示第八十二号）,125 ウラジスラフ・ウラジーミロヴィチ・フェドレンコ,125 Vladislav Vladimirovich Fedrenko,,,Vladislav Vladimirovich Fedorenko,"所在地：Ul. Artillyeriskaya, d.1, lit.A, POM26N, St. Petersburg, Russia.",2022 年03 月01 日,2025 年01 月10 日,https://www.meti.go.jp/policy/external_economy/trade_control/02_export/17_russia/250912_list_russia_tokutei.pdf
Russia, 国際平和のための国際的な努力に我が国として寄与するために講ずる輸出等に係る禁止措置 の対象となるロシア連邦の団体（令和四年外務省告示第八十二号）,126 有限会社VTK（別称、ユア・フューエル・カンパニー、BTK及び有限会社 VTK）,"126 VTK Co., Ltd. (also known as Your Fuel Company, BTK, and VTK Co., Ltd.)",,,"VTK Ltd, a.k.a., the following three aliases: -Your Fuel Company;
-BTK; and
-OOO VTK.","所在地：14 Professora Kachalova Street, Letter A, Saint Petersburg, Russia, 192019.",2022 年03 月01 日,2025 年01 月10 日,https://www.meti.go.jp/policy/external_economy/trade_control/02_export/17_russia/250912_list_russia_tokutei.pdf
Russia, 国際平和のための国際的な努力に我が国として寄与するために講ずる輸出等に係る禁止措置 の対象となるロシア連邦の団体（令和四年外務省告示第八十二号）,127 ヤロスラヴリ造船工場（別称、公共株式会社ヤロスラヴリ造船工場）,127 Yaroslavl Shipyard (also known as Yaroslavl Shipyard Public Corporation),,,"Yaroslavl Shipbuilding Factory, a.k.a., the following one alias: -PAO Yaroslavskiy sudostroitelnyy zavod.","所在地：1 Korabelnaya Street, Yaroslavl, Russia, 150006.",2022 年03 月01 日,2025 年01 月10 日,https://www.meti.go.jp/policy/external_economy/trade_control/02_export/17_russia/250912_list_russia_tokutei.pdf
Russia, 国際平和のための国際的な努力に我が国として寄与するために講ずる輸出等に係る禁止措置 の対象となるロシア連邦の団体（令和四年外務省告示第八十二号）,128 非公開株式会社エルミクス・VS,128 Private Company Elmix VS,,,ZAO Elmiks-VS,"所在地：Ul. Artillyeriskaya, d.1, lit.A, POM26N, St. Petersburg, Russia 191014.",2022 年03 月01 日,2025 年01 月10 日,https://www.meti.go.jp/policy/external_economy/trade_control/02_export/17_russia/250912_list_russia_tokutei.pdf
Russia, 国際平和のための国際的な努力に我が国として寄与するために講ずる輸出等に係る禁止措置 の対象となるロシア連邦の団体（令和四年外務省告示第八十二号）,129 非公開株式会社スパルタ,129 Private Company Sparta,,,ZAO Sparta,"所在地：Ul. Mokhovaya, d.18, li.A, Kv.7N, St. Petersburg, Russia 191028.",2022 年03 月01 日,2025 年01 月10 日,https://www.meti.go.jp/policy/external_economy/trade_control/02_export/17_russia/250912_list_russia_tokutei.pdf
Russia, 国際平和のための国際的な努力に我が国として寄与するために講ずる輸出等に係る禁止措置 の対象となるロシア連邦の団体（令和四年外務省告示第八十二号）,130 非公開株式会社スヴャジインジニアリング（別称、スヴャジエンジニアリング）,"130 Private Company Svyaj Engineering Co., Ltd. (also known as Svyaj Engineering)",,,"ZAO Svyaz Inzhiniring, a.k.a., the following one alias: -Svyaz Engineering.","所在地：6th Radialnaya Street, Office 9, Moscow, Russia, 115404.",2022 年03 月01 日,2025 年01 月10 日,https://www.meti.go.jp/policy/external_economy/trade_control/02_export/17_russia/250912_list_russia_tokutei.pdf
Russia, 国際平和のための国際的な努力に我が国として寄与するために講ずる輸出等に係る禁止措置 の対象となるロシア連邦の団体（令和四年外務省告示第八十二号）,131 第５造船所（別称、５SRZ及び株式会社GF５SRZ 株式会社TsS ズヴョーズダチカ）,"131. Shipyard No. 5 (also known as 5SRZ, GF5SRZ Co., Ltd., TsS Co., Ltd., Zvyozdachka)",,,"5th Shipyard, a.k.a., the following three aliases: —5-y Sudoremontnyy Zavod;
—5 SRZ; and
—JSC GF 5 SRZ JSC TsS Zvezdochka.","所在地：67 Lenina Street, Port, Temryuk, Krasnodarskiy Kray, 353500, Russia.",2022 年03 月01 日,2025 年01 月10 日,https://www.meti.go.jp/policy/external_economy/trade_control/02_export/17_russia/250912_list_russia_tokutei.pdf
Russia, 国際平和のための国際的な努力に我が国として寄与するために講ずる輸出等に係る禁止措置 の対象となるロシア連邦の団体（令和四年外務省告示第八十二号）,132 アラギル抵抗器工場（別称、アラギルスキー抵抗器工場）,132. Alagir Resistor Factory (also known as Alagirsky Resistor Factory),,,"Alagir Resistor Factory, a.k.a., the following one alias: —Alagirsky Resistor Factory.","所在地：202 L. Tolstogo Street, Alagir, Alagirsky District, Severnaya Ossetia-Alania Republic, 363240, Russia.",2022 年03 月01 日,2025 年01 月10 日,https://www.meti.go.jp/policy/external_economy/trade_control/02_export/17_russia/250912_list_russia_tokutei.pdf
Russia, 国際平和のための国際的な努力に我が国として寄与するために講ずる輸出等に係る禁止措置 の対象となるロシア連邦の団体（令和四年外務省告示第八十二号）,133 全ロシア科学研究所株式会社エタロン(別称、株式会社 VNIIエタロン),"133 All-Russian Institute of Scientific Research Co., Ltd. Etalon (also known as VNII Etalon Co., Ltd.)",全ロシア科学研究所株式会社エタロン,株式会社 VNIIエタロン,"All-Russian Scientific-Research Institute Etalon JSC, a.k.a., the following one alias:
—VNII Etalon JSC.","所在地：19/1 1st Yamskogo Polya St., Moscow, 125124, Russia.",2022 年03 月01 日,2025 年01 月10 日,https://www.meti.go.jp/policy/external_economy/trade_control/02_export/17_russia/250912_list_russia_tokutei.pdf
Russia, 国際平和のための国際的な努力に我が国として寄与するために講ずる輸出等に係る禁止措置 の対象となるロシア連邦の団体（令和四年外務省告示第八十二号）,134 アルマズ株式会社（別称、アルマズ）,"134. Almaz Co., Ltd. (also known as Almaz)",,,"Almaz JSC, a.k.a., the following one alias: —Almaz.","所在地：16 Tupoleva Street, Rostov-na-Donu, Rostovskaya Oblast, 344093, Russia.",2022 年03 月01 日,2025 年01 月10 日,https://www.meti.go.jp/policy/external_economy/trade_control/02_export/17_russia/250912_list_russia_tokutei.pdf
Russia, 国際平和のための国際的な努力に我が国として寄与するために講ずる輸出等に係る禁止措置 の対象となるロシア連邦の団体（令和四年外務省告示第八十二号）,135 ドルゴプルドニー自動設計局（別称、株式会社 DKBA、ドルゴプルドニー及びドルゴプルドノ自動設計局）,"135. Dolgoprudny Automated Design Bureau (also known as DKBA Corporation, Dolgoprudny, and Dolgoprudno Automated Design Bureau)",,,"Dolgoprudniy Design Bureau of Automatics, a.k.a., the following three aliases: —DKBA JSC;
—Dolgoprudny; and
—Dolgoprudno Design Bureau of Automation.","所在地：Lyotnaya Street, Dolgoprudniy, Moskovskaya Oblast, 141700, Russia.",2022 年03 月01 日,2025 年01 月10 日,https://www.meti.go.jp/policy/external_economy/trade_control/02_export/17_russia/250912_list_russia_tokutei.pdf
Russia, 国際平和のための国際的な努力に我が国として寄与するために講ずる輸出等に係る禁止措置 の対象となるロシア連邦の団体（令和四年外務省告示第八十二号）,136 電子コンピューター・テクノロジー科学研究所（別称、NICEVEY）,136. Electronic Computer Technology Research Institute (also known as NICEVEY),,,"Electronic Computing Technology Scientific-Research Center, a.k.a., the following one alias:
—NICEVEY.","所在地：125 Varshavskoye Highway, Moscow, 117587, Russia.",2022 年03 月01 日,2025 年01 月10 日,https://www.meti.go.jp/policy/external_economy/trade_control/02_export/17_russia/250912_list_russia_tokutei.pdf
Russia, 国際平和のための国際的な努力に我が国として寄与するために講ずる輸出等に係る禁止措置 の対象となるロシア連邦の団体（令和四年外務省告示第八十二号）,137 エレクトロシグナル株式会社,"137 ElectroSignal Co., Ltd.",,,"Electrosignal JSC,","所在地：Electrosignalnaya Street, Voronezh, Voronezhskaya Oblast, 394026, Russia.",2022 年03 月01 日,2025 年01 月10 日,https://www.meti.go.jp/policy/external_economy/trade_control/02_export/17_russia/250912_list_russia_tokutei.pdf
Russia, 国際平和のための国際的な努力に我が国として寄与するために講ずる輸出等に係る禁止措置 の対象となるロシア連邦の団体（令和四年外務省告示第八十二号）,138 公共株式会社インテルテク（別称、公共株式会社情報テレコミュニケーションズ・テクノロ ジー、インテルテック及びインテルテフ）,"138. Inteltech Corporation (also known as Information Telecommunications Technology Corporation, Inteltech, and Inteltech)",,,"Inteltech PJSC, a.k.a., the following three aliases: —Information Telecommunications Technology PJSC;
—Inteltech; and
—Inteltekh.","所在地：Electrosignalnaya Street, Voronezh, Voronezhskaya Oblast, 394026, Russia.",2022 年03 月01 日,2025 年01 月10 日,https://www.meti.go.jp/policy/external_economy/trade_control/02_export/17_russia/250912_list_russia_tokutei.pdf
Russia, 国際平和のための国際的な努力に我が国として寄与するために講ずる輸出等に係る禁止措置 の対象となるロシア連邦の団体（令和四年外務省告示第八十二号）,139 株式会社学術生産公団エレクトロメカニキ（別称、株式会社エレクトロ・メカニック学術生 産団体）,"139. Electromechanic Co., Ltd. (also known as Electro-Mechanic Co., Ltd., an academic production organization)",,,"Joint Stock Company NPO Elektromechaniki, a.k.a., the following one alias: —JSC Scientific and Production Association of Electro Mechanic.","所在地：31 Mendeleeva street, Miass, Chelyabinsk Region, 456320, Russia.",2022 年03 月01 日,2025 年01 月10 日,https://www.meti.go.jp/policy/external_economy/trade_control/02_export/17_russia/250912_list_russia_tokutei.pdf
Russia, 国際平和のための国際的な努力に我が国として寄与するために講ずる輸出等に係る禁止措置 の対象となるロシア連邦の団体（令和四年外務省告示第八十二号）,140 株式会社クロン科学研究所（別称、株式会社 NIIクロン）,"140. Chron Science Laboratory Co., Ltd. (also known as NII Chron Co., Ltd.)",,,"Kulon Scientific-Research Institute JSC, a.k.a., the following one alias: —NII Kulon JSC.","所在地：14 Murmankiv proezd, Moscow, 129075, Russia.",2022 年03 月01 日,2025 年01 月10 日,https://www.meti.go.jp/policy/external_economy/trade_control/02_export/17_russia/250912_list_russia_tokutei.pdf
Russia, 国際平和のための国際的な努力に我が国として寄与するために講ずる輸出等に係る禁止措置 の対象となるロシア連邦の団体（令和四年外務省告示第八十二号）,141 株式会社ルッチ設計所（別称、株式会社ルッチ設計局、株式会社ルッチ及び KBルッチ）,"141. Lucci Design Office Co., Ltd. (also known as Lucci Design Bureau Co., Ltd., Lucci Co., Ltd., and KB Lucci)",,,"Lutch Design Office JSC, a.k.a., the following three aliases: —Lutch Design Bureau JCS;
—Lutch JSC; and
—KB-Lutch.","所在地：25 Pobeda Blvd. Rybinsk, Yaroslavskaya Oblast, 152920, Russia.",2022 年03 月01 日,2025 年01 月10 日,https://www.meti.go.jp/policy/external_economy/trade_control/02_export/17_russia/250912_list_russia_tokutei.pdf
Russia, 国際平和のための国際的な努力に我が国として寄与するために講ずる輸出等に係る禁止措置 の対象となるロシア連邦の団体（令和四年外務省告示第八十二号）,142 株式会社メテオールプラント,"142 Meteor Plant Co., Ltd.",,,Meteor Plant JSC,"所在地：1 Gorky St., Volzhkiy, Volgograd Oblast, 404130, Russia.",2022 年03 月01 日,2025 年01 月10 日,https://www.meti.go.jp/policy/external_economy/trade_control/02_export/17_russia/250912_list_russia_tokutei.pdf
Russia, 国際平和のための国際的な努力に我が国として寄与するために講ずる輸出等に係る禁止措置 の対象となるロシア連邦の団体（令和四年外務省告示第八十二号）,143 株式会社モスクワ通信研究所（別称、株式会社 MNIIS）,"143 Moscow Communications Research Institute Co., Ltd. (also known as MNIIS Co., Ltd.)",,,"Moscow Communications Research Institute JSC, a.k.a., the following one alias: —MNIIS JSC.","所在地：34 Kutuzovsky prospect, Moscow, Russia, 121170; and 3/2 Kirovogradsky proezd, Moscow, 109044, Russia.",2022 年03 月01 日,2025 年01 月10 日,https://www.meti.go.jp/policy/external_economy/trade_control/02_export/17_russia/250912_list_russia_tokutei.pdf
Russia, 国際平和のための国際的な努力に我が国として寄与するために講ずる輸出等に係る禁止措置 の対象となるロシア連邦の団体（令和四年外務省告示第八十二号）,144 株式会社モスクワ労働赤旗勲章無線工学研究所（別称、株式会社 MNIRTI）,"144 Moscow Labor Red Banner Radio Engineering Institute Co., Ltd. (also known as MNIRTI Co., Ltd.)",,,"Moscow Order of the Red Banner of Labor Research Radio Engineering Institute JSC, a.k.a., the following one alias:
—MNIRTI JSC.","所在地：2/1 Boshoy Trehsvyatitelskiy per., Moscow, 109028, Russia.",2022 年03 月01 日,2025 年01 月10 日,https://www.meti.go.jp/policy/external_economy/trade_control/02_export/17_russia/250912_list_russia_tokutei.pdf
Russia, 国際平和のための国際的な努力に我が国として寄与するために講ずる輸出等に係る禁止措置 の対象となるロシア連邦の団体（令和四年外務省告示第八十二号）,145 株式会社オムスク・イルティシュ生産組合（別称、OmPOイルティシュ）,145 Omsk Irtysh Production Cooperative (also known as OmPO Irtysh),,,"Omsk Production Union Irtysh JSC, a.k.a., the following one alias: —OmPO Irtysh.","所在地：18 Gurt'yeva St., Omsk, 644060, Russia.",2022 年03 月01 日,2025 年01 月10 日,https://www.meti.go.jp/policy/external_economy/trade_control/02_export/17_russia/250912_list_russia_tokutei.pdf
Russia, 国際平和のための国際的な努力に我が国として寄与するために講ずる輸出等に係る禁止措置 の対象となるロシア連邦の団体（令和四年外務省告示第八十二号）,146 株式会社オムスク計器工学科学研究所（別称、株式会社 ONIP）,"146. Omsk Instrument Engineering Research Institute Co., Ltd. (also known as ONIP Co., Ltd.)",,,"Omsk Scientific-Research Institute of Instrument Engineering JSC, a.k.a., the following one alias:
—JSC ONIP.","所在地：231 Maslennikova St., Omsk, 644009, Russia.",2022 年03 月01 日,2025 年01 月10 日,https://www.meti.go.jp/policy/external_economy/trade_control/02_export/17_russia/250912_list_russia_tokutei.pdf
Russia, 国際平和のための国際的な努力に我が国として寄与するために講ずる輸出等に係る禁止措置 の対象となるロシア連邦の団体（令和四年外務省告示第八十二号）,147 株式会社オプトロン,"147 Optron Co., Ltd.",,,"Optron JSC,","所在地：53 Sherbakovskaya St., Office 37, Moscow, 105187, Russia.",2022 年03 月01 日,2025 年01 月10 日,https://www.meti.go.jp/policy/external_economy/trade_control/02_export/17_russia/250912_list_russia_tokutei.pdf
Russia, 国際平和のための国際的な努力に我が国として寄与するために講ずる輸出等に係る禁止措置 の対象となるロシア連邦の団体（令和四年外務省告示第八十二号）,148 株式会社パリョット・チェリャビンスク無線プラント（別称、株式会社 ChRZパリョット（フ ライト））,"148. Paryot Chelyabinsk Radio Plant Co., Ltd. (also known as ChRZ Paryot (Flight) Co., Ltd.)",株式会社パリョット・チェリャビンスク無線プラント,株式会社 ChRZパリョット（フ ライト）,"Polyot Chelyabinsk Radio Plant JSC, a.k.a., the following one alias: —ChRZ Polyot (flight) JSC.","所在地：6 Ternopol'skaya St., Chelyabinsk, 454126, Russia.",2022 年03 月01 日,2025 年01 月10 日,https://www.meti.go.jp/policy/external_economy/trade_control/02_export/17_russia/250912_list_russia_tokutei.pdf
Russia, 国際平和のための国際的な努力に我が国として寄与するために講ずる輸出等に係る禁止措置 の対象となるロシア連邦の団体（令和四年外務省告示第八十二号）,149 プスコフ遠隔通信機器プラント（別称、株式会社プスコフ ADSプラント及び株式会社プスコフ遠隔通信機器(ADS)プラント）,149. Pskov Telecommunications Equipment Plant (also known as Pskov Corporation ADS Plant and Pskov Corporation Telecommunications Equipment (ADS) Plant),,,"Pskov Distance Communications Equipment Plant, a.k.a., the following two aliases:—Pskov Plant ADS JSC; and
—Pskov Distance Communications Equipment (ADS) Plant JSC.","所在地：4 Yuri Gagarin Street, Pskov, Pskovskaya Oblast, 180004, Russia.",2022 年03 月01 日,2025 年01 月10 日,https://www.meti.go.jp/policy/external_economy/trade_control/02_export/17_russia/250912_list_russia_tokutei.pdf
Russia, 国際平和のための国際的な努力に我が国として寄与するために講ずる輸出等に係る禁止措置 の対象となるロシア連邦の団体（令和四年外務省告示第八十二号）,150 株式会社ラジオザヴォド,150 Radio Zavod Inc.,,,Radiozavod JSC,"所在地：1 Baydukova Street, Penza, Penzenskaya Oblast, 440015, Russia.",2022 年03 月01 日,2025 年01 月10 日,https://www.meti.go.jp/policy/external_economy/trade_control/02_export/17_russia/250912_list_russia_tokutei.pdf
Russia, 国際平和のための国際的な努力に我が国として寄与するために講ずる輸出等に係る禁止措置 の対象となるロシア連邦の団体（令和四年外務省告示第八十二号）,151 株式会社ラズリャド,"151 Lazliad Co., Ltd.",,,Razryad JSC,"所在地：233 Kosta Avenue, Vladikavkaz, Severnaya Ossetia-Alania Republic, 362035, Russia.",2022 年03 月01 日,2025 年01 月10 日,https://www.meti.go.jp/policy/external_economy/trade_control/02_export/17_russia/250912_list_russia_tokutei.pdf
Russia, 国際平和のための国際的な努力に我が国として寄与するために講ずる輸出等に係る禁止措置 の対象となるロシア連邦の団体（令和四年外務省告示第八十二号）,152 学術生産団体マース（別称、RPAマース及び学術生産公団マース）,"152. Maas (also known as RPA Maas and Maas, a scientific production corporation)",,,"Research Production Association Mars, a.k.a., the following two aliases: —RPA Mars; and
—NPO Mars.","所在地：20 Solnechnaya Street, Ulyanovsk, 432022, Russia.",2022 年03 月01 日,2025 年01 月10 日,https://www.meti.go.jp/policy/external_economy/trade_control/02_export/17_russia/250912_list_russia_tokutei.pdf
Russia, 国際平和のための国際的な努力に我が国として寄与するために講ずる輸出等に係る禁止措置 の対象となるロシア連邦の団体（令和四年外務省告示第八十二号）,153 リャザン無線プラント,153 Ryazan Radio Plant,,,Ryazan Radio-Plant,"所在地：11 Lermontova Street, Ryazan, Ryazanskaya Oblast, 390023, Russia.",2022 年03 月01 日,2025 年01 月10 日,https://www.meti.go.jp/policy/external_economy/trade_control/02_export/17_russia/250912_list_russia_tokutei.pdf
Russia, 国際平和のための国際的な努力に我が国として寄与するために講ずる輸出等に係る禁止措置 の対象となるロシア連邦の団体（令和四年外務省告示第八十二号）,154 学術生産団体・無線部品科学研究所（別称、NIIRK）,154. Academic Production Organization - Wireless Components Science Research Institute (NIIRK),,,"Scientific-Production Association and Scientific-Research Institute of Radio-Components, a.k.a., the following one alias:
—NIIRK.","所在地：3 Krymsky Val Street, Building 1, Office 1, Moscow, 119049, Russia.",2022 年03 月01 日,2025 年01 月10 日,https://www.meti.go.jp/policy/external_economy/trade_control/02_export/17_russia/250912_list_russia_tokutei.pdf
Russia, 国際平和のための国際的な努力に我が国として寄与するために講ずる輸出等に係る禁止措置 の対象となるロシア連邦の団体（令和四年外務省告示第八十二号）,155 株式会社学術生産企業アルマズ,"155 Almaz Co., Ltd., a scientific production company",,,"Scientific-Production Enterprise Almaz JSC, a.k.a., the following one alias: —JSC NPP Almaz.","所在地：1 I.V. Panfilov St., Saratov, 410033, Russia.",2022 年03 月01 日,2025 年01 月10 日,https://www.meti.go.jp/policy/external_economy/trade_control/02_export/17_russia/250912_list_russia_tokutei.pdf
Russia, 国際平和のための国際的な努力に我が国として寄与するために講ずる輸出等に係る禁止措置 の対象となるロシア連邦の団体（令和四年外務省告示第八十二号）,156 学術生産企業「カント」（別称、カント）,"156. The academic production enterprise ""Kant"" (also known as Kant)",,,"Scientific-Production Enterprise “Kant”, a.k.a., the following two aliases: —Kant; and
—NPP Kant.","所在地：12 Talalikhina Street Floor 7, Moscow, 109316, Russia.",2022 年03 月01 日,2025 年01 月10 日,https://www.meti.go.jp/policy/external_economy/trade_control/02_export/17_russia/250912_list_russia_tokutei.pdf
Russia, 国際平和のための国際的な努力に我が国として寄与するために講ずる輸出等に係る禁止措置 の対象となるロシア連邦の団体（令和四年外務省告示第八十二号）,157 学術生産企業「ラジオスヴャジ」（別称、ラジオスヴャジ）,"157. Academic production enterprise ""Radiosvyaz"" (also known as Radiosvyaz)",,,"Scientific Production Enterprise “Radiosviaz”, a.k.a., the following one alias: —Radiosviaz.","所在地：19 Dekabristov Street, Krasnoyarsk, 660021, Russia.",2022 年03 月01 日,2025 年01 月10 日,https://www.meti.go.jp/policy/external_economy/trade_control/02_export/17_russia/250912_list_russia_tokutei.pdf
Russia, 国際平和のための国際的な努力に我が国として寄与するために講ずる輸出等に係る禁止措置 の対象となるロシア連邦の団体（令和四年外務省告示第八十二号）,158 学術生産企業「スヴャジ」（別称、スヴャジ）,"158. The academic production enterprise ""Svyaz"" (also known as Svyaz)",,,"Scientific-Production Enterprise “Svyaz”, a.k.a., the following two aliases: —Svyaz; and
—NPP Svyaz.","所在地：19 Shkolnaya Street, Yasnaya Polyana Village, Shekinsky District, Tulskaya Oblast, 301214, Russia.",2022 年03 月01 日,2025 年01 月10 日,https://www.meti.go.jp/policy/external_economy/trade_control/02_export/17_russia/250912_list_russia_tokutei.pdf
Russia, 国際平和のための国際的な努力に我が国として寄与するために講ずる輸出等に係る禁止措置 の対象となるロシア連邦の団体（令和四年外務省告示第八十二号）,159 学術生産企業ヴォルナ,"159. Volna, a scientific production enterprise",,,"Scientific-Production Enterprise Volna, a.k.a., the following one alias: —NPP Volna.","所在地：26 Varshavskoe Highway, Moscow, 117105, Russia.",2022 年03 月01 日,2025 年01 月10 日,https://www.meti.go.jp/policy/external_economy/trade_control/02_export/17_russia/250912_list_russia_tokutei.pdf
Russia, 国際平和のための国際的な努力に我が国として寄与するために講ずる輸出等に係る禁止措置 の対象となるロシア連邦の団体（令和四年外務省告示第八十二号）,160 株式会社学術生産企業ヴォストーク,"160 Vostok Co., Ltd., a scientific production company",,,"Scientific-Production Enterprise Vostok JSC, a.k.a., the following one alias: —JSC NPP Vostok.","所在地：276, D. Kovalchuk St., Novosibirsk, 630075, Russia.",2022 年03 月01 日,2025 年01 月10 日,https://www.meti.go.jp/policy/external_economy/trade_control/02_export/17_russia/250912_list_russia_tokutei.pdf
Russia, 国際平和のための国際的な努力に我が国として寄与するために講ずる輸出等に係る禁止措置 の対象となるロシア連邦の団体（令和四年外務省告示第八十二号）,161 科学研究所「アルゴン」（別称、株式会社アルゴン科学研究所及び株式会社 NIIアルゴン）,"161. Argon Scientific Research Institute (also known as Argon Scientific Research Institute Co., Ltd. and NII Argon Co., Ltd.)",,,"Scientific-Research Institute “Argon”, a.k.a., the following two aliases: —Argon Scientific-Research Institute JSC; and
—NII Argon JSC.","所在地：4 Karla Marksa Street, Kaluga, 248000, Russia; and 125 Varshavskoe Shosse, Building 1, Moscow, 117587, Russia.",2022 年03 月01 日,2025 年01 月10 日,https://www.meti.go.jp/policy/external_economy/trade_control/02_export/17_russia/250912_list_russia_tokutei.pdf
Russia, 国際平和のための国際的な努力に我が国として寄与するために講ずる輸出等に係る禁止措置 の対象となるロシア連邦の団体（令和四年外務省告示第八十二号）,162 科学研究所フェルリット・ドメン（別称、NII ドメン及びフェルリット・ドメン・コーポレー ション）,162. Ferlit Domen Institute of Science (also known as NII Domen and Ferlit Domen Corporation),,,"Scientific Research Institute Ferrite-Domen, a.k.a., the following two aliases: —NII Domen; and
—Ferrite-Domen Co.","所在地：25/3B Zvetochnaya St., Room 417, St. Petersburg, 196006, Russia.",2022 年03 月01 日,2025 年01 月10 日,https://www.meti.go.jp/policy/external_economy/trade_control/02_export/17_russia/250912_list_russia_tokutei.pdf
Russia, 国際平和のための国際的な努力に我が国として寄与するために講ずる輸出等に係る禁止措置 の対象となるロシア連邦の団体（令和四年外務省告示第八十二号）,163 株式会社ネプチューン自動システム・複合通信科学研究所（別称、株式会社 NII ネプチューン）,"163. Neptune Automated Systems and Integrated Communications Science Laboratory Co., Ltd. (also known as NII Neptune Co., Ltd.)",,,"Scientific-Research Institute of Automated Systems and Communications Complexes Neptune JSC, a.k.a., the following one alias: —NII Neptune JSC.","所在地：80-1/A, 7th Line of Vasilyavskiy Island, St. Petersburg, 199178, Russia.",2022 年03 月01 日,2025 年01 月10 日,https://www.meti.go.jp/policy/external_economy/trade_control/02_export/17_russia/250912_list_russia_tokutei.pdf
Russia, 国際平和のための国際的な努力に我が国として寄与するために講ずる輸出等に係る禁止措置 の対象となるロシア連邦の団体（令和四年外務省告示第八十二号）,164 通信管理システム科学研究所（別称、NIISU 及び株式会社NIISU）,164. Communications Management Systems Science Laboratory (also known as NIISU and NIISU Corporation),,,"Scientific Research Institute of Communication Management Systems, a.k.a., the following two aliases:—NIISU; and —NIISU JSC.","所在地：25/3B Zvetochnaya St., Room 417, St. Petersburg, 196006, Russia.",2022 年03 月01 日,2025 年01 月10 日,https://www.meti.go.jp/policy/external_economy/trade_control/02_export/17_russia/250912_list_russia_tokutei.pdf
Russia, 国際平和のための国際的な努力に我が国として寄与するために講ずる輸出等に係る禁止措置 の対象となるロシア連邦の団体（令和四年外務省告示第八十二号）,165 リレー・テクノロジー特別設計技術局（別称、株式会社リレー・テクノロジー局及び JSCT SKTB RT）,"165 Relay Technology Special Design Bureau (also known as Relay Technology Bureau Co., Ltd. and JSCT SKTB RT)",,,"Special Design and Technical Bureau for Relay Technology, a.k.a., the following two aliases:
—Relay Technology Bureau JSC; and
—JSCT SKTB RT.","所在地：55 Nehinskaya St., Velikiy Novgorod, 173021, Russia.",2022 年03 月01 日,2025 年01 月10 日,https://www.meti.go.jp/policy/external_economy/trade_control/02_export/17_russia/250912_list_russia_tokutei.pdf
Russia, 国際平和のための国際的な努力に我が国として寄与するために講ずる輸出等に係る禁止措置 の対象となるロシア連邦の団体（令和四年外務省告示第八十二号）,166 戦術ミサイル兵器コーポレーション、711航空機修理工場（711 ARZ）,"166 Tactical Missile Weapons Corporation, 711 Aircraft Repair Plant (711 ARZ)",戦術ミサイル兵器コーポレーション、711航空機修理工場,711 ARZ,"Tactical Missile Corporation, 711 Aircraft Repair Plant (711 ARZ),","所在地：18 Chkalova Pereulok, Borisoglebsk, Voronezhskaya Oblast, 397171, Russia.",2022 年03 月01 日,2025 年01 月10 日,https://www.meti.go.jp/policy/external_economy/trade_control/02_export/17_russia/250912_list_russia_tokutei.pdf
Russia, 国際平和のための国際的な努力に我が国として寄与するために講ずる輸出等に係る禁止措置 の対象となるロシア連邦の団体（令和四年外務省告示第八十二号）,167 戦術ミサイル兵器コーポレーション､株式会社国立学術・製造企業「レギオン」（別称､公共株 式会社国立学術・製造企業レギオン及び株式会社科学製造企業「レギオン」）,"167 Tactical Missile Weapons Corporation, National Academic and Manufacturing Enterprise ""Legion"" (also known as National Academic and Manufacturing Enterprise Legion Public Corporation and Scientific Manufacturing Enterprise ""Legion"" Corporation)",戦術ミサイル兵器コーポレーション､株式会社国立学術・製造企業「レギオン」,公共株 式会社国立学術・製造企業レギオン; 株式会社科学製造企業「レギオン」,"Tactical Missile Corporation, AO GNPP “Region”, a.k.a., the following three aliases:
—GNPP Region, PAO;
—Aktsionernoe Obshchestvo Gosudarstvennoe Nauchno-Proizvodstvennoe Predpriyatie “Region”; and
— “Region” Scientific & Production Enterprise JSC.","所在地：10 Turaevo I.Z., Lytkarino City, Moscow Region, 140080, Russia.",2022 年03 月01 日,2025 年01 月10 日,https://www.meti.go.jp/policy/external_economy/trade_control/02_export/17_russia/250912_list_russia_tokutei.pdf
Russia, 国際平和のための国際的な努力に我が国として寄与するために講ずる輸出等に係る禁止措置 の対象となるロシア連邦の団体（令和四年外務省告示第八十二号）,"168 戦術ミサイル兵器コーポレーション、株式会社 TMKB「ソユーズ」（別称、トゥラエヴォ MKB 「ソユーズ」、株式会社トゥラエヴォ機械製造設計局「ソユーズ」、公共株式会社「ソユー
ズ」及び株式会社トゥラエヴォ機械建築設計局「ソユーズ」）","168 Tactical Missile Weapons Corporation, TMKB ""Soyuz"" (also known as Turaevo MKB ""Soyuz"", Turaevo Mechanical Manufacturing Design Bureau ""Soyuz"", Public Corporation ""Soyuz"", and Turaevo Mechanical Architecture Design Bureau ""Soyuz"")",,,"Tactical Missile Corporation, AO TMKB “Soyuz”, a.k.a., the following four aliases: —Turaevskoe MKB “Soyuz”;
—Aktsionernoe Obshchestvo Turaevskoe Mashinostroitelnoe Konstruktorskoe Byuro
“Soyuz”;
—Soyuz PAO; and
—JSC Turaevskoe Machine-Building Design Bureau “Soyuz”.","所在地：10 Turaevo I.Z., Lytkarino City, Moscow Region, 140080, Russia.",2022 年03 月01 日,2025 年01 月10 日,https://www.meti.go.jp/policy/external_economy/trade_control/02_export/17_russia/250912_list_russia_tokutei.pdf
Russia, 国際平和のための国際的な努力に我が国として寄与するために講ずる輸出等に係る禁止措置 の対象となるロシア連邦の団体（令和四年外務省告示第八十二号）,169 戦術ミサイル兵器コーポレーション､アゾフ光学機械工場（別称､第一労働組合組織アゾフ工 学機械工場、第一労働組合組織「アゾフ光学機械工場」ロシア工業労働者労働組合及び株式 会社AOMZ）,"169 Tactical Missile Weapons Corporation, Azov Optical and Mechanical Plant (also known as the First Trade Union Organization Azov Industrial and Mechanical Plant, the First Trade Union Organization ""Azov Optical and Mechanical Plant"", Russian Industrial Workers' Union and Stock Company AOMZ)",戦術ミサイル兵器コーポレーション､アゾフ光学機械工場,第一労働組合組織アゾフ工 学機械工場; 第一労働組合組織「アゾフ光学機械工場」ロシア工業労働者労働組合; 株式 会社AOMZ,"Tactical Missile Corporation, Azov Optical and Mechanical Plant, a.k.a., the following three aliases:—PPO Azovski Optiko-Mekhanicheski Zavod;
—Pervichnaya Profsoyuznaya Organizatsiya “Azovski Optiko-Mekhanicheski Zavod”
Rossiskogo Profsoyuza Rabotnikov Promyshlennosti; and
—JSC AOMZ.","所在地：5 Promyshlennaya Street, Azov, Rostovskaya Oblast, 346780, Russia.",2022 年03 月01 日,2025 年01 月10 日,https://www.meti.go.jp/policy/external_economy/trade_control/02_export/17_russia/250912_list_russia_tokutei.pdf
Russia, 国際平和のための国際的な努力に我が国として寄与するために講ずる輸出等に係る禁止措置 の対象となるロシア連邦の団体（令和四年外務省告示第八十二号）,170 戦術ミサイル兵器コーポレーション、「中央自動設計局」（別称、株式会社「TsKBA」及び株式 会社「中央自動設計局」）,"170 Tactical Missile Weapons Corporation, ""Central Auto Design Bureau"" (also known as ""TsKBA Corporation"" and ""Central Auto Design Bureau Corporation"")",,,"Tactical Missile Corporation, “Central Design Bureau of Automation”, a.k.a., the following three aliases:
—JSC“TsKBA”;
—AO“TsKBA”; and
—Aktsionernoe Obshchestvo “Tsentralnoe Konstruktorskoe Byuro Avtomatiki”.","所在地：24A Kosmicheski Prospekt, Omsk, Omskaya Oblast, 44027, Russia.",2022 年03 月01 日,2025 年01 月10 日,https://www.meti.go.jp/policy/external_economy/trade_control/02_export/17_russia/250912_list_russia_tokutei.pdf
Russia, 国際平和のための国際的な努力に我が国として寄与するために講ずる輸出等に係る禁止措置 の対象となるロシア連邦の団体（令和四年外務省告示第八十二号）,"171 戦術ミサイル兵器コーポレーション・コンツェルン「MPOギドロプリボル」（別称、株式会社 コンツェルン海洋水中兵器ギドロプリボル､「ギドロプリボル」研究所及び「ギドロプリボル」
中央研究所）","171 Tactical Missile Weapons Corporation Konzern ""MPO Gidroprivol"" (also known as Konzern Marine and Underwater Weapons Gidroprivol Co., Ltd., ""Gidroprivol"" Research Institute, and ""Gidroprivol"" Central Research Institute)",,,"Tactical Missile Corporation, Concern “MPO—Gidropribor”, a.k.a., the following three aliases:
—Joint Stock Company Concern Sea Underwater Weapons Gidropribor;
—Research Institute “Gidpropridor”; and
-Central Research Institute “Gidropribor”.","所在地：24, Sampsonievskiy pr., Saint Petersburg, 194044, Russia.",2022 年03 月01 日,2025 年01 月10 日,https://www.meti.go.jp/policy/external_economy/trade_control/02_export/17_russia/250912_list_russia_tokutei.pdf
Russia, 国際平和のための国際的な努力に我が国として寄与するために講ずる輸出等に係る禁止措置 の対象となるロシア連邦の団体（令和四年外務省告示第八十二号）,172 戦術ミサイル兵器コーポレーション、株式会社アヴァンガルド,"172 Tactical Missile Weapons Corporation, Avantgarde Co., Ltd.",戦術ミサイル兵器コーポレーション、株式会社アヴァンガルド,,"Tactical Missile Corporation, Joint Stock Company Avangard","所在地：78 Oktyabrskaya Street, Safonovo, Smolensk Region, 215500, Russia.",2022 年03 月01 日,2025 年01 月10 日,https://www.meti.go.jp/policy/external_economy/trade_control/02_export/17_russia/250912_list_russia_tokutei.pdf
Russia, 国際平和のための国際的な努力に我が国として寄与するために講ずる輸出等に係る禁止措置 の対象となるロシア連邦の団体（令和四年外務省告示第八十二号）,173 戦術ミサイル兵器コーポレーション､株式会社コンツェルン・グラニット・エレクトロン,"173 Tactical Missile Weapons Corporation, Granite Electron Corporation",,,"Tactical Missile Corporation, Joint Stock Company Concern Granit-Electron","所在地：3 Gospitalnaya St., St. Petersburg, 191014, Russia.",2022 年03 月01 日,2025 年01 月10 日,https://www.meti.go.jp/policy/external_economy/trade_control/02_export/17_russia/250912_list_russia_tokutei.pdf
Russia, 国際平和のための国際的な努力に我が国として寄与するために講ずる輸出等に係る禁止措置 の対象となるロシア連邦の団体（令和四年外務省告示第八十二号）,174 戦術ミサイル兵器コーポレーション、株式会社エレクトロチャーガ（別称、エレクトリック・トラクション及び非公開株式会社エレクトロジャガ）,"174 Tactical Missile Weapons Corporation, Electrojaga Corporation (also known as Electric Traction and the privately held Electrojaga Corporation)",,,"Tactical Missile Corporation, Joint Stock Company Elektrotyaga, a.k.a., the following two aliases: —Electric Traction; and
—ZAO Elekrotjaga.","所在地：50-A Kalinina Str., St. Petersburg, 198095, Russia.",2022 年03 月01 日,2025 年01 月10 日,https://www.meti.go.jp/policy/external_economy/trade_control/02_export/17_russia/250912_list_russia_tokutei.pdf
Russia, 国際平和のための国際的な努力に我が国として寄与するために講ずる輸出等に係る禁止措置 の対象となるロシア連邦の団体（令和四年外務省告示第八十二号）,175 戦術ミサイル兵器コーポレーション、株式会社 GosNIIMash（別称、第一労働組合組織工業労働者労働組合 V 「GOSNIIMASH」、国立機械工学研究所、ロシア工業労働者労働組合 V 「GOSNIIMASH」、株式会社 V.V.バヒレフ名称「国立機械工学研究所」及び SKB DNIKhTI）,"175 Tactical Missile Weapons Corporation, GosNIIMash Co., Ltd. (also known as the First Trade Union Organization Industrial Workers' Union V ""GOSNIIMASH"", State Institute of Mechanical Engineering, Russian Industrial Workers' Union V ""GOSNIIMASH"", V.V. Bakhirev Co., Ltd. ""State Institute of Mechanical Engineering"", and SKB DNIKhTI)",,,"Tactical Missile Corporation, Joint Stock Company GosNIIMash, a.k.a., the following five aliases:
—PPO Rosprofprom V “GOSNIIMASH”;
—State Research Institute of Mechanical Engineering;
— Pervichnaya Profsoyuznaya Organizatsiya Rossiskogo Profsoyuza Rabotnikov
Promyshlennosti V “GOSNIIMASH”;
—Joint Stock Company “State Research Institute of Mechanical Engineering” named
after V.V. Bakhirev; and
—SKB DNIKhTI.","所在地：11 Sverdlova Prospekt, Dzerzhinsk, Nizhegorodskaya Oblast, 606002, Russia.",2022 年03 月01 日,2025 年01 月10 日,https://www.meti.go.jp/policy/external_economy/trade_control/02_export/17_russia/250912_list_russia_tokutei.pdf
Russia, 国際平和のための国際的な努力に我が国として寄与するために講ずる輸出等に係る禁止措置 の対象となるロシア連邦の団体（令和四年外務省告示第八十二号）,176 戦術ミサイル兵器コーポレーション、株式会社 PAストレラ（別称、生産団体ストレラ）,"176 Tactical Missile Weapons Corporation, PA Strela Co., Ltd. (also known as Strela Production Group)",,,"Tactical Missile Corporation, Joint Stock Company PA Strela, a.k.a. the following one alias:
—Production Association Strela.","所在地：26 Shevchenko Str., Orenburg, 460005, Russia.",2022 年03 月01 日,2025 年01 月10 日,https://www.meti.go.jp/policy/external_economy/trade_control/02_export/17_russia/250912_list_russia_tokutei.pdf
Russia, 国際平和のための国際的な努力に我が国として寄与するために講ずる輸出等に係る禁止措置 の対象となるロシア連邦の団体（令和四年外務省告示第八十二号）,177 戦術ミサイル兵器コーポレーション、株式会社「ダグディエセル・プラント」,"177 Tactical Missile Weapons Corporation, Dagdiethel Plant Co., Ltd.",戦術ミサイル兵器コーポレーション、株式会社「ダグディエセル・プラント」,,"Tactical Missile Corporation, Joint Stock Company “Plant Dagdiesel”","所在地：1 Lenina Street, Kaspiysk, Republic of Dagestan, 368300, Russia.",2022 年03 月01 日,2025 年01 月10 日,https://www.meti.go.jp/policy/external_economy/trade_control/02_export/17_russia/250912_list_russia_tokutei.pdf
Russia, 国際平和のための国際的な努力に我が国として寄与するために講ずる輸出等に係る禁止措置 の対象となるロシア連邦の団体（令和四年外務省告示第八十二号）,178 戦術ミサイル兵器コーポレーション、株式会社クラコフ・プラント（別称、A.A.クラコフ名 称株式会社プラント）,"178 Tactical Missile Weapons Corporation, Krakov Plant Co., Ltd. (also known as A.A. Krakov Plant Co., Ltd.)",,,"Tactical Missile Corporation, Joint Stock Company Plant Kulakov, a.k.a., the following one alias:
—JSC Plant Named After A.A. Kulakov.","所在地：12 Yablochkova Street, St. Petersburg, 197198, Russia.",2022 年03 月01 日,2025 年01 月10 日,https://www.meti.go.jp/policy/external_economy/trade_control/02_export/17_russia/250912_list_russia_tokutei.pdf
Russia, 国際平和のための国際的な努力に我が国として寄与するために講ずる輸出等に係る禁止措置 の対象となるロシア連邦の団体（令和四年外務省告示第八十二号）,179 戦術ミサイル兵器コーポレーション、株式会社ラヴェンストヴォ,"179 Tactical Missile Weapons Corporation, Ravenstvo Inc.",戦術ミサイル兵器コーポレーション、株式会社ラヴェンストヴォ,,"Tactical Missile Corporation, Joint Stock Company Ravenstvo, a.k.a., the following one alias:
—Joint-Stock Company Ravenstvo.","所在地：19 Promyshlennaya Street, St. Petersburg, 198099, Russia.",2022 年03 月01 日,2025 年01 月10 日,https://www.meti.go.jp/policy/external_economy/trade_control/02_export/17_russia/250912_list_russia_tokutei.pdf
Russia, 国際平和のための国際的な努力に我が国として寄与するために講ずる輸出等に係る禁止措置 の対象となるロシア連邦の団体（令和四年外務省告示第八十二号）,180 戦術ミサイル兵器コーポレーション、株式会社ラヴェンストヴォ・サービス,"180 Tactical Missile Weapons Corporation, Ravenstvo Service Co., Ltd.",戦術ミサイル兵器コーポレーション、株式会社ラヴェンストヴォ・サービス,,"Tactical Missile Corporation, Joint Stock Company Ravenstvo-service","所在地：19 Promyshlennaya Street, St. Petersburg, 198099, Russia.",2022 年03 月01 日,2025 年01 月10 日,https://www.meti.go.jp/policy/external_economy/trade_control/02_export/17_russia/250912_list_russia_tokutei.pdf
Russia, 国際平和のための国際的な努力に我が国として寄与するために講ずる輸出等に係る禁止措置 の対象となるロシア連邦の団体（令和四年外務省告示第八十二号）,181 戦術ミサイル兵器コーポレーション、株式会社「自動設計研究所」（別称、NIC ASK、株式会 社ASK）,"181 Tactical Missile Weapons Corporation, ""Automatic Design Laboratory Co., Ltd."" (also known as NIC ASK, ASK Co., Ltd.)",,,"Tactical Missile Corporation, Joint-Stock Company “Research Center for Automated Design”, a.k.a., following two aliases:
—NIC ASK; and
—ASK JSC.","所在地：37 Leningradsky Prospekt, Room 12, Moscow, 125167, Russia.",2022 年03 月01 日,2025 年01 月10 日,https://www.meti.go.jp/policy/external_economy/trade_control/02_export/17_russia/250912_list_russia_tokutei.pdf
Russia, 国際平和のための国際的な努力に我が国として寄与するために講ずる輸出等に係る禁止措置 の対象となるロシア連邦の団体（令和四年外務省告示第八十二号）,182 戦術ミサイル兵器コーポレーション、株式会社「サリュート」（別称、公共株式会社サリュー ト及びクイブシェフ機械プラント）,"182 Tactical Missile Weapons Corporation, Salute Corporation (also known as Salute Public Corporation and Quibshef Machinery Plant)",,,"Tactical Missile Corporation, Joint Stock Company “Salute”, a.k.a., the following two aliases: —Salyut, PAO; and
—Kuibyshev Mechanical Plant.","所在地：20 Moskovskoe Shosse, Samara, 443028, Russia.",2022 年03 月01 日,2025 年01 月10 日,https://www.meti.go.jp/policy/external_economy/trade_control/02_export/17_russia/250912_list_russia_tokutei.pdf
Russia, 国際平和のための国際的な努力に我が国として寄与するために講ずる輸出等に係る禁止措置 の対象となるロシア連邦の団体（令和四年外務省告示第八十二号）,183 戦術ミサイル兵器コーポレーション、株式会社サラトフ無線機器プラント,"183 Tactical Missile Weapons Corporation, Saratov Radio Equipment Plant Co., Ltd.",戦術ミサイル兵器コーポレーション、株式会社サラトフ無線機器プラント,,"Tactical Missile Corporation, Joint Stock Company Saratov Radio Instrument Plant","所在地：108 50 Years of October, Saratov, 410040, Russia.",2022 年03 月01 日,2025 年01 月10 日,https://www.meti.go.jp/policy/external_economy/trade_control/02_export/17_russia/250912_list_russia_tokutei.pdf
Russia, 国際平和のための国際的な努力に我が国として寄与するために講ずる輸出等に係る禁止措置 の対象となるロシア連邦の団体（令和四年外務省告示第八十二号）,184 戦術ミサイル兵器コーポレーション、株式会社「海洋熱工学科学研究所」（別称、海洋熱技術 研究所）,"184 Tactical Missile Weapons Corporation, Marine Thermal Engineering Science Institute (also known as Marine Thermal Technology Institute)",,,"Tactical Missile Corporation, Joint Stock Company “Scientific Research Institute of Marine Heat Engineering”, a.k.a., the following one alias:
—Research Institute of Morteplotehniki.","所在地：44 Chernikova Street, Lomonosov, St. Petersburg, 198412, Russia.",2022 年03 月01 日,2025 年01 月10 日,https://www.meti.go.jp/policy/external_economy/trade_control/02_export/17_russia/250912_list_russia_tokutei.pdf
Russia, 国際平和のための国際的な努力に我が国として寄与するために講ずる輸出等に係る禁止措置 の対象となるロシア連邦の団体（令和四年外務省告示第八十二号）,185 戦術ミサイル兵器コーポレーション、株式会社セーヴェルヌィ・プレス（別称、北方プレス）,"185 Tactical Missile Weapons Corporation, Severny Press Co., Ltd. (also known as Northern Press)",,,"Tactical Missile Corporation, Joint Stock Company Severny Press, a.k.a., the following one alias:
—Northern Press.","所在地：7 Tallinskaya Street, St. Petersburg, 195196, Russia.",2022 年03 月01 日,2025 年01 月10 日,https://www.meti.go.jp/policy/external_economy/trade_control/02_export/17_russia/250912_list_russia_tokutei.pdf
Russia, 国際平和のための国際的な努力に我が国として寄与するために講ずる輸出等に係る禁止措置 の対象となるロシア連邦の団体（令和四年外務省告示第八十二号）,186 戦術ミサイル兵器コーポレーション､株式会社 I.I.トロポフ名称国立機械製造設計局「ヴィ ンペル」（別称､株式会社 I.I.トロポフ名称国営 MKB「ヴィンペル」及び学術生産公団ヴィン ペル）,"186 Tactical Missile Weapons Corporation, I.I. Tropov State Mechanical Design Bureau ""Vympel"" (also known as I.I. Tropov State MKB ""Vympel"" and Scientific Production Corporation Vympel)",戦術ミサイル兵器コーポレーション､株式会社 I.I.トロポフ名称国立機械製造設計局「ヴィ ンペル」,株式会社 I.I.トロポフ名称国営 MKB「ヴィンペル; 学術生産公団ヴィン ペル,"Tactical Missile Corporation, Joint Stock Company “State Machine Building Design Bureau “Vympel” By Name I.I. Toropov”, a.k.a., the following two aliases:
—AO Gos MKB “Vympel” named for II Toropov; and
—Vympel NPO.","所在地：90 Voloklamskoe Shosse, Moscow, 125424, Russia.",2022 年03 月01 日,2025 年01 月10 日,https://www.meti.go.jp/policy/external_economy/trade_control/02_export/17_russia/250912_list_russia_tokutei.pdf
Russia, 国際平和のための国際的な努力に我が国として寄与するために講ずる輸出等に係る禁止措置 の対象となるロシア連邦の団体（令和四年外務省告示第八十二号）,187 戦術ミサイル兵器コーポレーション、株式会社「ウラルエレメント」（別称、ヴェルフネウフ ァレイ・プラント「ウラルエレメント」）,"187 Tactical Missile Weapons Corporation, Ural Element Co., Ltd. (also known as Werfneuve Plant ""Ural Element"")",,,"Tactical Missile Corporation, Joint Stock Company “URALELEMENT”, a.k.a., the following one alias: —Verkhneufalei Plant “Uralelement”.","所在地：24 Dmitrieva St., Verkhny Ufaley, Chelyabinsk Region, 456800, Russia.",2022 年03 月01 日,2025 年01 月10 日,https://www.meti.go.jp/policy/external_economy/trade_control/02_export/17_russia/250912_list_russia_tokutei.pdf
Russia, 国際平和のための国際的な努力に我が国として寄与するために講ずる輸出等に係る禁止措置 の対象となるロシア連邦の団体（令和四年外務省告示第八十二号）,"188 戦術ミサイル兵器コーポレーション、株式会社「クラースヌィ・ギドロプレス」（別称、公開 株式会社「クラースヌィ・ギドロプレス」、レッド液圧プレス及びタガンログ・クラースヌィ・
ギドロプレス・プラン）","188 Tactical Missile Weapons Corporation, Krasny Gidropress Co., Ltd. (also known as Krasny Gidropress Co., Ltd., Red Hydraulic Press and Taganrog Krasny Gidropress Plan)",,,"Tactical Missile Corporation JSC “KRASNY GIDROPRESS”, a.k.a., the following five aliases:
—Aktsionernoe Obshchestvo “Krasny Gidropress”;
—Krasny Gidropress, PAO;
—Red Hydraulic Press;
—Krasny Gidropress JSC; and
—Taganrog Krasnyy Gidropress Plan.","所在地：3 Severnaya Place, Taganrog, Rostovskaya Oblast, 347928, Russia.",2022 年03 月01 日,2025 年01 月10 日,https://www.meti.go.jp/policy/external_economy/trade_control/02_export/17_russia/250912_list_russia_tokutei.pdf
Russia, 国際平和のための国際的な努力に我が国として寄与するために講ずる輸出等に係る禁止措置 の対象となるロシア連邦の団体（令和四年外務省告示第八十二号）,189 戦術ミサイル兵器コーポレーション、KB機械製造（別称、株式会社学術生産コーポレーショ ン機械工学設計局及び株式会社 NPK KBM）,"189 Tactical Missile Weapons Corporation, KB Machinery Manufacturing (also known as Academic Production Corporation Mechanical Engineering Design Bureau and NPK KBM Co., Ltd.)",,,"Tactical Missile Corporation, KB Mashinostroeniya, a.k.a., the following two aliases: —JSC Research and Production Corporation Design Bureau of Mechanical Engineering;
and
—JSC NPK KBM.","所在地：42 Oksky Prospect, Kolomna, Moscow Region, 140402, Russia.",2022 年03 月01 日,2025 年01 月10 日,https://www.meti.go.jp/policy/external_economy/trade_control/02_export/17_russia/250912_list_russia_tokutei.pdf
Russia, 国際平和のための国際的な努力に我が国として寄与するために講ずる輸出等に係る禁止措置 の対象となるロシア連邦の団体（令和四年外務省告示第八十二号）,190 戦術ミサイル兵器コーポレーション、学術生産公団エレクトロメカニクス,"190 Tactical Missile Weapons Corporation, Academic Production Corporation Electromechanics",戦術ミサイル兵器コーポレーション、学術生産公団エレクトロメカニクス,,"Tactical Missile Corporation, NPO Electromechanics","所在地：31 Mendeleev Street, Chelyabinsk Region, 456320, Russia.",2022 年03 月01 日,2025 年01 月10 日,https://www.meti.go.jp/policy/external_economy/trade_control/02_export/17_russia/250912_list_russia_tokutei.pdf
Russia, 国際平和のための国際的な努力に我が国として寄与するために講ずる輸出等に係る禁止措置 の対象となるロシア連邦の団体（令和四年外務省告示第八十二号）,191 戦術ミサイル兵器コーポレーション、学術生産公団ライトニング（別称、研究・生産団体ラ イトニング 株式会社学術生産公団モールニヤ）,"191 Tactical Missile Weapons Corporation, Academic Production Corporation Lightning (also known as Research and Production Organization Lightning, Academic Production Corporation Mollniya Co., Ltd.)",,,"Tactical Missile Corporation, NPO Lightning, a.k.a., the following one alias: —Research and Production Association Lightning JSC NPO Molniya.","所在地：5K1 Lodochnaya Street, Moscow, Russia.",2022 年03 月01 日,2025 年01 月10 日,https://www.meti.go.jp/policy/external_economy/trade_control/02_export/17_russia/250912_list_russia_tokutei.pdf
Russia, 国際平和のための国際的な努力に我が国として寄与するために講ずる輸出等に係る禁止措置 の対象となるロシア連邦の団体（令和四年外務省告示第八十二号）,192 戦術ミサイル兵器コーポレーション、ペテロフスク電気機械プラント「モロト」,"192 Tactical Missile Weapons Corporation, Petrovsk Electromechanical Plant ""Molot""",戦術ミサイル兵器コーポレーション、ペテロフスク電気機械プラント「モロト」,,"Tactical Missile Corporation, Petrovsky Electromechanical Plant “Molot”,","所在地：40 Gogol Street, Petrovsk, Saratov Region, 412541, Russia.",2022 年03 月01 日,2025 年01 月10 日,https://www.meti.go.jp/policy/external_economy/trade_control/02_export/17_russia/250912_list_russia_tokutei.pdf
Russia, 国際平和のための国際的な努力に我が国として寄与するために講ずる輸出等に係る禁止措置 の対象となるロシア連邦の団体（令和四年外務省告示第八十二号）,"193 戦術ミサイル兵器コーポレーション、公共株式会社 ANPPテンプ・アヴィア（別称、ANPP「テ ンプ・アヴィア」、公共株式会社「アルザマス研究製造企業」、テンプ・アヴィア、ANPPテンプ・エアー、株式会社アルザマス研究製造企業「テンプ・アヴィア」及び公共株式会社アル
ザマス学術製造企業「テンプ・アヴィア」）","193 Tactical Missile Weapons Corporation, Public Corporation ANPP Temp Avia (also known as ANPP ""Temp Avia"", Public Corporation ""Arzamas Research and Manufacturing Enterprise"", Temp Avia, ANPP Temp Air, Arzamas Research and Manufacturing Enterprise ""Temp Avia"", and Public Corporation Arzamas Scientific Manufacturing Enterprise ""Temp Avia"")",,,"Tactical Missile Corporation, PJSC ANPP Temp Avia, a.k.a., the following six aliases:
—ANPP “TEMP AVIA”;
—Public Joint Stock Company “Arzamas Research and Production Enterprise”;
—TEMP-AVIA;
—ANPP TEMP AIR;
—Joint Stock Company Arzamas Research And Production Enterprise “TEMP-AVIA”; and
— Publichnoe Aktsionernoe Obshchestvo Arzamasskoe Nauchno-Proizvodstvennoe
Predpriyatie “TEMP-AVIA”.","所在地：26 G. Arzamas G.Arzamas. Street, Kirov, Nizhny Novgorod, 607220 Russia.",2022 年03 月01 日,2025 年01 月10 日,https://www.meti.go.jp/policy/external_economy/trade_control/02_export/17_russia/250912_list_russia_tokutei.pdf
Russia, 国際平和のための国際的な努力に我が国として寄与するために講ずる輸出等に係る禁止措置 の対象となるロシア連邦の団体（令和四年外務省告示第八十二号）,194 戦術ミサイル兵器コーポレーション、公共株式会社「MBDBイスクラ」（別称、株式会社「I.I. カルトゥコフ名称機械製造設計局「イスクラ」」及び株式会社 MKB「イスクラ」）,"194 Tactical Missile Weapons Corporation, Public Corporation ""MBDB Iskra"" (also known as Corporation ""I.I. Kartukov Design Bureau for Machinery Manufacturing ""Iskra"""" and Corporation MKB ""Iskra"")",,,"Tactical Missile Corporation, PJSC “MBDB ISKRA”, a.k.a., the following two aliases:
—Aktsionernoe Obshchestvo “Mashinostroitelnoe Konstruktorskoe Byuro “Iskra”
imeni Ivana Ivanovicha Kartukova”; and
—AO MKB “ISKRA”.","所在地：35 Leningradsky Prospekt, Moscow, 125284, Russia.",2022 年03 月01 日,2025 年01 月10 日,https://www.meti.go.jp/policy/external_economy/trade_control/02_export/17_russia/250912_list_russia_tokutei.pdf
Russia, 国際平和のための国際的な努力に我が国として寄与するために講ずる輸出等に係る禁止措置 の対象となるロシア連邦の団体（令和四年外務省告示第八十二号）,195 戦術ミサイル兵器コーポレーション､ラドゥガ設計局（別称､株式会社「A.Ya.ベレズニャク名 称国営MKB「ラドゥガ」」、株式会社国立機械製造設計局「ラドゥガ」、MKBラドゥガ及び I.ベ レズニャク名称国営 MKB「レインボー」）,"195 Tactical Missile Weapons Corporation, Raduga Design Bureau (also known as A.Ya. Bereznyak State-owned MKB ""Raduga"" Corporation, National Machinery Manufacturing Design Bureau ""Raduga"" Corporation, MKB Raduga and I. Bereznyak State-owned MKB ""Rainbow"")",戦術ミサイル兵器コーポレーション､ラドゥガ設計局,株式会社「A.Ya.ベレズニャク名 称国営MKB「ラドゥガ」」; 株式会社国立機械製造設計局「ラドゥガ」; MKBラドゥガ; I.ベ レズニャク名称国営 MKB「レインボー」,"Tactical Missile Corporation, Raduga Design Bureau, a.k.a., the following four aliases:
—AO “GosMKB “Raduga” im. A.Ya.Bereznyaka”;
—Joint Stock Company State Machine-Building Design Bureau “Raduga”;
—MKB Raduga; and
—GosMKB “Rainbow” them. AND I. Bereznyak.","所在地：2A Zhukovskogo, Dubna, Moscowvskaya Oblast, 141983, Russia.",2022 年03 月01 日,2025 年01 月10 日,https://www.meti.go.jp/policy/external_economy/trade_control/02_export/17_russia/250912_list_russia_tokutei.pdf
Russia, 国際平和のための国際的な努力に我が国として寄与するために講ずる輸出等に係る禁止措置 の対象となるロシア連邦の団体（令和四年外務省告示第八十二号）,196 戦術ミサイル兵器コーポレーション、RKBグローブス（別称、株式会社リャザン設計局グロー ブス、連邦国家単一企業 RKBグローブス）,"196 Tactical Missile Weapons Corporation, RKB Groves (also known as Ryazan Design Bureau Groves Ltd., Federal State Unitary Enterprise RKB Groves)",,,"Tactical Missile Corporation, RKB Globus, a.k.a., the following two aliases: —JSC Ryazan Design Bureau Globus; and
—Federal State Unitary Enterprise RKB Globus.","所在地：6 Vysokovoltnaya Street, Ryazan, 390013, Russia.",2022 年03 月01 日,2025 年01 月10 日,https://www.meti.go.jp/policy/external_economy/trade_control/02_export/17_russia/250912_list_russia_tokutei.pdf
Russia, 国際平和のための国際的な努力に我が国として寄与するために講ずる輸出等に係る禁止措置 の対象となるロシア連邦の団体（令和四年外務省告示第八十二号）,197 戦術ミサイル兵器コーポレーション､スモレンスク航空プラント（別称､株式会社「SmAZ」）,"197 Tactical Missile Weapons Corporation, Smolensk Aeroplant (also known as ""SmAZ"" Corporation)",戦術ミサイル兵器コーポレーション､スモレンスク航空プラント,株式会社「SmAZ」,"Tactical Missile Corporation, Smolensk Aviation Plant, a.k.a., the following onealias: —JSC “SmAZ”.","所在地：74 Frunze Street, Smolensk, 214006, Russia.",2022 年03 月01 日,2025 年01 月10 日,https://www.meti.go.jp/policy/external_economy/trade_control/02_export/17_russia/250912_list_russia_tokutei.pdf
Russia, 国際平和のための国際的な努力に我が国として寄与するために講ずる輸出等に係る禁止措置 の対象となるロシア連邦の団体（令和四年外務省告示第八十二号）,198 戦術ミサイル兵器コーポレーション、TRVエンジニアリング（別称、有限会社ズヴェズダ・ス トレラ商会）,"198 Tactical Missile Weapons Corporation, TRV Engineering (also known as Zvezda Strela Ltd.)",,,"Tactical Missile Corporation, TRV Engineering, a.k.a., the following one alias: —Zvezda-Strela Trading House LLC.","所在地：2A Ordzhonikidze Street, Korolev, Moscow Region, Russia.",2022 年03 月01 日,2025 年01 月10 日,https://www.meti.go.jp/policy/external_economy/trade_control/02_export/17_russia/250912_list_russia_tokutei.pdf
Russia, 国際平和のための国際的な努力に我が国として寄与するために講ずる輸出等に係る禁止措置 の対象となるロシア連邦の団体（令和四年外務省告示第八十二号）,"199 戦術ミサイル兵器コーポレーション、ウラル設計局「デタル」（別称、株式会社ウラル設計局 「デタル」、株式会社ウラル設計建設局「デタル」、株式会社 UPKB「デタル」及び公共株式会
社ウラル設計建設局デタル）","199 Tactical Missile Weapons Corporation, Ural Design Bureau ""DETAL"" (also known as Ural Design Bureau ""DETAL"" Inc., Ural Design and Construction Bureau ""DETAL"" Inc., UPKB ""DETAL"" Inc., and Public Corporation Ural Design and Construction Bureau DETAL)",,,"Tactical Missile Corporation, Ural Design Bureau “Detal”, a.k.a., the following four aliases:
—Joint-Stock Company Ural Design Bureau “Detal”;
—Aktsionernoe Obshchestvo Uralskoe Proektno-Konstruktorskoe Byuro “Detal”;
—AO UPKB “Detal”; and
—Uralskoe Proektno-Konstruktorskoe Byuro Detal, Pao.","所在地：8 Pionerskaya Street, Kamensk-Uralski, Sverdlovskaya Oblast, 623409, Russia.",2022 年03 月01 日,2025 年01 月10 日,https://www.meti.go.jp/policy/external_economy/trade_control/02_export/17_russia/250912_list_russia_tokutei.pdf
Russia, 国際平和のための国際的な努力に我が国として寄与するために講ずる輸出等に係る禁止措置 の対象となるロシア連邦の団体（令和四年外務省告示第八十二号）,200 戦術ミサイル兵器コーポレーション、有限会社ズヴェズダ・ストレラ（別称、スター・アロ ー及びズヴェズダ・アロー・コーポレーション）,"200 Tactical Missile Weapons Corporation, Zvezda Strela Ltd. (also known as Star Arrow and Zvezda Arrow Corporation)",,,"Tactical Missile Corporation, Zvezda-Strela Limited Liability Company, a.k.a., the following two aliases:
—Star Arrow; and
—Zvezda-Arrow Corporation.","所在地：3 Taganrog Severnaya Square, Rostov Region, 347928, Russia.",2022 年03 月01 日,2025 年01 月10 日,https://www.meti.go.jp/policy/external_economy/trade_control/02_export/17_russia/250912_list_russia_tokutei.pdf
Russia, 国際平和のための国際的な努力に我が国として寄与するために講ずる輸出等に係る禁止措置 の対象となるロシア連邦の団体（令和四年外務省告示第八十二号）,201 統一造船会社「生産連合体北方機械製造企業」（別称、株式会社 PO セヴマシュ）,"201 United Shipbuilding Company “Northern Machinery Manufacturing Enterprise Production Consortium” (also known as PO Sevmash Co., Ltd.)",,,"United Shipbuilding Corporation “Production Association Northern Machine Building Enterprise”, a.k.a., the following one alias:
—JSC PO Sevmash.","所在地：58 Archangelskoye Shosse, Severodvinsk, Archangelsk Region, 164500, Russia.",2022 年03 月01 日,2025 年01 月10 日,https://www.meti.go.jp/policy/external_economy/trade_control/02_export/17_russia/250912_list_russia_tokutei.pdf
Russia, 国際平和のための国際的な努力に我が国として寄与するために講ずる輸出等に係る禁止措置 の対象となるロシア連邦の団体（令和四年外務省告示第八十二号）,202 株式会社ルビン,"202 Rubin Co., Ltd.",,,"AO Rubin, a.k.a., the following one aliases: -Aktsionernoe Obshchestvo Rubin.","所在地：8 11 Line of Vasilievsky Island, St. Petersburg, 199034, Russia.",2022 年03 月01 日,2025 年01 月10 日,https://www.meti.go.jp/policy/external_economy/trade_control/02_export/17_russia/250912_list_russia_tokutei.pdf
Russia, 国際平和のための国際的な努力に我が国として寄与するために講ずる輸出等に係る禁止措置 の対象となるロシア連邦の団体（令和四年外務省告示第八十二号）,203 株式会社スホイ支部、ユーリー・ガガーリン名称コムソモーリスク・ナ・アムーレ航空機工 場（別称、KNAAZ、航空持株会社 AKhK24912 スホイ）,"203 Sukhoi Corporation Branch, Yuri Gagarin's Komsomolsk-on-Amur Aircraft Plant (also known as KNAAZ, Aircraft Holding Company AKhK24912 Sukhoi)",,,"Branch of AO Company Sukhoi Yuri Gagarin Komsomolsk on Amur Aircraft Plant, a.k.a., the following two aliases:
-KNAAZ; and
-Aviation Holding Company AKhK24912 Sukhoi.","所在地：5 Skakovaya Street, Building 3, Moscow, 125040, Russia.",2022 年03 月01 日,2025 年01 月10 日,https://www.meti.go.jp/policy/external_economy/trade_control/02_export/17_russia/250912_list_russia_tokutei.pdf
Russia, 国際平和のための国際的な努力に我が国として寄与するために講ずる輸出等に係る禁止措置 の対象となるロシア連邦の団体（令和四年外務省告示第八十二号）,204 公共株式会社IL支部、アヴィアスタル（別称、アヴィアスタル SP）,"204 Public Corporation IL Branch, Aviastar (also known as Aviastar SP)",,,"Branch of PAO IL – Aviastar, a.k.a., the following one alias: -Aviastar-SP.","所在地：1 Prospect Antonova, Ulyanovsk, Ulyanovsk Oblast, 432072, Russia.",2022 年03 月01 日,2025 年01 月10 日,https://www.meti.go.jp/policy/external_economy/trade_control/02_export/17_russia/250912_list_russia_tokutei.pdf
Russia, 国際平和のための国際的な努力に我が国として寄与するために講ずる輸出等に係る禁止措置 の対象となるロシア連邦の団体（令和四年外務省告示第八十二号）,205 RSK MiG支部、ニジニ・ノヴゴロド航空機製造工場ソコル（別称、NAZソコル）,"205 RSK MiG Branch, Nizhny Novgorod Aircraft Plant Sokol (also known as NAZ Sokol)",,,"Branch of RSK MiG Nizhny Novgorod Aircraft Construction Plant Sokol, a.k.a., the following one alias:
-NAZ Sokol.","所在地：1 Chaadaeva Street, Nizhny Novgorod, Nizhegorod Oblast, 603035, Russia.",2022 年03 月01 日,2025 年01 月10 日,https://www.meti.go.jp/policy/external_economy/trade_control/02_export/17_russia/250912_list_russia_tokutei.pdf
Russia, 国際平和のための国際的な努力に我が国として寄与するために講ずる輸出等に係る禁止措置 の対象となるロシア連邦の団体（令和四年外務省告示第八十二号）,206 チカロフ名称ノヴォシビルスク航空工場（別称、NAZ、航空持株会社 AKhKスホイ）,"206. Chkalov-named Novosibirsk Aviation Plant (also known as NAZ, AKhK Sukhoi Aviation Holding Company)",,,"Chkalov Novosibirsk Aviation Plant, a.k.a., the following two aliases: -NAZ; and
-Aviation Holding Company AKhK Sukhoi.","所在地：15 Polzunova Street, Novosibirsk, Novosibirsk Oblast, 630051, Russia.",2022 年03 月01 日,2025 年01 月10 日,https://www.meti.go.jp/policy/external_economy/trade_control/02_export/17_russia/250912_list_russia_tokutei.pdf
Russia, 国際平和のための国際的な努力に我が国として寄与するために講ずる輸出等に係る禁止措置 の対象となるロシア連邦の団体（令和四年外務省告示第八十二号）,207 コンツェルン無線・電子テクノロジー、株式会社アエロプリボル・ヴォスホード（別称、AP ヴォスホード）,"207 Concern Wireless and Electronic Technology, Aeropribor Voskhod Corporation (also known as AP Voskhod)",,,"Concern Radio-Electronic Technologies, Joint Stock Company Aeropribor Voskhod, a.k.a., the following one alias:
-AP-Voskhod.","所在地：19 Tkatskaya Street, 4th Floor, Room 400, Moscow, 105318, Russia.",2022 年03 月01 日,2025 年01 月10 日,https://www.meti.go.jp/policy/external_economy/trade_control/02_export/17_russia/250912_list_russia_tokutei.pdf
Russia, 国際平和のための国際的な努力に我が国として寄与するために講ずる輸出等に係る禁止措置 の対象となるロシア連邦の団体（令和四年外務省告示第八十二号）,208 コンツェルン無線・電子テクノロジー、株式会社全ロシア科学研究所グラディエント（別称、 VNIIグラディエント）,"208. Radio and Electronic Technology Consortium, All-Russian Institute of Scientific Research Gradient (also known as VNII Gradient)",,,"Concern Radio-Electronic Technologies, Joint Stock Company All Russian Scientific Research Institute Gradient, a.k.a., the following one alias:
-VNII Gradient.","所在地：96 Sokolov Prospect, Rostov-on-Don, 344010, Russia.",2022 年03 月01 日,2025 年01 月10 日,https://www.meti.go.jp/policy/external_economy/trade_control/02_export/17_russia/250912_list_russia_tokutei.pdf
Russia, 国際平和のための国際的な努力に我が国として寄与するために講ずる輸出等に係る禁止措置 の対象となるロシア連邦の団体（令和四年外務省告示第八十二号）,209 コンツェルン無線・電子テクノロジー、株式会社アリメチエフスク・ラジオプリボル工場（別称、株式会社AZRP、アルザール,"209 Concern Radio and Electronic Technology, Alimetyevsk Radio Privol Plant (also known as AZRP Corporation, Alzar)",コンツェルン無線・電子テクノロジー、株式会社アリメチエフスク・ラジオプリボル工場,株式会社AZRP; アルザール,"Concern Radio-Electronic Technologies, Joint Stock Company Almetyevsk Radiopribor Plant, a.k.a., the following two aliases:
-JSC AZRP; and-Alzar.","所在地：2 Stroiteley Prospect, Almetyevsk, Almetyevsk Region, Republic of Tatarstan, 423461, Russia",2022 年03 月01 日,2025 年01 月10 日,https://www.meti.go.jp/policy/external_economy/trade_control/02_export/17_russia/250912_list_russia_tokutei.pdf
Russia, 国際平和のための国際的な努力に我が国として寄与するために講ずる輸出等に係る禁止措置 の対象となるロシア連邦の団体（令和四年外務省告示第八十二号）,210 コンツェルン無線・電子テクノロジー、株式会社 P.A.エフィモフ名称試験設計局エレクトロ アフトマティカ（別称、株式会社 OKBエレクトロアフトマティカ）,"210 Concern Radio and Electronic Technology, P.A. Efimov Co., Ltd., Designated Test and Design Bureau Electro-Avtomatica (also known as OKB Electro-Avtomatica Co., Ltd.)",,,"Concern Radio-Electronic Technologies, Joint Stock Company Experimental Design Bureau Elektroavtomatika in the name of P.A. Efimov, a.k.a., the following one
alias:
-AO OKB Elektroavtomatika.","所在地：40 Marshal Govorov, Saint Petersburg, 198095, Russia.",2022 年03 月01 日,2025 年01 月10 日,https://www.meti.go.jp/policy/external_economy/trade_control/02_export/17_russia/250912_list_russia_tokutei.pdf
Russia, 国際平和のための国際的な努力に我が国として寄与するために講ずる輸出等に係る禁止措置 の対象となるロシア連邦の団体（令和四年外務省告示第八十二号）,211 コンツェルン無線・電子テクノロジー、株式会社工業用制御設計局（別称、KBPA、工業用自 動制御設計局）,"211. Konzern Wireless & Electronic Technology, Industrial Control Design Bureau (also known as KBPA, Industrial Automatic Control Design Bureau)",,,"Concern Radio-Electronic Technologies, Joint Stock Company Industrial Controls Design Bureau, a.k.a., the following two aliases:
-KBPA; and
-Design Bureau for Industrial Automatics.","所在地：239 Bolshaya Sadovaya Street, Saratov, Saratov Oblast, 410005, Russia.",2022 年03 月01 日,2025 年01 月10 日,https://www.meti.go.jp/policy/external_economy/trade_control/02_export/17_russia/250912_list_russia_tokutei.pdf
Russia, 国際平和のための国際的な努力に我が国として寄与するために講ずる輸出等に係る禁止措置 の対象となるロシア連邦の団体（令和四年外務省告示第八十二号）,212 コンツェルン無線・電子テクノロジー、株式会社カザン機材工学設計局（別称、KPKB）,"212. Konzern Wireless & Electronic Technology, Kazan Equipment Engineering Design Bureau Co., Ltd. (also known as KPKB)",,,"Concern Radio-Electronic Technologies, Joint Stock Company Kazan Instrument Engineering and Design Bureau, a.k.a., the following one alias:
-KPKB.","所在地：Sibirsky Trakt Street, Kazan, Republic of Tartarstan, 420061, Russia.",2022 年03 月01 日,2025 年01 月10 日,https://www.meti.go.jp/policy/external_economy/trade_control/02_export/17_russia/250912_list_russia_tokutei.pdf
Russia, 国際平和のための国際的な努力に我が国として寄与するために講ずる輸出等に係る禁止措置 の対象となるロシア連邦の団体（令和四年外務省告示第八十二号）,213 コンツェルン無線・電子テクノロジー、株式会社マイクロテクノロジー,"213 Konzern Wireless & Electronic Technology, Microtechnology Co., Ltd.",コンツェルン無線・電子テクノロジー、株式会社マイクロテクノロジー,,"Concern Radio-Electronic Technologies, Joint Stock Company Microtechnology, a.k.a., the following one alias:
-JSC Microtechnology.","所在地：44 Pioneer Street, Saint Petersburg, 197110, Russia.",2022 年03 月01 日,2025 年01 月10 日,https://www.meti.go.jp/policy/external_economy/trade_control/02_export/17_russia/250912_list_russia_tokutei.pdf
Russia, 国際平和のための国際的な努力に我が国として寄与するために講ずる輸出等に係る禁止措置 の対象となるロシア連邦の団体（令和四年外務省告示第八十二号）,214 コンツェルン無線・電子テクノロジー、株式会社ファゾトロン無線工学科学研究所（別称、ファゾトロンNIIR）,"214 Konzern Radio and Electronic Technology, Fazotron Radio Engineering Research Institute Co., Ltd. (also known as Fazotron NIIR)",,,"Concern Radio-Electronic Technologies, Joint Stock Company Phazotron Scientific Research Institute of Radio Engineering, a.k.a., the following one alias:
-Phazotron NIIR.","所在地：59 Kavkazky Boulevard, Floor 3, Space XIV, Room 21, Moscow, 115516, Russia.",2022 年03 月01 日,2025 年01 月10 日,https://www.meti.go.jp/policy/external_economy/trade_control/02_export/17_russia/250912_list_russia_tokutei.pdf
Russia, 国際平和のための国際的な努力に我が国として寄与するために講ずる輸出等に係る禁止措置 の対象となるロシア連邦の団体（令和四年外務省告示第八十二号）,215 コンツェルン無線・電子テクノロジー、株式会社ラジオプリボル（別称、ラジオプリボル）,"215. Konzern Wireless & Electronic Technology, Radio Privol Co., Ltd. (also known as Radio Privol)",,,"Concern Radio-Electronic Technologies, Joint Stock Company Radiopribor, a.k.a., the following one alias:-Radiopribor.","所在地：2 Fatkulina Street, Kazan, Republic of Tartarstan, 420021，Russia.",2022 年03 月01 日,2025 年01 月10 日,https://www.meti.go.jp/policy/external_economy/trade_control/02_export/17_russia/250912_list_russia_tokutei.pdf
Russia, 国際平和のための国際的な努力に我が国として寄与するために講ずる輸出等に係る禁止措置 の対象となるロシア連邦の団体（令和四年外務省告示第八十二号）,216 コンツェルン無線・電子テクノロジー、株式会社ラメンスコエ機材工学局（別称、RPKB）,"216. Konzern Radio and Electronic Technology, Ramenskoye Equipment and Engineering Bureau (also known as RPKB)",,,"Concern Radio-Electronic Technologies, Joint Stock Company Ramenskoe Instrument Engineering Bureau, a.k.a., the following one alias: -RPKB.","所在地：2 Guriev Street, Ramenskoe, Moscow Oblast, 140103, Russia.",2022 年03 月01 日,2025 年01 月10 日,https://www.meti.go.jp/policy/external_economy/trade_control/02_export/17_russia/250912_list_russia_tokutei.pdf
Russia, 国際平和のための国際的な努力に我が国として寄与するために講ずる輸出等に係る禁止措置 の対象となるロシア連邦の団体（令和四年外務省告示第八十二号）,217 コンツェルン無線・電子テクノロジー、株式会社研究生産センターSAPSAN （別称、 NPTs SAPSAN）,"217. Konzern Wireless & Electronic Technology, Research & Production Center SAPSAN Co., Ltd. (also known as NPTs SAPSAN)",,,"Concern Radio-Electronic Technologies, Joint Stock Company Research and Production Center SAPSAN, a.k.a., the following one alias: -NPTs SAPSAN.","所在地：25 Avtozavodskaya Street, Room 2, Moscow, 115280, Russia.",2022 年03 月01 日,2025 年01 月10 日,https://www.meti.go.jp/policy/external_economy/trade_control/02_export/17_russia/250912_list_russia_tokutei.pdf
Russia, 国際平和のための国際的な努力に我が国として寄与するために講ずる輸出等に係る禁止措置 の対象となるロシア連邦の団体（令和四年外務省告示第八十二号）,218 コンツェルン無線・電子テクノロジー、株式会社リチャグ（別称、リチャグ）,"218 Konzern Wireless & Electronic Technology, Richag Co., Ltd. (also known as Richag)",,,"Concern Radio-Electronic Technologies, Joint Stock Company Rychag, a.k.a., the following one alias:
-Rychag.","所在地：37 Lipatova Street, Kazan, Republic of Tatarstan, 420075, Russia.",2022 年03 月01 日,2025 年01 月10 日,https://www.meti.go.jp/policy/external_economy/trade_control/02_export/17_russia/250912_list_russia_tokutei.pdf
Russia, 国際平和のための国際的な努力に我が国として寄与するために講ずる輸出等に係る禁止措置 の対象となるロシア連邦の団体（令和四年外務省告示第八十二号）,219 コンツェルン無線・電子テクノロジー、株式会社学術・製造企業イズメリテル（別称、NPP イ ズメリテル）,"219. Konzern Wireless & Electronic Technology, Izmeritel Co., Ltd. (also known as NPP Izmeritel)",,,"Concern Radio-Electronic Technologies, Joint Stock Company Scientific Production Enterprise Izmeritel, a.k.a., the following one alias: -NPP Izmeritel.","所在地：5 Babushkina Street, Smolensk, Smolensk Oblast, 214031, Russia.",2022 年03 月01 日,2025 年01 月10 日,https://www.meti.go.jp/policy/external_economy/trade_control/02_export/17_russia/250912_list_russia_tokutei.pdf
Russia, 国際平和のための国際的な努力に我が国として寄与するために講ずる輸出等に係る禁止措置 の対象となるロシア連邦の団体（令和四年外務省告示第八十二号）,220 コンツェルン無線・電子テクノロジー、株式会社 V.I.シムコ名称ラジオエレクトロニクス学 術生産公団（別称、学術生産公団 V.I.シムコ名称ラジオエレクトロニクス）,"220 Consortium Radio and Electronic Technology, V.I. SIMCO Corporation (also known as Radio Electronics Scientific Production Corporation V.I. SIMCO)",,,"Concern Radio-Electronic Technologies, Joint Stock Company Scientific Production Union for Radioelectronics named after V.I. Shimko, a.k.a., the following one alias:
-NPO Radioelectronics N.A. V.I. Shimko.","所在地：50 Journalists Street, Kazan, Republic of Tatarstan, 420029, Russia.",2022 年03 月01 日,2025 年01 月10 日,https://www.meti.go.jp/policy/external_economy/trade_control/02_export/17_russia/250912_list_russia_tokutei.pdf
Russia, 国際平和のための国際的な努力に我が国として寄与するために講ずる輸出等に係る禁止措置 の対象となるロシア連邦の団体（令和四年外務省告示第八十二号）,221 コンツェルン無線・電子テクノロジー、株式会社タガンログ通信科学研究所（別称、TNIIS）,"221. Konzern Wireless & Electronic Technology, Taganlog Communications Science Laboratory Co., Ltd. (also known as TNIIS)",,,"Concern Radio-Electronic Technologies, Joint Stock Company Taganrog Communications Scientific Research Institute, a.k.a., the following one alias:
-TNIIS.","所在地：3 Sedova Street, Taganrog, Rostov Oblast, 347913, Russia.",2022 年03 月01 日,2025 年01 月10 日,https://www.meti.go.jp/policy/external_economy/trade_control/02_export/17_russia/250912_list_russia_tokutei.pdf
Russia, 国際平和のための国際的な努力に我が国として寄与するために講ずる輸出等に係る禁止措置 の対象となるロシア連邦の団体（令和四年外務省告示第八十二号）,222 コンツェルン無線・電子テクノロジー、株式会社ウラル機材工学工場（別称、株式会社 UPZ）,"222 Konzern Wireless & Electronic Technology, Ural Equipment Engineering Factory Co., Ltd. (also known as UPZ Co., Ltd.)",,,"Concern Radio-Electronic Technologies, Joint Stock Company Ural Instrument Engineering Plant, a.k.a., the following one alias: -JSC UPZ.","所在地：25 Km Tract Street, Sysert district, Sverdlovsk Oblast, 624000, Russia.",2022 年03 月01 日,2025 年01 月10 日,https://www.meti.go.jp/policy/external_economy/trade_control/02_export/17_russia/250912_list_russia_tokutei.pdf
Russia, 国際平和のための国際的な努力に我が国として寄与するために講ずる輸出等に係る禁止措置 の対象となるロシア連邦の団体（令和四年外務省告示第八十二号）,223 コンツェルン無線・電子テクノロジー、株式会社ヴズリョート工学実験サポート（別称、ISI ヴズリョート）,"223 Concern Wireless and Electronic Technology, Vuzlyot Engineering Experiment Support Co., Ltd. (also known as ISI Vuzlyot)",,,"Concern Radio-Electronic Technologies, Joint Stock Company Vzlet Engineering Testing Support, a.k.a., the following one alias:
-ISI Vzlet.","所在地：ISI Vzlet Room, Aktyubinsk-7, Aktyubinsk Region, Astrakhan Oblast, 476507, Russia.",2022 年03 月01 日,2025 年01 月10 日,https://www.meti.go.jp/policy/external_economy/trade_control/02_export/17_russia/250912_list_russia_tokutei.pdf
Russia, 国際平和のための国際的な努力に我が国として寄与するために講ずる輸出等に係る禁止措置 の対象となるロシア連邦の団体（令和四年外務省告示第八十二号）,224 コンツェルン無線・電子テクノロジー、株式会社ジグリ無線工場（別称、ZhRZ）,"224 Konzern Wireless & Electronic Technology, ZhRZ Wireless Factory Co., Ltd.",,,"Concern Radio-Electronic Technologies, Joint Stock Company Zhiguli Radio Plant, a.k.a., the following one alias:
-ZhRZ.","所在地：1 Radiozavod Street, Zhigulevsk, Samara Oblast, 44539, Russia.",2022 年03 月01 日,2025 年01 月10 日,https://www.meti.go.jp/policy/external_economy/trade_control/02_export/17_russia/250912_list_russia_tokutei.pdf
Russia, 国際平和のための国際的な努力に我が国として寄与するために講ずる輸出等に係る禁止措置 の対象となるロシア連邦の団体（令和四年外務省告示第八十二号）,225 コンツェルン無線・電子テクノロジー、公共株式会社ブリャンスク特殊設計局（別称、BEMZ）,"225. Consortium of Radio and Electronic Technology, Public Company Limited, Bryansk Special Design Bureau (also known as BEMZ)",,,"Concern Radio-Electronic Technologies, Public Joint Stock Company Bryansk Special Design Bureau, a.k.a., the following one alias:
-BEMZ.","所在地：136 Vokzalnaya Street, Bryansk, 241017, Russia.",2022 年03 月01 日,2025 年01 月10 日,https://www.meti.go.jp/policy/external_economy/trade_control/02_export/17_russia/250912_list_russia_tokutei.pdf
Russia, 国際平和のための国際的な努力に我が国として寄与するために講ずる輸出等に係る禁止措置 の対象となるロシア連邦の団体（令和四年外務省告示第八十二号）,226 コンツェルン無線・電子テクノロジー、公共株式会社モスクワ電気機械・オートメーション 研究所（別称、公共株式会社 MIEA）,"226. Concern for Radio and Electronic Technology, Public Corporation Moscow Institute of Electromechanical and Automation (also known as Public Corporation MIEA)",,,"Concern Radio-Electronic Technologies, Public Joint Stock Company Moscow Institute of Electro Mechanics and Automation, a.k.a., the following one alias:
-PAO MIEA.","所在地：5 Aviation Pereulok, Moscow, 125167, Russia.",2022 年03 月01 日,2025 年01 月10 日,https://www.meti.go.jp/policy/external_economy/trade_control/02_export/17_russia/250912_list_russia_tokutei.pdf
Russia, 国際平和のための国際的な努力に我が国として寄与するために講ずる輸出等に係る禁止措置 の対象となるロシア連邦の団体（令和四年外務省告示第八十二号）,227 コンツェルン無線・電子テクノロジー、公共株式会社スタヴロポリ無線工場シグナル（別称、 シグナル無線工場）,"227. Consortium of Radio and Electronic Technology, Stavropol Radio Factory Signal (also known as Signal Radio Factory)",,,"Concern Radio-Electronic Technologies, Public Joint Stock Company Stavropol Radio Plant Signal, a.k.a., the following one alias: -Signal Radio Plant.","所在地：9A 2nd Yugo-Zapadny Proezd, Stavropol, Stavropol Krai, 355037, Russia.",2022 年03 月01 日,2025 年01 月10 日,https://www.meti.go.jp/policy/external_economy/trade_control/02_export/17_russia/250912_list_russia_tokutei.pdf
Russia, 国際平和のための国際的な努力に我が国として寄与するために講ずる輸出等に係る禁止措置 の対象となるロシア連邦の団体（令和四年外務省告示第八十二号）,228 コンツェルン無線・電子テクノロジー、公共株式会社テクプリボル（別称、テクプリボル）,"228. Konzern Wireless and Electronic Technology, Public Corporation Techprivol (also known as Techprivol)",,,"Concern Radio-Electronic Technologies, Public Joint Stock Company Techpribor, a.k.a., the following one alias:-Techpribor.","所在地：5A Varshavskaya Street, Saint Petersburg, 196128, Russia.",2022 年03 月01 日,2025 年01 月10 日,https://www.meti.go.jp/policy/external_economy/trade_control/02_export/17_russia/250912_list_russia_tokutei.pdf
Russia, 国際平和のための国際的な努力に我が国として寄与するために講ずる輸出等に係る禁止措置 の対象となるロシア連邦の団体（令和四年外務省告示第八十二号）,229 コンツェルン無線・電子テクノロジー、ラメンスコエ機材製作工場,"229 Concern for Radio and Electronic Technology, Ramenskoye Equipment Manufacturing Plant",コンツェルン無線・電子テクノロジー、ラメンスコエ機材製作工場,,"Concern Radio-Electronic Technologies, Ramensky Instrument Engineering Plant, a.k.a., the following one alias:
-Ramensky Instrument- Engineering Plant.","所在地：39 Mikhalevicha Street, Room 20, Floor 2, Space 124, Ramenskoe, Moscow Oblast, 140100, Russia.",2022 年03 月01 日,2025 年01 月10 日,https://www.meti.go.jp/policy/external_economy/trade_control/02_export/17_russia/250912_list_russia_tokutei.pdf
Russia, 国際平和のための国際的な努力に我が国として寄与するために講ずる輸出等に係る禁止措置 の対象となるロシア連邦の団体（令和四年外務省告示第八十二号）,230 コンツェルン無線・電子テクノロジー、V.V.タラソフ名称航空オートメーション（別称、公 開株式会社クルスクプリボル、クルスクプリボル）,"230 Consortium Radio and Electronic Technology, V.V. Tarasov Aviation Automation (also known as Kursk Privol Public Company Limited, Kursk Privol)",,,"Concern Radio-Electronic Technologies, V.V. Tarasov Avia Avtomatika, a.k.a., the following two aliases:
-Kursk Open Joint Stock Company Pribor; and
-Kursk Pribor.","所在地：47 Zapolnaya Street, Kursk, 305040, Russia.",2022 年03 月01 日,2025 年01 月10 日,https://www.meti.go.jp/policy/external_economy/trade_control/02_export/17_russia/250912_list_russia_tokutei.pdf
Russia, 国際平和のための国際的な努力に我が国として寄与するために講ずる輸出等に係る禁止措置 の対象となるロシア連邦の団体（令和四年外務省告示第八十二号）,231 化学機械製造設計局 KBKhM（別称、A.M.イサエフ名称化学工学設計局、KB KhimMash）,"231 Chemical Machinery Manufacturing Design Bureau KBKhM (also known as A.M. Isaev Design Bureau for Chemical Engineering, KB KhimMash)",,,"Design Bureau of Chemical Machine Building KBKhM, a.k.a., the following two aliases: -A.M. Isayev Chemical Engineering Design Bureau; and
-KB KhimMash.","所在地：12 Bogomolova St., Podlipki, Korolyev, Moscow oblast, 141070, Russia.",2022 年03 月01 日,2025 年01 月10 日,https://www.meti.go.jp/policy/external_economy/trade_control/02_export/17_russia/250912_list_russia_tokutei.pdf
Russia, 国際平和のための国際的な努力に我が国として寄与するために講ずる輸出等に係る禁止措置 の対象となるロシア連邦の団体（令和四年外務省告示第八十二号）,232 極東造船・船舶修理センター（別称、株式会社 DTSSS）,"232 Far East Shipbuilding and Ship Repair Center (also known as DTSSS Co., Ltd.)",,,"Far Eastern Shipbuilding and Ship Repair Center, a.k.a., the following one alias: -DTSSS, AO.","所在地：72 Svetlanskaya Street, Vladivostok, Russia.",2022 年03 月01 日,2025 年01 月10 日,https://www.meti.go.jp/policy/external_economy/trade_control/02_export/17_russia/250912_list_russia_tokutei.pdf
Russia, 国際平和のための国際的な努力に我が国として寄与するために講ずる輸出等に係る禁止措置 の対象となるロシア連邦の団体（令和四年外務省告示第八十二号）,233 イリューシン名称航空コンプレックス支部、ミャスィシェヴァ試験機械製造工場（別称、ミ ャスィシェヴァEMZ）,"233 Ilyushin Named Aviation Complex Branch, Myassheva Test Machinery Manufacturing Plant (also known as Myassheva EMZ)",,,"Ilyushin Aviation Complex Branch: Myasishcheva Experimental Mechanical Engineering Plant, a.k.a., the following one alias:
-Myasishcheva EMZ.","所在地：7 Narkomvod Street, Zhukovsky, Moscow Oblast, 140180, Russia.",2022 年03 月01 日,2025 年01 月10 日,https://www.meti.go.jp/policy/external_economy/trade_control/02_export/17_russia/250912_list_russia_tokutei.pdf
Russia, 国際平和のための国際的な努力に我が国として寄与するために講ずる輸出等に係る禁止措置 の対象となるロシア連邦の団体（令和四年外務省告示第八十二号）,234 ロシア科学アカデミー極東支部海洋技術問題研究所（別称、IPMT FEB RAS）,"234 Institute of Marine Technology Problems, Far Eastern Branch of the Russian Academy of Sciences (also known as IPMT FEB RAS)",,,"Institute of Marine Technology Problems Far East Branch Russian Academy of Sciences, a.k.a., the following one alias:
-IPMT FEB RAS.","所在地：5A Sukhanov Street, Vladivostok, 690091, Russia.",2022 年03 月01 日,2025 年01 月10 日,https://www.meti.go.jp/policy/external_economy/trade_control/02_export/17_russia/250912_list_russia_tokutei.pdf
Russia, 国際平和のための国際的な努力に我が国として寄与するために講ずる輸出等に係る禁止措置 の対象となるロシア連邦の団体（令和四年外務省告示第八十二号）,235 イルクーツク航空工場,235 Irkutsk Aviation Plant,,,Irkutsk Aviation Plant,"所在地：3 Novatorov Street, Irkutsk, 664020, Russia.",2022 年03 月01 日,2025 年01 月10 日,https://www.meti.go.jp/policy/external_economy/trade_control/02_export/17_russia/250912_list_russia_tokutei.pdf
Russia, 国際平和のための国際的な努力に我が国として寄与するために講ずる輸出等に係る禁止措置 の対象となるロシア連邦の団体（令和四年外務省告示第八十二号）,236 株式会社アエロコンポジット（別称、アエロコンポジット）,"236 Aerocomposite Co., Ltd. (also known as Aerocomposite)",,,"Joint Stock Company Aerocomposit, a.k.a., the following one alias: -Aerocomposit.","所在地：47 Leningrad Prospect, Building 2, Moscow, 125167, Russia; and 23B Polikarpova Street, Room 2, Moscow, 125284, Russia.",2022 年03 月01 日,2025 年01 月10 日,https://www.meti.go.jp/policy/external_economy/trade_control/02_export/17_russia/250912_list_russia_tokutei.pdf
Russia, 国際平和のための国際的な努力に我が国として寄与するために講ずる輸出等に係る禁止措置 の対象となるロシア連邦の団体（令和四年外務省告示第八十二号）,237 株式会社アフタマティカ（別称、アフタマティカ）,"237 Aftermatica Co., Ltd. (also known as Aftermatica)",,,"Joint Stock Company Avtomatika, a.k.a., the following one alias: -Avtomatika.","所在地：113G Svetlanskaya Street, Vladivostok, Primorsk Krai, 690001, Russia.",2022 年03 月01 日,2025 年01 月10 日,https://www.meti.go.jp/policy/external_economy/trade_control/02_export/17_russia/250912_list_russia_tokutei.pdf
Russia, 国際平和のための国際的な努力に我が国として寄与するために講ずる輸出等に係る禁止措置 の対象となるロシア連邦の団体（令和四年外務省告示第八十二号）,238 株式会社ブリャンスク電気機械工場（別称、BEMZ）,"238 Bryansk Electromechanical Plant Co., Ltd. (also known as BEMZ)",,,"Joint Stock Company Bryansk Electromechanical Plant, a.k.a., the following one alias:
-BEMZ.","所在地：136 Vokzalnaya Street, Bryansk, 241017, Russia.",2022 年03 月01 日,2025 年01 月10 日,https://www.meti.go.jp/policy/external_economy/trade_control/02_export/17_russia/250912_list_russia_tokutei.pdf
Russia, 国際平和のための国際的な努力に我が国として寄与するために講ずる輸出等に係る禁止措置 の対象となるロシア連邦の団体（令和四年外務省告示第八十二号）,239 株式会社エレロン（別称、株式会社 FCS&HT SNPO エレロン、SNPOエレロン）,"239 Eleron Co., Ltd. (also known as FCS&HT SNPO Eleron Co., Ltd., SNPO Eleron)",,,"Joint Stock Company Eleron, a.k.a., the following two aliases: -JSC FCS&HT SNPO Eleron; and
-SNPO Eleron.","所在地：55 Dibunovskaya St., St. Petersburg, 197183, Russia; and 14 Generala Belova St., Moscow, 115563, Russia; and 11 Oktyabrskava St., Ozersk, Chelyabinsk Region,
456780, Russia.",2022 年03 月01 日,2025 年01 月10 日,https://www.meti.go.jp/policy/external_economy/trade_control/02_export/17_russia/250912_list_russia_tokutei.pdf
Russia, 国際平和のための国際的な努力に我が国として寄与するために講ずる輸出等に係る禁止措置 の対象となるロシア連邦の団体（令和四年外務省告示第八十二号）,240 株式会社A.S.ヤコヴレフ名称試験設計局（別称、A.S.ヤコヴレフ EDB）,240 A.S. Yakovlev Design and Testing Bureau (also known as A.S. Yakovlev EDB),,,"Joint Stock Company Experimental Design Bureau named after A.S. Yakovlev, a.k.a., the following one alias:
-A.S. Yakovlev EDB.","所在地：68 Leningrad Prospect, Moscow, 125315, Russia.",2022 年03 月01 日,2025 年01 月10 日,https://www.meti.go.jp/policy/external_economy/trade_control/02_export/17_russia/250912_list_russia_tokutei.pdf
Russia, 国際平和のための国際的な努力に我が国として寄与するために講ずる輸出等に係る禁止措置 の対象となるロシア連邦の団体（令和四年外務省告示第八十二号）,241 株式会社連邦研究生産センター・アルタイ,"241 Federal Research and Production Center Altai Co., Ltd.",,,Joint Stock Company Federal Research and Production Center Altai,"所在地：1 Socialist Street, Biysk, Altai Territory, 659322, Russia.",2022 年03 月01 日,2025 年01 月10 日,https://www.meti.go.jp/policy/external_economy/trade_control/02_export/17_russia/250912_list_russia_tokutei.pdf
Russia, 国際平和のための国際的な努力に我が国として寄与するために講ずる輸出等に係る禁止措置 の対象となるロシア連邦の団体（令和四年外務省告示第八十二号）,242 株式会社特別設計本局プロジェクター,242 Special Design Headquarters Projector,,,Joint Stock Company Head Special Design Bureau Prozhektor,"所在地：56 Highway Enthusiasts, Moscow, 111123, Russia.",2022 年03 月01 日,2025 年01 月10 日,https://www.meti.go.jp/policy/external_economy/trade_control/02_export/17_russia/250912_list_russia_tokutei.pdf
Russia, 国際平和のための国際的な努力に我が国として寄与するために講ずる輸出等に係る禁止措置 の対象となるロシア連邦の団体（令和四年外務省告示第八十二号）,243 株式会社イリューシン名称航空コンプレックス（別称、公共株式会社イリューシン）,243 Ilyushin Corporation Aviation Complex (also known as Public Corporation Ilyushin),,,"Joint Stock Company Ilyushin Aviation Complex, a.k.a., the following one alias: -PAO Ilyushin.","所在地：45G Leningrad Prospect, Moscow, 125190, Russia; and 2 Tupolev Street, Zhukovsky, Moscow Oblast, 140185, Russia.",2022 年03 月01 日,2025 年01 月10 日,https://www.meti.go.jp/policy/external_economy/trade_control/02_export/17_russia/250912_list_russia_tokutei.pdf
Russia, 国際平和のための国際的な努力に我が国として寄与するために講ずる輸出等に係る禁止措置 の対象となるロシア連邦の団体（令和四年外務省告示第八十二号）,244 株式会社ラズリート中央設計局（別称、株式会社中央建設局ラズリート）,"244 Lazuli Central Design Bureau Co., Ltd. (also known as Lazuli Central Construction Bureau Co., Ltd.)",,,"Joint Stock Company Lazurit Central Design Bureau, a.k.a., the following one alias: -Aktsionernoe Obshchestvo Tsentralnoe Konstruktorskoe Byuro Lazurit.","所在地：57 Svoboda Street, Nizhny Novgorod, 603951, Russia; and 25H, 29H,Building 6/2, Lit. A, Ligovsky Prospect, Saint Petersburg, 191036, Russia; and 72
Svetlanskaya Street, Vladivostok, Primorsky Territory, 690091, Russia; and 1 Lebedva
Street, Bolshoy Kamen, Primorsky Territory,692801, Russia.",2022 年03 月01 日,2025 年01 月10 日,https://www.meti.go.jp/policy/external_economy/trade_control/02_export/17_russia/250912_list_russia_tokutei.pdf
Russia, 国際平和のための国際的な努力に我が国として寄与するために講ずる輸出等に係る禁止措置 の対象となるロシア連邦の団体（令和四年外務省告示第八十二号）,245 株式会社ラメンスコエ機材工学工場（別称、ラメンスコエ機材工学工場）,"245 Ramenskoye Equipment Engineering Factory Co., Ltd. (also known as Ramenskoye Equipment Engineering Factory)",,,"Joint Stock Company Ramensky Instrument Engineering Plant, a.k.a., the following one alias:
-Ramensky Instrument- Engineering Plant.","所在地：39 Mikhalevicha Street, Room 20, Floor 2, Space 124, Ramenskoe, Moscow Oblast, 140100, Russia.",2022 年03 月01 日,2025 年01 月10 日,https://www.meti.go.jp/policy/external_economy/trade_control/02_export/17_russia/250912_list_russia_tokutei.pdf
Russia, 国際平和のための国際的な努力に我が国として寄与するために講ずる輸出等に係る禁止措置 の対象となるロシア連邦の団体（令和四年外務省告示第八十二号）,246 株式会社研究開発企業プロテク（別称、株式会社 NVPプロテク）,"246. Protec Co., Ltd. (also known as NVP Protec Co., Ltd.)",,,"Joint Stock Company Research and Development Enterprise Protek, a.k.a., the following one alias:
-JSC NVP Protek.","所在地：6 Basic St., Voronezh, 394028, Russia.",2022 年03 月01 日,2025 年01 月10 日,https://www.meti.go.jp/policy/external_economy/trade_control/02_export/17_russia/250912_list_russia_tokutei.pdf
Russia, 国際平和のための国際的な努力に我が国として寄与するために講ずる輸出等に係る禁止措置 の対象となるロシア連邦の団体（令和四年外務省告示第八十二号）,247 株式会社 SPMDB マラカイト（別称、公共株式会社サンクトペテルブルク海洋機械製造局マラ カイト）,"247. SPMDB Malachite Co., Ltd. (also known as the Public Corporation Saint Petersburg Marine Machinery Manufacturing Bureau Malachite)",,,"Joint Stock Company SPMDB Malachite, a.k.a., the following one alias: -Sankt-Peterburgskoe Morskoe Byuro Mashinostroeniya Malakhit, PAO.","所在地：18 Frunze Street, Saint Petersburg, 196135, Russia.",2022 年03 月01 日,2025 年01 月10 日,https://www.meti.go.jp/policy/external_economy/trade_control/02_export/17_russia/250912_list_russia_tokutei.pdf
Russia, 国際平和のための国際的な努力に我が国として寄与するために講ずる輸出等に係る禁止措置 の対象となるロシア連邦の団体（令和四年外務省告示第八十二号）,248 株式会社ヴォトキンスク工場,"248 Votkinsk Plant Co., Ltd.",,,Joint Stock Company Votkinsky Zavod,"所在地：2 Kirova Street, Votkinsk, Udmurt Republic, 427430, Russia.",2022 年03 月01 日,2025 年01 月10 日,https://www.meti.go.jp/policy/external_economy/trade_control/02_export/17_russia/250912_list_russia_tokutei.pdf
Russia, 国際平和のための国際的な努力に我が国として寄与するために講ずる輸出等に係る禁止措置 の対象となるロシア連邦の団体（令和四年外務省告示第八十二号）,249 RSK MiG支部、カリャジン機械製造工場,"249 RSK MiG Branch, Kalyazin Machinery Manufacturing Plant",RSK MiG支部、カリャジン機械製造工場,,Kalyazinsky Machine Building Factory – Branch of RSK MiG,"所在地：5 Industrialnaya Ultisa, Kalyazin, Tver Oblast, 171573, Russia.",2022 年03 月01 日,2025 年01 月10 日,https://www.meti.go.jp/policy/external_economy/trade_control/02_export/17_russia/250912_list_russia_tokutei.pdf
Russia, 国際平和のための国際的な努力に我が国として寄与するために講ずる輸出等に係る禁止措置 の対象となるロシア連邦の団体（令和四年外務省告示第八十二号）,250 深海調査総局（別称、GUGI、海軍水路部、ロシア連邦国防省航行・海洋局）,"250. Main Directorate for Deep Sea Research (also known as GUGI, Naval Hydrographic Department, and Navigation and Oceanographic Department of the Ministry of Defense of the Russian Federation)",,,"Main Directorate of Deep-Sea Research, a.k.a., the following three aliases: -GUGI;
-Hydrographic Service of the Navy; and
-Department of Navigation and Oceanography of the Ministry of Defense of the Russian
Federation.","所在地：8, 11 line of Vasilievsky Island, St. Petersburg, 199034 Russia.",2022 年03 月01 日,2025 年01 月10 日,https://www.meti.go.jp/policy/external_economy/trade_control/02_export/17_russia/250912_list_russia_tokutei.pdf
Russia, 国際平和のための国際的な努力に我が国として寄与するために講ずる輸出等に係る禁止措置 の対象となるロシア連邦の団体（令和四年外務省告示第八十二号）,251 学術生産企業スタルト（別称、A.I.ヤスキン名称学術生産企業スタルト）,251. Academic Production Enterprise Stat (also known as A.I. Yaskin Academic Production Enterprise Stat),,,"NPP Start, a.k.a., the following one alias: -NPP Start A.I. Yaskina.","所在地：24 Pribaltiskaya St., Yekaterinburg, 620007, Russia.",2022 年03 月01 日,2025 年01 月10 日,https://www.meti.go.jp/policy/external_economy/trade_control/02_export/17_russia/250912_list_russia_tokutei.pdf
Russia, 国際平和のための国際的な努力に我が国として寄与するために講ずる輸出等に係る禁止措置 の対象となるロシア連邦の団体（令和四年外務省告示第八十二号）,252 公開株式会社ラジオフィジカ（別称、公共株式会社ラジオフィジックス）,252 Radio Physica Inc. (also known as Radio Physics Inc.),,,"OAO Radiofizika, a.k.a., the following one alias: -PJSC Radiophysics.","所在地：10 Geroyev Panfilov St., Moscow, 125363, Russia.",2022 年03 月01 日,2025 年01 月10 日,https://www.meti.go.jp/policy/external_economy/trade_control/02_export/17_russia/250912_list_russia_tokutei.pdf
Russia, 国際平和のための国際的な努力に我が国として寄与するために講ずる輸出等に係る禁止措置 の対象となるロシア連邦の団体（令和四年外務省告示第八十二号）,253 RSK MiG支部、 P.A.ヴォローニン名称ルホヴィツィ航空工場（別称、LAZ）,"253 RSK MiG Branch, P.A. Voronin-designated Lukhovitsy Aircraft Plant (also known as LAZ)",,,"P.A. Voronin Lukhovitsky Aviation Plant, branch of RSK MiG, a.k.a., the following one alias:
-LAZ.","所在地：Lukhovitsy District, Moscow Region, 140500, Russia.",2022 年03 月01 日,2025 年01 月10 日,https://www.meti.go.jp/policy/external_economy/trade_control/02_export/17_russia/250912_list_russia_tokutei.pdf
Russia, 国際平和のための国際的な努力に我が国として寄与するために講ずる輸出等に係る禁止措置 の対象となるロシア連邦の団体（令和四年外務省告示第八十二号）,254 公共株式会社ヴォロネジ航空機合弁会社（別称、VASO）,254 Public Corporation Voronezh Aircraft Joint Venture (VASO),,,"Public Joint Stock Company Voronezh Joint Stock Aircraft Company, a.k.a., the following one alias:
-VASO.","所在地：27 Tsiolkovsk Street, Vornezh, 394029, Russia.",2022 年03 月01 日,2025 年01 月10 日,https://www.meti.go.jp/policy/external_economy/trade_control/02_export/17_russia/250912_list_russia_tokutei.pdf
Russia, 国際平和のための国際的な努力に我が国として寄与するために講ずる輸出等に係る禁止措置 の対象となるロシア連邦の団体（令和四年外務省告示第八十二号）,255 A.L.ミンツ名称無線技術研究所（別称、A.L.ミンツ名称無線技術研究所、ミンツ無線技術研 究所）,"255 A.L. Mintz Radio Technology Institute (also known as A.L. Mintz Radio Technology Institute, Mintz Radio Technology Research Institute)",,,"Radio Technical Institute named after A. L. Mints, a.k.a., the following two aliases:
-Academician A.L. Mints Radiotechnical Institute; and
-Mints Radio-Technical Institute.","所在地：10/1 8th March St., North Administrative Okrug, Moscow, 127083, Russia.",2022 年03 月01 日,2025 年01 月10 日,https://www.meti.go.jp/policy/external_economy/trade_control/02_export/17_russia/250912_list_russia_tokutei.pdf
Russia, 国際平和のための国際的な努力に我が国として寄与するために講ずる輸出等に係る禁止措置 の対象となるロシア連邦の団体（令和四年外務省告示第八十二号）,256 ロシア連邦原子力センター・全ロシア実験物理学研究所（別称、NIIIS、セダコフ名称計測シ ステム調査研究所、Yu.E.セダコフ名称NIIIS、RFNC-VNIIEF）,"256. The All-Russian Institute of Experimental Physics, Center for Nuclear Energy of the Russian Federation (also known as NIIIS, Sedakov Institute for Measurement Systems Research, Yu.E. Sedakov NIIIS, RFNC-VNIIEF)",,,"Russian Federal Nuclear Center – All Russian Research Institute of ExperimentalPhysics, a.k.a., the following four aliases: -NIIIS;
-Sedakov Research Institute of Measuring Systems;
-NIIIS Named After Yu.E. Sedakov; and
-RFNC-VNIIEF.","所在地：Box No. 486, Nizhny Novgorod, Russia, 603951; and 47 Tropinina St., Nizhny Novgorod, 603137, Russia.",2022 年03 月01 日,2025 年01 月10 日,https://www.meti.go.jp/policy/external_economy/trade_control/02_export/17_russia/250912_list_russia_tokutei.pdf
Russia, 国際平和のための国際的な努力に我が国として寄与するために講ずる輸出等に係る禁止措置 の対象となるロシア連邦の団体（令和四年外務省告示第八十二号）,257 株式会社シュヴァベ（別称、シュヴァベ）,"257. Schwabe Co., Ltd. (also known as Schwabe)",,,"Shvabe JSC, a.k.a., the following one alias: -Shvabe.","所在地：176 Mira Prospekt, Moscow, 129366, Russia.",2022 年03 月01 日,2025 年01 月10 日,https://www.meti.go.jp/policy/external_economy/trade_control/02_export/17_russia/250912_list_russia_tokutei.pdf
Russia, 国際平和のための国際的な努力に我が国として寄与するために講ずる輸出等に係る禁止措置 の対象となるロシア連邦の団体（令和四年外務省告示第八十二号）,258 有限会社専門技術センター（別称、有限会社 STTs）,"258 Specialized Technical Center Co., Ltd. (also known as STTs Co., Ltd.)",,,"Special Technological Center LLC, a.k.a., the following one alias: -OOO STTs.","所在地：21B Gzhatskaya St., St. Petersburg, 195220, Russia.",2022 年03 月01 日,2025 年01 月10 日,https://www.meti.go.jp/policy/external_economy/trade_control/02_export/17_russia/250912_list_russia_tokutei.pdf
Russia, 国際平和のための国際的な努力に我が国として寄与するために講ずる輸出等に係る禁止措置 の対象となるロシア連邦の団体（令和四年外務省告示第八十二号）,259 サンクトペテルブルク海洋機械製造局マラカイト（別称、SPMBMマラカイト、マラカイト）,"259 Malachite from the Saint Petersburg Marine Machinery Manufacturing Bureau (also known as SPMBM malachite, malachite)",,,"St. Petersburg Marine Bureau of Machine Building Malakhit, a.k.a., the following two aliases:
-SPMBM Malakhit; and
-Malakhit.","所在地：18 Frunze St., St. Petersburg, 196135, Russia.",2022 年03 月01 日,2025 年01 月10 日,https://www.meti.go.jp/policy/external_economy/trade_control/02_export/17_russia/250912_list_russia_tokutei.pdf
Russia, 国際平和のための国際的な努力に我が国として寄与するために講ずる輸出等に係る禁止措置 の対象となるロシア連邦の団体（令和四年外務省告示第八十二号）,260 サンクトペテルブルク海軍設計局アルマズ（別称、株式会社 TsMKB アルマズ、アルマズ中央 海洋設計局）,"260 Saint Petersburg Naval Design Bureau Almaz (also known as TsMKB Almaz Co., Ltd., Almaz Central Marine Design Bureau)",,,"St. Petersburg Naval Design Bureau Almaz, a.k.a., the following two aliases: -JSC TsMKB Almaz; and
-Almaz Central Marine Design Bureau.","所在地：50 Varshavskaya, St. Petersburg, 196128, Russia.",2022 年03 月01 日,2025 年01 月10 日,https://www.meti.go.jp/policy/external_economy/trade_control/02_export/17_russia/250912_list_russia_tokutei.pdf
Russia, 国際平和のための国際的な努力に我が国として寄与するために講ずる輸出等に係る禁止措置 の対象となるロシア連邦の団体（令和四年外務省告示第八十二号）,261 クルィロフ名称サンクトペテルブルク造船センター（別称、クルィロフ国立研究センター）,261. Krylov State Saint Petersburg Shipbuilding Center (also known as Krylov State Research Center),,,"St. Petersburg Shipbuilding Institution Krylov, a.k.a., the following one alias: -Krylov State Research Center.","所在地：44 Moskovskoe Highway, St. Petersburg, Russia, 196158.",2022 年03 月01 日,2025 年01 月10 日,https://www.meti.go.jp/policy/external_economy/trade_control/02_export/17_russia/250912_list_russia_tokutei.pdf
Russia, 国際平和のための国際的な努力に我が国として寄与するために講ずる輸出等に係る禁止措置 の対象となるロシア連邦の団体（令和四年外務省告示第八十二号）,262 戦略管制所コーポレーション（別称、重機製造中央設計局 SPU TsKB TM、株式会社コーポレ ーションSPUCCB TM）,"262 Strategic Control Center Corporation (also known as Heavy Equipment Manufacturing Central Design Bureau SPU TsKB TM, Corporation SPUCCB TM)",,,"Strategic Control Posts Corporation, a.k.a., the following two aliases: -Central Design Bureau of Heavy Machine Building SPU TsKB TM; and
-JSC Corporation SPUCCB TM.","所在地：12A Vozvodnaya St., Moscow, 111024, Russia.",2022 年03 月01 日,2025 年01 月10 日,https://www.meti.go.jp/policy/external_economy/trade_control/02_export/17_russia/250912_list_russia_tokutei.pdf
Russia, 国際平和のための国際的な努力に我が国として寄与するために講ずる輸出等に係る禁止措置 の対象となるロシア連邦の団体（令和四年外務省告示第八十二号）,263 TsKB MT ルビン（別称、海洋工学中央設計局ルビン）,263 TsKB MT Rubin (also known as the Central Design Bureau for Marine Engineering Rubin),,,"TsKB MT Rubin, a.k.a., the following two aliases: -Tsentralnoe Konstruktorskoe Byuro Morskoi Tekhniki Rubin; and
-The Rubin Central Design Bureau for Marine Engineering.","所在地：90 Marata Street, Saint Petersburg, 191119, Russia.",2022 年03 月01 日,2025 年01 月10 日,https://www.meti.go.jp/policy/external_economy/trade_control/02_export/17_russia/250912_list_russia_tokutei.pdf
Russia, 国際平和のための国際的な努力に我が国として寄与するために講ずる輸出等に係る禁止措置 の対象となるロシア連邦の団体（令和四年外務省告示第八十二号）,264 ロシア科学アカデミーV.A.トラペズニコフ名称制御科学研究所（別称、ICS RAS、IPU RAS）,"264. V.A. Trapeznikov Institute of Control Science, Russian Academy of Sciences (also known as ICS RAS, IPU RAS)",,,"V.A. Trapeznikov Institute of Control Sciences of Russian Academy of Sciences, a.k.a., the following two aliases:
-ICS RAS; and
-IPU RAS.","所在地：65 Profsoyuznaya Street, Business Center Vozdvizhenka Center Voentorg, Moscow, 117997, Russia.",2022 年03 月01 日,2025 年01 月10 日,https://www.meti.go.jp/policy/external_economy/trade_control/02_export/17_russia/250912_list_russia_tokutei.pdf
Russia, 国際平和のための国際的な努力に我が国として寄与するために講ずる輸出等に係る禁止措置 の対象となるロシア連邦の団体（令和四年外務省告示第八十二号）,265 公開株式会社ウラジーミル無線通信設計局（別称、VKBR）,"265. Vladimir Radio Design Bureau (VKBR), a publicly traded company.",,,"Vladimir Design Bureau for Radio Communications OJSC, a.k.a., the following one alias:
-VKBR.","所在地：28 Baturina St., Vladimir, Vladimirskaya oblast, 600017, Russia.",2022 年03 月01 日,2025 年01 月10 日,https://www.meti.go.jp/policy/external_economy/trade_control/02_export/17_russia/250912_list_russia_tokutei.pdf
Russia, 国際平和のための国際的な努力に我が国として寄与するために講ずる輸出等に係る禁止措置 の対象となるロシア連邦の団体（令和四年外務省告示第八十二号）,266 株式会社ヴォエンテレコム,"266 Voentelecom Co., Ltd.",,,Voentelecom JSC,"所在地：15A/1 Bolshaya Olenya St., Moscow, 107014, Russia.",2022 年03 月01 日,2025 年01 月10 日,https://www.meti.go.jp/policy/external_economy/trade_control/02_export/17_russia/250912_list_russia_tokutei.pdf
Russia, 国際平和のための国際的な努力に我が国として寄与するために講ずる輸出等に係る禁止措置 の対象となるロシア連邦の団体（令和四年外務省告示第八十二号）,267 第46TSNII中央科学研究所（別称、46 TsNII、46 TsNII MO RF）,"267. 46th TsNII Central Institute of Science (also known as 46 TsNII, 46 TsNII MO RF)",,,"46th TSNII Central Scientific Research Institute, a.k.a., the following two aliases: —46 TsNII; and
—46 TsNII MO RF.","所在地：10 Chukotskiy Proyezd, Moscow, 129327, Russia.",2022 年03 月01 日,2025 年01 月10 日,https://www.meti.go.jp/policy/external_economy/trade_control/02_export/17_russia/250912_list_russia_tokutei.pdf
Russia, 国際平和のための国際的な努力に我が国として寄与するために講ずる輸出等に係る禁止措置 の対象となるロシア連邦の団体（令和四年外務省告示第八十二号）,268 全ロシア光学物理計測科学研究所（別称、連邦国家単一企業全ロシア光学物理計測科学研究 所、FSUE VNIIOFI）,"268 All-Russian Institute of Optical, Physical and Measurement Sciences (also known as the All-Russian Institute of Optical, Physical and Measurement Sciences, a Federal State Unit Enterprise, FSUE VNIIOFI)",,,"All Russia Scientific Research Institute of Optical Physical Measurements, a.k.a., the following two aliases:
—All-Russian Research Institute for Optical and Physical Measurements Federal State
Unitary Enterprise; and
—FSUE VNIIOFI.","所在地：46 Ozernaya St., Moscow, 119361, Russia.",2022 年03 月01 日,2025 年01 月10 日,https://www.meti.go.jp/policy/external_economy/trade_control/02_export/17_russia/250912_list_russia_tokutei.pdf
Russia, 国際平和のための国際的な努力に我が国として寄与するために講ずる輸出等に係る禁止措置 の対象となるロシア連邦の団体（令和四年外務省告示第八十二号）,269 アルザマス学術・製造企業テンプ・アヴィア（別称、OKB テンプ、株式会社テンプ・アヴィ ア・アルザマス学術・製造団体、ANPPテンプ・アヴィア）,"269. Temp Avia, an academic and manufacturing company in Alzamas (also known as OKB Temp, Temp Avia Co., Ltd., Alzamas Academic and Manufacturing Organization, and ANPP Temp Avia)",,,"Arzamas Scientific Production Enterprise Temp Avia, a.k.a., the following three aliases:
—OKB Temp;
—Temp-Avia Arzamas Research and Production Association JSC; and
—ANPP Temp-Avia.","所在地：26 Kirov St., Arzamas, 607220, Russia.",2022 年03 月01 日,2025 年01 月10 日,https://www.meti.go.jp/policy/external_economy/trade_control/02_export/17_russia/250912_list_russia_tokutei.pdf
Russia, 国際平和のための国際的な努力に我が国として寄与するために講ずる輸出等に係る禁止措置 の対象となるロシア連邦の団体（令和四年外務省告示第八十二号）,270 有限会社国家防衛発注自動入札システム（別称、有限会社 AST GOZ）,"270 National Defense Procurement Automatic Bidding System Co., Ltd. (also known as AST GOZ Co., Ltd.)",,,"Automated Procurement System for State Defense Orders, LLC, a.k.a., the following one alias:
—AST GOZ LLC.","所在地：78/1 Profsoyuznaya St., Moscow, 117393, Russia.",2022 年03 月01 日,2025 年01 月10 日,https://www.meti.go.jp/policy/external_economy/trade_control/02_export/17_russia/250912_list_russia_tokutei.pdf
Russia, 国際平和のための国際的な努力に我が国として寄与するために講ずる輸出等に係る禁止措置 の対象となるロシア連邦の団体（令和四年外務省告示第八十二号）,271 エンジニアリングセンター「モスエレクトロンプロエクト」（別称、株式会社モスエレクトロ ンプロエクト、株式会社 MosEP）,"271 Engineering Center ""Mos Electron Project"" (also known as Mos Electron Project Co., Ltd., MosEP Co., Ltd.)",,,"Engineering Center Moselectronproekt, a.k.a., the following two aliases: —Moselectronproekt (JSC); and
—MosEP JSC.","所在地：12 Kosmonavta Volkova St., Room 22, Moscow, 127299, Russia.",2022 年03 月01 日,2025 年01 月10 日,https://www.meti.go.jp/policy/external_economy/trade_control/02_export/17_russia/250912_list_russia_tokutei.pdf
Russia, 国際平和のための国際的な努力に我が国として寄与するために講ずる輸出等に係る禁止措置 の対象となるロシア連邦の団体（令和四年外務省告示第八十二号）,272 学術生産団体エタロン（別称、NPOエタロン）,272. Academic Production Organization Etalon (also known as NPO Etalon),,,"Etalon Scientific and Production Association, a.k.a., the following one alias: —NPO Etalon.","所在地：3 Tsentralny Proezd, Dobryanka, Perm, Russia.",2022 年03 月01 日,2025 年01 月10 日,https://www.meti.go.jp/policy/external_economy/trade_control/02_export/17_russia/250912_list_russia_tokutei.pdf
Russia, 国際平和のための国際的な努力に我が国として寄与するために講ずる輸出等に係る禁止措置 の対象となるロシア連邦の団体（令和四年外務省告示第八十二号）,273 エヴゲーニー・クラユシン,273 Evgeny Krayushin,,,Evgeny Krayushin,"所在地：Building 41, 3 Zheleznodorozhniy Lane, Dmitrov, Moscow, Russia; and 9 Melitopolskaya ul., Str. 3, Moscow, Russia.",2022 年03 月01 日,2025 年01 月10 日,https://www.meti.go.jp/policy/external_economy/trade_control/02_export/17_russia/250912_list_russia_tokutei.pdf
Russia, 国際平和のための国際的な努力に我が国として寄与するために講ずる輸出等に係る禁止措置 の対象となるロシア連邦の団体（令和四年外務省告示第八十二号）,274 対外経済団体マシュプリボリントルグ（別称、株式会社 FTAマシュプリボリントルグ）,274. Maspriboringg (also known as FTA Maspriboringg Inc.),,,"Foreign Trade Association Mashpriborintorg, a.k.a., the following one alias:
—FTA Mashpriborintorg JSC.","所在地：Room 1/1, Building 1, 8 Ukrainsky Blvrd., Moscow, Russia.",2022 年03 月01 日,2025 年01 月10 日,https://www.meti.go.jp/policy/external_economy/trade_control/02_export/17_russia/250912_list_russia_tokutei.pdf
Russia, 国際平和のための国際的な努力に我が国として寄与するために講ずる輸出等に係る禁止措置 の対象となるロシア連邦の団体（令和四年外務省告示第八十二号）,275 有限会社Ineko,"275 Ineko Co., Ltd.",,,"Ineko LLC, a.k.a., the following one alias: —OOO Ineko.","所在地：Building 41, 3 Zheleznodorozhniy Lane, Dmitrov, Moscow, Russia; and 9Melitopolskaya ul., Str. 3, Moscow, Russia.",2022 年03 月01 日,2025 年01 月10 日,https://www.meti.go.jp/policy/external_economy/trade_control/02_export/17_russia/250912_list_russia_tokutei.pdf
Russia, 国際平和のための国際的な努力に我が国として寄与するために講ずる輸出等に係る禁止措置 の対象となるロシア連邦の団体（令和四年外務省告示第八十二号）,276 株式会社インフォルマアクスティカ,"276 Informa Acoustica Co., Ltd.",,,Informakustika JSC,"所在地：22A Polytechnic St., St. Petersburg, 194021, Russia.",2022 年03 月01 日,2025 年01 月10 日,https://www.meti.go.jp/policy/external_economy/trade_control/02_export/17_russia/250912_list_russia_tokutei.pdf
Russia, 国際平和のための国際的な努力に我が国として寄与するために講ずる輸出等に係る禁止措置 の対象となるロシア連邦の団体（令和四年外務省告示第八十二号）,277 高エネルギー物理研究所（別称、IHEP）,277 High Energy Physics Institute (also known as IHEP),,,"Institute of High Energy Physics, a.k.a., the following one aliases: —IHEP.","所在地：1/1 Pobeda St., Science Square, Protvino Moskovskaya Oblast, 142281, Russia.",2022 年03 月01 日,2025 年01 月10 日,https://www.meti.go.jp/policy/external_economy/trade_control/02_export/17_russia/250912_list_russia_tokutei.pdf
Russia, 国際平和のための国際的な努力に我が国として寄与するために講ずる輸出等に係る禁止措置 の対象となるロシア連邦の団体（令和四年外務省告示第八十二号）,278 理論実験物理学研究所（別称、ITEP、ITEF、クルチャトフスキー研究所所属 ITEF）,"278 Institute for Theoretical Experimental Physics (also known as ITEP, ITEF, affiliated with the Kurchatovsky Institute)",,,"Institute of Theoretical and Experimental Physics, a.k.a., the following three aliases:
—ITEP;
—ITEF; and
—Kurchatovskiy Institute ITEF.","所在地：25 Bolshaya Cheremushkinskaya St., 117218; and 24 Sevastopolskiy Avenue, Moscow, 117186, Russia.",2022 年03 月01 日,2025 年01 月10 日,https://www.meti.go.jp/policy/external_economy/trade_control/02_export/17_russia/250912_list_russia_tokutei.pdf
Russia, 国際平和のための国際的な努力に我が国として寄与するために講ずる輸出等に係る禁止措置 の対象となるロシア連邦の団体（令和四年外務省告示第八十二号）,279 ISE SO RAN高圧電子工学研究所（別称、ロシア科学アカデミーシベリア支部高圧電子工学研 究所、IHCE、IHCE SB RAS）,"279 ISE SO RAN Institute of High Voltage Electronics (also known as the Institute of High Voltage Electronics of the Siberian Branch of the Russian Academy of Sciences, IHCE, IHCE SB RAS)",,,"ISE SO RAN Institute of High-Current Electronics, a.k.a., the following three aliases:
—Institute of High Current Electronics Siberian Branch Russian Academy of Science
—IHCE; and
—IHCE SB RAS.","所在地：2/3 Prospekt Akeademicheskiy, Tomsk, 634055, Russia.",2022 年03 月01 日,2025 年01 月10 日,https://www.meti.go.jp/policy/external_economy/trade_control/02_export/17_russia/250912_list_russia_tokutei.pdf
Russia, 国際平和のための国際的な努力に我が国として寄与するために講ずる輸出等に係る禁止措置 の対象となるロシア連邦の団体（令和四年外務省告示第八十二号）,280 株式会社エネルギヤ,"280 Energiya Co., Ltd.",,,JSC Energiya,"所在地：1 Elektrik St., Yelets, Lipetskaya Oblast, 399775, Russia.",2022 年03 月01 日,2025 年01 月10 日,https://www.meti.go.jp/policy/external_economy/trade_control/02_export/17_russia/250912_list_russia_tokutei.pdf
Russia, 国際平和のための国際的な努力に我が国として寄与するために講ずる輸出等に係る禁止措置 の対象となるロシア連邦の団体（令和四年外務省告示第八十二号）,281 株式会社カルーガ遠隔機械装置科学研究所（別称、株式会社 KNIITMU）,"281 Kaluga Remote Mechanical Devices Research Institute Co., Ltd. (also known as KNIITMU Co., Ltd.)",,,"Kaluga Scientific-Research Institute of Telemechanical Devices JSC, a.k.a., the following one alias:
—KNIITMU JSC.","所在地：4 Karla Marksa St., Kaluga, 248000, Russia.",2022 年03 月01 日,2025 年01 月10 日,https://www.meti.go.jp/policy/external_economy/trade_control/02_export/17_russia/250912_list_russia_tokutei.pdf
Russia, 国際平和のための国際的な努力に我が国として寄与するために講ずる輸出等に係る禁止措置 の対象となるロシア連邦の団体（令和四年外務省告示第八十二号）,282 公開株式会社ペラ造船所（別称、公開株式会社レニングラード造船所ペラ）,"282. Pella Shipyards, Inc. (also known as Leningrad Shipyards, Inc.)",,,"OJSC Pella Shipyard, a.k.a., the following one alias: —OJSC Leningrad Shipyard Pella.","所在地：4 Tsentralnaya St., Kirovski raion, Otradnoe, Leningradskaya Obl., 187330, Russia.",2022 年03 月01 日,2025 年01 月10 日,https://www.meti.go.jp/policy/external_economy/trade_control/02_export/17_russia/250912_list_russia_tokutei.pdf
Russia, 国際平和のための国際的な努力に我が国として寄与するために講ずる輸出等に係る禁止措置 の対象となるロシア連邦の団体（令和四年外務省告示第八十二号）,283 株式会社科学製造センター・ヴィグスタル（別称、AO科学製造センター・ヴィグスタル、株 式会社SRCヴィグスタル）,"283. Kagaku Seizo Center Vigstal Co., Ltd. (also known as AO Kagaku Seizo Center Vigstal, SRC Vigstal Co., Ltd.)",,,"Scientific Production Center Vigstar JSC, a.k.a., the following two aliases: —AO Nauchno-proizvodstvennyy tsentr Vigstar; and
—JSC SRC Vigstar.","所在地：8 1st Dorozhnyy proyezd, Moscow, 117545, Russia.",2022 年03 月01 日,2025 年01 月10 日,https://www.meti.go.jp/policy/external_economy/trade_control/02_export/17_russia/250912_list_russia_tokutei.pdf
Russia, 国際平和のための国際的な努力に我が国として寄与するために講ずる輸出等に係る禁止措置 の対象となるロシア連邦の団体（令和四年外務省告示第八十二号）,284 株式会社学術生産企業サリュート,"284. Academic Production Enterprise Salute Co., Ltd.",,,"Scientific-Production Enterprise Salyut JSC, a.k.a., the following one alias: —JSC NPP Salyut.","所在地：7 Larina St., Nizhny Novgorod, 603950, Russia.",2022 年03 月01 日,2025 年01 月10 日,https://www.meti.go.jp/policy/external_economy/trade_control/02_export/17_russia/250912_list_russia_tokutei.pdf
Russia, 国際平和のための国際的な努力に我が国として寄与するために講ずる輸出等に係る禁止措置 の対象となるロシア連邦の団体（令和四年外務省告示第八十二号）,285 科学研究所「プラタン」及び付属工場（別称、NIIプラタン）,"285. Scientific Research Institute ""Platan"" and its affiliated factory (also known as NII Platan)",,,"Scientific-Research Institute and Factory Platan, a.k.a., the following one alias: —NII Platan.","所在地：2 Zavodskoy Dr., Fryazino, Moscow oblast, 141190, Russia.",2022 年03 月01 日,2025 年01 月10 日,https://www.meti.go.jp/policy/external_economy/trade_control/02_export/17_russia/250912_list_russia_tokutei.pdf
Russia, 国際平和のための国際的な努力に我が国として寄与するために講ずる輸出等に係る禁止措置 の対象となるロシア連邦の団体（令和四年外務省告示第八十二号）,286 株式会社特殊設計局サリュート（別称、株式会社 OKBサリュート）,"286 Special Design Bureau Salute Co., Ltd. (also known as OKB Salute Co., Ltd.)",,,"Special Design Bureau Salute JSC, a.k.a., the following two aliases: —OKB Salute JSC; and
—OKB Salyut JSC.","所在地：153 Krasniy Pr., Novosibirsk, 630049, Russia.",2022 年03 月01 日,2025 年01 月10 日,https://www.meti.go.jp/policy/external_economy/trade_control/02_export/17_russia/250912_list_russia_tokutei.pdf
Russia, 国際平和のための国際的な努力に我が国として寄与するために講ずる輸出等に係る禁止措置 の対象となるロシア連邦の団体（令和四年外務省告示第八十二号）,287 タムボフ工場「オクトーバー」（別称、株式会社タムボフ工場オクトーバー、株式会社オクチ ャブリ）,"287 Tambov Factory ""October"" (also known as Tambov Factory October Co., Ltd., Okchabri Co., Ltd.)",,,"Tambov Plant (TZ) “October”, a.k.a., the following two aliases: —Tambov Plant (TZ) October JSC; and
—JSC Octayabr.","所在地：1 Bastionaya Street, Tambov, Tambovskaya Oblast, 392029, Russia.",2022 年03 月01 日,2025 年01 月10 日,https://www.meti.go.jp/policy/external_economy/trade_control/02_export/17_russia/250912_list_russia_tokutei.pdf
Russia, 国際平和のための国際的な努力に我が国として寄与するために講ずる輸出等に係る禁止措置 の対象となるロシア連邦の団体（令和四年外務省告示第八十二号）,288 Ａ．リュリキ試験設計局（別称、Ａ．リュリキ OKB、FL Ａ. リュリキ OKB、UEC-UMPO支部Ａ． リュリキ試験設計局）,"288 A. Ryulky Test and Design Bureau (also known as A. Ryulky OKB, FL A. Ryulky OKB, UEC-UMPO Branch A. Ryulky Test and Design Bureau)",,,"A. Lyulki Experimental-Design Bureau, a.k.a., the following three aliases:
-A. Lyulki OKB;
-FL A. Lyulki OKB; and
-A. Lyulki Experimental-Design Bureau Branch of UEC-UMPO.","所在地：8 Kasatkin Street, Building 8, Moscow 129301, Russia.",2022 年03 月01 日,2025 年01 月10 日,https://www.meti.go.jp/policy/external_economy/trade_control/02_export/17_russia/250912_list_russia_tokutei.pdf
Russia, 国際平和のための国際的な努力に我が国として寄与するために講ずる輸出等に係る禁止措置 の対象となるロシア連邦の団体（令和四年外務省告示第八十二号）,289 Ａ．リュリキ科学技術センター（別称、FL NTTs Ａ．リュリキ、UEC-Saturn支部Ａ.リュリキ 科学技術センター） ,"289 A. Ryulky Science and Technology Center (also known as FL NTTs A. Ryulky, UEC-Saturn Branch A. Ryulky Science and Technology Center)",Ａ．リュリキ科学技術センター,FL NTTs Ａ．リュリキ; UEC-Saturn支部Ａ.リュリキ 科学技術センター,"A. Lyulki Science and Technology Center, a.k.a., the following two aliases: -FL NTTs A. Lyulki; and
-Branch of UEC-Saturn A. Lyulki Science and Technology Center.","所在地：13 Kasatkin Street, Moscow, 129301, Russia.",2022 年03 月01 日,2025 年01 月10 日,https://www.meti.go.jp/policy/external_economy/trade_control/02_export/17_russia/250912_list_russia_tokutei.pdf
Russia, 国際平和のための国際的な努力に我が国として寄与するために講ずる輸出等に係る禁止措置 の対象となるロシア連邦の団体（令和四年外務省告示第八十二号）,290 株式会社アヴィアアグレガート,"290 Avia Agregato Co., Ltd.",,,AO Aviaagregat,"所在地：1 Shukovskogo Street, Zhukovskiy, Moscow Oblast, 140196, Russia.",2022 年03 月01 日,2025 年01 月10 日,https://www.meti.go.jp/policy/external_economy/trade_control/02_export/17_russia/250912_list_russia_tokutei.pdf
Russia, 国際平和のための国際的な努力に我が国として寄与するために講ずる輸出等に係る禁止措置 の対象となるロシア連邦の団体（令和四年外務省告示第八十二号）,291 航空流体力学中央研究所（別称、TsAGI）,291 Central Institute of Aerodynamics (also known as TsAGI),,,"Central Aerohydrodynamic Institute, a.k.a., the following one alias: -TsAGI.","所在地：1 Zhukovskogo Street, Zhukovsky, Moscow Oblast, 140180, Russia.",2022 年03 月01 日,2025 年01 月10 日,https://www.meti.go.jp/policy/external_economy/trade_control/02_export/17_russia/250912_list_russia_tokutei.pdf
Russia, 国際平和のための国際的な努力に我が国として寄与するために講ずる輸出等に係る禁止措置 の対象となるロシア連邦の団体（令和四年外務省告示第八十二号）,292 非公開株式会社トゥルボルス（別称、トゥルボルス ZAO）,"292. Privately held company Turbolus Co., Ltd. (also known as Turbolus ZAO)",,,"Closed Joint Stock Company Turborus, a.k.a., the following one alias: -Turborus ZAO.","所在地：179 Prospect Lenina, Rybinsk, Rybinsk Region, Yaroslavl Oblast 152907, Russia.",2022 年03 月01 日,2025 年01 月10 日,https://www.meti.go.jp/policy/external_economy/trade_control/02_export/17_russia/250912_list_russia_tokutei.pdf
Russia, 国際平和のための国際的な努力に我が国として寄与するために講ずる輸出等に係る禁止措置 の対象となるロシア連邦の団体（令和四年外務省告示第八十二号）,293 連邦自治機関Ｐ．Ｉ．バラノフ名称エンジン製造中央研究所（別称、航空動力中央研究所、CAIM）,"293 Federal Autonomous Organization P. I. Baranov Central Research Institute for Engine Manufacturing (also known as the Central Research Institute for Aeropower, CAIM)",,,"Federal Autonomous Institution Central Institute of Engine-Building N.A. P.I. Baranov, a.k.a., the following two aliases:
-Central Institute of Aviation Motors; and,
-CAIM.","所在地：2 Aviation Motoes Street, Moscow, 111116, Russia.",2022 年03 月01 日,2025 年01 月10 日,https://www.meti.go.jp/policy/external_economy/trade_control/02_export/17_russia/250912_list_russia_tokutei.pdf
Russia, 国際平和のための国際的な努力に我が国として寄与するために講ずる輸出等に係る禁止措置 の対象となるロシア連邦の団体（令和四年外務省告示第八十二号）,294 連邦国家予算機関Ｎ.Ｅ.ジュコフスキー名称国立研究センター研究所（別称、ジュコフスキ ー国立研究所）,294 Federal State Budget Agency N.E. Zhukovsky National Research Center Institute (also known as Zhukovsky National Institute),,,"Federal State Budgetary Institution National Research Center Institute n.a. N.E. Zhukovsky, a.k.a., the following one alias:
-Zhukovsky National Research Institute.","所在地：7 Viktorenko Street, Moscow, 125319, Russia, and, 1 Zhukovskogo Street, Zhukovsky, Moscow Oblast, 140180, Russia.",2022 年03 月01 日,2025 年01 月10 日,https://www.meti.go.jp/policy/external_economy/trade_control/02_export/17_russia/250912_list_russia_tokutei.pdf
Russia, 国際平和のための国際的な努力に我が国として寄与するために講ずる輸出等に係る禁止措置 の対象となるロシア連邦の団体（令和四年外務省告示第八十二号）,295 連邦国家単一企業国立航空システム科学研究所（別称、GosNIIAS）,295 Federal National Aerospace Systems Science Institute (also known as GosNIIAS),,,"Federal State Unitary Enterprise State Scientific-Research Institute for Aviation Systems, a.k.a., the following one alias:
-GosNIIAS.","所在地：7 Viktorenko Street, Moscow, 125167, Russia.",2022 年03 月01 日,2025 年01 月10 日,https://www.meti.go.jp/policy/external_economy/trade_control/02_export/17_russia/250912_list_russia_tokutei.pdf
Russia, 国際平和のための国際的な努力に我が国として寄与するために講ずる輸出等に係る禁止措置 の対象となるロシア連邦の団体（令和四年外務省告示第八十二号）,296 株式会社第121航空修理工場（別称、121 ARZ）,"296. No. 121 Aircraft Repair Factory Co., Ltd. (also known as 121 ARZ)",,,"Joint Stock Company 121 Aviation Repair Plant, a.k.a., the following one alias:
-121 ARZ.","所在地：10 Pochtovaya Street, Room 203, Stary Gorodok, Odintsovo District, Moscow Oblast, 143079, Russia.",2022 年03 月01 日,2025 年01 月10 日,https://www.meti.go.jp/policy/external_economy/trade_control/02_export/17_russia/250912_list_russia_tokutei.pdf
Russia, 国際平和のための国際的な努力に我が国として寄与するために講ずる輸出等に係る禁止措置 の対象となるロシア連邦の団体（令和四年外務省告示第八十二号）,297 株式会社第123航空修理工場（別称、123 ARZ）,"297. No. 123 Aircraft Repair Factory Co., Ltd. (also known as 123 ARZ)",,,"Joint Stock Company 123 Aviation Repair Plant, a.k.a., the following one alias:
-123 ARZ.","所在地：Mkr Gorodok, Staraya Russa, Starorussky District, Novgorod Oblast, 175201, Russia.",2022 年03 月01 日,2025 年01 月10 日,https://www.meti.go.jp/policy/external_economy/trade_control/02_export/17_russia/250912_list_russia_tokutei.pdf
Russia, 国際平和のための国際的な努力に我が国として寄与するために講ずる輸出等に係る禁止措置 の対象となるロシア連邦の団体（令和四年外務省告示第八十二号）,298 株式会社第218航空修理工場（別称、218 ARZ）,"298. 218th Aircraft Repair Factory Co., Ltd. (also known as 218 ARZ)",,,"Joint Stock Company 218 Aviation Repair Plant, a.k.a., the following one alias:
-218 ARZ.","所在地：7a Grigorina Street, Gatchina, Gatchinsky Region, Leningrad Oblast 188307, Russia.",2022 年03 月01 日,2025 年01 月10 日,https://www.meti.go.jp/policy/external_economy/trade_control/02_export/17_russia/250912_list_russia_tokutei.pdf
Russia, 国際平和のための国際的な努力に我が国として寄与するために講ずる輸出等に係る禁止措置 の対象となるロシア連邦の団体（令和四年外務省告示第八十二号）,299 株式会社第360航空修理工場（別称、360 ARZ）,"299. 360th Aircraft Repair Factory Co., Ltd. (also known as 360 ARZ)",,,"Joint Stock Company 360 Aviation Repair Plant, a.k.a., the following one alias:
-360 ARZ.","所在地：13V Zabaikalsk Street, Ryazan, Ryazan Oblast, 390015, Russia.",2022 年03 月01 日,2025 年01 月10 日,https://www.meti.go.jp/policy/external_economy/trade_control/02_export/17_russia/250912_list_russia_tokutei.pdf
Russia, 国際平和のための国際的な努力に我が国として寄与するために講ずる輸出等に係る禁止措置 の対象となるロシア連邦の団体（令和四年外務省告示第八十二号）,300 株式会社第514航空修理工場（別称、514 ARZ）,"300 No. 514 Aircraft Repair Factory Co., Ltd. (also known as 514 ARZ)",,,"Joint Stock Company 514 Aviation Repair Plant, a.k.a., the following one alias:
-514 ARZ.","所在地：121 Chelyuskintsev Street, Rzhev, Tver Oblast, 172383, Russia.",2022 年03 月01 日,2025 年01 月10 日,https://www.meti.go.jp/policy/external_economy/trade_control/02_export/17_russia/250912_list_russia_tokutei.pdf
Russia, 国際平和のための国際的な努力に我が国として寄与するために講ずる輸出等に係る禁止措置 の対象となるロシア連邦の団体（令和四年外務省告示第八十二号）,301 株式会社766 UPTK,"301 766 UPTK Co., Ltd.",,,Joint Stock Company 766 UPTK,"所在地：1 Institutskaya Street, Nakhabino, Krasnogorsk District, Moscow Region, 143432, Russia.",2022 年03 月01 日,2025 年01 月10 日,https://www.meti.go.jp/policy/external_economy/trade_control/02_export/17_russia/250912_list_russia_tokutei.pdf
Russia, 国際平和のための国際的な努力に我が国として寄与するために講ずる輸出等に係る禁止措置 の対象となるロシア連邦の団体（令和四年外務省告示第八十二号）,302 株式会社アラミル航空修理工場（別称、AARZ）,"302 Alamil Aircraft Repair Factory Co., Ltd. (also known as AARZ)",,,"Joint Stock Company Aramil Aviation Repair Plant, a.k.a., the following one alias:-AARZ.","所在地：Garnizon Street, Aramil, Sysertsky Region, Sverdlovsk Oblast. 624000, Russia.",2022 年03 月01 日,2025 年01 月10 日,https://www.meti.go.jp/policy/external_economy/trade_control/02_export/17_russia/250912_list_russia_tokutei.pdf
Russia, 国際平和のための国際的な努力に我が国として寄与するために講ずる輸出等に係る禁止措置 の対象となるロシア連邦の団体（令和四年外務省告示第八十二号）,303 株式会社アヴィアレモント（別称、アヴィアレモント）,"303 Avia Lemont Co., Ltd. (also known as Avia Lemont)",,,"Joint Stock Company Aviaremont, a.k.a., the following one alias:
-Aviaremont.","所在地：17 Rossolimo Street, Building 2, Floor 4, Section V, Rooms 11-28, Moscow, 119021, Russia.",2022 年03 月01 日,2025 年01 月10 日,https://www.meti.go.jp/policy/external_economy/trade_control/02_export/17_russia/250912_list_russia_tokutei.pdf
Russia, 国際平和のための国際的な努力に我が国として寄与するために講ずる輸出等に係る禁止措置 の対象となるロシア連邦の団体（令和四年外務省告示第八十二号）,304 株式会社Ｍ.Ｍ.グロモフ名称飛行研究所（別称、FRIグロモフ）,"304 M.M. Gromov Aviation Research Institute Co., Ltd. (also known as FRI Gromov)",,,"Joint Stock Company Flight Research Institute N.A. M.M. Gromov, a.k.a., the following one alias:
-FRI Gromov.","所在地：2A Garnaeva Street, Zhukovsky, Moscow Oblast, 140180, Russia.",2022 年03 月01 日,2025 年01 月10 日,https://www.meti.go.jp/policy/external_economy/trade_control/02_export/17_russia/250912_list_russia_tokutei.pdf
Russia, 国際平和のための国際的な努力に我が国として寄与するために講ずる輸出等に係る禁止措置 の対象となるロシア連邦の団体（令和四年外務省告示第八十二号）,305 株式会社メタルリスト・サマラ（別称、メタルリスト・サマラ）,"305 Metallist Samara Co., Ltd. (also known as Metallist Samara)",,,"Joint Stock Company Metallist Samara, a.k.a., the following one alias:
-Metallist Samara.","所在地：278 Promyshlennost Street, Samara, Samara Oblast, 443023, Russia.",2022 年03 月01 日,2025 年01 月10 日,https://www.meti.go.jp/policy/external_economy/trade_control/02_export/17_russia/250912_list_russia_tokutei.pdf
Russia, 国際平和のための国際的な努力に我が国として寄与するために講ずる輸出等に係る禁止措置 の対象となるロシア連邦の団体（令和四年外務省告示第八十二号）,306 株式会社 Ｖ．Ｖ． チェルニシェフ名称モスクワ機械製造試験場（別称、MMP Ｖ．Ｖ． チェ ルニシェフ）,"306. V.V. Chernyshev Co., Ltd. Name: Moscow Machinery Proving Ground (also known as MMP V.V. Chernyshev)",,,"Joint Stock Company Moscow Machinebuilding Enterprise named after V. V.Chernyshev, a.k.a., the following one alias:
-MMP V.V. Chernyshev.","所在地：7 Vishnevaya Street, Moscow 125362, Russia.",2022 年03 月01 日,2025 年01 月10 日,https://www.meti.go.jp/policy/external_economy/trade_control/02_export/17_russia/250912_list_russia_tokutei.pdf
Russia, 国際平和のための国際的な努力に我が国として寄与するために講ずる輸出等に係る禁止措置 の対象となるロシア連邦の団体（令和四年外務省告示第八十二号）,307 株式会社鉄鋼科学研究所（別称、鉄鋼科学研究所）,"307 Iron and Steel Science Research Institute Co., Ltd. (also known as Iron and Steel Science Research Institute)",,,"Joint Stock Company NII Steel,a.k.a., the following one alias: -Scientific Research Institute of Steel.","所在地：81A Dubninskaya, Moscow, 127411, Russia.",2022 年03 月01 日,2025 年01 月10 日,https://www.meti.go.jp/policy/external_economy/trade_control/02_export/17_russia/250912_list_russia_tokutei.pdf
Russia, 国際平和のための国際的な努力に我が国として寄与するために講ずる輸出等に係る禁止措置 の対象となるロシア連邦の団体（令和四年外務省告示第八十二号）,308 株式会社レムディゼリ,"308 Remdiseri Co., Ltd.",,,Joint Stock Company Remdizel,"所在地：40 Menzelinsky Tract, Naberezhnyye Cheliny, Republic of Tatarstan, 423800, Russia.",2022 年03 月01 日,2025 年01 月10 日,https://www.meti.go.jp/policy/external_economy/trade_control/02_export/17_russia/250912_list_russia_tokutei.pdf
Russia, 国際平和のための国際的な努力に我が国として寄与するために講ずる輸出等に係る禁止措置 の対象となるロシア連邦の団体（令和四年外務省告示第八十二号）,309 株式会社特別工業技術拠点ズヴョーズダチカ（別称、SPTBズヴョーズダチカ）,"309 Special Industrial Technology Center Zvjözdachka Co., Ltd. (also known as SPTB Zvjözdachka)",,,"Joint Stock Company Special Industrial and Technical Base Zvezdochka, a.k.a., the following one alias:-SPTB Zvezdochka.","所在地：2/7 Komsomolskaya Street, Polyarnyy, Murmansk Oblast 184650, Russia.",2022 年03 月01 日,2025 年01 月10 日,https://www.meti.go.jp/policy/external_economy/trade_control/02_export/17_russia/250912_list_russia_tokutei.pdf
Russia, 国際平和のための国際的な努力に我が国として寄与するために講ずる輸出等に係る禁止措置 の対象となるロシア連邦の団体（令和四年外務省告示第八十二号）,310 株式会社STAR（別称、UEC-STAR）,"310 STAR Co., Ltd. (also known as UEC-STAR)",,,"Joint Stock Company STAR, a.k.a., the following two aliases: -UEC-STAR; and
-JSC STAR.","所在地：140a Kuybyshev Street, Perm, Perm Krai, 614990, Russia, and, 93 Komsomol Prospect, GSP, Perm 614990, Russia.",2022 年03 月01 日,2025 年01 月10 日,https://www.meti.go.jp/policy/external_economy/trade_control/02_export/17_russia/250912_list_russia_tokutei.pdf
Russia, 国際平和のための国際的な努力に我が国として寄与するために講ずる輸出等に係る禁止措置 の対象となるロシア連邦の団体（令和四年外務省告示第八十二号）,311 株式会社ヴォトキンスク機械製造工場,"311 Vodkinsk Machinery Manufacturing Plant Co., Ltd.",,,Joint Stock Company Votkinsk Machine Building Plant,"所在地：2 Kirov Street, Votkinsk, Udmert Republic, 427430, Russia.",2022 年03 月01 日,2025 年01 月10 日,https://www.meti.go.jp/policy/external_economy/trade_control/02_export/17_russia/250912_list_russia_tokutei.pdf
Russia, 国際平和のための国際的な努力に我が国として寄与するために講ずる輸出等に係る禁止措置 の対象となるロシア連邦の団体（令和四年外務省告示第八十二号）,312 株式会社ヤロスラヴリ無線工場（別称、公共株式会社ヤロスラヴリラジオワークス、YRZ）,"312 Yaroslavl Radio Factory Co., Ltd. (also known as Yaroslavl Radio Works Co., Ltd., YRZ)",,,"Joint Stock Company Yaroslavl Radio Factory, a.k.a., the following two aliases: - PJSC Yaroslavl Radioworks; and
- YRZ.","所在地：13 Margolina Street, Yaroslavl, 150010, Russia.",2022 年03 月01 日,2025 年01 月10 日,https://www.meti.go.jp/policy/external_economy/trade_control/02_export/17_russia/250912_list_russia_tokutei.pdf
Russia, 国際平和のための国際的な努力に我が国として寄与するために講ずる輸出等に係る禁止措置 の対象となるロシア連邦の団体（令和四年外務省告示第八十二号）,313 株式会社ズラトウストフスキー機械製造工場（別称、株式会社ズラトマシュ）,"313 Zlatustovsky Machinery Manufacturing Plant Co., Ltd. (also known as Zlatmas Co., Ltd.)",,,"Joint Stock Company Zlatoustovsky Machine Building Plant, a.k.a. the following one alias:
-JSC Zlatmash.","所在地：1 Parkovy Proezd, Zlatoust, Chelyabinsk Region, 456227, Russia.",2022 年03 月01 日,2025 年01 月10 日,https://www.meti.go.jp/policy/external_economy/trade_control/02_export/17_russia/250912_list_russia_tokutei.pdf
Russia, 国際平和のための国際的な努力に我が国として寄与するために講ずる輸出等に係る禁止措置 の対象となるロシア連邦の団体（令和四年外務省告示第八十二号）,314 有限会社特殊生産センターOSK推進力（別称、OSK推進力）,"314 OSK Driving Force Co., Ltd. (also known as OSK Driving Force)",,,"Limited Liability Company Center for Specialized Production OSK Propulsion,a.k.a., the following one alias:
-OSK Propulsion.","所在地：3 Galerny Proezd, Letter A, Pomesh. 75, Gavan Vn. Ter. G. Municipal Okrug, Saint Petersburg, 199226, Russia.",2022 年03 月01 日,2025 年01 月10 日,https://www.meti.go.jp/policy/external_economy/trade_control/02_export/17_russia/250912_list_russia_tokutei.pdf
Russia, 国際平和のための国際的な努力に我が国として寄与するために講ずる輸出等に係る禁止措置 の対象となるロシア連邦の団体（令和四年外務省告示第八十二号）,315 リトカリノ機械製造工場（別称、UEC-UMPO支部リトカリノ機械製造工場）,315 Litocarino Machinery Factory (also known as UEC-UMPO Branch Litocarino Machinery Factory),,,"Lytkarino Machine-Building Plant, a.k.a., the following one alias: -Branch of UEC-UMPO Lytkarino Machine-Building Plant.","所在地：Turaevo Promzona, Building 9, Lytkarino, Moscow Oblast 140080, Russia.",2022 年03 月01 日,2025 年01 月10 日,https://www.meti.go.jp/policy/external_economy/trade_control/02_export/17_russia/250912_list_russia_tokutei.pdf
Russia, 国際平和のための国際的な努力に我が国として寄与するために講ずる輸出等に係る禁止措置 の対象となるロシア連邦の団体（令和四年外務省告示第八十二号）,316 モスクワ航空大学（別称、MAI）,316 Moscow Aviation University (also known as MAI),,,"Moscow Aviation Institute, a.k.a., the following one alias: -MAI.","所在地：4 Volokolamskoe Shosse,Moscow, 125993, Russia.",2022 年03 月01 日,2025 年01 月10 日,https://www.meti.go.jp/policy/external_economy/trade_control/02_export/17_russia/250912_list_russia_tokutei.pdf
Russia, 国際平和のための国際的な努力に我が国として寄与するために講ずる輸出等に係る禁止措置 の対象となるロシア連邦の団体（令和四年外務省告示第八十二号）,317 モスクワ熱技術研究所（別称、MITT）,317 Moscow Institute of Thermal Technology (also known as MITT),,,"Moscow Institute of Thermal Technology, a.k.a., the following one alias: -MITT.","所在地：10 Berezovaya Alleya, Moscow, 127273, Russia.",2022 年03 月01 日,2025 年01 月10 日,https://www.meti.go.jp/policy/external_economy/trade_control/02_export/17_russia/250912_list_russia_tokutei.pdf
Russia, 国際平和のための国際的な努力に我が国として寄与するために講ずる輸出等に係る禁止措置 の対象となるロシア連邦の団体（令和四年外務省告示第八十二号）,318 オムスク動力製造設計局（別称、FL UEC-Saturn-OMKB､オムスクエンジン設計局､PAO UEC-サ ターン支部オムスク動力製造設計局）,"318. Omsk Power Plant Design Bureau (also known as FL UEC-Saturn-OMKB, Omsk Engine Design Bureau, PAO UEC-Saturn Branch Omsk Power Plant Design Bureau)",,,"Omsk Motor-Manufacturing Design Bureau, a.k.a., the following four aliases: -FL UEC-Saturn – OMKB;
-Omsk Engine Design Bureau;
-Branch of PAO UEC-Saturn Omsk Motor-Manufacturing Design Bureau; and
-Omskoe mashinstroitel'noe KB.","所在地：163 Lenin avenue, Yaroslavl region, Rybinsk, 152903, Russia and 3 Okruzhnaya Road, Omsk, Omsk Oblast, 644021, Russia.",2022 年03 月01 日,2025 年01 月10 日,https://www.meti.go.jp/policy/external_economy/trade_control/02_export/17_russia/250912_list_russia_tokutei.pdf
Russia, 国際平和のための国際的な努力に我が国として寄与するために講ずる輸出等に係る禁止措置 の対象となるロシア連邦の団体（令和四年外務省告示第八十二号）,319 公開株式会社第20航空修理工場（別称､20 ARZ）,"319. Publicly traded company, No. 20 Aircraft Repair Factory (also known as 20 ARZ)",公開株式会社第20航空修理工場,20 ARZ,"Open Joint Stock Company 20 Aviation Repair Plant, a.k.a., the following one alias: -20 ARZ.","所在地：11 Gatchinskoye Shosse, Pushkin, Saint Petersburg, 196603, Russia.",2022 年03 月01 日,2025 年01 月10 日,https://www.meti.go.jp/policy/external_economy/trade_control/02_export/17_russia/250912_list_russia_tokutei.pdf
Russia, 国際平和のための国際的な努力に我が国として寄与するために講ずる輸出等に係る禁止措置 の対象となるロシア連邦の団体（令和四年外務省告示第八十二号）,320 公開株式会社第32飛行支援機器修理工場（別称､32 RZ SOP）,320 Publicly Operated 32nd Flight Support Equipment Repair Factory (also known as 32 RZ SOP),公開株式会社第32飛行支援機器修理工場,32 RZ SOP,"Open Joint Stock Company 32 Repair Plant of Flight Support Equipment, a.k.a., the following one alias:
-32 RZ SOP.","所在地：10 Gospitalnaya Street, Spassk-Dalny, Primorsky Krai, 692243, Russia.",2022 年03 月01 日,2025 年01 月10 日,https://www.meti.go.jp/policy/external_economy/trade_control/02_export/17_russia/250912_list_russia_tokutei.pdf
Russia, 国際平和のための国際的な努力に我が国として寄与するために講ずる輸出等に係る禁止措置 の対象となるロシア連邦の団体（令和四年外務省告示第八十二号）,321 公開株式会社第170飛行支援機器修理工場（別称､170 RZ SOP）,"321 Publicly Operated Company, No. 170 Flight Support Equipment Repair Factory (also known as 170 RZ SOP)",公開株式会社第170飛行支援機器修理工場,170 RZ SOP,"Open Joint Stock Company 170 Flight Support Equipment Repair Plant, a.k.a., the following one alias:
-170 RZ SOP.","所在地：2 Meditsinskaya Street, Nizhny Novgorod, Nizhny Novgorod Oblast, 603104, Russia.",2022 年03 月01 日,2025 年01 月10 日,https://www.meti.go.jp/policy/external_economy/trade_control/02_export/17_russia/250912_list_russia_tokutei.pdf
Russia, 国際平和のための国際的な努力に我が国として寄与するために講ずる輸出等に係る禁止措置 の対象となるロシア連邦の団体（令和四年外務省告示第八十二号）,322 公開株式会社第275航空修理工場（別称､275 ARZ）,322. Publicly traded company No. 275 Aircraft Repair Factory (also known as 275 ARZ),公開株式会社第275航空修理工場,275 ARZ,"Open Joint Stock Company 275 Aviation Repair Plant, a.k.a., the following one alias: -275 ARZ.","所在地：141 Dzherzhinskogo Street, Krasnodar, Krasnodar Krai, 350051, Russia.",2022 年03 月01 日,2025 年01 月10 日,https://www.meti.go.jp/policy/external_economy/trade_control/02_export/17_russia/250912_list_russia_tokutei.pdf
Russia, 国際平和のための国際的な努力に我が国として寄与するために講ずる輸出等に係る禁止措置 の対象となるロシア連邦の団体（令和四年外務省告示第八十二号）,323 公開株式会社第308航空修理工場（別称、308 ARZ）,"323. Publicly traded company, No. 308 Aircraft Repair Factory (also known as 308 ARZ)",,,"Open Joint Stock Company 308 Aviation Repair Plant, a.k.a., the following one alias: -308 ARZ.","所在地：118-V Lezhnevskaya Street, Ivanovo, Ivanov Oblast, 153035, Russia.",2022 年03 月01 日,2025 年01 月10 日,https://www.meti.go.jp/policy/external_economy/trade_control/02_export/17_russia/250912_list_russia_tokutei.pdf
Russia, 国際平和のための国際的な努力に我が国として寄与するために講ずる輸出等に係る禁止措置 の対象となるロシア連邦の団体（令和四年外務省告示第八十二号）,324 公開株式会社第322航空修理工場（別称、322 ARZ）,324. Public Corporation No. 322 Aircraft Repair Factory (also known as 322 ARZ),,,"Open Joint Stock Company 322 Aviation Repair Plant, a.k.a., the following one alias: -322 ARZ.","所在地：5 Zhukovskogo Street, Vozdvizhenka, Ussuriisky district, Primorsky Krai, 692557, Russia.",2022 年03 月01 日,2025 年01 月10 日,https://www.meti.go.jp/policy/external_economy/trade_control/02_export/17_russia/250912_list_russia_tokutei.pdf
Russia, 国際平和のための国際的な努力に我が国として寄与するために講ずる輸出等に係る禁止措置 の対象となるロシア連邦の団体（令和四年外務省告示第八十二号）,325 公開株式会社第325航空修理工場（別称、325 ARZ）,325 Public Corporation No. 325 Aircraft Repair Factory (also known as 325 ARZ),,,"Open Joint Stock Company 325 Aviation Repair Plant, a.k.a., the following one alias: -325 ARZ.","所在地：42 Tsiolkovskogo Street, Taganrog, Rostov Oblast, 347916, Russia.",2022 年03 月01 日,2025 年01 月10 日,https://www.meti.go.jp/policy/external_economy/trade_control/02_export/17_russia/250912_list_russia_tokutei.pdf
Russia, 国際平和のための国際的な努力に我が国として寄与するために講ずる輸出等に係る禁止措置 の対象となるロシア連邦の団体（令和四年外務省告示第八十二号）,326 公開株式会社第680航空機修理工場（別称、680 ARZ）,326. Publicly traded company No. 680 Aircraft Repair Factory (also known as 680 ARZ),,,"Open Joint Stock Company 680 Aircraft Repair Plant, a.k.a., the following one alias: -680 ARZ.","所在地：2a Bazarnaya Street, Belogorsk, Amur Oblast, 676853, Russia.",2022 年03 月01 日,2025 年01 月10 日,https://www.meti.go.jp/policy/external_economy/trade_control/02_export/17_russia/250912_list_russia_tokutei.pdf
Russia, 国際平和のための国際的な努力に我が国として寄与するために講ずる輸出等に係る禁止措置 の対象となるロシア連邦の団体（令和四年外務省告示第八十二号）,327 公開株式会社第720飛行支援機器修理工場（別称、720 RZ SOP）,327. Publicly Operated 720th Flight Support Equipment Repair Factory (also known as 720 RZ SOP),,,"Open Joint Stock Company 720 Special Flight Support Equipment Repair Plant, a.k.a., the following one alias:
-720 RZ SOP.","所在地：6 Krasnoarmeyskaya Street, Roslavl, Roslavlsky Region, Smolensk Oblast, 216507, Russia.",2022 年03 月01 日,2025 年01 月10 日,https://www.meti.go.jp/policy/external_economy/trade_control/02_export/17_russia/250912_list_russia_tokutei.pdf
Russia, 国際平和のための国際的な努力に我が国として寄与するために講ずる輸出等に係る禁止措置 の対象となるロシア連邦の団体（令和四年外務省告示第八十二号）,328 公開株式会社ヴォルゴグラード無線技術機器工場（別称、VZ RTO）,328. Volgograd Radio Technology and Equipment Plant (VZ RTO),,,"Open Joint Stock Company Volgograd Radio-Technical Equipment Plant, a.k.a., the following one alias:
-VZ RTO.","所在地：60 Novodvinskaya Street, Volgograd, Volgograd Oblast, 400010, Russia.",2022 年03 月01 日,2025 年01 月10 日,https://www.meti.go.jp/policy/external_economy/trade_control/02_export/17_russia/250912_list_russia_tokutei.pdf
Russia, 国際平和のための国際的な努力に我が国として寄与するために講ずる輸出等に係る禁止措置 の対象となるロシア連邦の団体（令和四年外務省告示第八十二号）,329 公共株式会社アグレガート,329 Public Corporation Agregato,,,"Public Joint Stock Company Agregat, a.k.a., the following one alias:
-PJSC Agregat.","所在地：1 Pushkin Street, Sim, Ashinsk Region, Chelyabinsk Oblast, 456020, Russia.",2022 年03 月01 日,2025 年01 月10 日,https://www.meti.go.jp/policy/external_economy/trade_control/02_export/17_russia/250912_list_russia_tokutei.pdf
Russia, 国際平和のための国際的な努力に我が国として寄与するために講ずる輸出等に係る禁止措置 の対象となるロシア連邦の団体（令和四年外務省告示第八十二号）,330 ロシア無線航法・時刻研究所（別称、RIRT）,330 Russian Radio Navigation and Time Research Institute (also known as RIRT),,,"Russian Institute of Radio Navigation and Time, a.k.a., the following one alias: -RIRT.","所在地：120 Obukhovskoy Oborony, Prospekt (Avenue), Letter EC, St. Petersburg, 192012, Russia; and 19 Staraya Basmannaya Street, Building 12, Moscow, 105066, Russia.",2022 年03 月01 日,2025 年01 月10 日,https://www.meti.go.jp/policy/external_economy/trade_control/02_export/17_russia/250912_list_russia_tokutei.pdf
Russia, 国際平和のための国際的な努力に我が国として寄与するために講ずる輸出等に係る禁止措置 の対象となるロシア連邦の団体（令和四年外務省告示第八十二号）,331 サリュート・ガスタービン研究製造センター,331 Salyut Gas Turbine Research and Manufacturing Center,,,Salute Gas Turbine Research and Production Center,"所在地：16 Prospect Budennogo, Moscow 105118, Russia.",2022 年03 月01 日,2025 年01 月10 日,https://www.meti.go.jp/policy/external_economy/trade_control/02_export/17_russia/250912_list_russia_tokutei.pdf
Russia, 国際平和のための国際的な努力に我が国として寄与するために講ずる輸出等に係る禁止措置 の対象となるロシア連邦の団体（令和四年外務省告示第八十二号）,332 ズヴョーズダチカ造船所・学術生産団体ヴィント（別称､SPUヴィント、学術生産公団ヴィン ト）,"332 Zvyozdachka Shipyard and Scientific Production Organization VINT (also known as SPU VINT, Scientific Production Corporation VINT)",ズヴョーズダチカ造船所・学術生産団体ヴィント,SPUヴィント; 学術生産公団ヴィン ト,"Scientific-Production Association Vint of Zvezdochka Shipyard, a.k.a., the following two aliases:
-SPU Vint; and
-NPO Vint.","所在地：11 Novinsky Boulevard, Moscow, 121099, Russia.",2022 年03 月01 日,2025 年01 月10 日,https://www.meti.go.jp/policy/external_economy/trade_control/02_export/17_russia/250912_list_russia_tokutei.pdf
Russia, 国際平和のための国際的な努力に我が国として寄与するために講ずる輸出等に係る禁止措置 の対象となるロシア連邦の団体（令和四年外務省告示第八十二号）,333 応用音響科学研究所（別称､NIIPA）,333. Institute of Applied Acoustics (NIIPA),応用音響科学研究所,NIIPA,"Scientific Research Institute of Applied Acoustics, a.k.a., the following one alias: -NIIPA.","所在地：9/7A 9 May Street, Dubna, Moscow Oblast, 141981, Russia.",2022 年03 月01 日,2025 年01 月10 日,https://www.meti.go.jp/policy/external_economy/trade_control/02_export/17_russia/250912_list_russia_tokutei.pdf
Russia, 国際平和のための国際的な努力に我が国として寄与するために講ずる輸出等に係る禁止措置 の対象となるロシア連邦の団体（令和四年外務省告示第八十二号）,334 Ｓ．Ａ．チャプリギン名称シベリア航空科学研究所（別称､SibNIA）,"334 S. A. Chaprigin, Siberian Institute of Aeronautical Science (also known as SibNIA)",Ｓ．Ａ．チャプリギン名称シベリア航空科学研究所,SibNIA,"Siberian Scientific-Research Institute of Aviation N.A. S.A. Chaplygin, a.k.a., the following one alias:
-SibNIA.","所在地：21 Polzunova Street, Novosibirsk, Novosibirsk Oblast, 630051, Russia.",2022 年03 月01 日,2025 年01 月10 日,https://www.meti.go.jp/policy/external_economy/trade_control/02_export/17_russia/250912_list_russia_tokutei.pdf
Russia, 国際平和のための国際的な努力に我が国として寄与するために講ずる輸出等に係る禁止措置 の対象となるロシア連邦の団体（令和四年外務省告示第八十二号）,335 ソフトウェア研究所（別称､株式会社ソフトウェアツール研究所､株式会社 NII PS）,"335 Software Research Institute (also known as Software Tool Research Institute Co., Ltd., NII PS Co., Ltd.)",ソフトウェア研究所,株式会社ソフトウェアツール研究所; 株式会社 NII PS,"Software Research Institute, a.k.a., the following two aliases: -JSC Research Institute of Software Tools; and
-JSC NII PS.","所在地：22 Politekhnicheskaya Street, Lit N, St. Petersburg, 194021, Russia.",2022 年03 月01 日,2025 年01 月10 日,https://www.meti.go.jp/policy/external_economy/trade_control/02_export/17_russia/250912_list_russia_tokutei.pdf
Russia, 国際平和のための国際的な努力に我が国として寄与するために講ずる輸出等に係る禁止措置 の対象となるロシア連邦の団体（令和四年外務省告示第八十二号）,336 トゥーラ兵器工場（別称､トゥーラ､トゥーラ兵器庫、トゥーラ帝国兵器工場）,"336. Tula Arms Factory (also known as Tula, Tula Arms Depot, Tula Imperial Arms Factory)",トゥーラ兵器工場,トゥーラ;トゥーラ兵器庫;トゥーラ帝国兵器工場,"Tula Arms Plant, a.k.a., the following four aliases: -Tula;
-Tula Arsenal;
-Imperial Tula Arms Plant; and
-JSC Tulsky Oruzheiny Zavod.","所在地：1 Sovetskaya Street, Tula, 300041, Russia.",2022 年03 月01 日,2025 年01 月10 日,https://www.meti.go.jp/policy/external_economy/trade_control/02_export/17_russia/250912_list_russia_tokutei.pdf
Russia, 国際平和のための国際的な努力に我が国として寄与するために講ずる輸出等に係る禁止措置 の対象となるロシア連邦の団体（令和四年外務省告示第八十二号）,337 連邦汎用技術センター(FTsDT)ソユーズ（別称、FSUE FCDTソユーズ）,337 Federal Technical Center for General Technology (FTsDT) Soyuz (also known as FSUE FCDT Soyuz),,,"Federal Center for Dual-Use Technology (FTsDT) Soyuz, a.k.a., the following one alias: -FSUE FCDT Soyuz.","所在地：42 Academician Zhukov St., Dzerzhinsky, 140090, Russia.",2022 年03 月01 日,2025 年01 月10 日,https://www.meti.go.jp/policy/external_economy/trade_control/02_export/17_russia/250912_list_russia_tokutei.pdf
Russia, 国際平和のための国際的な努力に我が国として寄与するために講ずる輸出等に係る禁止措置 の対象となるロシア連邦の団体（令和四年外務省告示第八十二号）,338 ロシア科学アカデミー(RAS)Ａ．Ａ．ハルケヴィチ情報伝達問題研究所(IITP)（別称、情報伝 達問題研究所、情報伝達問題研究所 RAN）,"338 Russian Academy of Sciences (RAS) A. A. Kharkevich Institute for Information and Communication Problems (IITP) (also known as the Institute for Information and Communication Problems, or the Institute for Information and Communication Problems RAN)",,,"A.A. Kharkevich Institute for Information Transmission Problems (IITP), Russian Academy of Sciences (RAS), a.k.a., the following two aliases:
-Institute for Information Transmission Problems; and
-Institut Problem Peredachi Informatsii RAN.","所在地：19 Bolshoi Karetny, building 1, Moscow, Russia, 127051.",2022 年03 月01 日,2025 年01 月10 日,https://www.meti.go.jp/policy/external_economy/trade_control/02_export/17_russia/250912_list_russia_tokutei.pdf
Russia, 国際平和のための国際的な努力に我が国として寄与するために講ずる輸出等に係る禁止措置 の対象となるロシア連邦の団体（令和四年外務省告示第八十二号）,339 持株会社アク・バルス,339 Holding Company Ak-Bars,,,"Ak Bars Holding, a.k.a., the following one alias: -Holding Company Ak Bars.","所在地：58a Korolenko St., Kazan, Republic of Tatarstan, Russia, 420094.",2022 年03 月01 日,2025 年01 月10 日,https://www.meti.go.jp/policy/external_economy/trade_control/02_export/17_russia/250912_list_russia_tokutei.pdf
Russia, 国際平和のための国際的な努力に我が国として寄与するために講ずる輸出等に係る禁止措置 の対象となるロシア連邦の団体（令和四年外務省告示第八十二号）,340 ロシア科学アカデミー極東支部自動海洋研究特別研究局（別称、SKB SAMI DVO RAN）,"340 Special Research Department of Autonomous Ocean Research, Far Eastern Branch of the Russian Academy of Sciences (also known as SKB SAMI DVO RAN)",,,"Special Research Bureau for Automation of Marine Researches Far East Branch Russian Academy of Sciences, a.k.a., the following one alias: -SKB SAMI DVO RAN.","所在地：25 Alekseya Maksimovicha Gorkogo, Yuzhno-Sakhalinsk, Sakhalinskaya Oblast, 693010, Russia.",2022 年03 月01 日,2025 年01 月10 日,https://www.meti.go.jp/policy/external_economy/trade_control/02_export/17_russia/250912_list_russia_tokutei.pdf
Russia, 国際平和のための国際的な努力に我が国として寄与するために講ずる輸出等に係る禁止措置 の対象となるロシア連邦の団体（令和四年外務省告示第八十二号）,341 有限会社生合成システムズ（別称、有限会社 SBS）,"341 Biosynthesis Systems Co., Ltd. (also known as SBS Co., Ltd.)",,,"Systems of Biological Synthesis LLC., a.k.a., the following three aliases: -Sistemy Biologicheskogo Sinteza;
-OOO SBS; and
-SBS LLC.","所在地：Akademika Koroleva Street, Building 13/1, Office 35-39, Moscow, 129515, Russia.",2022 年03 月01 日,2025 年01 月10 日,https://www.meti.go.jp/policy/external_economy/trade_control/02_export/17_russia/250912_list_russia_tokutei.pdf
Russia, 国際平和のための国際的な努力に我が国として寄与するために講ずる輸出等に係る禁止措置 の対象となるロシア連邦の団体（令和四年外務省告示第八十二号）,342 ロシア科学・高等教育省所管連邦国家予算学術機関ロシア科学アカデミーＫ．Ａ．ヴァリエ フ名称物理・技術研究所（別称、FTIAN IM K.A. Valiev RAS、FTI RAS、FTIAN）,"342. The K. A. Valiev Institute of Physics and Technology (also known as FTIAN IM K.A. Valiev RAS, FTI RAS, FTIAN), a federal state-funded academic institution under the jurisdiction of the Russian Ministry of Science and Higher Education.",,,"Federal State Budgetary Institution of Science P.I. K.A. Valiev RAS of the Ministry of Science and Higher Education of Russia, a.k.a., the following three aliases:
-FTIAN IM K.A. Valiev RAS;
-FTI RAS; and
-FTIAN.","所在地：34 Nakhimovski Prospekt, Moscow, 117218, Russia; and 36 Nakhimovsky Prospekt, Moscow, 117218, Russia.",2022 年03 月01 日,2025 年01 月10 日,https://www.meti.go.jp/policy/external_economy/trade_control/02_export/17_russia/250912_list_russia_tokutei.pdf
Russia, 国際平和のための国際的な努力に我が国として寄与するために講ずる輸出等に係る禁止措置 の対象となるロシア連邦の団体（令和四年外務省告示第八十二号）,343 連邦国家単一企業全ロシア物理・技術・無線工学観測研究所（別称、VNIIFTRI）,"343. All-Russian Observatory of Physics, Technology and Radio Engineering (VNIIFTRI), a federal single enterprise.",,,"Federal State Unitary Enterprise All-Russian Research Institute of Physical,Technical and Radio Engineering Measurements, a.k.a., the following one alias: -VNIIFTRI.","所在地：Mendeleevo Village, Mendeleevo, Moscow Oblast, 141570, Russia.",2022 年03 月01 日,2025 年01 月10 日,https://www.meti.go.jp/policy/external_economy/trade_control/02_export/17_russia/250912_list_russia_tokutei.pdf
Russia, 国際平和のための国際的な努力に我が国として寄与するために講ずる輸出等に係る禁止措置 の対象となるロシア連邦の団体（令和四年外務省告示第八十二号）,344 連邦技術規制・計量庁（別称、ロススタンダード）,344 Federal Service for Technology Regulation and Metrology (also known as the Ross Standard),,,"Federal Technical Regulation and Metrology Agency, a.k.a., the following one alias: -Rosstandart.","所在地：10 Naberezhnaya Presnenskaya, Building 2, Floor 7, Moscow, 123112, Russia; and 10 Presnenskaya Embankment, Building 2 (IQ Block), Moscow, 123112, Russia.",2022 年03 月01 日,2025 年01 月10 日,https://www.meti.go.jp/policy/external_economy/trade_control/02_export/17_russia/250912_list_russia_tokutei.pdf
Russia, 国際平和のための国際的な努力に我が国として寄与するために講ずる輸出等に係る禁止措置 の対象となるロシア連邦の団体（令和四年外務省告示第八十二号）,345 ロシア科学アカデミーＰ．Ｎ．レベデフ名称物理学研究所（別称、レベデフ物理研究所、LPI RAS、FIAN）,"345. P. N. Lebedev Institute of Physics, Russian Academy of Sciences (also known as Lebedev Institute of Physics, LPI RAS, FIAN)",,,"Institute of Physics Named After P.N. Lebedev of the Russian Academy of Sciences, a.k.a., the following three aliases:
-Lebedev Physical Institute;
-LPI RAS; and
-FIAN.","所在地：53 Leninsky Prospekt, Moscow, 119991, Russia.",2022 年03 月01 日,2025 年01 月10 日,https://www.meti.go.jp/policy/external_economy/trade_control/02_export/17_russia/250912_list_russia_tokutei.pdf
Russia, 国際平和のための国際的な努力に我が国として寄与するために講ずる輸出等に係る禁止措置 の対象となるロシア連邦の団体（令和四年外務省告示第八十二号）,346 ロシア科学アカデミー固体物理学研究所（別称、ISSP、科学アカデミーSSSR固体物理学研究 所、連邦国家予算機関ロシア科学アカデミーＹｕ．Ａ．オシピャン名称固体物理学研究所）,"346. Institute of Solid State Physics of the Russian Academy of Sciences (also known as ISSP, SSSR Institute of Solid State Physics of the Russian Academy of Sciences, and Yu.A. Oshpyan Institute of Solid State Physics of the Russian Academy of Sciences, a federal state budget agency)",,,"Institute of Solid-State Physics of the Russian Academy of Sciences, a.k.a., the following three aliases:
-ISSP;
-Institute of Solid-State Physics of the Academy of Sciences SSSR; and
-Federal State Budgetary Institution of Science Institute of Solid
-State Physics N.A. Yu. A. Osipyan of the Russian Academy of Sciences.","所在地：2 Akademika Osipyana Street, Chernogolovka, Moscow Region, 142432, Russia.",2022 年03 月01 日,2025 年01 月10 日,https://www.meti.go.jp/policy/external_economy/trade_control/02_export/17_russia/250912_list_russia_tokutei.pdf
Russia, 国際平和のための国際的な努力に我が国として寄与するために講ずる輸出等に係る禁止措置 の対象となるロシア連邦の団体（令和四年外務省告示第八十二号）,347 ロシア科学アカデミーシベリア支部、ルジャノフ半導体物理学研究所（別称、IPP SB RAS、Ａ．Ｖ．ルジャノフ名称半導体物理学研究所）,"347. Siberian Branch of the Russian Academy of Sciences, Ruzhanov Institute of Semiconductor Physics (also known as IPP SB RAS, A.V. Ruzhanov Institute of Semiconductor Physics)",,,"Rzhanov Institute of Semiconductor Physics, Siberian Branch of Russian Academy of Sciences, a.k.a., the following two aliases:
-IPP SB RAS; and
-Institute of Semiconductor Physics IM A.V. Rzhanov.","所在地：13 Prospekt Akademika Lavrentyeva, Novosibirsk, Novosibirk Oblast, 630090, Russia; and 13 Lavrentiev Avenue, Novosibirsk, 630090, Russia.",2022 年03 月01 日,2025 年01 月10 日,https://www.meti.go.jp/policy/external_economy/trade_control/02_export/17_russia/250912_list_russia_tokutei.pdf
Russia, 国際平和のための国際的な努力に我が国として寄与するために講ずる輸出等に係る禁止措置 の対象となるロシア連邦の団体（令和四年外務省告示第八十二号）,348 株式会社クラフトウェイコーポレーション PSC （別称、クラフトウェイコーポレーション PLS、株式会社クラフトウェイコーポレーション PLS）,348 Craftway Corporation PSC (also known as Craftway Corporation PLS),,,"AO Kraftway Corporation PSC, a.k.a., the following three aliases: -Craftway Corporation PLS;-JSC Kraftway Corporation PLS; and -KRAFTVEI KORPOREISHN PLS, AO.","所在地：16, 3rd Mytishchinskaya Street, Moscow, 129626, Russia; and 64 Kievskoe Hwy, Obninsk, Kaluga Region, 249032, Russia.",2022 年03 月01 日,2025 年01 月10 日,https://www.meti.go.jp/policy/external_economy/trade_control/02_export/17_russia/250912_list_russia_tokutei.pdf
Russia, 国際平和のための国際的な努力に我が国として寄与するために講ずる輸出等に係る禁止措置 の対象となるロシア連邦の団体（令和四年外務省告示第八十二号）,349 株式会社PKK ミランドル（別称、ミランドル、有限会社 MPKミランドル）,"349 PKK Mirandol Co., Ltd. (also known as Mirandol, MPK Mirandol Co., Ltd.)",,,"AO PKK Milandr, a.k.a., the following four aliases: -JSC PKK Milandr;
-Milandr;
-MPK Milandr, OOO; and
-PKK Milandr AO.","所在地：Georgievsky Prospekt, 5, Floor 2, Room 38, Zelenograd, Moscow, 124498, Russia; and Office 38, Premises I, 2nd Floor, 5, Georgievskiy Prospekt, Zelenograd, 124498, Moscow, Russia.",2022 年03 月01 日,2025 年01 月10 日,https://www.meti.go.jp/policy/external_economy/trade_control/02_export/17_russia/250912_list_russia_tokutei.pdf
Russia, 国際平和のための国際的な努力に我が国として寄与するために講ずる輸出等に係る禁止措置 の対象となるロシア連邦の団体（令和四年外務省告示第八十二号）,350 有限会社ファイバーセンス,"350 FiberSense Co., Ltd.",,,"LLC Fibersense, a.k.a., the following two aliases: -LLC Fibersens; and
-OOO Fibersense.","所在地：6A Sosnovaya Alley, Building 5, Zelenograd, Moscow, 124489, Russia.",2022 年03 月01 日,2025 年01 月10 日,https://www.meti.go.jp/policy/external_economy/trade_control/02_export/17_russia/250912_list_russia_tokutei.pdf
Russia, 国際平和のための国際的な努力に我が国として寄与するために講ずる輸出等に係る禁止措置 の対象となるロシア連邦の団体（令和四年外務省告示第八十二号）,351 有限会社ミランドル EK,"351 Mirandol Co., Ltd. EK",,,Milandr EK OOO,"所在地：Georgievskiy Prospekt, 5, Floor 2, Room 40, Zelenograd, Moscow, 124498, Russia.",2022 年03 月01 日,2025 年01 月10 日,https://www.meti.go.jp/policy/external_economy/trade_control/02_export/17_russia/250912_list_russia_tokutei.pdf
Russia, 国際平和のための国際的な努力に我が国として寄与するために講ずる輸出等に係る禁止措置 の対象となるロシア連邦の団体（令和四年外務省告示第八十二号）,352 株式会社ミランドル ICC,"352 Mirandol Co., Ltd. (ICC)",,,Milandr ICC JSC,"所在地：Office 38, Premises 1, 2nd Floor, 5, Georgievskiy Prospekt, Zelenograd, 124498, Moscow, Russia.",2022 年03 月01 日,2025 年01 月10 日,https://www.meti.go.jp/policy/external_economy/trade_control/02_export/17_russia/250912_list_russia_tokutei.pdf
Russia, 国際平和のための国際的な努力に我が国として寄与するために講ずる輸出等に係る禁止措置 の対象となるロシア連邦の団体（令和四年外務省告示第八十二号）,353 有限会社ミルルIS,"353 Miruru IS Co., Ltd.",,,"Milur IS, OOO","所在地：Georgievskiy Prospekt, 5, Zelenograd, Moscow, 124498, Russia.",2022 年03 月01 日,2025 年01 月10 日,https://www.meti.go.jp/policy/external_economy/trade_control/02_export/17_russia/250912_list_russia_tokutei.pdf
Russia, 国際平和のための国際的な努力に我が国として寄与するために講ずる輸出等に係る禁止措置 の対象となるロシア連邦の団体（令和四年外務省告示第八十二号）,354 （有限会社）マイクロエレクトロニクスコンプレックス（MPK）ミランドル,354 Microelectronics Complex (MPK) Mirandol (Limited Company),（有限会社）マイクロエレクトロニクスコンプレックス（MPK）ミランドル,,(OOO) Microelectronic Production Complex (MPK) Milandr,"所在地：Georgievskiy Prospekt, 5, Floor 3, Room 1, Room 13, Zelenograd, Moscow, 124498, Russia.",2022 年03 月01 日,2025 年01 月10 日,https://www.meti.go.jp/policy/external_economy/trade_control/02_export/17_russia/250912_list_russia_tokutei.pdf
Russia, 国際平和のための国際的な努力に我が国として寄与するために講ずる輸出等に係る禁止措置 の対象となるロシア連邦の団体（令和四年外務省告示第八十二号）,355 株式会社ロスエレクトロニクス,"355 Ros Electronics Co., Ltd.",,,Ruselectronics JSC,"所在地：Bldg. 1, 38, Berezhkovskaya Naberezhnaya, Moscow, Russia; and 12 Volkova Kosmonavta Moscow Russia; and Tverskaya, 9, Building 7, Moscow, Russia.",2022 年03 月01 日,2025 年01 月10 日,https://www.meti.go.jp/policy/external_economy/trade_control/02_export/17_russia/250912_list_russia_tokutei.pdf
Russia, 国際平和のための国際的な努力に我が国として寄与するために講ずる輸出等に係る禁止措置 の対象となるロシア連邦の団体（令和四年外務省告示第八十二号）,356 科学製造会社オプトリンク（別称、有限会社研究製造会社オプトリンク、有限会社 NPK オプ トリンク、有限会社 RPCオプトリンク、SPC オプトリンク）,"356 Optolink Scientific Manufacturing Co., Ltd. (also known as Optolink Research and Manufacturing Co., Ltd., NPK Optolink Co., Ltd., RPC Optolink Co., Ltd., SPC Optolink)",,,"Scientific Production Company Optolink, a.k.a., the following six aliases: -Limited Liability Company Research and Production Company Optolink;
-OOO NPK Optolink;
-LLC RPC Optolink;
-SPC Optolink;
-NPK Optolink LLC; and
-Optolink RPC LLC.","所在地：6A Sosnovaya Alley, Building 5, Zelenograd, Moscow, 124489, Russia.",2022 年03 月01 日,2025 年01 月10 日,https://www.meti.go.jp/policy/external_economy/trade_control/02_export/17_russia/250912_list_russia_tokutei.pdf
Russia, 国際平和のための国際的な努力に我が国として寄与するために講ずる輸出等に係る禁止措置 の対象となるロシア連邦の団体（令和四年外務省告示第八十二号）,357 民間軍事会社「ワグナー」（別称、民間軍事会社「ワグネル」、Chvk ワグネル、PMCワグナー、ワグナー・グループ、ワグネル・グループ）,"357. Private military company ""Wagner"" (also known as private military company ""Wagner"", Chvk Wagner, PMC Wagner, Wagner Group, Wagner Group)",,,"Private Military Company “Wagner”, a.k.a., the following five aliases: -Chastnaya Voennaya Kompaniya “Vagner”;
-Chvk Vagner;
-PMC Wagner;
-Wagner Group; and
-Vagner Group.","所在地：15 Zolnaya Street, Saint Petersburg, 195213, Russia.",2022 年03 月01 日,2025 年01 月10 日,https://www.meti.go.jp/policy/external_economy/trade_control/02_export/17_russia/250912_list_russia_tokutei.pdf
Russia, 国際平和のための国際的な努力に我が国として寄与するために講ずる輸出等に係る禁止措置 の対象となるロシア連邦の団体（令和四年外務省告示第八十二号）,358 先進研究基金（別称、有望研究基金及び FPI）,358. Advanced Research Fund (also known as the Promising Research Fund and FPI),,,"Advanced Research Foundation, a.k.a., the following two aliases: -Fond Perspektivnykh Issledovaniy; and -FPI.","所在地：22 Berezhkovskaya Embankment, Building 3, Moscow, 121059, Russia.",2022 年03 月01 日,2025 年01 月10 日,https://www.meti.go.jp/policy/external_economy/trade_control/02_export/17_russia/250912_list_russia_tokutei.pdf
Russia, 国際平和のための国際的な努力に我が国として寄与するために講ずる輸出等に係る禁止措置 の対象となるロシア連邦の団体（令和四年外務省告示第八十二号）,359 株式会社パピロン,"359 Papillon Co., Ltd.",,,"AO Papilon, a.k.a., the following one alias: -Aktsionernoe Obshchestvo Papilon.","所在地：48 Prospekt Makeeva, Miass, Chelyabinskaya Oblast, 456320, Russia; and 63 Novocheremushkinskaya Str., Bld. 1, Moscow, 117418, Russia.",2022 年03 月01 日,2025 年01 月10 日,https://www.meti.go.jp/policy/external_economy/trade_control/02_export/17_russia/250912_list_russia_tokutei.pdf
Russia, 国際平和のための国際的な努力に我が国として寄与するために講ずる輸出等に係る禁止措置 の対象となるロシア連邦の団体（令和四年外務省告示第八十二号）,360 ロシア連邦軍事技術協力庁（別称、FSMTC、FSVTS及びロシアFSVTS）,"360 The Federal Service for Military-Technical Cooperation of the Russian Federation (also known as FSMTC, FSVTS, and Russian FSVTS)",,,"Federal Service for Military-Technical Cooperation, a.k.a., the following four aliases:
-Federalnaya Sluzhba po Voenno-Tekhnicheskomu Sotrudnishestvu;
-FSMTC;
-FSVTS; and-FSVTS Rossii.","所在地：18/1 Ovchinnikovskaya Embankment, Moscow, 115035, Russia.",2022 年03 月01 日,2025 年01 月10 日,https://www.meti.go.jp/policy/external_economy/trade_control/02_export/17_russia/250912_list_russia_tokutei.pdf
Russia, 国際平和のための国際的な努力に我が国として寄与するために講ずる輸出等に係る禁止措置 の対象となるロシア連邦の団体（令和四年外務省告示第八十二号）,361 連邦国家予算科学研究所学術生産複合体技術センター（別称、NPK 技術センター、NPKTs、科 学製造複合技術センター及び SMC技術センター）,"361 Federal National Budget Science Institute Scientific and Manufacturing Complex Technology Center (also known as NPK Technology Center, NPKTs, Scientific and Manufacturing Complex Technology Center, and SMC Technology Center)",,,"Federal State Budgetary Scientific Institution Research and Production Complex Technology Center, a.k.a., the following five aliases:
-Federalnoe Gosudarstvennoe Byudzhetnoe Nauchnoe Uchrezhdenie Nauchno-
Proizvodstvenny Kompleks Tekhnologicheskiy Tsentr;
-NPK Technological Center;
-NPKTs;
-Scientific Manufacturing Complex Technological Center; and
-SMC Technological Center.","所在地：1 Shokina Square, Building 7, Office 7237, Zelenograd, Moscow, 124498, Russia.",2022 年03 月01 日,2025 年01 月10 日,https://www.meti.go.jp/policy/external_economy/trade_control/02_export/17_russia/250912_list_russia_tokutei.pdf
Russia, 国際平和のための国際的な努力に我が国として寄与するために講ずる輸出等に係る禁止措置 の対象となるロシア連邦の団体（令和四年外務省告示第八十二号）,362 連邦国家機関連邦科学センターロシア科学アカデミー・システム分析科学研究所（別称、FGU FNTs NIISI RAN、FSI FSC SRISA RAS 及びロシア科学アカデミー・システム分析科学研究所）,"362 Federal State Institutions Federal Scientific Centers Russian Academy of Sciences Institute of Systems Analytical Science (also known as FGU FNTs NIISI RAN, FSI FSC SRISA RAS and Russian Academy of Sciences Institute of Systems Analytical Science)",,,"Federal State Institution Federal Scientific Center Scientific Research Institute for System Analysis of the Russian Academy of Sciences, a.k.a., the following four
aliases:
-Federalnoe Gosudarstvennoe Uchrezhdenie Federalnyy Nauchnyy Tsentr Nauchno-
Issledovatelskiy Institut Sistemnykh Issledovaniy Rossiyskoy Akademii Nauk;
-FGU FNTs NIISI RAN;
-FSI FSC SRISA RAS; and
-Scientific Research Institute of System Analysis, Russian Academy of Sciences.","所在地：36 Nakhimovskiy Avenue, Building 1, Moscow, 117218, Russia.",2022 年03 月01 日,2025 年01 月10 日,https://www.meti.go.jp/policy/external_economy/trade_control/02_export/17_russia/250912_list_russia_tokutei.pdf
Russia, 国際平和のための国際的な努力に我が国として寄与するために講ずる輸出等に係る禁止措置 の対象となるロシア連邦の団体（令和四年外務省告示第八十二号）,363 有限会社IT パピロン（別称、有限会社パピロン情報技術）,"363 IT Papillon Co., Ltd. (also known as Papillon Information Technology Co., Ltd.)",,,"IT-Papillon OOO, a.k.a., the following one alias: -Papillon Information Technologies LLC.","所在地：48 Prospekt Makeeva, Miass, Chelyabinskaya Oblast, 456320, Russia.",2022 年03 月01 日,2025 年01 月10 日,https://www.meti.go.jp/policy/external_economy/trade_control/02_export/17_russia/250912_list_russia_tokutei.pdf
Russia, 国際平和のための国際的な努力に我が国として寄与するために講ずる輸出等に係る禁止措置 の対象となるロシア連邦の団体（令和四年外務省告示第八十二号）,364 株式会社全ロシア無線技術研究所（別称、VNIIRT）,364 All-Russian Radio Technology Research Institute (VNIIRT),,,"Joint Stock Company All Russian Research Institute of Radio Engineering, a.k.a., the following three aliases:
-AO Vserossiyskiy Nauchno-Issledovatelskiy Institut Radiotekhniki;
-JSC Vserossiyskiy Institute for Scientific Research Radiotekhniki; and
-VNIIRT.","所在地：22 Bolshaya Pochtovaya Street, Building 8, Moscow, 105082, Russia.",2022 年03 月01 日,2025 年01 月10 日,https://www.meti.go.jp/policy/external_economy/trade_control/02_export/17_russia/250912_list_russia_tokutei.pdf
Russia, 国際平和のための国際的な努力に我が国として寄与するために講ずる輸出等に係る禁止措置 の対象となるロシア連邦の団体（令和四年外務省告示第八十二号）,365 株式会社全ロシア研究所シグナル（別称、株式会社 VNIIシグナル及び公共株式会社全ロシア研究所シグナル）,"365 All-Russian Institute Signal Co., Ltd. (also known as VNII Signal Co., Ltd. and All-Russian Institute Signal Co., Ltd.)",,,"Joint Stock Company All-Russian Research Institute Signal, a.k.a., the following four aliases:
-AO Vserossiyskiy Nauchno-Issledovatelskiy Institut Signal;
-AO VNII Signal;
-JSC VNII Signal; and
-OJSC All-Russian Research Institute Signal.","所在地：57 Krupskoy Street, Kovrov, Vladimir Oblast, 601903, Russia.",2022 年03 月01 日,2025 年01 月10 日,https://www.meti.go.jp/policy/external_economy/trade_control/02_export/17_russia/250912_list_russia_tokutei.pdf
Russia, 国際平和のための国際的な努力に我が国として寄与するために講ずる輸出等に係る禁止措置 の対象となるロシア連邦の団体（令和四年外務省告示第八十二号）,366 株式会社科学技術サービスセンター・ディナミカ（別称、株式会社 TsNTUディナミカ）,"366 Science and Technology Service Center Dinamica Co., Ltd. (also known as TsNTU Dinamica Co., Ltd.)",,,"Joint Stock Company Center of Research and Technology Services Dinamika, a.k.a., the following three aliases:
-AO TsNTU Dinamika;
-AO Tsentr Nauchno-Tekhnicheskikh Uslug Dinamika; and
-JSC Center for Scientific and Technical Services Dinamika.","所在地：9/18 Shkolnaya Street, Zhukovskiy, Moscow Oblast, 140184, Russia.",2022 年03 月01 日,2025 年01 月10 日,https://www.meti.go.jp/policy/external_economy/trade_control/02_export/17_russia/250912_list_russia_tokutei.pdf
Russia, 国際平和のための国際的な努力に我が国として寄与するために講ずる輸出等に係る禁止措置 の対象となるロシア連邦の団体（令和四年外務省告示第八十二号）,367 株式会社アフトマティカ（別称、株式会社コンツェルン・アフトマティカ、株式会社コンツ ェルン・オートメーション及び公共株式会社コンツェルン・アフトマティカ）,"367. Aftomatika Corporation (also known as Konzern Aftomatika Corporation, Konzern Automation Corporation, and Public Corporation Konzern Aftomatika)",,,"Joint Stock Company Concern Avtomatika, a.k.a., the following three aliases: -AO Kontsern Avtomatika;
-JSC Concern Automation; and
-OJSC Kontsern Avtomatika.","所在地：25 Botanicheskaya Street, Premises 1, Moscow, 127106, Russia.",2022 年03 月01 日,2025 年01 月10 日,https://www.meti.go.jp/policy/external_economy/trade_control/02_export/17_russia/250912_list_russia_tokutei.pdf
Russia, 国際平和のための国際的な努力に我が国として寄与するために講ずる輸出等に係る禁止措置 の対象となるロシア連邦の団体（令和四年外務省告示第八十二号）,368 株式会社設計センター・ソユーズ,"368 Design Center Soyuz Co., Ltd.",,,"Joint Stock Company Design Center Soyuz, a.k.a., the following one alias: -AO Dizain Tsentr Soyuz.","所在地：14 Konstruktora Lukina Street, Building 1, Zelenograd, Moscow, 124482, Russia; and K. 100, Kom. 205, Zelenograd, Moscow, 124482, Russia.",2022 年03 月01 日,2025 年01 月10 日,https://www.meti.go.jp/policy/external_economy/trade_control/02_export/17_russia/250912_list_russia_tokutei.pdf
Russia, 国際平和のための国際的な努力に我が国として寄与するために講ずる輸出等に係る禁止措置 の対象となるロシア連邦の団体（令和四年外務省告示第八十二号）,369 株式会社設計技術センター・エレクトロニカ（別称、株式会社 KTTs エレクトロニカ及び株式 会社エレクトロニクス工学設計センター）,"369 Design Technology Center Electronica Co., Ltd. (also known as KTTs Electronica Co., Ltd. and Electronics Engineering Design Center Co., Ltd.)",,,"Joint Stock Company Design Technology Center Elektronika, a.k.a., the following five aliases:
-AO KTTs Elektronika;
-AO Konstruktorsko-Tekhnologicheskiy Tsentr Elektronika;
-JSC Electronics EDC;
-JSC Electronics Engineering and Design Center; and
-JSC Elektronika Engineering and Design Center.","所在地：119A Leninskiy Prospekt, Building 17a, 2nd Floor, Voronezh, 394033, Russia.",2022 年03 月01 日,2025 年01 月10 日,https://www.meti.go.jp/policy/external_economy/trade_control/02_export/17_russia/250912_list_russia_tokutei.pdf
Russia, 国際平和のための国際的な努力に我が国として寄与するために講ずる輸出等に係る禁止措置 の対象となるロシア連邦の団体（令和四年外務省告示第八十二号）,370 株式会社マイクロエレクトロニクス機器研究所プログレス（別称、株式会社 NIIMA プログレ ス、株式会社マイクロエレクトロニクス科学研究所プログレス及び株式会社プログレス MRI）,"370 Progress Microelectronics Equipment Laboratory Co., Ltd. (also known as NIIMA Progress Co., Ltd., Progress Microelectronics Science Laboratory Co., Ltd., and Progress MRI Co., Ltd.)",,,"Joint Stock Company Institute for Scientific Research Microelectronic Equipment Progress, a.k.a., the following four aliases:
-AO NIIMA Progress;
-Microelectronics Research Institute Progress JSC;
-Nauchno-Issledovatelskiy Institut Mikroelektronnoiy Apparatury Progress; and
-Progress MRI JSC.","所在地：54 Cherepanovykh Drive, Moscow, 125183, Russia.",2022 年03 月01 日,2025 年01 月10 日,https://www.meti.go.jp/policy/external_economy/trade_control/02_export/17_russia/250912_list_russia_tokutei.pdf
Russia, 国際平和のための国際的な努力に我が国として寄与するために講ずる輸出等に係る禁止措置 の対象となるロシア連邦の団体（令和四年外務省告示第八十二号）,371 株式会社キズリャル電気機械プラント（別称、株式会社コンツェルン KEMZ及びキズリャル電 気機械プラント）,"371 Kizryal Electrical Machinery Plant Co., Ltd. (also known as Konzern KEMZ Co., Ltd. and Kizryal Electrical Machinery Plant Co., Ltd.)",,,"Joint Stock Company Kizlyar Electromechanical Plant, a.k.a., the following three aliases:
-AO Concern KEMZ;
-JSC Kontsern Kizlyarskii Elektromekhanicheskii Zavod; and
-Kizlyar Electro-Mechanical Plant.","所在地：1 Kutuzova Street, Kizlyar, Dagestan Republic, 368870, Russia.",2022 年03 月01 日,2025 年01 月10 日,https://www.meti.go.jp/policy/external_economy/trade_control/02_export/17_russia/250912_list_russia_tokutei.pdf
Russia, 国際平和のための国際的な努力に我が国として寄与するために講ずる輸出等に係る禁止措置 の対象となるロシア連邦の団体（令和四年外務省告示第八十二号）,372 株式会社P.D.グルシン名称機械製造設計局ファケル（別称、株式会社 MKB ファケル、工業 設計局ファケル、株式会社 EBD ファケル及び P.D.グルシン名称機械建設工事局ファケル）,"372 P.D. Grusin Co., Ltd., Machine Manufacturing Design Bureau Fakel (also known as MKB Fakel Co., Ltd., Industrial Design Bureau Fakel, EBD Fakel Co., Ltd., and P.D. Grusin Machine Construction Bureau Fakel)",,,"Joint Stock Company Machine-Building Engineering Office Fakel Named After Akademika P.D. Grushina, a.k.a., the following four aliases:
-AO MKB Fakel;
-Engineering Design Bureau Fakel;
-JSC EBD Fakel; and
-Mashinostroitelnoe Konstruktorskoe Byuro Fakel I.M. Akademika P.D. Grushina.","所在地：33 Akademika Grushina Street, Khimki, Moscow Oblast, 141401, Russia.",2022 年03 月01 日,2025 年01 月10 日,https://www.meti.go.jp/policy/external_economy/trade_control/02_export/17_russia/250912_list_russia_tokutei.pdf
Russia, 国際平和のための国際的な努力に我が国として寄与するために講ずる輸出等に係る禁止措置 の対象となるロシア連邦の団体（令和四年外務省告示第八十二号）,"373 株式会社アルマズ・アンティ・コンツェルン北西部地域センター・オブホウスキー工場（別称、株式会社 GOZ、株式会社航空宇宙防衛アルマズ・アンティ・コンツェルン北西部地域セ
ンター・オブホウスキー工場、株式会社 GOZ オブホフ工場、株式会社オブホウスキー工場及
び株式会社SOPオブホウスキー工場）","373 Almaz Anti-Konzern Northwest Regional Center Obkhowski Plant (also known as GOZ Co., Ltd., Almaz Anti-Konzern Northwest Regional Center Obkhowski Plant, GOZ Obkhowski Plant, Obkhowski Plant, and SOP Obkhowski Plant)",,,"Joint Stock Company North Western Regional Center of Almaz Antey Concern Obukhovsky Plant, a.k.a., the following five aliases:
-AO GOZ;
-AO Severo-Zapadny Regionalny Tsentr Kontserna VKO Almaz-Antei Obukhovsky Zavod;
-JSC GOZ Obukhov Plant;
-JSC Obukhovskiy Zavod; and
-JSC SOP Obukhovskiy Plant.","所在地：120 Obukhovskoy Oborony Avenue, Building 19, Premises 1–N #708, Saint Petersburg, 190012, Russia.",2022 年03 月01 日,2025 年01 月10 日,https://www.meti.go.jp/policy/external_economy/trade_control/02_export/17_russia/250912_list_russia_tokutei.pdf
Russia, 国際平和のための国際的な努力に我が国として寄与するために講ずる輸出等に係る禁止措置 の対象となるロシア連邦の団体（令和四年外務省告示第八十二号）,374 株式会社ペンザ電気技術科学研究所（別称、株式会社ペンザ及び株式会社 PNIEI）,"374 Penza Electrical Technology Research Institute Co., Ltd. (also known as Penza Co., Ltd. and PNIEI Co., Ltd.)",,,"Joint Stock Company Penza Electrotechnical Research Institute, a.k.a., the following three aliases:
-AO Penzenskiy Nauchno-Issledovatelskiy Elektrotekhnicheskiy Institut;
-JSC Penza; and
-JSC PNIEI.","所在地：9 Sovetskaya Street, Penza, Penza Oblast, 440026, Russia.",2022 年03 月01 日,2025 年01 月10 日,https://www.meti.go.jp/policy/external_economy/trade_control/02_export/17_russia/250912_list_russia_tokutei.pdf
Russia, 国際平和のための国際的な努力に我が国として寄与するために講ずる輸出等に係る禁止措置 の対象となるロシア連邦の団体（令和四年外務省告示第八十二号）,375 株式会社生産団体セーヴェル（別称、株式会社 PO North）,"375 Seisakudan Sevel Co., Ltd. (also known as PO North Co., Ltd.)",,,"Joint Stock Company Production Association Sever, a.k.a., the following four aliases: -AO PO Sever;
-JSC PA Sever;
-JSC PO North; and
-Proizvodstvennoe Obedinenie Sever.","所在地：3 Obedineniya Street, Novosibirsk, Novosibirsk Oblast, 630020, Russia.",2022 年03 月01 日,2025 年01 月10 日,https://www.meti.go.jp/policy/external_economy/trade_control/02_export/17_russia/250912_list_russia_tokutei.pdf
Russia, 国際平和のための国際的な努力に我が国として寄与するために講ずる輸出等に係る禁止措置 の対象となるロシア連邦の団体（令和四年外務省告示第八十二号）,376 株式会社E.S.ヤラモフ名称生産団体ウラル光学機械工場（別称、株式会社生産団体ウラル光 学機械工場、株式会社生産団体 UOMP、株式会社生産団体 UOMZ及びウラル光学機械工場）,"376. E.S. Yaramov Co., Ltd. Ural Optical and Mechanical Plant (also known as Ural Optical and Mechanical Plant Co., Ltd., UOMP Co., Ltd., UOMZ Co., Ltd., and Ural Optical and Mechanical Plant)",,,"Joint Stock Company Production Association Ural Optical and Mechanical Plant Named After E.S. Yalamov, a.k.a., the following
four aliases:
-AO Proizvodsvennoe Obedinenie Uralskii Opitko-Mekhanicheskii Zavod;
-JSC PA UOMP;
-JSC PO UOMZ; and
-Ural Optical and Mechanical Plant.","所在地：33B Vostochnaya Street, Yekaterinburg, Sverdlovsk Oblast, 620100, Russia.",2022 年03 月01 日,2025 年01 月10 日,https://www.meti.go.jp/policy/external_economy/trade_control/02_export/17_russia/250912_list_russia_tokutei.pdf
Russia, 国際平和のための国際的な努力に我が国として寄与するために講ずる輸出等に係る禁止措置 の対象となるロシア連邦の団体（令和四年外務省告示第八十二号）,"377 株式会社 S.A.ラヴォチキン名称学術生産団体（別称、株式会社ラヴォチキン学術生産団体、S.A.ラヴォチキン名称学術生産団体、学術生産団体ラヴォチキン及び S.A.ラヴォチキン学術
生産団体）","377 S.A. Lavo Chicken Co., Ltd. (also known as S.A. Lavo Chicken Co., Ltd. Academic Production Organization, S.A. Lavo Chicken Co., Ltd. Academic Production Organization, Academic Production Organization Lavo Chicken, and S.A. Lavo Chicken Academic Production Organization)",,,"Joint Stock Company Research and Production Association Named After S.A. Lavochkina, a.k.a., the following five aliases:
-AO Nauchno-Proizvodstvennoe Obedinenie IM. S.A. Lavochkina;
-JSC Lavochkin Science and Production Association;
-NPO Imeni S.A. Lavochkina;
-NPO Lavochkin; and
-S.A. Lavochkin Scientific Production Association.","所在地：24 Leningradskaya Street, Khimki, Moscow Oblast, 141402, Russia.",2022 年03 月01 日,2025 年01 月10 日,https://www.meti.go.jp/policy/external_economy/trade_control/02_export/17_russia/250912_list_russia_tokutei.pdf
Russia, 国際平和のための国際的な努力に我が国として寄与するために講ずる輸出等に係る禁止措置 の対象となるロシア連邦の団体（令和四年外務省告示第八十二号）,378 株式会社測量技術学術生産団体（別称、株式会社学術生産団体 IT）,"378 Surveying Technology Academic Production Organization Co., Ltd. (also known as Academic Production Organization IT Co., Ltd.)",,,"Joint Stock Company Research and Production Association of Measuring Equipment,a.k.a., the following three aliases: -AO NPO IT;
-AO Nauchno Proizvodstvennoe Obedinenie Izmeritelnoi Tekhniki; and
-JSC NPO IT.","所在地：2 Pionerskaya Street, Building 4, Floor 3, Office 344, Korolyov, Moscow Oblast, 141074, Russia.",2022 年03 月01 日,2025 年01 月10 日,https://www.meti.go.jp/policy/external_economy/trade_control/02_export/17_russia/250912_list_russia_tokutei.pdf
Russia, 国際平和のための国際的な努力に我が国として寄与するために講ずる輸出等に係る禁止措置 の対象となるロシア連邦の団体（令和四年外務省告示第八十二号）,379 株式会社学術生産企業レーダーMMS（別称、株式会社レーダーMMS及び株式会社学術生産団体 レーダーMMS）,"379. Radar MMS Co., Ltd. (also known as Radar MMS Co., Ltd. and Radar MMS Co., Ltd., a scientific production organization)",,,"Joint Stock Company Research and Production Enterprise Radar MMS, a.k.a., the following four aliases:
-AO Nauchno-Proizvodstvennoe Predpriyatie Radar MMS;
-JSC Radar MMS;
-NPP Radar MMS; and
-Scientific Production Association Radar MMS JSC.","所在地：37A Novoselkovskaya Street, Saint Petersburg, 197375, Russia.",2022 年03 月01 日,2025 年01 月10 日,https://www.meti.go.jp/policy/external_economy/trade_control/02_export/17_russia/250912_list_russia_tokutei.pdf
Russia, 国際平和のための国際的な努力に我が国として寄与するために講ずる輸出等に係る禁止措置 の対象となるロシア連邦の団体（令和四年外務省告示第八十二号）,380 株式会社学術生産企業サプフィル（別称、株式会社 NPP サプフィル及び株式会社学術生産会 社サプフィル）,"380. Sapfil Co., Ltd. (also known as NPP Sapfil Co., Ltd. and Sapfil Co., Ltd.)",,,"Joint Stock Company Research and Production Enterprise Sapfir, a.k.a., the following four aliases:
-AO NPP Sapfir;
-AO Nauchno-Proizvodstvennoe Predpriyatie Sapfir;
-JSC NPP Sapphire; and
-JSC Research and Production Company Sapfir.","所在地：53 Shcherbakovskaya Street, Building 17, Moscow, 105187, Russia.",2022 年03 月01 日,2025 年01 月10 日,https://www.meti.go.jp/policy/external_economy/trade_control/02_export/17_russia/250912_list_russia_tokutei.pdf
Russia, 国際平和のための国際的な努力に我が国として寄与するために講ずる輸出等に係る禁止措置 の対象となるロシア連邦の団体（令和四年外務省告示第八十二号）,381 株式会社研究センター・エリンス（別称、株式会社エリンス STC、株式会社科学技術センター ・エリンス、NTTsエリンス及び科学技術センター・エリンス）,"381 Research Center Ellins Co., Ltd. (also known as Ellins STC Co., Ltd., Science and Technology Center Ellins Co., Ltd., NTTs Ellins, and Science and Technology Center Ellins)",,,"Joint Stock Company Research Center Elins, a.k.a., the following six aliases: -AO Nauchnyy Tsentr Elins;
-Elins STC JSC;
-JSC Elins;
-JSC Scientific and Technical Center Elins;
-NTTs Elins; and
-Scientific-Technical Center Elins.","所在地：10 Panfilovsky Avenue, Zelenograd, Moscow, 124460, Russia.",2022 年03 月01 日,2025 年01 月10 日,https://www.meti.go.jp/policy/external_economy/trade_control/02_export/17_russia/250912_list_russia_tokutei.pdf
Russia, 国際平和のための国際的な努力に我が国として寄与するために講ずる輸出等に係る禁止措置 の対象となるロシア連邦の団体（令和四年外務省告示第八十二号）,382 株式会社RT-テフプリヨムカ（別称、株式会社アヴィアテフプリヨムカ）,"382 RT-Tefpriyomka Co., Ltd. (also known as AviaTefpriyomka Co., Ltd.)",,,"Joint Stock Company RT-Tekhpriemka, a.k.a., the following three aliases: -AO RT-Techpriemka;
-JSC Aviatekhpriemka; and-JSC RT-Tekhpriemka.","所在地：1 Elektricheskii Lane, Building 12, Moscow, 123557, Russia.",2022 年03 月01 日,2025 年01 月10 日,https://www.meti.go.jp/policy/external_economy/trade_control/02_export/17_russia/250912_list_russia_tokutei.pdf
Russia, 国際平和のための国際的な努力に我が国として寄与するために講ずる輸出等に係る禁止措置 の対象となるロシア連邦の団体（令和四年外務省告示第八十二号）,383 株式会社ロシア科学研究所エレクトロンスタンダート（別称、株式会社 RNII エレクトロン スタンダルト及びRNII エレクトロンスタンダード）,"383. RNII Electron Standard Co., Ltd. (also known as RNII Electron Standard Co., Ltd. and RNII Electron Standard Co., Ltd.)",,,"Joint Stock Company Russian Research Institute Electronstandart, a.k.a., the following four aliases:
-AO Nauchno-Proizvodstvennoe Predpriyatie Elektronstandart;
-AO RNII Elektronstandart;
-JSC NPP Elektrostandart; and
-RNII Electronstandard.","所在地：25 Tsvetochnaya Street, Building 3, Saint Petersburg, 196006, Russia.",2022 年03 月01 日,2025 年01 月10 日,https://www.meti.go.jp/policy/external_economy/trade_control/02_export/17_russia/250912_list_russia_tokutei.pdf
Russia, 国際平和のための国際的な努力に我が国として寄与するために講ずる輸出等に係る禁止措置 の対象となるロシア連邦の団体（令和四年外務省告示第八十二号）,384 株式会社金属セラミック機器リャザン工場（別称、株式会社リャザン金属セラミック機器工 場、株式会社RZMKP、リャザン・セラミック装置工場及び RMCIP）,"384 Ryazan Metal and Ceramic Equipment Plant Co., Ltd. (also known as Ryazan Metal and Ceramic Equipment Plant Co., Ltd., RZMKP Co., Ltd., Ryazan Ceramic Equipment Plant, and RMCIP)",,,"Joint Stock Company Ryazan Plant of Metal Ceramic Instruments, a.k.a., the following five aliases:
-AO Ryazanski Zavod Metallokeramicheskikh Priborov;
-AO RZMKP;
-JSC Ryazan Metal Ceramics Instrumentation Plant;
-Ryazan Plant of Ceramic Devices; and
-RMCIP.","所在地：51V Novaya Street, Ryazan, Ryazan Oblast, 390027, Russia.",2022 年03 月01 日,2025 年01 月10 日,https://www.meti.go.jp/policy/external_economy/trade_control/02_export/17_russia/250912_list_russia_tokutei.pdf
Russia, 国際平和のための国際的な努力に我が国として寄与するために講ずる輸出等に係る禁止措置 の対象となるロシア連邦の団体（令和四年外務省告示第八十二号）,"385 株式会社学術生産企業デジタル・ソリューションズ（別称、株式会社特定用途向け集積回路 電気工学設計センター・デジタル・ソリューションズ、学術生産団体 DSol、株式会社デジタ
ル・ソリューションズ及び有限会社学術生産企業デジタル・ソリューションズ）","385. Digital Solutions Co., Ltd. (also known as Digital Solutions Electrical Engineering Design Center for Special Application Integrated Circuits, Inc., DSol Academic Production Organization, Digital Solutions Co., Ltd., and Digital Solutions Co., Ltd.)",,,"Joint Stock Company Scientific Production Enterprise Digital Solutions, a.k.a., the following five aliases:
-ASIC and Electronic Engineering Design Center Digital Solutions JSC;
-AO NPP Tsifrovye Resheniya;
-DSol NPP;
-JSC Digital Solutions; and
-LLC Scientific Production Enterprise Digital Solutions.","所在地：9a Second Sinichkina Street, Room 4, Office 1, 3rd Floor, Building 7, Moscow, 111020, Russia; and A/Ya 18, Moscow, 105066, Russia; and 10 Zavoda Serp I Molot
Drive, Moscow, 111250, Russia.",2022 年03 月01 日,2025 年01 月10 日,https://www.meti.go.jp/policy/external_economy/trade_control/02_export/17_russia/250912_list_russia_tokutei.pdf
Russia, 国際平和のための国際的な努力に我が国として寄与するために講ずる輸出等に係る禁止措置 の対象となるロシア連邦の団体（令和四年外務省告示第八十二号）,386 株式会社学術生産企業コンタクト（別称、株式会社 NPPコンタクト及び株式会社 SPE コンタ クト）,"386. Academic Production Enterprise Contact Co., Ltd. (also known as NPP Contact Co., Ltd. and SPE Contact Co., Ltd.)",,,"Joint Stock Company Scientific Production Enterprise Kontakt, a.k.a., the following four aliases: -AO NPP Kontakt; -AO Nauchno-Proizvodstvennoe Predpriyatie Kontakt;
-JSC NPP Kontakt; and
-JSC SPE Contact.","所在地：1 Spitsyna Street, Saratov, Saratov Oblast, 410086, Russia.",2022 年03 月01 日,2025 年01 月10 日,https://www.meti.go.jp/policy/external_economy/trade_control/02_export/17_russia/250912_list_russia_tokutei.pdf
Russia, 国際平和のための国際的な努力に我が国として寄与するために講ずる輸出等に係る禁止措置 の対象となるロシア連邦の団体（令和四年外務省告示第八十二号）,387 株式会社学術生産企業トパズ（別称、株式会社 NPP トパズ及び閉鎖型株式会社学術生産企業 トパズ）,"387. Topaz Co., Ltd. (also known as NPP Topaz Co., Ltd. and Closed-Type Topaz Co., Ltd.)",,,"Joint Stock Company Scientific Production Enterprise Topaz, a.k.a., the following four aliases: -AO Nauchno-Proizvodstvennoe Predpriyatie Topaz;
-JSC NPP Topaz;
-Closed Joint-Stock Company Scientific Production Enterprise Topaz; and
-JSC Research and Production Enterprise Topaz.","所在地：16 Third Mytishchinskaya Street, Building 34, Moscow, 129626, Russia.",2022 年03 月01 日,2025 年01 月10 日,https://www.meti.go.jp/policy/external_economy/trade_control/02_export/17_russia/250912_list_russia_tokutei.pdf
Russia, 国際平和のための国際的な努力に我が国として寄与するために講ずる輸出等に係る禁止措置 の対象となるロシア連邦の団体（令和四年外務省告示第八十二号）,388 株式会社科学研究所ギリコンド（別称、株式会社 NII ギリコンド及び科学研究所ギリコンド）,"388. Giricondo Science Research Institute Co., Ltd. (also known as NII Giricondo Co., Ltd. and Giricondo Science Research Institute Co., Ltd.)",,,"Joint Stock Company Scientific Research Institute Giricond, a.k.a., the following three aliases:
-AO Nauchno-Issledovatelskiy Institut Girikond;
-AO NII Girikond; and
-Research Institute Girikond.","所在地：10 Kurchatova Street, Saint Petersburg, 194223, Russia.",2022 年03 月01 日,2025 年01 月10 日,https://www.meti.go.jp/policy/external_economy/trade_control/02_export/17_russia/250912_list_russia_tokutei.pdf
Russia, 国際平和のための国際的な努力に我が国として寄与するために講ずる輸出等に係る禁止措置 の対象となるロシア連邦の団体（令和四年外務省告示第八十二号）,389 株式会社コンピューター機器科学研究所 SVT （別称、株式会社 NII SVT 及び公共株式会社 NII SVT）,"389 Computer Equipment Science Laboratory Co., Ltd. SVT (also known as NII SVT Co., Ltd. and NII SVT Public Corporation)",,,"Joint Stock Company Scientific Research Institute of Computer Engineering NII SVT, a.k.a., the following four aliases:
-AO NII SVT;
-AO Nauchno Issledovatelskii Institut Sredstv Vychislitelnoi Tekhniki;
-JSC NII SVT; and
-NII SVT PAO.","所在地：31 Melnichnaya Street, Kirov, Kirov Oblast, 610025, Russia.",2022 年03 月01 日,2025 年01 月10 日,https://www.meti.go.jp/policy/external_economy/trade_control/02_export/17_russia/250912_list_russia_tokutei.pdf
Russia, 国際平和のための国際的な努力に我が国として寄与するために講ずる輸出等に係る禁止措置 の対象となるロシア連邦の団体（令和四年外務省告示第八十二号）,390 株式会社エレクトリック・カーボン製品科学研究所（別称、株式会社 NIIEI 及び株式会社科 学研究プロジェクト・エレクトリック・カーボン製品技術研究所）,"390 Electric Carbon Products Science Research Institute Co., Ltd. (also known as NIIEI Co., Ltd. and Science Research Project Electric Carbon Products Technology Research Institute Co., Ltd.)",,,"Joint Stock Company Scientific Research Institute of Electrical Carbon Products, a.k.a., the following four aliases:
-AO NIIEI;
-AO Nauchno Issledovatelskii I Proektno-Tekhnologicheskii Institut Elektrougolnykh
Izdelii;
-JSC NIIEI; and-JSC Scientific Research and Project-Technical Institute of Electrical Carbon
Products.","所在地：1 Gorki Lane, Elektrougli, Moscow Oblast, 142455, Russia.",2022 年03 月01 日,2025 年01 月10 日,https://www.meti.go.jp/policy/external_economy/trade_control/02_export/17_russia/250912_list_russia_tokutei.pdf
Russia, 国際平和のための国際的な努力に我が国として寄与するために講ずる輸出等に係る禁止措置 の対象となるロシア連邦の団体（令和四年外務省告示第八十二号）,391 株式会社電気機械器具科学研究所（別称、株式会社 NIIEMP、株式会社 SRIEMI 及びペンザ電 気機械装置科学研究所）,"391. Electrical Machinery and Equipment Science Research Institute Co., Ltd. (also known as NIIEMP Co., Ltd., SRIEMI Co., Ltd., and Penza Electrical Machinery and Equipment Science Research Institute)",,,"Joint Stock Company Scientific Research Institute of Electronic and Mechanical Devices, a.k.a., the following four aliases:
-AO NII Elektronno-Mekhanicheskikh Priborov;
-JSC NIIEMP;
-JSC SRIEMI; and
-Penza Scientific Research Institute of Electro-Mechanical Devices.","所在地：44 Karakozova Street, Penza, Penza Oblast, 440600, Russia.",2022 年03 月01 日,2025 年01 月10 日,https://www.meti.go.jp/policy/external_economy/trade_control/02_export/17_russia/250912_list_russia_tokutei.pdf
Russia, 国際平和のための国際的な努力に我が国として寄与するために講ずる輸出等に係る禁止措置 の対象となるロシア連邦の団体（令和四年外務省告示第八十二号）,392 株式会社電子工学材料科学研究所（別称、株式会社 NIIMET）,"392. Electronic Engineering Materials Science Laboratory Co., Ltd. (also known as NIIMET Co., Ltd.)",,,"Joint Stock Company Scientific Research Institute of Electronic Engineering Materials, a.k.a., the following three aliases:
-AO Nauchno-Issledovatelskiy Institut Materialov Elektronnoi Tekhniki;
-AO NIIMET; and
-JSC NIIMET.","所在地：1 Gagarina Street, Kaluga, Kaluga Oblast, 248650, Russia; and 17 Second Academicheskiy Drive, Building 3G, Rooms 27–40, Kaluga, Kaluga Oblast, 248033,
Russia.",2022 年03 月01 日,2025 年01 月10 日,https://www.meti.go.jp/policy/external_economy/trade_control/02_export/17_russia/250912_list_russia_tokutei.pdf
Russia, 国際平和のための国際的な努力に我が国として寄与するために講ずる輸出等に係る禁止措置 の対象となるロシア連邦の団体（令和四年外務省告示第八十二号）,393 株式会社ガス放電装置科学研究所プラズマ（別称、株式会社プラズマ）,"393. Gas Discharge Device Science Laboratory Co., Ltd. Plasma (also known as Plasma Co., Ltd.)",,,"Joint Stock Company Scientific Research Institute of Gas Discharge Devices Plasma, a.k.a., the following three aliases:
-AO Nauchno-Issledovatelskiy Institut Gazorazriyadnikh Priborov Plazma;
-AO Plasma; and
-JSC Plasma.","所在地：24 Tsiolkovskogo Street, Ryazan, Ryazan Oblast, 390023, Russia.",2022 年03 月01 日,2025 年01 月10 日,https://www.meti.go.jp/policy/external_economy/trade_control/02_export/17_russia/250912_list_russia_tokutei.pdf
Russia, 国際平和のための国際的な努力に我が国として寄与するために講ずる輸出等に係る禁止措置 の対象となるロシア連邦の団体（令和四年外務省告示第八十二号）,394 株式会社産業テレビジョン技術科学研究所ラストル（別称、株式会社 NIIPTラストル）,"394 Industrial Television Technology Research Institute Lastol Co., Ltd. (also known as NIIPT Lastol Co., Ltd.)",,,"Joint Stock Company Scientific Research Institute of Industrial Television Rastr, a.k.a., the following two aliases:
-AO Nauchno Issledovatelskii Institut Promyshlennogo Televideniya Rastr; and
-AO NIIPT Rastr.","所在地：39 Bolshaya Sankt-Peterburgskaya Street, Veliky Novgorod, Novgorod Oblast, 173001, Russia.",2022 年03 月01 日,2025 年01 月10 日,https://www.meti.go.jp/policy/external_economy/trade_control/02_export/17_russia/250912_list_russia_tokutei.pdf
Russia, 国際平和のための国際的な努力に我が国として寄与するために講ずる輸出等に係る禁止措置 の対象となるロシア連邦の団体（令和四年外務省告示第八十二号）,395 株式会社高精度機械工学科学研究所（別称、株式会社 NIITM、公共株式会社高精度機械工学研 究所及び高精度機械工学科学研究所）,"395. High Precision Mechanical Engineering Research Institute Co., Ltd. (also known as NIITM Co., Ltd., Public Corporation High Precision Mechanical Engineering Research Institute, and High Precision Mechanical Engineering Research Institute)",,,"Joint Stock Company Scientific Research Institute of Precision Mechanical Engineering, a.k.a., the following six aliases:
-AO Nauchno-Issledovatelskiy Institut Tochnogo Mashinostroeniya;
-AO NIITM;
-NIITM PAO;
-OJSC Scientific and Research Institute of Precision Engineering;
-Research Institute of Precision Machine Manufacturing; and
-Scientific and Research Institute of Precision Mechanical Engineering.","所在地：10 Panfilovsky Avenue, Zelenograd, Moscow, 124460, Russia.",2022 年03 月01 日,2025 年01 月10 日,https://www.meti.go.jp/policy/external_economy/trade_control/02_export/17_russia/250912_list_russia_tokutei.pdf
Russia, 国際平和のための国際的な努力に我が国として寄与するために講ずる輸出等に係る禁止措置 の対象となるロシア連邦の団体（令和四年外務省告示第八十二号）,396 株式会社アク・バルス造船会社（別称、株式会社 SKアク・バルス）,"396 Ak-Bals Shipbuilding Co., Ltd. (also known as SK Ak-Bals Co., Ltd.)",,,"Joint Stock Company Shipbuilding Corporation Ak Bars, a.k.a., the following three aliases: -AO SK Ak Bars;
-AO Sudostroyitelnaya Korporatsiya Ak Bars; and
-JSC SC Ak Bars.","所在地：9a, Zavodskaya Street, Zelenodolsk, Republic of Tatarstan, 422546, Russia; and 5 Zavodskaya Street, Zelenodolsk, Republic of Tatarstan, 422546, Russia.",2022 年03 月01 日,2025 年01 月10 日,https://www.meti.go.jp/policy/external_economy/trade_control/02_export/17_russia/250912_list_russia_tokutei.pdf
Russia, 国際平和のための国際的な努力に我が国として寄与するために講ずる輸出等に係る禁止措置 の対象となるロシア連邦の団体（令和四年外務省告示第八十二号）,397 株式会社コンピューター機器特別設計局（別称、株式会社 SKB VT）,"397 Computer Equipment Special Design Bureau, Inc. (also known as SKB VT, Inc.)",,,"Joint Stock Company Special Design Bureau of Computer Engineering, a.k.a., the following two aliases: -AO Spetsialnoe Konstruktorskoe Byuro Vychislitelnoi Tekhniki; and
-AO SKB VT.","所在地：1 Maksima Gorkogo Street, Pskov, Pskov Oblast, 180007, Russia.",2022 年03 月01 日,2025 年01 月10 日,https://www.meti.go.jp/policy/external_economy/trade_control/02_export/17_russia/250912_list_russia_tokutei.pdf
Russia, 国際平和のための国際的な努力に我が国として寄与するために講ずる輸出等に係る禁止措置 の対象となるロシア連邦の団体（令和四年外務省告示第八十二号）,398 株式会社制御機器特別設計局（別称、株式会社制御機器特別計画設計局及び株式会社SPKB SU）,"398 Control Equipment Special Design Bureau, Inc. (Also known as Control Equipment Special Planning and Design Bureau, Inc. and SPKB SU, Inc.)",,,"Joint Stock Company Special Design Bureau of Control Means, a.k.a., the following two aliases: -AO Spetsialnoe Proektno-Konstruktorskoe Byuro Sredstv Upravleniya; and
-AO SPKB SU.","所在地：9 Vagzhanovski Lane, Office 315, Tver, Tver Oblast, 170100, Russia.",2022 年03 月01 日,2025 年01 月10 日,https://www.meti.go.jp/policy/external_economy/trade_control/02_export/17_russia/250912_list_russia_tokutei.pdf
Russia, 国際平和のための国際的な努力に我が国として寄与するために講ずる輸出等に係る禁止措置 の対象となるロシア連邦の団体（令和四年外務省告示第八十二号）,399 株式会社特別設計局トゥルビナ（別称、株式会社SKBトゥルビナ及び株式会社トゥルビナSDB）,"399 Turbina Special Design Bureau Co., Ltd. (also known as SKB Turbina Co., Ltd. and Turbina SDB Co., Ltd.)",,,"Joint Stock Company Special Design Bureau Turbina, a.k.a., the following three aliases:
-AO SKB Turbina;
-AO Spetsialnoe Konstrucktorskoe Byuro Turbina; and
-JSC Turbina SDB.","所在地：2B Lenin Avenue, Chelyabinsk, Chelyabinsk Oblast, 454007, Russia.",2022 年03 月01 日,2025 年01 月10 日,https://www.meti.go.jp/policy/external_economy/trade_control/02_export/17_russia/250912_list_russia_tokutei.pdf
Russia, 国際平和のための国際的な努力に我が国として寄与するために講ずる輸出等に係る禁止措置 の対象となるロシア連邦の団体（令和四年外務省告示第八十二号）,400 株式会社V.P.マケエフ名称国立ミサイル・センター（別称、株式会社 GRTs マケエヴァ、マケエフ設計局、株式会社 V.P.マケエフ名称国立ロケット・センター、マケエフ国立ミサイル ・センター、マケエフ国立ロケット・センター及びマケエフ・ロケット設計局）,"400 V.P. Makeev Co., Ltd. National Missile Center (also known as GRTs Makeev Co., Ltd., Makeev Design Bureau, V.P. Makeev Co., Ltd. National Rocket Center, Makeev National Missile Center, Makeev National Rocket Center, and Makeev Rocket Design Bureau)",,,"Joint Stock Company State Missile Center Named After Akademika V.P. Makeyeva, a.k.a, the following seven aliases:
-JSC Gosudarstvenny Raketny Tsentr Imeni Akademika V.P. Makeeva;
-JSC GRTs Makeyeva;
-JSC Makeyev Design Bureau;
-JSC State Rocket Center Named After Akademika V.P. Makeyeva;
-Makeyev State Missile Center;
-Makeyev State Rocket Center; and
-Makeyev Rocket Design Bureau.","所在地：1 Turgoyakskoe Highway, Miass, Chelyabinsk Region, 456300, Russia.",2022 年03 月01 日,2025 年01 月10 日,https://www.meti.go.jp/policy/external_economy/trade_control/02_export/17_russia/250912_list_russia_tokutei.pdf
Russia, 国際平和のための国際的な努力に我が国として寄与するために講ずる輸出等に係る禁止措置 の対象となるロシア連邦の団体（令和四年外務省告示第八十二号）,401 株式会社国立科学研究所クリスタル（別称、株式会社 GOSNIIクリスタル及び公共株式会社国 立研究所クリスタル）,"401 National Institute of Science Crystal Co., Ltd. (also known as GOSNII Crystal Co., Ltd. and National Institute of Science Crystal Co., Ltd.)",,,"Joint Stock Company State Scientific Research Institute Kristall, a.k.a., the following four aliases:
-AO GOSNII Kristall;
-AO Gosudarstvenny Nauchno-Issledovatelski Institut Kristall;
-OAO GOSNII Kristall; and
-OJSC Kristall State Research Institute.","所在地：6 Zelenaya Street, Dzerzhinsk, Nizhny Novgorod Oblast, 606007, Russia.",2022 年03 月01 日,2025 年01 月10 日,https://www.meti.go.jp/policy/external_economy/trade_control/02_export/17_russia/250912_list_russia_tokutei.pdf
Russia, 国際平和のための国際的な努力に我が国として寄与するために講ずる輸出等に係る禁止措置 の対象となるロシア連邦の団体（令和四年外務省告示第八十二号）,402 株式会社スヴェトラーナ半導体,"402 Svetlana Semiconductor Co., Ltd.",,,"Joint Stock Company Svetlana Semiconductors, a.k.a., the following two aliases: -AO Svetlana Poluprovodniki; and
-Svetlana Semiconductors Stock Company.","所在地：27, Engels Prospect, Saint Petersburg, 194156, Russia; and 6 Akademika Valieva Street, Building 2, Floor/Premises 1/I, Room 28, Zelenograd, Moscow, 124460, Russia.",2022 年03 月01 日,2025 年01 月10 日,https://www.meti.go.jp/policy/external_economy/trade_control/02_export/17_russia/250912_list_russia_tokutei.pdf
Russia, 国際平和のための国際的な努力に我が国として寄与するために講ずる輸出等に係る禁止措置 の対象となるロシア連邦の団体（令和四年外務省告示第八十二号）,403 株式会社テクノディナミカ（別称、株式会社航空機材及び株式会社テクノダイナミクス）,"403 TechnoDinamica Co., Ltd. (also known as Aircraft Materials Co., Ltd. and TechnoDynamics Co., Ltd.)",,,"Joint Stock Company Tekhnodinamika, a.k.a., the following three aliases: -AO Tekhnodinamika;
-JSC Aviation Equipment; and
-JSC Technodynamics.","所在地：35 Bolshaya Tatarskaya Street, Building 5, Moscow, 115184, Russia.",2022 年03 月01 日,2025 年01 月10 日,https://www.meti.go.jp/policy/external_economy/trade_control/02_export/17_russia/250912_list_russia_tokutei.pdf
Russia, 国際平和のための国際的な努力に我が国として寄与するために講ずる輸出等に係る禁止措置 の対象となるロシア連邦の団体（令和四年外務省告示第八十二号）,404 株式会社I.S.ブルク名称電子制御機器研究所（別称、株式会社 I.S.ブルク名称INEUM及び株 式会社INEUM）,"404 I.S. Burg Electronic Control Equipment Research Institute Co., Ltd. (Also known as I.S. Burg INEUM Co., Ltd. and INEUM Co., Ltd.)",,,"Joint Stock Company the Institute of Electronic Control Computers Named After I.S. Bruk, a.k.a., the following three aliases:-AO INEUM IM. I.S. Bruk;
-Institut Elektronniykh Upravlyayushchikh Mashin IM. I.S. Bruka; and
-JSC INEUM.","所在地：24 Vavilova Street, Moscow, 119334, Russia.",2022 年03 月01 日,2025 年01 月10 日,https://www.meti.go.jp/policy/external_economy/trade_control/02_export/17_russia/250912_list_russia_tokutei.pdf
Russia, 国際平和のための国際的な努力に我が国として寄与するために講ずる輸出等に係る禁止措置 の対象となるロシア連邦の団体（令和四年外務省告示第八十二号）,405 株式会社ヴォログダ光学機械工場（別称、株式会社 VOMZ及び公開株式会社 VOMZ）,"405 Vologda Optical and Mechanical Factory Co., Ltd. (also known as VOMZ Co., Ltd. and VOMZ Public Corporation)",,,"Joint Stock Company Vologda Optical and Mechanical Plant, a.k.a., the following four aliases:
-AO Vologodsky Optiko Mekhanichesky Zavod;
-AO VOMZ;
-JSC VOMZ; and
-OAO VOMZ.","所在地：54 Maltseva Street, Vologda, Vologda Oblast, 160009, Russia.",2022 年03 月01 日,2025 年01 月10 日,https://www.meti.go.jp/policy/external_economy/trade_control/02_export/17_russia/250912_list_russia_tokutei.pdf
Russia, 国際平和のための国際的な努力に我が国として寄与するために講ずる輸出等に係る禁止措置 の対象となるロシア連邦の団体（令和四年外務省告示第八十二号）,406 株式会社ヴォロネジ半導体機器組立工場（別称、株式会社 VZPP-S）,"406 Voronezh Semiconductor Equipment Assembly Plant, Inc. (Also known as VZPP-S Corporation)",,,"Joint Stock Company Voronezh Semiconductor Devices Factory Assembly, a.k.a., the following three aliases:
-AO Voronezhsky Zavod Poluprovodnikovykh Priborov-Sborka;
-AO VZPP–S; and
-JSC VZPP–S.","所在地：119a Leninsky Avenue, Voronezh, Voronezh Oblast, 394033, Russia; and 119a Leninsky Avenue, Voronezh, Voronezh Oblast, 394007, Russia.",2022 年03 月01 日,2025 年01 月10 日,https://www.meti.go.jp/policy/external_economy/trade_control/02_export/17_russia/250912_list_russia_tokutei.pdf
Russia, 国際平和のための国際的な努力に我が国として寄与するために講ずる輸出等に係る禁止措置 の対象となるロシア連邦の団体（令和四年外務省告示第八十二号）,407 株式会社ヴャトカ機械製造企業アヴィテク（別称、株式会社 VMP アヴィテク及び株式会社ヴ ャトカ機械工場アヴィテク）,"407 Vyatka Machinery Manufacturing Company Avitek (also known as VMP Avitek Co., Ltd. and Vyatka Machinery Factory Avitek Co., Ltd.)",,,"Joint Stock Company Vyatka Machine-Building Enterprise Avitek, a.k.a., the following five aliases:
-AO VMP AVITEK;
-Avitek Vyatskoe Machine Building Enterprise JSC;
-JSC VMP AVITEC;
-JSC Vyatskoe Mashinostroitelnoe Predpriyatie Avitek; and
-Vyatka Machinery Plant Avitec JSC.","所在地：1A Oktyabrskiy Avenue, Kirov, Kirov Oblast, 610047, Russia.",2022 年03 月01 日,2025 年01 月10 日,https://www.meti.go.jp/policy/external_economy/trade_control/02_export/17_russia/250912_list_russia_tokutei.pdf
Russia, 国際平和のための国際的な努力に我が国として寄与するために講ずる輸出等に係る禁止措置 の対象となるロシア連邦の団体（令和四年外務省告示第八十二号）,408 株式会社ゼレノグラード・ナノテクノロジー・センター（別称、株式会社 ZNTTs 及び ZNTC）,"408 Zelenograd Nanotechnology Center Co., Ltd. (also known as ZNTTs Co., Ltd. and ZNTC)",,,"Joint Stock Company Zelenograd Nanotechnology Center, a.k.a., the following three aliases: -AO ZNTTs;
-AO Zelenogradski Nanotekhnologicheski Tsentr; and
-ZNTC.","所在地：6 Solnechnaya Alley, Premises IX, Office 17, Zelenograd, Moscow, 124527, Russia.",2022 年03 月01 日,2025 年01 月10 日,https://www.meti.go.jp/policy/external_economy/trade_control/02_export/17_russia/250912_list_russia_tokutei.pdf
Russia, 国際平和のための国際的な努力に我が国として寄与するために講ずる輸出等に係る禁止措置 の対象となるロシア連邦の団体（令和四年外務省告示第八十二号）,409 公開株式会社カマズ （別称、公共株式会社カマズ）,409 Public Company KAMAZ Corporation (also known as Public Company KAMAZ Corporation),,,"KAMAZ Publicly Traded Company, a.k.a., the following four aliases: -KAMAZ PJSC;
-KAMAZ PAO;
-KAMAZ PTC; and
-Kamskoe Obedinenie PO Proizvodstvu Bolshegruznykh Avtomobilei Kamaz.","所在地：2 Avtozavodskiy Avenue, Naberezhnye Chelny, Republic of Tatarstan, 423827, Russia.",2022 年03 月01 日,2025 年01 月10 日,https://www.meti.go.jp/policy/external_economy/trade_control/02_export/17_russia/250912_list_russia_tokutei.pdf
Russia, 国際平和のための国際的な努力に我が国として寄与するために講ずる輸出等に係る禁止措置 の対象となるロシア連邦の団体（令和四年外務省告示第八十二号）,"410 ロシア科学アカデミー応用数学研究所ケルディシュ（別称、ケルディシュ名称ロシア科学ア カデミー連邦国立単一企業連邦研究センター応用数学研究所、ロシア科学アカデミーM.V.ケ
ルディシュ名称IPM及びロシア科学アカデミーKIAM）","410 Institute of Applied Mathematics of the Russian Academy of Sciences (also known as the Institute of Applied Mathematics of the Federal Research Center of the Federal State Unit Enterprise, Russian Academy of Sciences M.V. Keldish, and KIAM of the Russian Academy of Sciences)",,,"Keldysh Institute of Applied Mathematics of the Russian Academy of Sciences, a.k.a., the following three aliases:
-Federalnoe Gosudarstvennoe Uchrezhdenie Federalny Issledovatelski Tsentr Institut
Prikladnoi Metematiki I.M. Keldysha Rossiiskoi Akademii Nauk;
-IPM IM. M.V. Keldisha RAN; and
-KIAM RAS.","所在地：4 Miusskaya Square, Moscow, 125047, Russia.",2022 年03 月01 日,2025 年01 月10 日,https://www.meti.go.jp/policy/external_economy/trade_control/02_export/17_russia/250912_list_russia_tokutei.pdf
Russia, 国際平和のための国際的な努力に我が国として寄与するために講ずる輸出等に係る禁止措置 の対象となるロシア連邦の団体（令和四年外務省告示第八十二号）,411 有限会社学術生産団体ラジオヴォルナ（別称、有限会社 NPOラジオヴォルナ）,"411 Radio Volna, a limited company specializing in academic production (also known as Radio Volna, a limited company and NPO)",,,"Limited Liability Company Research and Production Association Radiovolna, a.k.a., the following three aliases:
-LLC NPO Radiovolna;
-OOO Nauchno-Proizvodstvennoe Obedinenie Radiovolna; and
-OOO NPO Radiovolna.","所在地：3 22nd Liniya, Building 1M, Premises 1N, Office 618, Vasilevskiy Island, Municipal District No. 7, Saint Petersburg, 199106, Russia; and 1–3P Kozhevennaya
Liniya, Premises 1N, Saint Petersburg, 199106, Russia; and 55 Kingiseppskoe Highway,
Avtovo, St Petersburg, 198320, Russia.",2022 年03 月01 日,2025 年01 月10 日,https://www.meti.go.jp/policy/external_economy/trade_control/02_export/17_russia/250912_list_russia_tokutei.pdf
Russia, 国際平和のための国際的な努力に我が国として寄与するために講ずる輸出等に係る禁止措置 の対象となるロシア連邦の団体（令和四年外務省告示第八十二号）,412 有限会社RSB グループ（別称、有限会社インテリジェンス・テクノロジーズ、有限会社 RSB- Grupp及びロシアン・セキュリティ・システム）,"412 RSB Group Ltd. (also known as Intelligence Technologies Ltd., RSB-Grupp Ltd., and Russian Security Systems)",,,"Limited Liability Company RSB-Group, a.k.a., the following four aliases: -LLC Intelligence Technologies;
-OOO RSB-Grupp;
-Razvedyvatelnye Tekhnologii OOO; and
-Russian Security Systems.","所在地：3 Dnepropetrovskaya Street, Building 5, Floor 1, Premises III, Room 8, Office 6–6, Moscow, 117525, Russia.",2022 年03 月01 日,2025 年01 月10 日,https://www.meti.go.jp/policy/external_economy/trade_control/02_export/17_russia/250912_list_russia_tokutei.pdf
Russia, 国際平和のための国際的な努力に我が国として寄与するために講ずる輸出等に係る禁止措置 の対象となるロシア連邦の団体（令和四年外務省告示第八十二号）,"413 ムィチシンスク無線観測計器科学研究所（別称、連邦国家単一企業全ロシア・ラジオエレク トロニクス科学研究所、連邦単一国家企業 MNIIRIP、連邦単一国家企業 VNIIR、FGUP MNIIRIP、
FSBI VNIIR及びムィチシンスク高周波観測計器研究所）","413 Mychsinsk Radio Observation and Instrument Research Institute (also known as the All-Russian Radio-Electronics Research Institute, a federal unit enterprise; MNIIRIP, a federal unit enterprise; VNIIR, a federal unit enterprise; FGUP MNIIRIP, FSBI VNIIR, and Mychsinsk Radio Frequency Observation and Instrument Research Institute)",,,"Mitishinskiy Scientific Research Institute of Radio Measuring Instruments, a.k.a., the following seven aliases:
-Federalnoe Gosudarstvennoe Byudzhetnoe Uchrezhdenie Vserossiiskii Nauchno-
Issledovatelskii Institut Radioelektroniki;
-Federal State Unitary Enterprise MNIIRIP;
-FGBU VNIIR;
-FGBU Vserossiiskii Nauchno-Issledovatelskii Institut Radioelektroniki;
-FGUP MNIIRIP;
-FSBI VNIIR; and
-Mytishchi Research Institute for RF Measurement Instruments.","所在地：2A Kolpakova Street, Building B1, Floor 3, Office 86,87, Mytishchi, Moscow Oblast, 141002, Russia.",2022 年03 月01 日,2025 年01 月10 日,https://www.meti.go.jp/policy/external_economy/trade_control/02_export/17_russia/250912_list_russia_tokutei.pdf
Russia, 国際平和のための国際的な努力に我が国として寄与するために講ずる輸出等に係る禁止措置 の対象となるロシア連邦の団体（令和四年外務省告示第八十二号）,414 オブニンスク学術生産企業（ORPE）（別称、株式会社 A.G.ロマシン名称オブニンスク NPP テ フノロギヤ、株式会社 A.G.ロマシン名称 ONPP テフノロギヤ、株式会社  A.G.ロマシン名称オ ブニンスク学術生産企業及び株式会社 A.G.ロマシン名称 ORPEテクノロジー）,"414 Obninsk Scientific Manufacturing Enterprise (ORPE) (also known as A.G. Romansin Corporation's Obninsk NPP Technologia, A.G. Romansin Corporation's ONPP Technologia, A.G. Romansin Corporation's Obninsk Scientific Manufacturing Enterprise, and A.G. Romansin Corporation's ORPE Technology)",オブニンスク学術生産企業（ORPE）,株式会社 A.G.ロマシン名称オブニンスク NPP テ フノロギヤ; 株式会社 A.G.ロマシン名称 ONPP テフノロギヤ; 株式会社  A.G.ロマシン名称オ ブニンスク学術生産企業; 株式会社 A.G.ロマシン名称 ORPEテクノロジー,"Obninsk Research and Production Enterprise (ORPE), a.k.a., the following four aliases: -AO Obninskoe NPP Tekhnologiya IM. A.G. Romashina;
-AO ONPP Tekhnologiya IM. A.G. Romashina;
-Joint Stock Company Obninsk Research and Production Enterprise Technologiya Named
After A.G. Romashin; and
-JSC ORPE Technology Named After A.G. Romashin.","所在地：15 Kievskoe Highway, Obninsk, Kaluga Oblast, 249031, Russia.",2022 年03 月01 日,2025 年01 月10 日,https://www.meti.go.jp/policy/external_economy/trade_control/02_export/17_russia/250912_list_russia_tokutei.pdf
Russia, 国際平和のための国際的な努力に我が国として寄与するために講ずる輸出等に係る禁止措置 の対象となるロシア連邦の団体（令和四年外務省告示第八十二号）,415 有限会社アディス,"415 Addis Co., Ltd.",,,OOO Adis,"所在地：48 Prospekt Makeeva, Miass, Chelyabinskaya Oblast, 456320, Russia.",2022 年03 月01 日,2025 年01 月10 日,https://www.meti.go.jp/policy/external_economy/trade_control/02_export/17_russia/250912_list_russia_tokutei.pdf
Russia, 国際平和のための国際的な努力に我が国として寄与するために講ずる輸出等に係る禁止措置 の対象となるロシア連邦の団体（令和四年外務省告示第八十二号）,416 公開株式会社ハバロフスク無線工学工場（別称、株式会社 KHRTZ 及び株式会社ハバロフスク 無線工学工場）,"416. Khabarovsk Radio Engineering Plant Co., Ltd. (also known as KHRTZ Co., Ltd. and Khabarovsk Radio Engineering Plant Co., Ltd.)",,,"Open Joint Stock Company Khabarovsk Radio Engineering Plant, a.k.a., the following five aliases:
-AO Khabarovskiy Radiotekhnicheskiy Zavod;
-AO KHRTZ
-JSC Khabarovsk Radio Engineering Plant;
-KHRTZ PAO; and
-OAO KHRTZ.","所在地：8 Kedrovy Lane, Building V, Khabarovsk, Khabarovsk Territory, 680041, Russia.",2022 年03 月01 日,2025 年01 月10 日,https://www.meti.go.jp/policy/external_economy/trade_control/02_export/17_russia/250912_list_russia_tokutei.pdf
Russia, 国際平和のための国際的な努力に我が国として寄与するために講ずる輸出等に係る禁止措置 の対象となるロシア連邦の団体（令和四年外務省告示第八十二号）,417 公開株式会社マリイスキー機械製造工場（別称、株式会社マリイスキー機械製造工場、株式 会社MMZ、株式会社マリ機械製造工場及び MARI MMZ）,"417. Publicly listed Mariisky Machinery Manufacturing Plant Co., Ltd. (also known as Mariisky Machinery Manufacturing Plant Co., Ltd., MMZ Co., Ltd., Mari Machinery Manufacturing Plant Co., Ltd., and MARI MMZ)",,,"Open Joint Stock Company Mariyskiy Machine-Building Plant, a.k.a., the following six aliases:
-AO Mariyskiy Mashinostroitelnyi Zavod;
-AO MMZ;
-JSC Mari Machine Building Plant;
-MARI MMZ;
-OAO Mariyskiy Mashinostroitelnyy Zavod; and
-OAO MMZ.","所在地：15 Suvorova Street, Yoshkar-Ola, Republic of Mari-El, 424003, Russia.",2022 年03 月01 日,2025 年01 月10 日,https://www.meti.go.jp/policy/external_economy/trade_control/02_export/17_russia/250912_list_russia_tokutei.pdf
Russia, 国際平和のための国際的な努力に我が国として寄与するために講ずる輸出等に係る禁止措置 の対象となるロシア連邦の団体（令和四年外務省告示第八十二号）,418 公開株式会社科学生産企業プリサル（別称、株式会社 NPP プリサル、株式会社 SPC プリサル 及びSPEプリサル）,"418 Publicly traded company, Scientific Production Enterprise PliSal (also known as NPP PliSal Co., Ltd., SPC PliSal Co., Ltd., and SPE PliSal)",,,"Open Joint Stock Company Scientific and Production Enterprise Pulsar, a.k.a., the following seven aliases:
-AO Nauchno-Proizvodstvennoe Predpriyatie Pulsar;
-AO NPP Pulsar;
-Enterprise SPE Pulsar JSC;
-JSC NPP Pulsar;
-JSC SPC Pulsar;
-OAO NPP Pulsar; and
-SPE Pulsar.","所在地：27 Okruzhnoy Drive, Moscow, 105187, Russia.",2022 年03 月01 日,2025 年01 月10 日,https://www.meti.go.jp/policy/external_economy/trade_control/02_export/17_russia/250912_list_russia_tokutei.pdf
Russia, 国際平和のための国際的な努力に我が国として寄与するために講ずる輸出等に係る禁止措置 の対象となるロシア連邦の団体（令和四年外務省告示第八十二号）,419 有限会社パピロン・システムズ,"419 Papillon Systems Co., Ltd.",,,"Papilon Systems Limited Liability Company, a.k.a., the following one alias: -OOO Sistemy Papilon.","所在地：48 Prospekt Makeeva, Miass, Chelyabinskaya Oblast, 456320, Russia.",2022 年03 月01 日,2025 年01 月10 日,https://www.meti.go.jp/policy/external_economy/trade_control/02_export/17_russia/250912_list_russia_tokutei.pdf
Russia, 国際平和のための国際的な努力に我が国として寄与するために講ずる輸出等に係る禁止措置 の対象となるロシア連邦の団体（令和四年外務省告示第八十二号）,420 公共株式会社メガフォン（別称、メガフォン）,420 Public Corporation Megaphone (also known as Megaphone),,,"Public Joint Stock Company Megafon, a.k.a., the following three aliases: -Megafon;
-PAO Megafon; and
-PJSC Megafon.","所在地：41 Oruzheiny Lane, Moscow, 127006, Russia.",2022 年03 月01 日,2025 年01 月10 日,https://www.meti.go.jp/policy/external_economy/trade_control/02_export/17_russia/250912_list_russia_tokutei.pdf
Russia, 国際平和のための国際的な努力に我が国として寄与するために講ずる輸出等に係る禁止措置 の対象となるロシア連邦の団体（令和四年外務省告示第八十二号）,421 公共株式会社ツタエフモーター工場（別称、公共株式会社 TMZ）,421 Public Corporation Tsutaef Motor Factory (also known as Public Corporation TMZ),,,"Public Joint Stock Company Tutaev Motor Plant, a.k.a., the following three aliases: -OAO Tutaevski Motorny Zavod;
-PAO TMZ; and-PAO Tutaevski Motorny Zavod.","所在地：1 Stroitelei Street, Tutayev, Yaroslavl Oblast, 152303, Russia.",2022 年03 月01 日,2025 年01 月10 日,https://www.meti.go.jp/policy/external_economy/trade_control/02_export/17_russia/250912_list_russia_tokutei.pdf
Russia, 国際平和のための国際的な努力に我が国として寄与するために講ずる輸出等に係る禁止措置 の対象となるロシア連邦の団体（令和四年外務省告示第八十二号）,422 公共株式会社ヴィムペル国際企業（別称、株式会社 MAC ヴィムペル、株式会社国際株式企業 ヴィムペル、ヴィムペル、ヴィムペル国際営利会社及び株式会社ヴィムペル MAK防衛企業）,"422. Public Corporation Wimpel International Enterprise (also known as MAC Wimpel Corporation, International Stock Company Wimpel Corporation, Wimpel, Wimpel International For-Profit Company, and Wimpel MAK Defense Corporation)",,,"Public Joint Stock Company Vympel Interstate Corporation, a.k.a., the following six aliases:
-JSC MAC Vympel;
-PAO MAK Vympel;
-PAO Mezhgosudarstvennaya Aktsionernaya Korporatsiya Vympel;
-Vimpel;
-Vympel Interstate Commercial Corporation; and
-Vympel MAK PAO Defense Corporation.","所在地：10 Geroyev Panfilovtsev Street, Building 1, Moscow, 125480, Russia.",2022 年03 月01 日,2025 年01 月10 日,https://www.meti.go.jp/policy/external_economy/trade_control/02_export/17_russia/250912_list_russia_tokutei.pdf
Russia, 国際平和のための国際的な努力に我が国として寄与するために講ずる輸出等に係る禁止措置 の対象となるロシア連邦の団体（令和四年外務省告示第八十二号）,423 有限会社RT インフォルム,"423 RT Inform Co., Ltd.",,,"RT-Inform Limited Liability Company, a.k.a., the following one alias: -OOO RT-Inform.","所在地：6 Turchaninov Lane, Building 2, Office 105, Moscow, 119048, Russia; and 23 Savvinskaya Embankment, Building 2, Office 613, Moscow, 119435, Russia.",2022 年03 月01 日,2025 年01 月10 日,https://www.meti.go.jp/policy/external_economy/trade_control/02_export/17_russia/250912_list_russia_tokutei.pdf
Russia, 国際平和のための国際的な努力に我が国として寄与するために講ずる輸出等に係る禁止措置 の対象となるロシア連邦の団体（令和四年外務省告示第八十二号）,424 スコルコヴォ基金（別称、新技術精緻化商業化センター開発基金、スコルコヴォ・ファンド 及び非商業組織新技術精緻化商業化センター開発基金）,"424 Skolkovo Fund (also known as the Fund for the Development of the Center for the Refinement and Commercialization of New Technologies, the Skolkovo Fund, and the Non-Commercial Fund for the Development of the Center for the Refinement and Commercialization of New Technologies)",,,"Skolkovo Foundation, a.k.a., the following four aliases: -Foundation for the Development of the Center for Elaboration and Commercialization
of New Technologies;
-Fond Skolkovo;
-Fund Skolkovo; and
-Nekommercheskaya Organizatsiya Fond Razvitiya Tsentra Razrabortki I
Kommertsializatsii Novykh Tekhnologii.","所在地：4 Lugovaya Street, Skolkovo Innovation Center, Moscow, 121205, Russia; and 5 Nobelya Street, Skolkovo Innovation Center, Moscow, 121205, Russia.",2022 年03 月01 日,2025 年01 月10 日,https://www.meti.go.jp/policy/external_economy/trade_control/02_export/17_russia/250912_list_russia_tokutei.pdf
Russia, 国際平和のための国際的な努力に我が国として寄与するために講ずる輸出等に係る禁止措置 の対象となるロシア連邦の団体（令和四年外務省告示第八十二号）,425 スコルコヴォ科学技術研究所（別称、自治非営利組織高等教育機関スコルコヴォ科学技術研 究所、スコルコフスキー科学技術研究所及びスコルテク）,"425 Skolkovo Institute of Science and Technology (also known as the Skolkovo Institute of Science and Technology, a self-governing non-profit higher education institution, the Skolkovsky Institute of Science and Technology, and Skoltek)",,,"Skolkovo Institute of Science and Technology, a.k.a., the following three aliases: -Autonomous Non-Profit Organization for Higher Education Skolkovo Institute of
Science and Technology;
-Skolkovskiy Institut Nauki I Tekhnologii; and
-Skoltech.","所在地：30 Bolshoi Boulevard, Skolkovo Innovation Center, Building 1, Moscow, 121205, Russia.",2022 年03 月01 日,2025 年01 月10 日,https://www.meti.go.jp/policy/external_economy/trade_control/02_export/17_russia/250912_list_russia_tokutei.pdf
Russia, 国際平和のための国際的な努力に我が国として寄与するために講ずる輸出等に係る禁止措置 の対象となるロシア連邦の団体（令和四年外務省告示第八十二号）,"426 V.P.チカロフ名称国立飛行実験センター（別称、929 GLITs、929国立飛行実験センター、929 GLITs VVS、929 V.P.チカロフ名称ロシア連邦国防省国立飛行試験センター及び V.P.チカロ
フ名称ロシア連邦国防省 GLITs）","426 V.P. Chkalov State Flight Experiment Center (also known as 929 GLITs, 929 State Flight Experiment Center, 929 GLITs VVS, 929 V.P. Chkalov State Flight Experiment Center of the Russian Federation Ministry of Defense, and V.P. Chkalov State GLITs of the Russian Federation Ministry of Defense)",,,"State Flight Testing Center Named After V.P. Chkalov, a.k.a., the following five aliases:
-929 GLITs;
-929 State Flight Test Center;
-929 GLITs VVS;
-929 Gosudarstvenniy Letno-Ispytatelniy Tsentr Ministerstvo Oboroni Rossiiskoi
Federatsii IM. V.P. Chkalova; and
-GLITs MO RF IM. V.P. Chkalova.","所在地：Akhtubinsk, Astrakhan Oblast, 416500, Russia; and Chkalovsky Airfield, Moscow Region, 141103, Russia.",2022 年03 月01 日,2025 年01 月10 日,https://www.meti.go.jp/policy/external_economy/trade_control/02_export/17_russia/250912_list_russia_tokutei.pdf
Russia, 国際平和のための国際的な努力に我が国として寄与するために講ずる輸出等に係る禁止措置 の対象となるロシア連邦の団体（令和四年外務省告示第八十二号）,427 有限会社アート・ロジスティクス（別称、有限会社アート・オブ・ロジスティクス）,"427 Art Logistics Co., Ltd. (also known as Art of Logistics Co., Ltd.)",,,"Art Logistics LLC, a.k.a., the following one alias: -Art of Logistics LLC.","所在地：Building 32, Kirovogradskaya Street, Moscow, 117519, Russia.",2022 年03 月01 日,2025 年01 月10 日,https://www.meti.go.jp/policy/external_economy/trade_control/02_export/17_russia/250912_list_russia_tokutei.pdf
Russia, 国際平和のための国際的な努力に我が国として寄与するために講ずる輸出等に係る禁止措置 の対象となるロシア連邦の団体（令和四年外務省告示第八十二号）,"428 有限会社デクシアス産業製造商社（別称、デクシアス、デクシアス・エンディル・ストリヴ ェル、デクシアス IPTLC、有限会社メインボックス及び有限会社オルンラー・ヴ・ティカレ
ト ）","428 Dexias Industrial Manufacturing Co., Ltd. (Also known as Dexias, Dexias Endil Strivel, Dexias IPTLC, Mainbox Co., Ltd., and Ornler V. Tikaret Co., Ltd.)",,,"Dexias Industrial Products and Trade Limited Company, a.k.a., the following five aliases: -Dexias;
-Dexias Endil strivel;
-Dexias IPTLC;
-Mainbox LLC; and
-Orunler ve Ticaret Limited Sirketi.","所在地：Apartment 261, Building 3, Ryabinovaya Street, 121471, Moscow, Russia.",2022 年03 月01 日,2025 年01 月10 日,https://www.meti.go.jp/policy/external_economy/trade_control/02_export/17_russia/250912_list_russia_tokutei.pdf
Russia, 国際平和のための国際的な努力に我が国として寄与するために講ずる輸出等に係る禁止措置 の対象となるロシア連邦の団体（令和四年外務省告示第八十二号）,429 ETCエレクトロニクス,429 ETC Electronics,,,ETC Electronics,"所在地：14 Dorogobuzhskaya, Building 40, Moscow, 121354, Russia.",2022 年03 月01 日,2025 年01 月10 日,https://www.meti.go.jp/policy/external_economy/trade_control/02_export/17_russia/250912_list_russia_tokutei.pdf
Russia, 国際平和のための国際的な努力に我が国として寄与するために講ずる輸出等に係る禁止措置 の対象となるロシア連邦の団体（令和四年外務省告示第八十二号）,430 有限会社GFK ロジスティクス,"430 GFK Logistics Co., Ltd.",,,"GFK Logistics LLC, a.k.a., the following one alias: -OOO Dzhiefkei Logistiks.","所在地：Building 32, Kirovogradskaya Street, Moscow, 117519, Russia.",2022 年03 月01 日,2025 年01 月10 日,https://www.meti.go.jp/policy/external_economy/trade_control/02_export/17_russia/250912_list_russia_tokutei.pdf
Russia, 国際平和のための国際的な努力に我が国として寄与するために講ずる輸出等に係る禁止措置 の対象となるロシア連邦の団体（令和四年外務省告示第八十二号）,431 有限会社ノヴァストリーム,"431 Nova Stream Co., Ltd.",,,"Novastream Limited, a.k.a., the following two aliases: -Novastream LTD; and
-Novastrim LLC.","所在地：Building 2A, Suites 50 and 51, Severnaya Street, Vladimir, 600007, Russia.",2022 年03 月01 日,2025 年01 月10 日,https://www.meti.go.jp/policy/external_economy/trade_control/02_export/17_russia/250912_list_russia_tokutei.pdf
Russia, 国際平和のための国際的な努力に我が国として寄与するために講ずる輸出等に係る禁止措置 の対象となるロシア連邦の団体（令和四年外務省告示第八十二号）,432 有限会社ヴェスト・オスト（別称、ウェスト・オスト）,"432 West Ost Co., Ltd. (also known as West Ost)",,,"OOO Vest-Ost, a.k.a., the following one alias: -West-Ost.","所在地：21 Gotvalda Street, K. 2, Porn. 17, Ekaterinburg, Sverdlovskaya Oblast, 620107, Russia.",2022 年03 月01 日,2025 年01 月10 日,https://www.meti.go.jp/policy/external_economy/trade_control/02_export/17_russia/250912_list_russia_tokutei.pdf
Russia, 国際平和のための国際的な努力に我が国として寄与するために講ずる輸出等に係る禁止措置 の対象となるロシア連邦の団体（令和四年外務省告示第八十二号）,433 プロメレクトロニカ（別称、閉鎖式株式会社プロメレクトロニカ）,"433 Promelectronica (also known as Promelectronica Corporation, a closed-off company)",,,"Promelektronika, a.k.a., the following two aliases: -Promelectronica; and
-ZAO Promelektronika.","所在地：70 Kolmogorova Street, Ekaterinburg, Sverdlovskaya Oblast, 620034, Russia.",2022 年03 月01 日,2025 年01 月10 日,https://www.meti.go.jp/policy/external_economy/trade_control/02_export/17_russia/250912_list_russia_tokutei.pdf
Russia, 国際平和のための国際的な努力に我が国として寄与するために講ずる輸出等に係る禁止措置 の対象となるロシア連邦の団体（令和四年外務省告示第八十二号）,434 有限会社SKS エレクトロン・ブローカー,"434 SKS Co., Ltd. Electron Broker",,,SKS Elektron Broker LLC,"所在地：Building 18, Block 2, Kosmonavtov Street, Moscow, 129301, Russia; and Office 316, 3rd Floor, Sheremetyevo-2 Business Center, Khimki, Moscow Oblast, 141400,
Russia; and Building 8, Domodedovo Airport Territory, Domodedovo District, Moscow
Oblast, 142015, Russia; and Office 301 Vnutriportovaya Street, Nakhodka, Primorsky
Region, 692941, Russia; and Office 701 Lenina Avenue 61A, Yaroslavl, 150054, Russia;
and Office 3.076, 3n1 Floor, Building 4, 37 Pulkovskoe Highway, St. Petersburg,
196210, Russia; and Office 117, Letter Zh, 5th Verkhniy Lane, Industrial Zone Pamas,
St. Petersburg, 194292, Russia; and Office 415, Business Center Osipoff, 16
Tsvetochnaya Street, St. Petersburg, 196084, Russia.",2022 年03 月01 日,2025 年01 月10 日,https://www.meti.go.jp/policy/external_economy/trade_control/02_export/17_russia/250912_list_russia_tokutei.pdf
Russia, 国際平和のための国際的な努力に我が国として寄与するために講ずる輸出等に係る禁止措置 の対象となるロシア連邦の団体（令和四年外務省告示第八十二号）,435 有限会社商社プロメレクトロニカ,"435 Promelectronica Trading Co., Ltd.",,,"TD Promelektronika LLC, a.k.a., the following one alias: -Trading House Promelektronika.","所在地：70 Kolmogorova Street, Office 209, Ekaterinburg, Sverdlovskaya Oblast, 620034, Russia; and 31 Novocherkasski Bulvar, Moscow, 109369, Russia.",2022 年03 月01 日,2025 年01 月10 日,https://www.meti.go.jp/policy/external_economy/trade_control/02_export/17_russia/250912_list_russia_tokutei.pdf
Russia, 国際平和のための国際的な努力に我が国として寄与するために講ずる輸出等に係る禁止措置 の対象となるロシア連邦の団体（令和四年外務省告示第八十二号）,436 トラスト・ロジスティクス（別称、有限会社ロギスチカ・ドヴェリヤ）,"436 Trust Logistics (also known as Logistics Dveriya Co., Ltd.)",,,"Trust Logistics, a.k.a., the following one alias: -OOO Logistika Doveriya.","所在地：Office 321, 3n1 Floor, Property 5, Territory of Sheremetyevo Airport, Khimki, Moscow Oblast, 141402, Russia; and 27 Engelsa street, floor 2, Khimki, Moscow Oblast, 141402, Russia.",2022 年03 月01 日,2025 年01 月10 日,https://www.meti.go.jp/policy/external_economy/trade_control/02_export/17_russia/250912_list_russia_tokutei.pdf
Russia, 国際平和のための国際的な努力に我が国として寄与するために講ずる輸出等に係る禁止措置 の対象となるロシア連邦の団体（令和四年外務省告示第八十二号）,437 有限会社トラスト・ロジスティクス・グループ,"437 Trust Logistics Group Co., Ltd.",,,"Trust Logistics Group LLC, a.k.a., the following one alias: -OOO Trast Lodzhistiks Grupp.","所在地：Room 40, Suite I, Building 92, Yurovskaya Street, Moscow, 125466, Russia; and 32kl Baryshikha Street, Moscow, 125368, Russia; and Office 321, 3rd Floor,
Property 5, Territory of Sheremetyevo Airport, Khimki, Moscow Oblast, 141402, Russia;
and 23 Yelizarova Street, Samara, 443051, Russia; and 92 Yurovskaya Street, Moscow,
125466, Russia.",2022 年03 月01 日,2025 年01 月10 日,https://www.meti.go.jp/policy/external_economy/trade_control/02_export/17_russia/250912_list_russia_tokutei.pdf
Russia, 国際平和のための国際的な努力に我が国として寄与するために講ずる輸出等に係る禁止措置 の対象となるロシア連邦の団体（令和四年外務省告示第八十二号）,438 株式会社ウラル民生航空工場（別称、株式会社 UZGA、ウラル民生航空工場及び UWCA）,"438 Ural Civil Aviation Factory Co., Ltd. (also known as UZGA Co., Ltd., Ural Civil Aviation Factory Co., Ltd., and UWCA)",,,"Joint Stock Company Ural Works of Civil Aviation, a.k.a., and the following five aliases:
—AO Uralskiy Zavod Grazhdanskoi Aviatsii;
—AO UZGA;
—Ural Civil Aviation Plant;
—JSC Ural Works of Civil Aviation; and
—UWCA.","所在地：2G Bakhchivandzhi Street, Yekaterinburg, Sverdlovsk Oblast, 620025, Russia; 262M Belinskogo Street, Yekaterinburg, Sverdlovsk Oblast, 620089, Russia.",2022 年03 月01 日,2025 年01 月10 日,https://www.meti.go.jp/policy/external_economy/trade_control/02_export/17_russia/250912_list_russia_tokutei.pdf
Russia, 国際平和のための国際的な努力に我が国として寄与するために講ずる輸出等に係る禁止措置 の対象となるロシア連邦の団体（令和四年外務省告示第八十二号）,439 株式会社ブリャンスク自動車工場（別称、株式会社 BAZ及びブリャンスク自動車工場）,"439 Bryansk Automobile Plant Co., Ltd. (also known as BAZ Co., Ltd. and Bryansk Automobile Plant Co., Ltd.)",,,"Joint Stock Company Bryansk Automobile Plant, a.k.a., the following four aliases: —AO BAZ;
—AO Bryanski Avtomobilny Zavod;
—Bryansk Automobile Factory; and
—JSC Bryansk Automobile Plant.","所在地：1 Staleliteynaya Street, Bryansk, Bryansk Oblast, 241035, Russia.",2022 年03 月01 日,2025 年01 月10 日,https://www.meti.go.jp/policy/external_economy/trade_control/02_export/17_russia/250912_list_russia_tokutei.pdf
Russia, 国際平和のための国際的な努力に我が国として寄与するために講ずる輸出等に係る禁止措置 の対象となるロシア連邦の団体（令和四年外務省告示第八十二号）,440 株式会社ブレヴェストニク中央研究所（別称、株式会社 TsNII ブレヴェストニク、ブレヴェ ストニク、ブレヴェストニク中央科学研究所及び株式会社 CRIブレヴェストニク）,"440 Brevestnik Central Research Institute Co., Ltd. (also known as TsNII Brevestnik Co., Ltd., Brevestnik, Brevestnik Central Research Institute, and CRI Brevestnik Co., Ltd.)",,,"Joint Stock Company Central Research Institute Burevestnik, a.k.a., the following five aliases:
—AO Tsentralny Nauchno-Issledovatelski Institut Burevestnik;
—AO TsNII Burevestnik;
—Burevestnik;
—Central Scientific Research Institute Burevestnik; and
—JSC CRI Burevestnik.","所在地：1a Sormovskoe Highway, Nizhny Novgorod, Nizhny Novgorod Oblast, 603950, Russia.",2022 年03 月01 日,2025 年01 月10 日,https://www.meti.go.jp/policy/external_economy/trade_control/02_export/17_russia/250912_list_russia_tokutei.pdf
Russia, 国際平和のための国際的な努力に我が国として寄与するために講ずる輸出等に係る禁止措置 の対象となるロシア連邦の団体（令和四年外務省告示第八十二号）,441 株式会社エニクス（別称、エニクス、エニクス研究センター、生産共同研究センターエニクス、生産共同学術研究センターエニクス及び学術研究センターエニクス）,"441. Enix Corporation (also known as Enix, Enix Research Center, Enix Production Collaborative Research Center, Enix Production Collaborative Academic Research Center, and Enix Academic Research Center)",,,"Joint Stock Company ENICS, a.k.a., the following seven aliases: —AO ENIKS;
—ENICS;
—ENICS Research Centre;
—JSC ENICS;
—Production Cooperative Research Center ENIKS;
—Proizvodstvenny Kooperativ Nauchno-Issledovatelski Tsentr Eniks; and
—Scientific Research Center ENIKS.","所在地：120 Korolenko Street, Kazan, Republic of Tatarstan, 420094, Russia.",2022 年03 月01 日,2025 年01 月10 日,https://www.meti.go.jp/policy/external_economy/trade_control/02_export/17_russia/250912_list_russia_tokutei.pdf
Russia, 国際平和のための国際的な努力に我が国として寄与するために講ずる輸出等に係る禁止措置 の対象となるロシア連邦の団体（令和四年外務省告示第八十二号）,442 非公開株式会社特別設計局（別称、非公開株式会社 SKB）,442. Privately held Special Design Bureau (also known as Privately held SKB Corporation),,,"Closed Joint Stock Company Special Design Bureau, a.k.a., the following three aliases:
—CJSC Special Design Bureau;
—ZAO SKB; and
—ZAO Spetsialnoe Konstruktorskoe Byuro.","所在地：35 1905 Goda Street, Building 2404, Office 318, Perm, Perm Territory, 614014, Russia.",2022 年03 月01 日,2025 年01 月10 日,https://www.meti.go.jp/policy/external_economy/trade_control/02_export/17_russia/250912_list_russia_tokutei.pdf
Russia, 国際平和のための国際的な努力に我が国として寄与するために講ずる輸出等に係る禁止措置 の対象となるロシア連邦の団体（令和四年外務省告示第八十二号）,443 連邦国家企業カザン国立火薬工場（別称、FKP カザン国立火薬工場、FKP KGKPZ、カザン火薬 工場及びFSE カザン国立火薬工場）,"443 Federal State Enterprise Kazan National Explosives Plant (also known as FKP Kazan National Explosives Plant, FKP KGKPZ, Kazan Explosives Plant, and FSE Kazan National Explosives Plant)",,,"Federal State Enterprise Kazan State Gunpowder Plant, a.k.a., the following six aliases:
—Federalnoe Kazennoe Predpriyatie Kazanski Gosudarstvenny Kazenny Porokhovoi Zavod;
—FKP Kazanski Gosudarstvenny Kazenny Porokhovoi Zavod;
—FKP KGKPZ;
—Kazan Gunpowder Plant;
—FSE Kazan State Powder Plant; and
—Kazan Powder Plant.","所在地：14 Pervogo Maya Street, Kazan, Republic of Tatarstan, 420032, Russia.",2022 年03 月01 日,2025 年01 月10 日,https://www.meti.go.jp/policy/external_economy/trade_control/02_export/17_russia/250912_list_russia_tokutei.pdf
Russia, 国際平和のための国際的な努力に我が国として寄与するために講ずる輸出等に係る禁止措置 の対象となるロシア連邦の団体（令和四年外務省告示第八十二号）,"444 連邦国家単一企業化学機械中央学術研究所（別称、CNIIHM、FGUP CNIIXM、FGUP TsNIIKHM、FSUE CNIIHM、FSUE TsNIIKHM、GNTS RF FGUP TsNIIKHM、ロシア連邦国家研究センターFGUP 化
学機械中央学術研究所、FGUP化学機械中央学術研究所及び TsNIIKHM）","444 Central Scientific Research Institute of Chemical Machinery, Federal State Unitary Enterprise (also known as CNIIHM, FGUP CNIIXM, FGUP TsNIIKHM, FSUE CNIIHM, FSUE TsNIIKHM, GNTS RF FGUP TsNIIKHM, FGUP Central Scientific Research Institute of Chemical Machinery, FGUP Central Scientific Research Institute of Chemical Machinery, and TsNIIKHM)",,,"Federal State Unitary Enterprise Central Scientific Research Institute of Chemistry and Mechanics, a.k.a., the following ten aliases:
—CNIIHM;
— Federalnoe Gosudarstvennoe Unitarnoe Predpriyatie Tsentralny Nauchno-
Issledovatelski Institut Khimii i Mekhaniki;
—FGUP CNIIXM;
—FGUP TsNIIKHM;—FSUE CNIIHM;
—FSUE TsNIIKHM;
—GNTS RF FGUP TsNIIKHM;
—State Research Center of the Russian Federation FGUP Central Scientific Research
Institute of Chemistry and Mechanics;
—Tsentralny Nauchno-Issledovatelsky Institut Khimii i Mekhaniki, FGUP; and
—TsNIIKHM.","所在地：16A, Nagatinskaya Street, Moscow, 115487, Russia.",2022 年03 月01 日,2025 年01 月10 日,https://www.meti.go.jp/policy/external_economy/trade_control/02_export/17_russia/250912_list_russia_tokutei.pdf
Russia, 国際平和のための国際的な努力に我が国として寄与するために講ずる輸出等に係る禁止措置 の対象となるロシア連邦の団体（令和四年外務省告示第八十二号）,"445 連邦国家単一企業ロストフ・ナ・ドヌー無線通信研究所（別称、FGUP RNIIRS、FGUP ロスト フ・ナ・ドヌー無線通信学術研究所、FSUEロストフ・ナ・ドヌー無線通信学術研究所、ナン
セナFGUP RNIIRS及び RNIIRS）","445 Federal State Unit Enterprise Rostov-on-Don Radio Research Institute (also known as FGUP RNIIRS, FGUP Rostov-on-Don Radio Research Institute, FSUE Rostov-on-Don Radio Research Institute, Nansena FGUP RNIIRS and RNIIRS)",,,"Federal State Unitary Enterprise Rostov-On-Don Research Institute of Radio Communications, a.k.a., the following five aliases:
—FGUP RNIIRS;
—FGUP Rostovski-Na-Donu Nauchno-Issledovatelski Institut Radiosvyazi;
—FSUE Rostov-On-Don Scientific Research Institute of Radio Communications;
—Nansena FGUP RNIIRS; and
—RNIIRS.","所在地：130 Nansena Street, Rostov-on-Don, Rostov Oblast, 344038, Russia.",2022 年03 月01 日,2025 年01 月10 日,https://www.meti.go.jp/policy/external_economy/trade_control/02_export/17_russia/250912_list_russia_tokutei.pdf
Russia, 国際平和のための国際的な努力に我が国として寄与するために講ずる輸出等に係る禁止措置 の対象となるロシア連邦の団体（令和四年外務省告示第八十二号）,446 有限会社インフォームテスト社（別称、有限会社インフォルムテスト社、インフォームテス ト社、インフォルムテスト社及びインフォームテスト・ホールディング）,"446 Inform Test Co., Ltd. (also known as Inform Test Co., Ltd., Inform Test Co., Ltd., Inform Test Co., Ltd., and Inform Test Holdings)",,,"Informtest Firm Limited Liability Company, a.k.a., the following seven aliases: —OOO Firma Informtest;
—Firm Informtest;
—Firma Informtest;
—Holding Informtest;
—Informtest Firm LLC;
—InformTest Holdings; and
—InformTest Ltd.","所在地：4 Savelkinsky Way, Zelenograd, Moscow, 124482, Russia; 4 Savelkinsky Passage, 6th Floor, Premises XIV, Room 8, Zelenograd, Moscow, 124482,
Russia; and Passage 4806, Building 6, Room 70, Zelenograd, Moscow, 124460, Russia.",2022 年03 月01 日,2025 年01 月10 日,https://www.meti.go.jp/policy/external_economy/trade_control/02_export/17_russia/250912_list_russia_tokutei.pdf
Russia, 国際平和のための国際的な努力に我が国として寄与するために講ずる輸出等に係る禁止措置 の対象となるロシア連邦の団体（令和四年外務省告示第八十二号）,447 株式会社第 150 航空機修理工場（別称、150 ARZ、150 ARP及び株式会社 150 ARZ）,"447. 150th Aircraft Repair Factory Co., Ltd. (also known as 150 ARZ, 150 ARP, and 150 ARZ Co., Ltd.)",,,"Joint Stock Company 150 Aircraft Repair Plant, a.k.a., the following four aliases: —150 ARZ;
—150 ARP;
—AO 150 Aviatsionny Remontny Zavod; and —AO 150 ARZ.","所在地：4 Garnizonnaya Street, Lyublino, Svetly, Kaliningrad Oblast, 238347, Russia.",2022 年03 月01 日,2025 年01 月10 日,https://www.meti.go.jp/policy/external_economy/trade_control/02_export/17_russia/250912_list_russia_tokutei.pdf
Russia, 国際平和のための国際的な努力に我が国として寄与するために講ずる輸出等に係る禁止措置 の対象となるロシア連邦の団体（令和四年外務省告示第八十二号）,448 株式会社第810航空機修理工場（別称、810 ARZ、810 ARP及び株式会社 810 ARZ）,"448. 810th Aircraft Repair Plant Co., Ltd. (also known as 810 ARZ, 810 ARP, and 810 ARZ Co., Ltd.)",,,"Joint Stock Company 810 Aircraft Repair Plant, a.k.a., the following four aliases: —810 ARZ;
—810 ARP;
—AO 810 Aviatsionny Remontny Zavod; and
—JSC 810 ARZ.","所在地：1 Vertoletnaya Street, Chita, Transbaikal Territory, 672003, Russia.",2022 年03 月01 日,2025 年01 月10 日,https://www.meti.go.jp/policy/external_economy/trade_control/02_export/17_russia/250912_list_russia_tokutei.pdf
Russia, 国際平和のための国際的な努力に我が国として寄与するために講ずる輸出等に係る禁止措置 の対象となるロシア連邦の団体（令和四年外務省告示第八十二号）,"449 株式会社P.I.プランディン名称アルザマス機器製造工場（別称、株式会社プランディン名称 アルザマス機器製造工場、株式会社 APZ、アルザマス機器製造工場及び株式会社アルザマス
機器工場）","449 P.I. Plandine Co., Ltd. (Also known as Plandine Co., Ltd., Alzamas Machinery Manufacturing Plant, APZ Co., Ltd., Alzamas Machinery Manufacturing Plant, and Alzamas Co., Ltd.
Machinery Plant)",,,"Joint Stock Company Arzamas Instrument-Making Plant named after P.I. Plandin, a.k.a., the following six aliases:
—AO Arzamassky Priborostroitelny Zavod Imeni Plandina;
—AO APZ;
—Arzamas Instrument-Building Plant;
—JSC Arzamas Instrument Plant;
—JSC Arzamassky Priborostroitelny Zavod Imeni Plandina; and
—JSC Arzamassky Priborostroitelny Factory Named After P.I. Plandin.","所在地：8A 50 Let VLKSM Street, Arzamas, Nizhny Novgorod Oblast, 607220, Russia.",2022 年03 月01 日,2025 年01 月10 日,https://www.meti.go.jp/policy/external_economy/trade_control/02_export/17_russia/250912_list_russia_tokutei.pdf
Russia, 国際平和のための国際的な努力に我が国として寄与するために講ずる輸出等に係る禁止措置 の対象となるロシア連邦の団体（令和四年外務省告示第八十二号）,"450 株式会社コンツェルン中央科学研究所エレクトロプリボール（別称、株式会社コンツェルン TsNIIエレクトロプリボール、CNIIエレクトロプリボール、株式会社コンツェルン CSRI エレ
クトロプリボール、エレクトロプリボール SBP、株式会社中央研究所コンツェルン・エレクト
ロプリボール及び株式会社 SOPSERP CSRIエレクトロプリボール）","450 Konzern Central Research Institute Electropriball Co., Ltd. (also known as Konzern TsNII Electropriball Co., Ltd., CNII Electropriball Co., Ltd., Konzern CSRI Electropriball Co., Ltd., Electropriball SBP, Konzern Central Research Institute Electropriball Co., Ltd., and SOPSERP CSRI Electropriball Co., Ltd.)",,,"Joint Stock Company Concern Central Institute for Scientific Research Elektropribor, a.k.a., the following seven aliases:
—AO Kontsern Tsentralny Nauchno-Issledovatelski Institute Elektropribor;
—AO Kontsern TsNII Elektropribor;
—CNII Elektropribor;
—Concern CSRI Elektropribor JSC;
—Elektropribor SBP;
—JSC Central Research Institute Concern Elektropribor; and
—SOPSERP CSRI Elektropribor JSC.","所在地：30 Malaya Posadskaya Street, Saint Petersburg, 197046, Russia.",2022 年03 月01 日,2025 年01 月10 日,https://www.meti.go.jp/policy/external_economy/trade_control/02_export/17_russia/250912_list_russia_tokutei.pdf
Russia, 国際平和のための国際的な努力に我が国として寄与するために講ずる輸出等に係る禁止措置 の対象となるロシア連邦の団体（令和四年外務省告示第八十二号）,451 株式会社ドゥクス,"451 Dux Co., Ltd.",,,"Joint Stock Company Dux, a.k.a., the following two aliases: —AO DUKS; and—Dux, JSC.","所在地：8 Pravdy Street, Moscow, 125040, Russia.",2022 年03 月01 日,2025 年01 月10 日,https://www.meti.go.jp/policy/external_economy/trade_control/02_export/17_russia/250912_list_russia_tokutei.pdf
Russia, 国際平和のための国際的な努力に我が国として寄与するために講ずる輸出等に係る禁止措置 の対象となるロシア連邦の団体（令和四年外務省告示第八十二号）,452 株式会社東方造船所（別称、株式会社ヴォストーチナヤ・ヴェルフ、株式会社 V-VERF、株式 会社イースタン・ワーフ、株式会社ウラジオストク造船所及びウラジオストク造船所）,"452. Eastern Shipyard Co., Ltd. (also known as Vostochnaya Verf Co., Ltd., V-VERF Co., Ltd., Eastern Wharf Co., Ltd., Vladivostok Shipyard Co., Ltd., and Vladivostok Shipyard Co., Ltd.)",,,"Joint Stock Company Eastern Shipyard, a.k.a., the following five aliases: —AO Vostochnaya Verf;
—AO V–VERF;
—JSC Eastern Wharf;
—JSC Vladivostok Shipyard; and
—Vladivostok Shipbuilding Plant.","所在地：1 Geroyev Tikhookeantsev Street, Vladivostok, Primorsky Territory, 690017, Russia.",2022 年03 月01 日,2025 年01 月10 日,https://www.meti.go.jp/policy/external_economy/trade_control/02_export/17_russia/250912_list_russia_tokutei.pdf
Russia, 国際平和のための国際的な努力に我が国として寄与するために講ずる輸出等に係る禁止措置 の対象となるロシア連邦の団体（令和四年外務省告示第八十二号）,"453 株式会社M.F. レシェトネフ名称情報衛星システム（別称、株式会社 ISS、株式会社M.F. レ シェトネフ名称ISS、株式会社 M.F. レシェトネフ情報衛星システム、株式会社 ISSレシェト
ネフ、ISSレシェトネフ、ISSレシェトネフ社及びレシェトネフ社）","453 M.F. Reshetnev Information Satellite System Corporation (also known as ISS Corporation, M.F. Reshetnev Corporation, M.F. Reshetnev Information Satellite System Corporation, ISS Reshetnev Corporation, ISS Reshetnev, ISS Reshetnev Company, and Reshetnev Company)",,,"Joint Stock Company Information Satellite Systems Named After Academician M.F. Reshetnev, a.k.a., the following eight aliases:
—AO Informatsionnye Sputnikovye Systemy imeni Akademika M.F. Reshetnyova;
—AO ISS;
—AO ISS im. M.F. Reshetnyova;
—JSC Academician M.F. Reshetnev Information Satellite Systems;
—JSC ISS Reshetnev;
—ISS Reshetnev;
—ISS-Reshetnev Company; and
—Reshetnev Company.","所在地：52 Lenina Street, Zheleznogorsk, Krasnoyarsk Territory, 662972, Russia.",2022 年03 月01 日,2025 年01 月10 日,https://www.meti.go.jp/policy/external_economy/trade_control/02_export/17_russia/250912_list_russia_tokutei.pdf
Russia, 国際平和のための国際的な努力に我が国として寄与するために講ずる輸出等に係る禁止措置 の対象となるロシア連邦の団体（令和四年外務省告示第八十二号）,454 株式会社イジェフスク電気機械工場クポル（別称、株式会社 IEMZ クポル及びIEMZクポル）,"454 Izhevsk Electromechanical Plant Kupol Co., Ltd. (also known as IEMZ Kupol Co., Ltd. and IEMZ Kupol)",,,"Joint Stock Company Izhevsk Electromechanical Plant Kupol, a.k.a., the following four aliases:
—AO IEMZ Kupol;
—AO Izhevskiy Elektromekhanicheskiy Zavod Kupol;
—IEMZ Kupol; and
—JSC Izhevsk Electromechanical Plant Kupol.","所在地：3 Pesochnaya Street, Izhevsk, Udmurt Republic, 426033, Russia.",2022 年03 月01 日,2025 年01 月10 日,https://www.meti.go.jp/policy/external_economy/trade_control/02_export/17_russia/250912_list_russia_tokutei.pdf
Russia, 国際平和のための国際的な努力に我が国として寄与するために講ずる輸出等に係る禁止措置 の対象となるロシア連邦の団体（令和四年外務省告示第八十二号）,455 株式会社カザン光学機械工場（別称、株式会社 KOMZ、KOMZ及びKOMZ RT）,"455 Kazan Optical Machinery Factory Co., Ltd. (also known as KOMZ Co., Ltd., KOMZ, and KOMZ RT)",,,"Joint Stock Company Kazan Optical-Mechanical Plant, a.k.a., the following five aliases:
—AO Kazanski Optiko-Mekhanicheski Zavod;—AO KOMZ;
—JSC Kazan Optical-Mechanical Factory;
—KOMZ; and
—KOMZ RT.","所在地：37 Lipatova Street, Kazan, Republic of Tatarstan, 420075, Russia.",2022 年03 月01 日,2025 年01 月10 日,https://www.meti.go.jp/policy/external_economy/trade_control/02_export/17_russia/250912_list_russia_tokutei.pdf
Russia, 国際平和のための国際的な努力に我が国として寄与するために講ずる輸出等に係る禁止措置 の対象となるロシア連邦の団体（令和四年外務省告示第八十二号）,456 株式会社ハバロフスク造船所（別称、株式会社 KHSZ、株式会社HSZ及びハバロフスク造船所）,"456 Khabarovsk Shipyard Co., Ltd. (also known as KHSZ Co., Ltd., HSZ Co., Ltd., and Khabarovsk Shipyard Co., Ltd.)",,,"Joint Stock Company Khabarovsk Shipbuilding Yard, a.k.a., the following ten aliases: —AO Khabarovsky Sudostroitelny Zavod;
—AO KHSZ;
—AO HSZ;
—JSC Khabarovsk Shipbuilding Plant;
—JSC Khabarovskiy Shipyard;
—JSC Khabarovsky Sudostroitelny Zavod;
—JSC Khabarovsk Shipyard;
—JSC KHSZ;
—Khabarovsky Shipbuilding Plant; and
—Khabarovsk Shipbuilding Plant.","所在地：1 Suvorova Street, Khabarovsk, Khabarovsk Territory, 680003, Russia.",2022 年03 月01 日,2025 年01 月10 日,https://www.meti.go.jp/policy/external_economy/trade_control/02_export/17_russia/250912_list_russia_tokutei.pdf
Russia, 国際平和のための国際的な努力に我が国として寄与するために講ずる輸出等に係る禁止措置 の対象となるロシア連邦の団体（令和四年外務省告示第八十二号）,457 株式会社機械製造会社ヴィチャズ（別称、株式会社 MKヴィチャズ、MKヴィチャズ、MBCヴィ チャズ、UVZ ヴィチャズ及びヴィチャズ）,"457. Vitchaz Co., Ltd. (also known as MK Vitchaz Co., Ltd., MK Vitchaz, MBC Vitchaz, UVZ Vitchaz, and Vitchaz)",,,"Joint Stock Company Machine Building Company Vityaz, a.k.a., the following seven aliases:
—AO Mashinostroitelnaya Kompaniya Vityaz;
—AO MK Vityaz;
—JSC Machine Building Company Vityaz;
—MK Vityaz;
—MBC Vityaz;
—UVZ Vityaz; and
—Vityaz.","所在地：2 Industrialnoye Highway, Ishimbay, Republic of Bashkortostan, 453203, Russia.",2022 年03 月01 日,2025 年01 月10 日,https://www.meti.go.jp/policy/external_economy/trade_control/02_export/17_russia/250912_list_russia_tokutei.pdf
Russia, 国際平和のための国際的な努力に我が国として寄与するために講ずる輸出等に係る禁止措置 の対象となるロシア連邦の団体（令和四年外務省告示第八十二号）,458 株式会社管理会社ラジオスタンダード（別称、株式会社 UKラジオスタンダート、株式会社 MC ラジオスタンダート及びラジオスタンダード）,"458 Radio Standard Co., Ltd. (also known as UK Radio Standard Co., Ltd., MC Radio Standard Co., Ltd., and Radio Standard Co., Ltd.)",,,"Joint Stock Company Management Company Radiostandard, a.k.a., the following four aliases:
—AO Upravlyayushchaya Kompaniya Radiostandart;
—AO UK Radiostandart;
—JSC MC Radiostandart; and —Radio Standard.","所在地：Kirovsky Plant, 29–N Marshal Govorov Street, Saint Petersburg, 198097, Russia.",2022 年03 月01 日,2025 年01 月10 日,https://www.meti.go.jp/policy/external_economy/trade_control/02_export/17_russia/250912_list_russia_tokutei.pdf
Russia, 国際平和のための国際的な努力に我が国として寄与するために講ずる輸出等に係る禁止措置 の対象となるロシア連邦の団体（令和四年外務省告示第八十二号）,459 株式会社海洋機器エンジニアリング社（別称、株式会社 KMP及び株式会社海洋機器社）,"459 Marine Equipment Engineering Co., Ltd. (also known as KMP Co., Ltd. and Marine Equipment Co., Ltd.)",,,"Joint Stock Company Marine Instrument Engineering Corporation, a.k.a., the following four aliases:
—AO Korporatsiya Morskogo Priobostroeniya;
—AO KMP;
—JSC KMP; and
—JSC Marine Instrumentation Corporation.","所在地：30 Malaya Posadskaya Street, Saint Petersburg, 197046, Russia; and 4 Shvernika Street, Building 4, Moscow, 117292, Russia.",2022 年03 月01 日,2025 年01 月10 日,https://www.meti.go.jp/policy/external_economy/trade_control/02_export/17_russia/250912_list_russia_tokutei.pdf
Russia, 国際平和のための国際的な努力に我が国として寄与するために講ずる輸出等に係る禁止措置 の対象となるロシア連邦の団体（令和四年外務省告示第八十二号）,460 株式会社 NII ギドロスヴャジ・シュティル（別称、株式会社 NII シュティル及び学術研究所 ギドロスヴャジ「シュティル」）,"460 NII Gidrosvyad Shtil Corporation (also known as NII Shtil Corporation and Gidrosvyad ""Shtil"" Academic Research Institute)",,,"Joint Stock Company NII Gidrosvyazi Shtil, a.k.a, the following two aliases: —JSC NII Shtil; and
—Nauchno-Issledovatelski Institut Gidrosvyazi “Shtil”","所在地：17a, Angarskaya Street, Volgograd, Volgogradskaya Oblast, 400081, Russia.",2022 年03 月01 日,2025 年01 月10 日,https://www.meti.go.jp/policy/external_economy/trade_control/02_export/17_russia/250912_list_russia_tokutei.pdf
Russia, 国際平和のための国際的な努力に我が国として寄与するために講ずる輸出等に係る禁止措置 の対象となるロシア連邦の団体（令和四年外務省告示第八十二号）,461 株式会社ニジニ・ノヴゴロド戦勝 70 周年記念工場（別称、株式会社 NZ 戦勝 70 周年、NZSLP 及び戦勝70 周年記念工場）,"461 Nizhny Novgorod Victory 70th Anniversary Factory Co., Ltd. (also known as NZ Victory 70th Anniversary Co., Ltd., NZSLP, and Victory 70th Anniversary Factory)",,,"Joint Stock Company Nizhny Novgorod Plant of the 70th Anniversary of Victory, a.k.a., the following four aliases:
—AO Nizhegorodskiy Zavod 70-Letiya Pobedy;
—AO NZ 70-Letiya Pobedy;
—NZSLP; and
—Zavod 70-Letiya Pobedy.","所在地：21 Sormovskoe Highway, Nizhny Novgorod, Nizhny Novgorod Oblast, 603052, Russia.",2022 年03 月01 日,2025 年01 月10 日,https://www.meti.go.jp/policy/external_economy/trade_control/02_export/17_russia/250912_list_russia_tokutei.pdf
Russia, 国際平和のための国際的な努力に我が国として寄与するために講ずる輸出等に係る禁止措置 の対象となるロシア連邦の団体（令和四年外務省告示第八十二号）,462 株式会社北方生産団体北極（別称、株式会社 SPO北極、生産団体北極及び SPO北極）,"462. Northern Production Organization Arctic Co., Ltd. (also known as SPO Arctic Co., Ltd., Production Organization Arctic, and SPO Arctic)",,,"Joint Stock Company Northern Production Association Arktika, a.k.a., the following six aliases:
—AO Severnoye Proizvodstvennoye Obedineniye Arktika;
—AO SPO Arktika;
—JSC Northern Production Association Arktika;
—JSC SPO Arktika;
—Production Association Arktika; and
—SPO Arktika.","所在地：34 Arkhangelskoye Highway, Severodvinsk, Arkhangelsk Oblast, 164500, Russia.",2022 年03 月01 日,2025 年01 月10 日,https://www.meti.go.jp/policy/external_economy/trade_control/02_export/17_russia/250912_list_russia_tokutei.pdf
Russia, 国際平和のための国際的な努力に我が国として寄与するために講ずる輸出等に係る禁止措置 の対象となるロシア連邦の団体（令和四年外務省告示第八十二号）,463 株式会社ペルミ機械製造工場（別称、株式会社 PZ マシュ及び株式会社 PP マシュ）,"463 Perm Machinery Manufacturing Co., Ltd. (also known as PZ Mashu Co., Ltd. and PP Mashu Co., Ltd.)",,,"Joint Stock Company Perm Machine Building Plant, a.k.a., the following six aliases: —AO Permskiy Zavod Mashinostroitel;
—AO PZ Mash;
—JSC Perm Plant Mashinostroitel;
—JSC Permskiy Zavod Mashinostroitel;
—JSC PP Mash; and
—Mashinostroitel Perm Factory JSC.","所在地：57 Novozvyaginskaya Street, Perm, Perm Territory, 614014, Russia.",2022 年03 月01 日,2025 年01 月10 日,https://www.meti.go.jp/policy/external_economy/trade_control/02_export/17_russia/250912_list_russia_tokutei.pdf
Russia, 国際平和のための国際的な努力に我が国として寄与するために講ずる輸出等に係る禁止措置 の対象となるロシア連邦の団体（令和四年外務省告示第八十二号）,464 株式会社生産複合体アフトゥバ（別称、株式会社 PK アフトゥバ及び公開株式会社 PK アフト ゥバ）,"464 Production Complex Aftuba Co., Ltd. (also known as PK Aftuba Co., Ltd. and Public Company Limited PK Aftuba)",,,"Joint Stock Company Production Complex Akhtuba, a.k.a., the following two aliases: —JSC PK Akhtuba; and
—OAO PK Akhtuba.","所在地：17 Angarskaya Street, Volgograd, Volgogradskaya Oblast, 400081, Russia.",2022 年03 月01 日,2025 年01 月10 日,https://www.meti.go.jp/policy/external_economy/trade_control/02_export/17_russia/250912_list_russia_tokutei.pdf
Russia, 国際平和のための国際的な努力に我が国として寄与するために講ずる輸出等に係る禁止措置 の対象となるロシア連邦の団体（令和四年外務省告示第八十二号）,465 株式会社プロジェクト設計局 RIO（別称、株式会社 PKB RIO、PKB RIO 及びRIO設計局）,"465 Project Design Bureau RIO Co., Ltd. (Also known as PKB RIO Co., Ltd., PKB RIO, and RIO Design Bureau)",,,"Joint Stock Company Project Design Bureau RIO, a.k.a., the following four aliases: —AO PKB RIO;
—JSC PKB RIO;
—PKB RIO; and
—RIO Design Bureau.","所在地：19 Uralskaya Street, Building 9, Letter Zh, Saint Petersburg, 199155, Russia.",2022 年03 月01 日,2025 年01 月10 日,https://www.meti.go.jp/policy/external_economy/trade_control/02_export/17_russia/250912_list_russia_tokutei.pdf
Russia, 国際平和のための国際的な努力に我が国として寄与するために講ずる輸出等に係る禁止措置 の対象となるロシア連邦の団体（令和四年外務省告示第八十二号）,466 株式会社学術生産団体オリオン（別称、株式会社 SPA オリオン、学術生産公団オリオン、オ リオン研究生産団体及び SPAオリオン）,"466. Academic Production Organization Orion Co., Ltd. (also known as SPA Orion Co., Ltd., Academic Production Corporation Orion, Orion Research and Production Organization, and SPA Orion)",,,"Joint Stock Company Scientific Production Association Orion, a.k.a., the following five aliases:
—AO Nauchno- Proizvodstvennoe Obedinenie Orion;
—JSC SPA Orion;
—NPO Orion;
—Orion Research and Production Association; and
—SPA Orion.","所在地：9 Kosinskaya Street, Moscow, 111538, Russia.",2022 年03 月01 日,2025 年01 月10 日,https://www.meti.go.jp/policy/external_economy/trade_control/02_export/17_russia/250912_list_russia_tokutei.pdf
Russia, 国際平和のための国際的な努力に我が国として寄与するために講ずる輸出等に係る禁止措置 の対象となるロシア連邦の団体（令和四年外務省告示第八十二号）,467 株式会社学術生産団体ヴォルナ工場（別称、株式会社 SPA ヴォルナ工場、学術生産公団ヴォ ルナ工場、研究生産団体ヴォルナ工場及びヴォルナ SPB）,"467. Volna Plant, Academic Production Organization Co., Ltd. (also known as SPA Volna Plant, Academic Production Corporation Volna Plant, Research and Production Organization Volna Plant, and Volna SPB)",,,"Joint Stock Company Scientific Production Association Volna Plant, a.k.a., the following seven aliases:
—AO Nauchno—Proizvodstvennoe Obedinenie Zavod Volna;
—AO NPO Zavod Volna;—JSC SPA Volna Plant;
—NPO Zavod Volna;
—NPO Volna Plant;
—Research and Production Association Volna Plant; and
—Volna SPB.","所在地：Kirovsky Plant, 29–N Marshal Govorov Street, St. Petersburg, 198095, Russia.",2022 年03 月01 日,2025 年01 月10 日,https://www.meti.go.jp/policy/external_economy/trade_control/02_export/17_russia/250912_list_russia_tokutei.pdf
Russia, 国際平和のための国際的な努力に我が国として寄与するために講ずる輸出等に係る禁止措置 の対象となるロシア連邦の団体（令和四年外務省告示第八十二号）,468 株式会社 N.A.ピリューギン名称自動機器製造学術生産センター（別称、株式会社 NPTsAP、NPCAP及びNPCAP FGUP）,"468 N.A. Pylugin Co., Ltd. (Name: Automated Machinery Manufacturing Academic Production Center) (Also known as NPTsAP, NPCAP, and NPCAP FGUP Co., Ltd.)",,,"Joint Stock Company Scientific Production Center of Automatics and Instrument Building Named After Academician N.A. Pilyugin, a.k.a., the following five aliases:
—AO Nauchno-Proizvodstvenniy Tsentr Avtomatiki i Priborostroeniya imeni Akademika
N.A. Pilyugina;
—AO NPTsAP;
—JSC NPTsAP;
—NPCAP; and
—NPCAP FGUP.","所在地：1 Vvedenskogo Street, Moscow, 117342, Russia.",2022 年03 月01 日,2025 年01 月10 日,https://www.meti.go.jp/policy/external_economy/trade_control/02_export/17_russia/250912_list_russia_tokutei.pdf
Russia, 国際平和のための国際的な努力に我が国として寄与するために講ずる輸出等に係る禁止措置 の対象となるロシア連邦の団体（令和四年外務省告示第八十二号）,"469 株式会社学術生産公団テクマシュ（別称、株式会社技術機械製造学術生産公団、株式会社製 造工学学術生産公団、株式会社 SPC テクマシュ、株式会社テクマシュ、NPK テクマシュ、公
開株式会社NPK テクマシュ、公開株式会社機械工学テクノロジー、公開株式会社製造工学学
術生産公団及びSPC テクマシュ）","469 TechmaSh Corporation (also known as TechmaSh Corporation, Manufacturing Engineering TechmaSh Corporation, SPC TechmaSh Corporation, TechmaSh Corporation, NPK TechmaSh, NPK TechmaSh Corporation, Publicly Available NPK TechmaSh Corporation, Publicly Available Mechanical Engineering Technology Corporation, Publicly Available Manufacturing Engineering TechmaSh Corporation, and SPC TechmaSh)",,,"Joint Stock Company Scientific Production Concern Tekhmash, a.k.a., the following ten aliases:
—AO Nauchno-Proizvodstvenny Kontsern Tekhmash;
—AO Nauchno-Proizvodstvenny Kontsern Tekhnologii Mashinostroeniya;
—JSC Scientific Industrial Concern Manufacturing Engineering;
—JSC SPC Techmash;
—JSC Techmash;
—NPK Tekhmash;
—NPK Tekhmash OAO;
—OJSC Machine Engineering Technologies;
—Scientific Industrial Concern Manufacturing Engineering OJSC; and
—SPC Techmash.","所在地：58 Leningradskoe Highway, Building 4, Moscow, 125212, Russia; and 35 Bolshaya Tatarskaya Street, Building 5, Moscow, 115184, Russia.",2022 年03 月01 日,2025 年01 月10 日,https://www.meti.go.jp/policy/external_economy/trade_control/02_export/17_russia/250912_list_russia_tokutei.pdf
Russia, 国際平和のための国際的な努力に我が国として寄与するために講ずる輸出等に係る禁止措置 の対象となるロシア連邦の団体（令和四年外務省告示第八十二号）,470 株式会社学術研究工学研究所（別称、株式会社 NIII及び株式会社 SREI）,"470 Academic Research Institute of Engineering, Inc. (also known as NIII Corporation and SREI Corporation)",,,"Joint Stock Company Scientific Research Engineering Institute, a.k.a., the following three aliases:
—AO Nauchno—Issledovatelskiy Inzhenerniy Institut;—AO NIII; and
—JSC SREI.","所在地：6 Entuziastov Highway, Zapadnaya Promzona, Balashikha, Moscow Oblast, 143912, Russia.",2022 年03 月01 日,2025 年01 月10 日,https://www.meti.go.jp/policy/external_economy/trade_control/02_export/17_russia/250912_list_russia_tokutei.pdf
Russia, 国際平和のための国際的な努力に我が国として寄与するために講ずる輸出等に係る禁止措置 の対象となるロシア連邦の団体（令和四年外務省告示第八十二号）,"471 株式会社M.A.カルツェフ名称コンピューティング複合体学術研究所（別称、株式会社 M.A.カ ルツェフ名称NIIVK、株式会社 M.A.カルツェフ名称コンピューティング複合体 NII及びM.A.
カルツェフ名称NIIVK）","471 M.A. Kartsev Computing Complex Academic Research Institute (also known as M.A. Kartsev NIIVK, M.A. Kartsev Computing Complex NII, and M.A. Kartsev NIIVK)",,,"Joint Stock Company Scientific Research Institute of Computing Complexes Named After M.A. Kartsev, a.k.a., the following six aliases:
— AO Nauchno— Issledovatelsky Institut Vychislitelnykh Kompleksov Imeni M.A.
Kartseva;
—AO NIIVK im. M.A. Kartsev;
—JSC Institute for Scientific Research Vychislitelnykh Kompleksov Named After M.A.
Kartseva;
—JSC NII Vychislitelnykh Kompleksov IM. M.A. Kartseva;
—JSC NIIVK IM. M.A. Kartseva; and
—NIIVK Named After M.A. Kartsev.","所在地：108 Profsoyuznaya Street, Moscow, 117437, Russia.",2022 年03 月01 日,2025 年01 月10 日,https://www.meti.go.jp/policy/external_economy/trade_control/02_export/17_russia/250912_list_russia_tokutei.pdf
Russia, 国際平和のための国際的な努力に我が国として寄与するために講ずる輸出等に係る禁止措置 の対象となるロシア連邦の団体（令和四年外務省告示第八十二号）,472 株式会社科学技術研究所ラジオスヴャジ（別称、株式会社 NTIラジオスヴャジ、NTIラジオ、NTIラジオスヴャジ及び科学技術研究所ラジオスヴャジ）,"472. Radio Svyaj, Institute of Science and Technology (also known as NTI Radio Svyaj, NTI Radio, NTI Radio Svyaj, and Radio Svyaj, Institute of Science and Technology)",,,"Joint Stock Company Scientific Technical Institute Radiosvyaz, a.k.a., the following five aliases:
—AO NTI Radiosvyaz;
—JSC Scientific Technical Institute Radiosvyaz;
—NTI Radio;
—NTI Radiosvyaz; and
—Scientific Technical Institute Radiosviaz.","所在地：Kirovsky Plant, 29–N Marshal Govorov Street, St. Petersburg, 198095, Russia; and
Kirovsky Plant, 29–N Marshal Govorov Street, St. Petersburg, 198097, Russia.",2022 年03 月01 日,2025 年01 月10 日,https://www.meti.go.jp/policy/external_economy/trade_control/02_export/17_russia/250912_list_russia_tokutei.pdf
Russia, 国際平和のための国際的な努力に我が国として寄与するために講ずる輸出等に係る禁止措置 の対象となるロシア連邦の団体（令和四年外務省告示第八十二号）,473 株式会社タガンログ工場プリボイ,"473 Taganlog Factory Priboy Co., Ltd.",,,Joint Stock Company Taganrog Plant Priboy,"所在地：13, Bolshaya Bulvarnaya Street, Taganrog, Rostovskaya Oblast, 347913, Russia.",2022 年03 月01 日,2025 年01 月10 日,https://www.meti.go.jp/policy/external_economy/trade_control/02_export/17_russia/250912_list_russia_tokutei.pdf
Russia, 国際平和のための国際的な努力に我が国として寄与するために講ずる輸出等に係る禁止措置 の対象となるロシア連邦の団体（令和四年外務省告示第八十二号）,474 株式会社トゥーラ・カートリッジ工場（別称、株式会社 TPZ、トゥランモ及びトゥーラ・カー トリッジ工場）,"474 Tula Cartridge Plant Co., Ltd. (also known as TPZ Co., Ltd., Turanmo and Tula Cartridge Plants)",,,"Joint Stock Company Tula Cartridge Works, a.k.a., the following four aliases: —AO TPZ;
—AO Tulski Patronny Zavod;—Tulammo; and
—Tula Cartridge Plant.","所在地：47B Marata Street, Tula, Tula Oblast, 300004, Russia.",2022 年03 月01 日,2025 年01 月10 日,https://www.meti.go.jp/policy/external_economy/trade_control/02_export/17_russia/250912_list_russia_tokutei.pdf
Russia, 国際平和のための国際的な努力に我が国として寄与するために講ずる輸出等に係る禁止措置 の対象となるロシア連邦の団体（令和四年外務省告示第八十二号）,"475 株式会社トゥーラ機械製造工場（別称、株式会社トゥラマシュザヴォド、公開株式会社 AK ト ゥラマシュザヴォド、株式会社生産団体トゥラマシュザヴォド、生産団体トゥラマシュザヴ
ォド、トゥルマシュ及びトゥラマシュザヴォド）","475 Tula Machinery Manufacturing Plant Co., Ltd. (also known as Tula Šzavod Co., Ltd., AK Tula Šzavod Public Company Limited, Tula Šzavod Production Association Co., Tula Šzavod Production Association, Tula Šzavod, Tula Šzavod and Tula Šzavod)",,,"Joint Stock Company Tula Machine-Building Plant, a.k.a., the following nine aliases: —AO Tulskiy Mashinostroitelniy Zavod;
—AO Aktsionernaya Kompaniya Tulamashzavod;
—OAO AK Tulamashzavod;
—JSC Production Association Tulamashzavod;
—PO Tulamashzavod;
—Proizvodstvennoe Obedinenie Tulamashzavod;
—Tulmash;
—Tulamashzavod; and
—Tulamashzavod Production Association.","所在地：2 Mosina Street, Tula, Tula Oblast, 300002, Russia.",2022 年03 月01 日,2025 年01 月10 日,https://www.meti.go.jp/policy/external_economy/trade_control/02_export/17_russia/250912_list_russia_tokutei.pdf
Russia, 国際平和のための国際的な努力に我が国として寄与するために講ずる輸出等に係る禁止措置 の対象となるロシア連邦の団体（令和四年外務省告示第八十二号）,476 株式会社ウラン・ウデ航空工場（別称、株式会社 UUAZ、ウラン・ウデ航空機航空工場、ウラ ン・ウデ航空工場、株式会社 UUAP及びUUAZ）,"476 Ulan-Ude Aircraft Plant Co., Ltd. (also known as UUAZ Co., Ltd., Ulan-Ude Aircraft Plant, Ulan-Ude Aircraft Plant, UUAP Co., Ltd., and UUAZ)",,,"Joint Stock Company Ulan-Ude Aviation Plant, a.k.a., the following six aliases: —AO Ulan-Udenski Aviatsionny Zavod;
—AO UUAZ;
—Ulan-Ude Aircraft Aviation Plant;
—Ulan-Ude Aviation Factory;
—JSC UUAP; and
—UUAZ.","所在地：1 Khorinskaya Street, Ulan-Ude, Republic of Buryatia, 690009, Russia.",2022 年03 月01 日,2025 年01 月10 日,https://www.meti.go.jp/policy/external_economy/trade_control/02_export/17_russia/250912_list_russia_tokutei.pdf
Russia, 国際平和のための国際的な努力に我が国として寄与するために講ずる輸出等に係る禁止措置 の対象となるロシア連邦の団体（令和四年外務省告示第八十二号）,477 株式会社ウリヤノフスク・カートリッジ工場（別称、株式会社 UPZ、株式会社UCW、ウリヤノ フスク・カートリッジ工場及び ULNアンモ）,"477 Ulyanovsk Cartridge Plant Co., Ltd. (also known as UPZ Co., Ltd., UCW Co., Ltd., Ulyanovsk Cartridge Plant, and ULN Ammo)",,,"Joint Stock Company Ulyanovsk Cartridge Works, a.k.a., the following six aliases: —AO Ulyanovski Patrionny Zavod;
—AO UPZ;
—JSC UCW;
—The Ulyanovsk Cartridge Works;
—ULN Ammo; and
—Ulyanovsk Cartridge Plant.","所在地：1 Shofyorov Street, Ulyanovsk, Ulyanovsk Oblast, 432007, Russia.",2022 年03 月01 日,2025 年01 月10 日,https://www.meti.go.jp/policy/external_economy/trade_control/02_export/17_russia/250912_list_russia_tokutei.pdf
Russia, 国際平和のための国際的な努力に我が国として寄与するために講ずる輸出等に係る禁止措置 の対象となるロシア連邦の団体（令和四年外務省告示第八十二号）,478 株式会社ウラル自動車工場（別称、株式会社 AZウラル、株式会社 UAP及びウラルAZ）,"478 Ural Automobile Factory Co., Ltd. (also known as AZ Ural Co., Ltd., UAP Co., Ltd., and Ural AZ)",,,"Joint Stock Company Ural Automotive Plant, a.k.a., the following five aliases: —AO Avtomobilniy Zavod Ural; —AO AZ Ural;
—Automobile Plant Ural JSC;
—JSC UAP; and
—Ural AZ.","所在地：1 Avtozavodtsev Avenue, Miass, Chelyabinsk Oblast, 456304, Russia.",2022 年03 月01 日,2025 年01 月10 日,https://www.meti.go.jp/policy/external_economy/trade_control/02_export/17_russia/250912_list_russia_tokutei.pdf
Russia, 国際平和のための国際的な努力に我が国として寄与するために講ずる輸出等に係る禁止措置 の対象となるロシア連邦の団体（令和四年外務省告示第八十二号）,479 株式会社ヴォドトランスプリボール,"479 Vodotrans Priball Co., Ltd.",,,Joint Stock Company Vodtranspribor,"所在地：64 Serdobolskaya Street, Saint Petersburg, 197342, Russia.",2022 年03 月01 日,2025 年01 月10 日,https://www.meti.go.jp/policy/external_economy/trade_control/02_export/17_russia/250912_list_russia_tokutei.pdf
Russia, 国際平和のための国際的な努力に我が国として寄与するために講ずる輸出等に係る禁止措置 の対象となるロシア連邦の団体（令和四年外務省告示第八十二号）,480 株式会社ザヴォルジエ・キャタピラー・トラクター工場（別称、株式会社 ZZGT、株式会社 ZCVP、 ザヴォルジエ・キャタピラー・トラクター工場及び ZZGT）,"480 Savorje Caterpillar Tractor Plant Co., Ltd. (also known as ZZGT Co., Ltd., ZCVP Co., Ltd., Savorje Caterpillar Tractor Plant Co., Ltd., and ZZGT)",,,"Joint Stock Company Zavolzhskiy Plant of Caterpillar Tractors, a.k.a., the following seven aliases: —AO Zavolzhskiy Zavod Gusenichnikh Tyagachey;
—AO ZZGT;
—JSC ZCVP;
—JSC Zavolzhsky Plant of Caterpillar Tractors;
—Zavolzhsk Plant of Caterpillar Tractors;
—Zavolzhsky Crawler Vehicle Plant; and
—ZZGT.","所在地：1 Zheleznodorozhnaya Street, Zavolzhe, Nizhny Novgorod Oblast, 606522, Russia.",2022 年03 月01 日,2025 年01 月10 日,https://www.meti.go.jp/policy/external_economy/trade_control/02_export/17_russia/250912_list_russia_tokutei.pdf
Russia, 国際平和のための国際的な努力に我が国として寄与するために講ずる輸出等に係る禁止措置 の対象となるロシア連邦の団体（令和四年外務省告示第八十二号）,481 株式会社A.M.ゴーリキー名称ゼレノドリスク工場（別称、公開株式会社 A.M.ゴーリキー名称 ゼレノドリスク工場、ゼレノドリスク工場及びゼレノドリスク造船所）,"481 A.M. Gorky Ltd. Zelenodolsk Plant (also known as A.M. Gorky Ltd. Zelenodolsk Plant, Zelenodolsk Plant, and Zelenodolsk Shipyard)",,,"Joint Stock Company Zelenodolsk Plant Named After A.M. Gorky, a.k.a., the following six aliases:
—AO Zelenodolskiy Zavod Imeni A.M. Gorkogo;
—JSC Zelenodolsk Plant Named After Gorky;
—OAO Zelenodolskiy Zavod Imeni A.M. Gorky;
—Zelenodolsk Factory;
—Zelenodolsk Plant Named After A.M. Gorky, JSC; and
—Zelenodolsk Shipyard.","所在地：5 Zavodskaya Street, Zelenodolsk, Republic of Tatarstan, 422540, Russia.",2022 年03 月01 日,2025 年01 月10 日,https://www.meti.go.jp/policy/external_economy/trade_control/02_export/17_russia/250912_list_russia_tokutei.pdf
Russia, 国際平和のための国際的な努力に我が国として寄与するために講ずる輸出等に係る禁止措置 の対象となるロシア連邦の団体（令和四年外務省告示第八十二号）,482 有限会社機械建築グループ（別称、機械建築グループ及び有限会社 MG）,"482 Machine Building Group Co., Ltd. (also known as Machine Building Group and MG Co., Ltd.)",,,"Machine Building Group Limited Liability Company, a.k.a., the following four aliases:
—Machine Building Group;—OOO Mashinostroitelnaya Gruppa;
—OOO MG; and
—MG LLC.","所在地：15 Rochdelskaya Street, Building 8, Floor 2, Premises II, Room 45, Moscow, 123022, Russia.",2022 年03 月01 日,2025 年01 月10 日,https://www.meti.go.jp/policy/external_economy/trade_control/02_export/17_russia/250912_list_russia_tokutei.pdf
Russia, 国際平和のための国際的な努力に我が国として寄与するために講ずる輸出等に係る禁止措置 の対象となるロシア連邦の団体（令和四年外務省告示第八十二号）,483 有限会社軍事産業会社（別称、有限会社 VPK）,"483 Military Industry Co., Ltd. (also known as VPK Co., Ltd.)",,,"Military Industrial Company Limited Liability Company, a.k.a., the following three aliases:
—OOO Voenno-Promyshlennaya Kompaniya;
—OOO VPK; and
—VPK LLC.","所在地：15 Rochdelskaya Street, Building 8, Floor 3, Unit I, Rooms 10–14, Moscow, 123376, Russia.",2022 年03 月01 日,2025 年01 月10 日,https://www.meti.go.jp/policy/external_economy/trade_control/02_export/17_russia/250912_list_russia_tokutei.pdf
Russia, 国際平和のための国際的な努力に我が国として寄与するために講ずる輸出等に係る禁止措置 の対象となるロシア連邦の団体（令和四年外務省告示第八十二号）,484 公開株式会社デグチャリョフ工場（別称、公開株式会社 V.A.デグチャリョフ工場、公開株式 会社ジド、デグチャリョフ工場及び V.A.デグチャリョフ工場）,"484. Degtyarev Plant, a publicly traded company (also known as V.A. Degtyarev Plant, a publicly traded company, ZID, Degtyarev Plant, and V.A. Degtyarev Plant)",,,"Open Joint Stock Company Degtyaryov Plant, a.k.a., the following five aliases: —OAO Zavod imeni V.A. Degtyareva;
—OAO ZiD;
—Degtyaryov Factory;
—OJSC ZiD; and
—V.A. Degtyarev Plant.","所在地：4 Truda Street, Kovrov, Vladimir Oblast, 601900, Russia.",2022 年03 月01 日,2025 年01 月10 日,https://www.meti.go.jp/policy/external_economy/trade_control/02_export/17_russia/250912_list_russia_tokutei.pdf
Russia, 国際平和のための国際的な努力に我が国として寄与するために講ずる輸出等に係る禁止措置 の対象となるロシア連邦の団体（令和四年外務省告示第八十二号）,485 有限会社プロムテフノロギヤ（別称、オルシス及びオルシスショップ）,"485 Promtefnologia Co., Ltd. (also known as Orsis and Orsis Shop)",,,"Promtekhnologiya Limited Liability Company, a.k.a., the following four aliases: —OOO Promtekhnologiya;
—ORSIS;
—Orsis Shop; and
—Promtekhnologiya LLC.","所在地：29 Krzhizhanovskogo Street, Building 2, Moscow, 117218, Russia; 14 Podyomnaya St, Housing 8, Moscow, 109052, Russia;
19 Smirnovskaya St, Moscow, 109052, Russia; and
Ul. Krzhizhanovskogo, D. 29, K.2, Antresol 1, Moscow, 117218, Russia.",2022 年03 月01 日,2025 年01 月10 日,https://www.meti.go.jp/policy/external_economy/trade_control/02_export/17_russia/250912_list_russia_tokutei.pdf
Russia, 国際平和のための国際的な努力に我が国として寄与するために講ずる輸出等に係る禁止措置 の対象となるロシア連邦の団体（令和四年外務省告示第八十二号）,486 公共株式会社クルガンマシュザヴォド（別称、クルガンマシュザヴォド及び公共株式会社ク ルガン機械製造工場）,486 Public Company Kurganmashzavod (also known as Kurganmashzavod and Public Company Kurgan Machinery Manufacturing Plant),,,"Public Joint Stock Company Kurganmashzavod, a.k.a., the following five aliases: —Kurganmashzavod;
—OAO Kurganmashzavod;
—PJSC Kurgan Machine Building Factory;—PJSC Kurgansky Mashinostroitelny Zavod; and
—PJSC Kurgansky Mashinostroitelny Factory.","所在地：17 Mashinostroitely Avenue, Letter 1J, Kurgan, Kurgan Oblast, 640021, Russia.",2022 年03 月01 日,2025 年01 月10 日,https://www.meti.go.jp/policy/external_economy/trade_control/02_export/17_russia/250912_list_russia_tokutei.pdf
Russia, 国際平和のための国際的な努力に我が国として寄与するために講ずる輸出等に係る禁止措置 の対象となるロシア連邦の団体（令和四年外務省告示第八十二号）,487 公共株式会社モトヴィリハ工場（別称、モトヴィリハ工場、MZペルミ、公共株式会社特殊機 械製造・冶金モトヴィリハ工場）,"487 Public Corporation Motvilliha Plant (also known as Motvilliha Plant, MZ Perm, Public Corporation Special Machinery Manufacturing and Metallurgy Motvilliha Plant)",,,"Public Joint Stock Company Motovilikha Plants, a.k.a., the following five aliases: —Motovilikha Factories;
—Motovilicha Plants;
—MZ Perm;
—PAO Motovilikhinskie Zavody; and
—PAO Spetsialnogo Machinostroeniya i Metallurgii Motovilikhinskie Zavody.","所在地：35 1905 Goda Street, Perm, Perm Territory, 614014, Russia.",2022 年03 月01 日,2025 年01 月10 日,https://www.meti.go.jp/policy/external_economy/trade_control/02_export/17_russia/250912_list_russia_tokutei.pdf
Russia, 国際平和のための国際的な努力に我が国として寄与するために講ずる輸出等に係る禁止措置 の対象となるロシア連邦の団体（令和四年外務省告示第八十二号）,488 公共株式会社プロレタルスキー工場（別称、プロレタルスキー工場）,488 Public Corporation Proletarski Factory (also known as Proletarski Factory),,,"Public Joint Stock Company Proletarsky Plant, a.k.a., the following five aliases: —PAO Proletarsky Zavod;
—PJSC Proletarsky Factory;
—PJSC Proletarsky Zavod;
—Proletarskiy Plant; and
—Proletarsky Zavod.","所在地：3 Dudko Street, Saint Petersburg, 192029, Russia.",2022 年03 月01 日,2025 年01 月10 日,https://www.meti.go.jp/policy/external_economy/trade_control/02_export/17_russia/250912_list_russia_tokutei.pdf
Russia, 国際平和のための国際的な努力に我が国として寄与するために講ずる輸出等に係る禁止措置 の対象となるロシア連邦の団体（令和四年外務省告示第八十二号）,489 公共株式会社ロストヴェルトル（別称、公共株式会社 B.N.スリュサル名称ロストヴェルトル、ロスヴェルトル及びロストフ・ヘリコプター制作複合体）,"489 Public Corporation Rostwerthol (also known as Public Corporation B.N. Slyusar, Rostwerthol, Rostov Helicopter Production Complex)",,,"Public Joint Stock Company Rostvertol, a.k.a., the following six aliases: —PAO Rostvertol;
—PAO Rostvertol imeni B.N. Slyusarya;
—PJSC Rostvertol;
—Rosvertol;
—Rostovskiy Vertoletnyi Proizvodstvennyi Kompleks; and
—Rostov Helicopter Production Complex.","所在地：5 Novatorov Street, Rostov-on-Don, Rostov Oblast, 344038, Russia.",2022 年03 月01 日,2025 年01 月10 日,https://www.meti.go.jp/policy/external_economy/trade_control/02_export/17_russia/250912_list_russia_tokutei.pdf
Russia, 国際平和のための国際的な努力に我が国として寄与するために講ずる輸出等に係る禁止措置 の対象となるロシア連邦の団体（令和四年外務省告示第八十二号）,490 有限会社学術生産団体イジェフスク無人システム（別称、有限会社イズマシュ無人システム、イジュマシュ無人システム会社、有限会社学術生産公団 IZHBS及び学術生産公団 IZHBS）,"490 Izhevsk Unmanned Systems Co., Ltd. (also known as Izhmash Unmanned Systems Co., Ltd., Izhmash Unmanned Systems Company, Izhevsk Unmanned Systems Co., Ltd., Izhevsk Unmanned Systems Co., Ltd., and Izhevsk Unmanned Systems Co., Ltd.)",,,"Scientific Production Association Izhevsk Unmanned Systems Limited Liability Company, a.k.a., the following seven aliases:
—Izmash-Bespilotnye Sistemy, OOO;
—Izhmash-Unmanned Systems Company;
—LLC Research and Production Association IZHBS;
—OOO Nauchno-Proizvodstvennoe Obedinenie Izhevskie Bespilotnye Systemy;—OOO NPO IZHBS;
—NPO IZHBS; and
—Research and Production Association Izhevsk Unmanned Systems LLC.","所在地：2 Ordzhonikidze Street, Izhevsk, Udmurt Republic, 426063, Russia; and 2A Trofimova Street, Room 221, Danilovski Municipal Okrug, Moscow, 115432, Russia.",2022 年03 月01 日,2025 年01 月10 日,https://www.meti.go.jp/policy/external_economy/trade_control/02_export/17_russia/250912_list_russia_tokutei.pdf
Russia, 国際平和のための国際的な努力に我が国として寄与するために講ずる輸出等に係る禁止措置 の対象となるロシア連邦の団体（令和四年外務省告示第八十二号）,491 有限会社学術生産企業プリマ（別名、学術生産企業プリマ及びプリマ・システムズ）,"491 Prima Academic Production Enterprise Co., Ltd. (also known as Prima Academic Production Enterprise and Prima Systems)",有限会社学術生産企業プリマ,学術生産企業プリマ; プリマ・システムズ,"Scientific Production Enterprise Prima Limited Liability Company, a.k.a., the following seven aliases:
—OOO Nauchno-Proizvodstvennoe Predpriyatie Prima;
—NPP Prima;
—NPP Prima OOO;
—Prima Research and Production Enterprise;
—Prima Systems;
—SPE Prima; and
—SPE Prima LLC.","所在地：63 Svobody Street, Nizhniy Novgorod, Nizhniy Novgorod Oblast, 603003, Russia; and
1Zh Sormovskoe Highway, Nizhniy Novgorod, Nizhniy Novgorod Oblast, 603950, Russia.",2022 年03 月01 日,2025 年01 月10 日,https://www.meti.go.jp/policy/external_economy/trade_control/02_export/17_russia/250912_list_russia_tokutei.pdf
Russia, 国際平和のための国際的な努力に我が国として寄与するために講ずる輸出等に係る禁止措置 の対象となるロシア連邦の団体（令和四年外務省告示第八十二号）,492 有限会社統一機械製造グループ（別称、有限会社 OMG、UMG、有限会社 UMG及び有限会社統一機械グループ）,"492. Unified Machinery Manufacturing Group Co., Ltd. (Also known as OMG Co., Ltd., UMG Co., Ltd., UMG Co., Ltd., and Unified Machinery Group Co., Ltd.)",,,"United Machine Building Group Limited Liability Company, a.k.a., the following six aliases:
—OOO Obedinennaya Mashinostroitelnaya Gruppa;
—OOO OMG;
—UMG;
—UMG LLC;
—United Machinery Group LLC; and
—United Machine Building Group LLC.","所在地：15 Rochdelskaya Street, Building 8, Floor 2, Premises II, Room 45, Moscow, 123022, Russia.",2022 年03 月01 日,2025 年01 月10 日,https://www.meti.go.jp/policy/external_economy/trade_control/02_export/17_russia/250912_list_russia_tokutei.pdf
Russia, 国際平和のための国際的な努力に我が国として寄与するために講ずる輸出等に係る禁止措置 の対象となるロシア連邦の団体（令和四年外務省告示第八十二号）,493 有限会社ヴォルゴグラード機械製造会社（別称、有限会社 VMK VGTZ、VGTZ、ヴォルゴグラー ド機械製造会社及び有限会社ヴォルゴグラード機械製造会社 VGTZ）,"493 Volgograd Machinery Manufacturing Company Limited (also known as VMK VGTZ Limited, VGTZ, Volgograd Machinery Manufacturing Company, and Volgograd Machinery Manufacturing Company Limited VGTZ)",,,"Volgograd Machine Building Company Limited Liability Company, a.k.a., the following four aliases:
—OOO VMK VGTZ;
—VGTZ;
—Volgogradskaya Mashinostroitelnaya Kompaniya; and
—LLC Volgograd Machine Building Company VGTZ.","所在地：1 Dzerzhinskogo Square, Volgograd, Volgograd Oblast, 400006, Russia.",2022 年03 月01 日,2025 年01 月10 日,https://www.meti.go.jp/policy/external_economy/trade_control/02_export/17_russia/250912_list_russia_tokutei.pdf
Russia, 国際平和のための国際的な努力に我が国として寄与するために講ずる輸出等に係る禁止措置 の対象となるロシア連邦の団体（令和四年外務省告示第八十二号）,494 有限会社VXI システムズ（別称、インフォームテスト・ホールディングス及び VXIシステム）,"494 VXI Systems Co., Ltd. (also known as Inform Test Holdings and VXI Systems)",,,"VXI-Systems Limited Liability Company, a.k.a., the following five aliases: —InformTest Holdings;
—VXI-Systems;
—VXI-Systems LLC;
—VXI-Systemy; and
—VXI-Systemy OOO.","所在地：4 Savelkinsky Way, Zelenograd, Moscow, 124482, Russia; and 4 Savelkinsky Way, 6th Floor, Premises XIV, Room 8, Zelenograd, Moscow, 124482,
Russia.",2022 年03 月01 日,2025 年01 月10 日,https://www.meti.go.jp/policy/external_economy/trade_control/02_export/17_russia/250912_list_russia_tokutei.pdf
Russia, 国際平和のための国際的な努力に我が国として寄与するために講ずる輸出等に係る禁止措置 の対象となるロシア連邦の団体（令和四年外務省告示第八十二号）,"495 株式会社カラシニコフ・コンツェルン（別称、コンツェルン・カラシニコフ、公開株式会社 イジェフスク機械製造工場、イジュマシュ R&D センター、株式会社 NPO イジュマシュ、公開
株式会社 NPO イジュマシュ、公開株式会社カラシニコフ・コンツェルン、公開株式会社イジ
ュマシュ及び株式会社学術生産団体イジュマシュ）","495 Kalashnikov Konzern Ltd. (also known as Kalashnikov Konzern, Izhevsk Machine-Building Plant, Izhmash R&D Center, Izhmash NPO, Izhmash NPO, Kalashnikov Konzern Ltd, Izhmash Public Corporation, and Izhmash Academic Production Organization Ltd.)",,,"JSC Kalashnikov Concern, a.k.a., the following eight aliases: —Concern Kalashnikov;
—Izhevskiy Mashinostroitel'nyi Zavod OAO;
—Izhmash R&D Center;
—JSC NPO Izhmash;
—NPO Izhmash OAO;
—OJSC Concern Kalashnikov;
—OJSC Izhmash; and
—Scientific Production Association Izhmash Joint Stock Company.","所在地：3, Derjabin Pr., Izhevsk, Udmurt Republic, 426006, Russia.",2022 年03 月01 日,2025 年01 月10 日,https://www.meti.go.jp/policy/external_economy/trade_control/02_export/17_russia/250912_list_russia_tokutei.pdf
Russia, 国際平和のための国際的な努力に我が国として寄与するために講ずる輸出等に係る禁止措置 の対象となるロシア連邦の団体（令和四年外務省告示第八十二号）,"496 株式会社コンツェルン・アルマズ・アンティ（別称、株式会社アルマズ・アンティ航空宇宙 防衛会社、アルマズ・アンティ社、アルマズ・アンティ防衛会社、アルマズ・アンティ株式
会社及び公開株式会社コンツェルン PVOアルマズ・アンティ）","496 Almaz-Anti Consortium (also known as Almaz-Anti Aerospace & Defense Company, Almaz-Anti Ltd, Almaz-Anti Defense Company, Almaz-Anti Co., Ltd., and publicly traded Almaz-Anti Consortium PVO)",,,"Joint-Stock Company Concern Almaz-Antey, a.k.a., the following five aliases: —Joint-Stock Company Almaz-Antey Air and Space Defence Corporation;
—Almaz-Antey Corp;
—Almaz-Antey Defense Corporation;
—Almaz-Antey JSC; and
—Otkrytoe Aktsionernoe Obshchestvo Kontsern PVO Almaz Antei.","所在地：41 ul. Vereiskaya, Moscow, 121471, Russia.",2022 年03 月01 日,2025 年01 月10 日,https://www.meti.go.jp/policy/external_economy/trade_control/02_export/17_russia/250912_list_russia_tokutei.pdf
Russia, 国際平和のための国際的な努力に我が国として寄与するために講ずる輸出等に係る禁止措置 の対象となるロシア連邦の団体（令和四年外務省告示第八十二号）,497 公開株式会社NPOバザルト（別称、連邦国家単一企業国立学術生産企業バザルト、FSUE SRPE バザルト及び国立学術生産企業バザルト）,"497. Publicly traded NPO Basalt (also known as Federal State Single Enterprise National Scientific Production Enterprise Basalt, FSUE SRPE Basalt, and National Scientific Production Enterprise Basalt)",,,"OAO NPO Bazalt, a.k.a., the following four aliases: —Federal State Unitary Enterprise State Research and Production Enterprise Bazalt;—Federal State Unitary Enterprise, State Research and Production Enterprise Bazalt;
—FSUE SRPE Bazalt; and
—State Research and Production Enterprise Bazalt.","所在地：32 Velyaminovskaya, Moscow, 105318, Russia.",2022 年03 月01 日,2025 年01 月10 日,https://www.meti.go.jp/policy/external_economy/trade_control/02_export/17_russia/250912_list_russia_tokutei.pdf
Russia, 国際平和のための国際的な努力に我が国として寄与するために講ずる輸出等に係る禁止措置 の対象となるロシア連邦の団体（令和四年外務省告示第八十二号）,498 公開株式会社アヴィアドヴィガチェリ（別称、AVID及び統一エンジン会社アヴィアドヴィガ チェリ株式会社）,"498. Aviad Viga Cheli Co., Ltd. (also known as AVID and the unified engine company Aviad Viga Cheli Co., Ltd.)",,,"Open Joint Stock Company Aviadvigatel, a.k.a., the following two aliases: —AVID; and
-UEC-Aviadvigatel JSC.","所在地：bldg. 61, Komsomolsky Prospekt 93, Perm, 614990, Russia.",2022 年03 月01 日,2025 年01 月10 日,https://www.meti.go.jp/policy/external_economy/trade_control/02_export/17_russia/250912_list_russia_tokutei.pdf
Russia, 国際平和のための国際的な努力に我が国として寄与するために講ずる輸出等に係る禁止措置 の対象となるロシア連邦の団体（令和四年外務省告示第八十二号）,499 統一造船会社（別称、公開株式会社統一造船会社、株式会社統一造船会社及び OSK 公開株式 会社）,"499. Unified Shipbuilding Company (also known as the publicly traded Unified Shipbuilding Company, Ltd., Unified Shipbuilding Company Ltd., and OSK Publicly Traded Company)",,,"United Shipbuilding Corporation, a.k.a., the following four aliases: —Obedinennaya Sudostroitelnaya Korporatsiya OAO;
—OJSC United Shipbuilding Corporation;
—United Shipbuilding Corporation Joint Stock Company; and
—OSK OAO.","所在地：90, Marata ul., St. Petersburg, 191119, Russia; 11, Sadovaya-Kudrinskaya str., Moscow, 123242, Russia; and 11, Bolshaya Tatarskaya Str., Bld.В, Moscow,
115184, Russia.",2022 年03 月01 日,2025 年01 月10 日,https://www.meti.go.jp/policy/external_economy/trade_control/02_export/17_russia/250912_list_russia_tokutei.pdf
Russia, 国際平和のための国際的な努力に我が国として寄与するために講ずる輸出等に係る禁止措置 の対象となるロシア連邦の団体（令和四年外務省告示第八十二号）,500 ウラルワゴンザヴォド（別称、学術生産企業ウラルワゴンザヴォド公開株式会社、ウラルワ ゴンザヴォド社及び UVZ）,"500 Uralwagonzavod (also known as Uralwagonzavod Public Company Limited, Uralwagonzavod GmbH, and UVZ)",,,"Uralvagonzavod, a.k.a., the following eight aliases: —Nauchno-Proizvodstvennaya Korporatsiya Uralvagonzavod OAO;
—NPK Uralvagonzavod;
—NPK Uralvagonzavod OAO;
—OJSC Research and Production Corporation Uralvagonzavod;
—Research and Production Corporation Uralvagonzavod;
—Research and Production Corporation Uralvagonzavod OAO;
—Uralvagonzavod Corporation; and
—UVZ.","所在地：28, Vostochnoye shosse, Nizhni Tagil, Sverdlovsk region, 622007, Russia; 28 Vostochnoe shosse, Nizhni Tagil, Sverdlovskaya oblast, 622007, Russia; and 40,
Bolshaya Yakimanka Street, Moscow, 119049, Russia.",2022 年03 月01 日,2025 年01 月10 日,https://www.meti.go.jp/policy/external_economy/trade_control/02_export/17_russia/250912_list_russia_tokutei.pdf
Russia, 国際平和のための国際的な努力に我が国として寄与するために講ずる輸出等に係る禁止措置 の対象となるロシア連邦の団体（令和四年外務省告示第八十二号）,501 株式会社自動操作油圧技術中央科学研究所（別称、株式会社TsNIIAG、自動操作油圧技術中央 科学研究所、連邦学術生産センター自動操作油圧中央科学研究所、CNIIAG及びTsNIIAG）,"501 Central Scientific Research Institute for Automated Hydraulic Technology, Inc. (also known as TsNIIAG, Central Scientific Research Institute for Automated Hydraulic Technology, Federal Scientific Research Center for Automated Hydraulic Technology, CNIIAG, and TsNIIAG)",,,"Joint Stock Company Central Research Institute of Automation and Hydraulics, a.k.a., the following seven aliases:—AO TsNIIAG;
—AO Tsentralny Nauchno-Issledovatelski Institut Avtomatiki I Gidravliki;
—Central Scientific Research Institute of Automation and Hydraulics;
—Federal Research and Production Center Central Research Institute of Automation
and Hydraulics;
—CNIIAG;
—JSC Central Scientific Research Institute of Automation and Hydraulics; and
—TsNIIAG.","所在地：5 Sovetskoy Armii Street, Moscow, 127018, Russia.",2022 年03 月01 日,2025 年01 月10 日,https://www.meti.go.jp/policy/external_economy/trade_control/02_export/17_russia/250912_list_russia_tokutei.pdf
Russia, 国際平和のための国際的な努力に我が国として寄与するために講ずる輸出等に係る禁止措置 の対象となるロシア連邦の団体（令和四年外務省告示第八十二号）,"502 株式会社コンツェルン学術生産団体アヴロラ（別称、アヴロラ・システムズ、株式会社アヴ ロラ、コンツェルン学術生産団体アヴロラ、コンツェルン研究生産団体アヴロラ、NPOアヴロ
ラ及び公開株式会社コンツェルン NPOアヴロラ）","502 Aurora, a Consortium for Scientific and Industrial Production (also known as Aurora Systems, Aurora Corporation, Aurora Consortium for Scientific and Industrial Production, Aurora Consortium for Research and Production, NPO Aurora, and Publicly Traded Consortium NPO Aurora)",,,"Joint Stock Company Concern Avrora Scientific and Production Association, a.k.a., the following eight aliases:
—AO Kontsern Nauchno-Proizvodstvennoe Obedinenie Avrora;
—AO Kontsern NPO Avrora;
—Avrora Systems;
—Avrora JSC;
—Concern Avrora Scientific Production Association;
—Concern Research and Production Association Avrora;
—NPO Avrora; and
—OJSC Concern NPO Avrora.","所在地：10 Nikolskaya Street, Office 406, Moscow, 109012, Russia; and 15 Karbysheva Street, Saint Petersburg, 194021, Russia.",2022 年03 月01 日,2025 年01 月10 日,https://www.meti.go.jp/policy/external_economy/trade_control/02_export/17_russia/250912_list_russia_tokutei.pdf
Russia, 国際平和のための国際的な努力に我が国として寄与するために講ずる輸出等に係る禁止措置 の対象となるロシア連邦の団体（令和四年外務省告示第八十二号）,503 株式会社エレコン工場(別称、エレコン工場、エレコン及び公開株式会社エレコン工場),"503 Elecon Factory Co., Ltd. (also known as Elecon Factory, Elecon, and publicly traded Elecon Factory Co., Ltd.)",株式会社エレコン工場,エレコン工場; エレコン; 公開株式会社エレコン工場,"Joint Stock Company Zavod Elecon, a.k.a., the following five aliases: —AO Zavod Elekon;
—Elecon Plant;
—Elecon;
—JSC Zavod Elecon; and
—OAO Zavod Elecon.","所在地：58 Korolenko Street, Kazan, Republic of Tatarstan, 420094, Russia.",2022 年03 月01 日,2025 年01 月10 日,https://www.meti.go.jp/policy/external_economy/trade_control/02_export/17_russia/250912_list_russia_tokutei.pdf
Russia, 国際平和のための国際的な努力に我が国として寄与するために講ずる輸出等に係る禁止措置 の対象となるロシア連邦の団体（令和四年外務省告示第八十二号）,504 株式会社ティホミロフ機器設計科学研究所(別称、 V.V.ティホミロフ名称公開株式会社機器製 造科学研究所、株式会社 NIIP、機器設計科学研究所及び株式会社 V.ティホミロフ機器設計科 学研究所),"504 Tikhomirov Instrument Design Science Institute Co., Ltd. (also known as V.V. Tikhomirov Instrument Design Science Institute Co., Ltd., NIIP Corporation, Instrument Design Science Institute, and V. Tikhomirov Instrument Design Science Institute Co., Ltd.)",株式会社ティホミロフ機器設計科学研究所,V.V.ティホミロフ名称公開株式会社機器製 造科学研究所; 株式会社 NIIP; 機器設計科学研究所; 株式会社 V.ティホミロフ機器設計科 学研究所,"Tikhomirov Scientific Research Institute of Instrument Design, JSC, a.k.a., the following four aliases:
-Otkrytoe Aktsionernoe Obshchestvo Nauchno Issledovatelski Institute
Priborostroeniya Imeni V.V. Tikhomirova；-JSC NIIP;
-Scientific Research Institute of Instrument Design; and
-JSC V. Tikhomirov Scientific Research Institute of Instrument Design.","所在地：3 Ul. Gagarina, Zhukovski, Moskovskaya Obl., 140180, Russia.",2022 年03 月01 日,2025 年01 月10 日,https://www.meti.go.jp/policy/external_economy/trade_control/02_export/17_russia/250912_list_russia_tokutei.pdf
Russia, 国際平和のための国際的な努力に我が国として寄与するために講ずる輸出等に係る禁止措置 の対象となるロシア連邦の団体（令和四年外務省告示第八十二号）,505 株式会社学術生産団体インパルス（別称、株式会社 NPO インパルス、株式会社 SPA インパル ス及びNPOインパルス）,"505 Impulse Co., Ltd. (also known as NPO Impulse Co., Ltd., SPA Impulse Co., Ltd., and NPO Impulse)",,,"Joint Stock Company Scientific Production Association Impulse, a.k.a., the following four aliases:
—AO Nauchno-Proizvodstvennoe Obedinenie Impuls;
—AO NPO Impuls;
—JSC SPA Impulse; and
—NPO Impuls.","所在地：2 Kirishskaya Street, Letter A, Saint Petersburg, 195220, Russia.",2022 年03 月01 日,2025 年01 月10 日,https://www.meti.go.jp/policy/external_economy/trade_control/02_export/17_russia/250912_list_russia_tokutei.pdf
Russia, 国際平和のための国際的な努力に我が国として寄与するために講ずる輸出等に係る禁止措置 の対象となるロシア連邦の団体（令和四年外務省告示第八十二号）,506 株式会社学術生産団体ロシア基本情報技術（別称、株式会社 NPO ルスビテク、株式会社研究 生産協会ルスビテク、RPAルスビテク及びルスビテク）,"506. Russian Basic Information Technology Co., Ltd. (also known as NPO Rusbitek Co., Ltd., Research and Production Association Rusbitek Co., Ltd., RPA Rusbitek, and Rusbitek)",,,"Joint Stock Company Scientific Production Association Russian Basic Information Technologies, a.k.a., the following six aliases:
— AO Nauchno— Proizvodstvennoye Obedinenie Russkie Bazoviye Informatsionniye
Tekhnologii;
—AO NPO Rusbitekh;
—JSC Research Production Association RusBITech;
—RPA RusBITech;
—RusBITech; and
—RusBITekh.","所在地：26 Varshavskoye Highway, Building 11, Moscow, 117105, Russia.",2022 年03 月01 日,2025 年01 月10 日,https://www.meti.go.jp/policy/external_economy/trade_control/02_export/17_russia/250912_list_russia_tokutei.pdf
Russia, 国際平和のための国際的な努力に我が国として寄与するために講ずる輸出等に係る禁止措置 の対象となるロシア連邦の団体（令和四年外務省告示第八十二号）,507 株式会社ラテプ（別称、公開株式会社ラテプ及びラテプ）,507. LATEP Corporation (also known as LATEP Corporation and LATEP),,,"Joint Stock Company Ratep, a.k.a., the following four aliases: —AO RATEP;
—JSC RATEP;
—OAO RATEP; and
—RATEP.","所在地：11 Dzerzhinskogo Street, Serpukhov, Moscow Oblast, 142205, Russia.",2022 年03 月01 日,2025 年01 月10 日,https://www.meti.go.jp/policy/external_economy/trade_control/02_export/17_russia/250912_list_russia_tokutei.pdf
Russia, 国際平和のための国際的な努力に我が国として寄与するために講ずる輸出等に係る禁止措置 の対象となるロシア連邦の団体（令和四年外務省告示第八十二号）,"508 株式会社 A.E.ヌデルマン名称高精度工学設計局（別称、株式会社 A.E.ヌデルマン名称KB トチマシュ、株式会社精密機械製造設計局ヌデルマン、KBトチマシュ、ヌデルマン精密機械製
造設計局及びトチマシュ）","508 A.E. Nuderman Co., Ltd. (Name: High-Precision Engineering Design Bureau) (Also known as: A.E. Nuderman Co., Ltd. (Name: KB Tochimash), Nuderman Precision Machinery Manufacturing Design Bureau, KB Tochimash, Nuderman Precision Machinery Manufacturing Design Bureau, and Tochimash)",,,"Joint Stock Company Precision Engineering Design Bureau named after A.E. Nudelman, a.k.a., the following six aliases:
—AO Konstruktorskoe Byuro Tochnogo Mashinostroeniya imeni A.E. Nudelmana;—AO KB Tochmash im. A.E. Nudelmana;
—JSC Precision Machine Building Design Bureau Nudelman;
—KB Tochmash;
—Nudelman Precision Engineering Design Bureau; and
—Tochmash.","所在地：8 Vvedenskogo Street, Moscow, 117342, Russia.",2022 年03 月01 日,2025 年01 月10 日,https://www.meti.go.jp/policy/external_economy/trade_control/02_export/17_russia/250912_list_russia_tokutei.pdf
Russia, 国際平和のための国際的な努力に我が国として寄与するために講ずる輸出等に係る禁止措置 の対象となるロシア連邦の団体（令和四年外務省告示第八十二号）,509 株式会社アングストレム,"509 Angström Co., Ltd.",,,Joint Stock Company Angstrem,"所在地：Dom 4, Stroennie 3, Proezd 4806, Zelenograd, 124460, Russia; and D. 2, str. 3 Shokina Square, Zelenograd, Moscow, 124498, Russia.",2022 年03 月01 日,2025 年01 月10 日,https://www.meti.go.jp/policy/external_economy/trade_control/02_export/17_russia/250912_list_russia_tokutei.pdf
Russia, 国際平和のための国際的な努力に我が国として寄与するために講ずる輸出等に係る禁止措置 の対象となるロシア連邦の団体（令和四年外務省告示第八十二号）,510 株式会社実験設計局ノヴァトル（別称、ノヴァトル設計局及び株式会社 OKBノヴァトル）,"510 Novator Experimental Design Bureau Co., Ltd. (also known as Novator Design Bureau and OKB Novator Co., Ltd.)",,,"Joint Stock Company Experimental Design Bureau Novator, a.k.a., the following two aliases:
—Novator Design Bureau; and
—JSC OKB Novator.","所在地：18 Prospekt Kosmonavtov, Yekaterinburg, 620017, Russia.",2022 年03 月01 日,2025 年01 月10 日,https://www.meti.go.jp/policy/external_economy/trade_control/02_export/17_russia/250912_list_russia_tokutei.pdf
Russia, 国際平和のための国際的な努力に我が国として寄与するために講ずる輸出等に係る禁止措置 の対象となるロシア連邦の団体（令和四年外務省告示第八十二号）,"511 株式会社ネフスコエ設計局（別称、株式会社ネフスコエ PKB、株式会社ネフスコエ計画製造 局、公共株式会社ネフスコエ設計局、ネフスコエ設計製造事務所、ネフスキー設計局、NPKB
及びネヴァ設計局）","511 Nevskoye Design Bureau (also known as Nevskoye PKB, Nevskoye Planning and Manufacturing Bureau, Nevskoye Design Bureau Public Corporation, Nevskoye Design and Manufacturing Office, Nevsky Design Bureau, NPKB, and Neva Design Bureau)",,,"Joint Stock Company Nevskoe Design Bureau, a.k.a, the following ten aliases: —AO Nevskoe PKB;
—AO Nevskoye Proyektno-Konstruktorskoye Byuro;
—Joint Public Stock Company Nevskoe Design Bureau;
—JSC Nevskoe PKB;
—JSC Nevskoye Project and Design Bureau;
—Nevskoe Design and Construction Office;
—Nevskoe Design Bureau;
—Nevskoe Design Bureau JPSC;
—NPKB; and
—Neva Design Bureau.","所在地：3 Galerny Way, Saint Petersburg, 199106, Russia.",2022 年03 月01 日,2025 年01 月10 日,https://www.meti.go.jp/policy/external_economy/trade_control/02_export/17_russia/250912_list_russia_tokutei.pdf
Russia, 国際平和のための国際的な努力に我が国として寄与するために講ずる輸出等に係る禁止措置 の対象となるロシア連邦の団体（令和四年外務省告示第八十二号）,512 ネヴァ・エレクトロニカ,512 Neva Electronica,,,"Neva Electronica, a.k.a., the following one alias: —Neva Elektronika.","所在地：Pr. Yuria Gagarina 2, Office 801, St. Petersburg, 196105, Russia; and 5 Professora Popova St., Saint Petersburg, 197022, Russia.",2022 年03 月01 日,2025 年01 月10 日,https://www.meti.go.jp/policy/external_economy/trade_control/02_export/17_russia/250912_list_russia_tokutei.pdf
Russia, 国際平和のための国際的な努力に我が国として寄与するために講ずる輸出等に係る禁止措置 の対象となるロシア連邦の団体（令和四年外務省告示第八十二号）,513 FSUE FNPCニジェゴロド放射線技術科学研究所（NNIIRT）,513 FSUE FNPC Nizhny Novgorod Institute of Radiological Technology and Science (NNIIRT),FSUE FNPCニジェゴロド放射線技術科学研究所,NNIIRT,FSUE FNPC Nizhegorodsky Scientific Research Institute of Radiotechnics (NNIIRT).,"所在地：Shaposhnikov Street 5, Nizhny Novgorod, 603950, Russia.",2022 年03 月01 日,2025 年01 月10 日,https://www.meti.go.jp/policy/external_economy/trade_control/02_export/17_russia/250912_list_russia_tokutei.pdf
Russia, 国際平和のための国際的な努力に我が国として寄与するために講ずる輸出等に係る禁止措置 の対象となるロシア連邦の団体（令和四年外務省告示第八十二号）,"514 ザラ・アエロ・グループ（別称、エーレベル航空システムズ、CST、CST有限会社、TsST有限 会社、ザラ、ザラ・アエロ、ザラ・アエロ・グループ無人システム及びザラ・アエロ・グル
ープ有限会社）","514 Zara Aero Group (also known as A-Level Aero Systems, CST, CST Ltd., TsST Ltd., Zara, Zara Aero, Zara Aero Group Unmanned Systems, and Zara Aero Group Ltd.)",,,"ZALA Aero Group, a.k.a., the following fourteen aliases: —A-Level Aerosystems;
—CST;
—CST LLC;
—CST Limited;
—CST, OOO;
—TsST Limited Liability Company;
—TsST LLC;
—TsST Limited;
—TsST, OOO;
—ZALA;
—ZALA AERO;
—ZALA AERO GROUP—Bespilotniye Sistemy;
—ZALA AERO GROUP—Unmanned Systems; and
—ZALA Aero Group Limited Liability Company.","所在地：118 40 Let Pobedy Street, Izhevsk, Udmurt Republic, 426072, Russia; and 3 Perunovsky Per., Building 2, Floor 3, Room 21, Moscow, 127055, Russia.",2022 年03 月01 日,2025 年01 月10 日,https://www.meti.go.jp/policy/external_economy/trade_control/02_export/17_russia/250912_list_russia_tokutei.pdf
Russia, 国際平和のための国際的な努力に我が国として寄与するために講ずる輸出等に係る禁止措置 の対象となるロシア連邦の団体（令和四年外務省告示第八十二号）,515 グラント・インストルメント,515 Grant Instrument,,,Grant Instrument.,"所在地：Tsvetochaya St. 16, Building 1, Room 425, St. Petersburg, 196006, Russia.",2022 年03 月01 日,2025 年01 月10 日,https://www.meti.go.jp/policy/external_economy/trade_control/02_export/17_russia/250912_list_russia_tokutei.pdf
Russia, 国際平和のための国際的な努力に我が国として寄与するために講ずる輸出等に係る禁止措置 の対象となるロシア連邦の団体（令和四年外務省告示第八十二号）,516 ストレロイ,516 Streroy,,,Streloy.,"所在地：Dmitrovsky Per. 13, Office 7, St. Petersburg, 191025, Russia.",2022 年03 月01 日,2025 年01 月10 日,https://www.meti.go.jp/policy/external_economy/trade_control/02_export/17_russia/250912_list_russia_tokutei.pdf
Russia, 国際平和のための国際的な努力に我が国として寄与するために講ずる輸出等に係る禁止措置 の対象となるロシア連邦の団体（令和四年外務省告示第八十二号）,517 アエロスキャン有限会社（別称、アエロスキャン）,"517 Aeroscan Co., Ltd. (also known as Aeroscan)",,,"Aeroscan Limited Liability Company, a.k.a., the following two aliases: —Aeroscan; and
—OOO Aeroskan.","所在地：3 Perunovsky Pereulok, Building 2, Moscow, 127055, Russia; 2a Avtozavodskaya Street, Izhevsk, Udmurt Republic, 426000, Russia; 2 Moskovskaya Street, Buzuluk,
Orenburgskaya Oblast, 461042, Russia; and 3 Per. Perunovski, Street 2, Floor 2,
Pomeshch. 11, Munitsipalny Okrug Marina Roshcha, Moscow, 127055, Russia.",2022 年03 月01 日,2025 年01 月10 日,https://www.meti.go.jp/policy/external_economy/trade_control/02_export/17_russia/250912_list_russia_tokutei.pdf
Russia, 国際平和のための国際的な努力に我が国として寄与するために講ずる輸出等に係る禁止措置 の対象となるロシア連邦の団体（令和四年外務省告示第八十二号）,518 アルファコンポネント（別称、有限会社アルファコンポネント）,"518 Alpha Components (also known as Alpha Components Co., Ltd.)",,,"Alfakomponent, a.k.a., the following one alias: —OOO Alfakomponent.","所在地：140 Leninski Prospect, Litera E, Office 407A, Saint Petersburg, 198216, Russia.",2022 年03 月01 日,2025 年01 月10 日,https://www.meti.go.jp/policy/external_economy/trade_control/02_export/17_russia/250912_list_russia_tokutei.pdf
Russia, 国際平和のための国際的な努力に我が国として寄与するために講ずる輸出等に係る禁止措置 の対象となるロシア連邦の団体（令和四年外務省告示第八十二号）,519 ビク・インフォーム有限会社,"519 Bic Inform Co., Ltd.",,,"BIC-Inform LLC, a.k.a., the following two aliases: —OOO BIC-Inform; and
—OOO BIK-Inform.","所在地：9 Bumazhnaya Street, K. 1, Litera A, Rooms 201–209, Saint Petersburg, 190020, Russia.",2022 年03 月01 日,2025 年01 月10 日,https://www.meti.go.jp/policy/external_economy/trade_control/02_export/17_russia/250912_list_russia_tokutei.pdf
Russia, 国際平和のための国際的な努力に我が国として寄与するために講ずる輸出等に係る禁止措置 の対象となるロシア連邦の団体（令和四年外務省告示第八十二号）,520 スペル有限会社,520 Spell Ltd.,,,Spel LLC.,"所在地：12 Gavanskaya Street, Building 2, Litera B, Room 1–N, Saint Petersburg, 199106, Russia; and 39 Morskaya Embankment, Building 2A, Room 9–N, St. Petersburg,
199155, Russia.",2022 年03 月01 日,2025 年01 月10 日,https://www.meti.go.jp/policy/external_economy/trade_control/02_export/17_russia/250912_list_russia_tokutei.pdf
Russia, 国際平和のための国際的な努力に我が国として寄与するために講ずる輸出等に係る禁止措置 の対象となるロシア連邦の団体（令和四年外務省告示第八十二号）,521 スペツテクノトレイド有限会社,521 SpetstechnoTrade Ltd.,,,"Spetstehnotreyd LLC, a.k.a., the following one alias: —OOO Spetstekhnotreid.","所在地：11 Mekhanizatorski Per., Office 105, Izhevsk, Udmurt Republic, 426028, Russia.",2022 年03 月01 日,2025 年01 月10 日,https://www.meti.go.jp/policy/external_economy/trade_control/02_export/17_russia/250912_list_russia_tokutei.pdf
Russia, 国際平和のための国際的な努力に我が国として寄与するために講ずる輸出等に係る禁止措置 の対象となるロシア連邦の団体（令和四年外務省告示第八十二号）,522 STCオリオン有限会社（別称、有限会社 NTTs オリオン及び有限会社科学技術センター・オリ オン）,"522 STC Orion Co., Ltd. (also known as NTTs Orion Co., Ltd. and Science and Technology Center Orion Co., Ltd.)",,,"STC Orion LLC, a.k.a., the following three aliases: —OOO NTTs Orion;
—OOO Nauchno-Tekhnicheski Tsentr Orion; and
—Limited Liability Company Scientific and Technical Center Orion.","所在地：7A Gostinichnaya, Pomeshch. 1/1, Office 1/V–08, Munitipalny Okrug Marfino, Moscow, 127106, Russia; and 3 Perunovskiy Per., Annex 2, Moscow, 127055, Russia.",2022 年03 月01 日,2025 年01 月10 日,https://www.meti.go.jp/policy/external_economy/trade_control/02_export/17_russia/250912_list_russia_tokutei.pdf
Russia, 国際平和のための国際的な努力に我が国として寄与するために講ずる輸出等に係る禁止措置 の対象となるロシア連邦の団体（令和四年外務省告示第八十二号）,523 技術センター・ウィンデク有限会社（別称、有限会社技術センター・ヴィンデク及び TCウィンデク）,523. Technical Center Windek Ltd. (also known as Technical Center Windek Ltd. and TC Windek),,,"Technical Center Windeq LLC, a.k.a., the following two aliases: —OOO Tekhnicheski Tsentr Vindek; and
—TC Windeq.","所在地：1B/3 Pokrovskaya Street, Office 69, G.O. Podolsk, Moscow Oblast, 142116, Russia; and 1 Domodedovskoye Avenue, Building 3, Podolskiy District, Moscow Oblast,
142116, Russia.",2022 年03 月01 日,2025 年01 月10 日,https://www.meti.go.jp/policy/external_economy/trade_control/02_export/17_russia/250912_list_russia_tokutei.pdf
Russia, 国際平和のための国際的な努力に我が国として寄与するために講ずる輸出等に係る禁止措置 の対象となるロシア連邦の団体（令和四年外務省告示第八十二号）,524 デバイス・コンサルティング（別称、デバイス・コンサルティング有限会社）,"524 Device Consulting (also known as Device Consulting Co., Ltd.)",,,"Device Consulting, a.k.a., the following one alias: —Device Consulting Co. Ltd.","所在地：Aerodromnaya St. 6-A-45, St. Petersburg, 197348, Russia.",2022 年03 月01 日,2025 年01 月10 日,https://www.meti.go.jp/policy/external_economy/trade_control/02_export/17_russia/250912_list_russia_tokutei.pdf
Russia, 国際平和のための国際的な努力に我が国として寄与するために講ずる輸出等に係る禁止措置 の対象となるロシア連邦の団体（令和四年外務省告示第八十二号）,525 SMTアイロジック（別称、SMTアイロジック有限会社、SMTアイロギク）,"525 SMT I-Logic (also known as SMT I-Logic Co., Ltd., SMT I-Logic)",,,"SMT-iLogic, a.k.a., the following two aliases: —SMT iLogic LLC; and
—SMT Aylogik.","所在地：ul. Mineralnaya, Dom 13, Litera A, Pomeshtenie 15N, Saint Petersburg, 195197, Russia; and
Nepokorennykh Avenue, 17, Building 4, B, Room 5-N, St. Petersburg, 195220, Russia.",2022 年03 月01 日,2025 年01 月10 日,https://www.meti.go.jp/policy/external_economy/trade_control/02_export/17_russia/250912_list_russia_tokutei.pdf
Russia, 国際平和のための国際的な努力に我が国として寄与するために講ずる輸出等に係る禁止措置 の対象となるロシア連邦の団体（令和四年外務省告示第八十二号）,526 株式会社コンペル,"526 Compel Co., Ltd.",,,"JSC Kompel, a.k.a., the following two aliases: —Joint Stock Company Compel; and
—AO Kompel.","所在地：ul. Novokhokhlovskaya d. 23, str.1, Moscow, 109052, Russia; Pr-kt Volgogradskii d. 28A, pom. I, et. 3 kom.6, Moscow, 109316, Russia;
Bolshoi pr-t V.O., 18, Saint Petersburg, 199034, Russia; and
K. Marksa pr-t, 57, Novosibirsk, 630073, Russia.",2022 年03 月01 日,2025 年01 月10 日,https://www.meti.go.jp/policy/external_economy/trade_control/02_export/17_russia/250912_list_russia_tokutei.pdf
Russia, 国際平和のための国際的な努力に我が国として寄与するために講ずる輸出等に係る禁止措置 の対象となるロシア連邦の団体（令和四年外務省告示第八十二号）,527 ハーティスDV有限会社（別称、トレード・ハウス・アルコパネル有限会社）,527 Heartis DV Ltd. (also known as Trade House Alcopanel Ltd.),,,"Hartis DV LLC, a.k.a., the following two aliases: —Trade House Alkopanel Limited Liability Company; and
—OOO Khartis DV;","所在地：35 Svobody Street, Building 5, Floor 1, Kom. 4, Moscow, 125362, Russia.",2022 年03 月01 日,2025 年01 月10 日,https://www.meti.go.jp/policy/external_economy/trade_control/02_export/17_russia/250912_list_russia_tokutei.pdf
Russia, 国際平和のための国際的な努力に我が国として寄与するために講ずる輸出等に係る禁止措置 の対象となるロシア連邦の団体（令和四年外務省告示第八十二号）,528 IDソリューション有限会社（別称、有限会社アイディ・ソリューション）,"528 ID Solution Co., Ltd. (also known as ID Solution Co., Ltd.)",,,"ID Solution LLC, a.k.a., the following one alias: —OOO Aidi Solyushn.","所在地：Annino Plaza Business Center, 60B Dorozhnaya Street, Room 421, Moscow, 117405, Russia; and
2 Donbasskaya Street, Vidnoe, Moscow Oblast, 142700, Russia.",2022 年03 月01 日,2025 年01 月10 日,https://www.meti.go.jp/policy/external_economy/trade_control/02_export/17_russia/250912_list_russia_tokutei.pdf
Russia, 国際平和のための国際的な努力に我が国として寄与するために講ずる輸出等に係る禁止措置 の対象となるロシア連邦の団体（令和四年外務省告示第八十二号）,529 オレルメタルポリマー有限会社（別称、オーエムピー有限会社、有限会社オリョールメタル ポリマー）,"529 Orel Metal Polymer Co., Ltd. (Also known as OMP Co., Ltd., Orel Metal Polymer Co., Ltd.)",,,"Orelmetallpolimer LLC, a.k.a., the following three aliases: —OMP LLC;
—OrelMetallPolimer LLC; and
—OOO Orelmetallpolimer.","所在地：1 Yu Avtomagistral Street, Mtsensk, Orovskaya Oblast, 303032, Russia; ""45 Olkhovskaya Street, Building 3, Floor 1, Room 1/10, Munitsipalny Okrug Krasnoselski, Moscow, 105066, Russia; 19B Novosushchevskaya Street, Moscow, 127055, Russia; and 24/8 Vatutina Street, Office 204, Dzerzhinsk, Nizhny Novgorod Oblast, 606019, Russia.""",2022 年03 月01 日,2025 年01 月10 日,https://www.meti.go.jp/policy/external_economy/trade_control/02_export/17_russia/250912_list_russia_tokutei.pdf
Russia, 国際平和のための国際的な努力に我が国として寄与するために講ずる輸出等に係る禁止措置 の対象となるロシア連邦の団体（令和四年外務省告示第八十二号）,"530 株式会社ゲオミール（別称、インジェネルニー・センター・ゲオミール株式会社、インジェ ネルニー・センター・ゲオミール、非公開株式会社インジェネルニー・センター・ゲオミー
ル、非公開株式会社エンジニアリング・センター・ジオミール）","530 Geomir Co., Ltd. (Also known as Ingenerny Center Geomir Co., Ltd., Ingenerny Center Geomir, Privately held Ingenerny Center Geomir Co., Ltd., Privately held Engineering Center Geomir Co., Ltd.)",,,"AO Geomir, a.k.a., the following five aliases: —Inzhenerny Tsentr Geomir, AO;
—Inzhenerny Center Geomir;
—ZAO Inzhenernyy Tsentr Geomir;
—CJSC Engineering Center Geomir; and
—JSC Geomir.","所在地：50 Olimpiyskiy Prospekt, Mytishchi, Moscow Oblast, 141006, Russia; 24 Mel'nichnyy pereulok, Voronezh, 394030, Russia; 249 Krasnykh Partizan St., Office 209/2, Krasnodar, 350047, Russia; and 39 Molodogvardeysky Lane, Office 2, Rostov-on-Don, 344029, Russia.",2022 年03 月01 日,2025 年01 月10 日,https://www.meti.go.jp/policy/external_economy/trade_control/02_export/17_russia/250912_list_russia_tokutei.pdf
Russia, 国際平和のための国際的な努力に我が国として寄与するために講ずる輸出等に係る禁止措置 の対象となるロシア連邦の団体（令和四年外務省告示第八十二号）,531 株式会社セット1,"531 Set1 Co., Ltd.",,,"AO SET-1, a.k.a., the following three aliases: —AO Set-1;
—Set-1 JSC; and
—Cet-1 JSC.","所在地：38A 2nd Khutorskaya St., Bldg. 1, office 614, Moscow, 127287, Russia; and St. Pervomaiskaya Verkhn, 43, Moscow, 105264, Russia.",2022 年03 月01 日,2025 年01 月10 日,https://www.meti.go.jp/policy/external_economy/trade_control/02_export/17_russia/250912_list_russia_tokutei.pdf
Russia, 国際平和のための国際的な努力に我が国として寄与するために講ずる輸出等に係る禁止措置 の対象となるロシア連邦の団体（令和四年外務省告示第八十二号）,532 有限会社アラブガ・ヴォロクノ（別称、アラブガ・ファイバー有限会社）,"532 Arabga Volokno Co., Ltd. (also known as Arabga Fiber Co., Ltd.)",,,"OOO Alabuga-Volokno, a.k.a., the following one alias: —Alabuga-Fibre LLC.","所在地：Territoriya Oez Alabuga, Ul. Sh-2 Korp. 4/1, Yelabuga 423600, Russia; ul. Sh-2 Oez Alabuga Terr. Str. 11/9, Volga 423601, Russia; and
ul. Krzhizhanovskogo D. 14, Korp. 3, Moscow, 117218, Russia.",2022 年03 月01 日,2025 年01 月10 日,https://www.meti.go.jp/policy/external_economy/trade_control/02_export/17_russia/250912_list_russia_tokutei.pdf
Russia, 国際平和のための国際的な努力に我が国として寄与するために講ずる輸出等に係る禁止措置 の対象となるロシア連邦の団体（令和四年外務省告示第八十二号）,533 有限会社アルバトロス,"533 Albatross Co., Ltd.",,,"OOO Albatross, a.k.a., the following two aliases: —OOO Albatros; and
—Albatross LLC.","所在地：Sh-1 St., Building 8/1, SEZ Alabuga, Yelabuga, Tatarstan, 423601, Russia; Sh-1 St., Building 4/1 First Floor, SEZ Alabuga, Yelabuga, Tatarstan, Russia; and
Bldg. 34 St. Mykluho-Maklay, Moscow, 117229, Russia.",2022 年03 月01 日,2025 年01 月10 日,https://www.meti.go.jp/policy/external_economy/trade_control/02_export/17_russia/250912_list_russia_tokutei.pdf
Russia, 国際平和のための国際的な努力に我が国として寄与するために講ずる輸出等に係る禁止措置 の対象となるロシア連邦の団体（令和四年外務省告示第八十二号）,534 株式会社ヴェガ無線工学コーポレーション（別称、株式会社コンツェルン・ヴェガ、コンツェルン・ヴェガ、株式会社無線工学コーポレーション・ヴェガ及びコンツェルン・無線工学 ヴェガ）,"534 Vega Radio Engineering Corporation (also known as Konzern Vega Co., Ltd., Konzern Vega, Radio Engineering Corporation Vega, and Konzern Radio Engineering Vega)",,,"Joint Stock Company Vega Radio Engineering Corporation, a.k.a., the following seven aliases:
—AO Kontsern Vega;
—Concern Vega;
—JSC Concern Vega;
—JSC Radio Engineering Corporation Vega;
—Kontsern Radiostroeniya Vega;
—Vega Radio Engineering Corporation; and
—JSC Vega Corp.","所在地：34 Kutuzovsky Avenue, Moscow, 121170, Russia.",2022 年03 月01 日,2025 年01 月10 日,https://www.meti.go.jp/policy/external_economy/trade_control/02_export/17_russia/250912_list_russia_tokutei.pdf
Russia, 国際平和のための国際的な努力に我が国として寄与するために講ずる輸出等に係る禁止措置 の対象となるロシア連邦の団体（令和四年外務省告示第八十二号）,535 株式会社VNIIR プログレス,"535 VNIIR Progress Co., Ltd.",,,"JSC VNIIR Progress, a.k.a., the following one alias: —Joint Stock Company VNIIR Progress","所在地：Prospekt I.Ya.Yakovleva, d. 4, Cheboksary, 428024, Russia.",2022 年03 月01 日,2025 年01 月10 日,https://www.meti.go.jp/policy/external_economy/trade_control/02_export/17_russia/250912_list_russia_tokutei.pdf
Russia, 国際平和のための国際的な努力に我が国として寄与するために講ずる輸出等に係る禁止措置 の対象となるロシア連邦の団体（令和四年外務省告示第八十二号）,536 株式会社 SEZ アラブガ（別称、株式会社工業生産型経済特区アラブガ及び株式会社 OEZ PPT アラブガ）,"536 SEZ Arabga Co., Ltd. (also known as Industrial Production Type Economic Zone Arabga Co., Ltd. and OEZ PPT Arabga Co., Ltd.)",,,"JSC SEZ Alabuga, a.k.a., the following three aliases: —Joint Stock Company Special Economic Zone of Industrial Production Alabuga;
—AO OEZ PPT Alabuga; and
— Aktsionernoe Obshchestvo Osobaya Ekonomicheskaya Zona Promyshlenno-
Proizvodstvennogo tipa Alabuga.","所在地：Ul. Sh-2 (Oez Alabuga Ter.) 4/1, Yelabuga, Tatarstan, 423600, Russia; and
Promploshchadka Alabuga, ul. Sh-2, Korp. 4/1, Yelabuga, Volga federal region,
Republic of Tatarstan, 423600, Russia.",2022 年03 月01 日,2025 年01 月10 日,https://www.meti.go.jp/policy/external_economy/trade_control/02_export/17_russia/250912_list_russia_tokutei.pdf
Russia, 国際平和のための国際的な努力に我が国として寄与するために講ずる輸出等に係る禁止措置 の対象となるロシア連邦の団体（令和四年外務省告示第八十二号）,537 有限会社アラブガ・デベロップメント,"537 Arabga Development Co., Ltd.",,,"LLC Alabuga Development, a.k.a., the following three aliases: —Alabuga Development OOO;
—Obshchestvo s Ogranichennoi Otvetstvennostyu Alabuga Development; and
—Limited Liability Company Alabuga Development.","所在地：Ter. OEZ Alabuga, ul. Sh-2, K. 4, Pomeshch. 8, 9, 11, 12, 13, 14, Yelabuga, Volga federal region, Republic of Tatarstan, 423601, Russia.",2022 年03 月01 日,2025 年01 月10 日,https://www.meti.go.jp/policy/external_economy/trade_control/02_export/17_russia/250912_list_russia_tokutei.pdf
Russia, 国際平和のための国際的な努力に我が国として寄与するために講ずる輸出等に係る禁止措置 の対象となるロシア連邦の団体（令和四年外務省告示第八十二号）,538 VMK有限会社（別称、有限会社 VMK、VMK有限会社サマラ）,"538 VMK Co., Ltd. (Also known as VMK Co., Ltd., VMK Co., Ltd. Samara)",,,"VMK Limited Liability Company, a.k.a., the following four aliases: -Limited Liability Company VMK;
-VMK OOO Samara;-VMK LLC; and
-OOO VMK.","所在地：Office 258, 1A Smyshlyayevskoye Highway, Zubchaninovka village, Samara, Samara region, 443050, Russia.",2022 年03 月01 日,2025 年01 月10 日,https://www.meti.go.jp/policy/external_economy/trade_control/02_export/17_russia/250912_list_russia_tokutei.pdf
Russia, 国際平和のための国際的な努力に我が国として寄与するために講ずる輸出等に係る禁止措置 の対象となるロシア連邦の団体（令和四年外務省告示第八十二号）,539 ラジオプリボルスナブ有限会社（別称、有限会社ラジオプリボルスナブ、株式会社ラジオプ リボルスナブ）,"539 Radio PrevolsNub Co., Ltd. (Also known as Radio PrevolsNub Co., Ltd., Radio PrevolsNub Corporation)",,,"Radiopriborsnab LLC, a.k.a., the following three aliases: -Limited Liability Company Radiopriborsnab;
-OOO Radiopriborsnab; and
-AO Radiopriborsnab.","所在地：Office 111, Building 1, 31 Trudovaya St., Mytishchi, Moscow Region, 141014, Russia.",2022 年03 月01 日,2025 年01 月10 日,https://www.meti.go.jp/policy/external_economy/trade_control/02_export/17_russia/250912_list_russia_tokutei.pdf
Russia, 国際平和のための国際的な努力に我が国として寄与するために講ずる輸出等に係る禁止措置 の対象となるロシア連邦の団体（令和四年外務省告示第八十二号）,540 有限会社レゾニト（別称、レゾニト）,"540 Resonito Co., Ltd. (also known as Resonito)",,,"LLC Rezonit, a.k.a., the following two aliases: -Rezonit; and
-OOO Rezonit.","所在地：Solnechnaya alleya D. 6, Zelenograd, Moscow, 124527, Russia.",2022 年03 月01 日,2025 年01 月10 日,https://www.meti.go.jp/policy/external_economy/trade_control/02_export/17_russia/250912_list_russia_tokutei.pdf
Russia, 国際平和のための国際的な努力に我が国として寄与するために講ずる輸出等に係る禁止措置 の対象となるロシア連邦の団体（令和四年外務省告示第八十二号）,541 連邦国家企業ペルミ火薬工場（別称、ペルミ火薬工場、FKPペルミ火薬工場）,"541. Federal State Enterprise Perm Explosives Plant (also known as Perm Explosives Plant, FKP Perm Explosives Plant)",,,"Federal State Enterprise Perm Powder Plant, a.k.a., the following five aliases: —Federalnoe Kazennoe Predpriyatie Permski Porokhovoi Zavod;
-Permski Porokhovoi Zavod;
-Perm Powder Plant;
-Perm Gunpowder Mill; and
-FKP Permsky Porokhovoy Zavod.","所在地：11 Galperina Street, Perm, Perm Region, 614101, Russia.",2022 年03 月01 日,2025 年01 月10 日,https://www.meti.go.jp/policy/external_economy/trade_control/02_export/17_russia/250912_list_russia_tokutei.pdf
Russia, 国際平和のための国際的な努力に我が国として寄与するために講ずる輸出等に係る禁止措置 の対象となるロシア連邦の団体（令和四年外務省告示第八十二号）,542 プロトン株式会社（別称、株式会社プロトン）,"542 Proton Corporation (also known as Proton Co., Ltd.)",,,"Proton JSC, a.k.a., the following three aliases: -AO Proton;
-Aktsionernoe Obshchestvo Proton; and
-JSC Proton.","所在地：ul. Leskova 19, Orel, Orel Region, 302040, Russia.",2022 年03 月01 日,2025 年01 月10 日,https://www.meti.go.jp/policy/external_economy/trade_control/02_export/17_russia/250912_list_russia_tokutei.pdf
Russia, 国際平和のための国際的な努力に我が国として寄与するために講ずる輸出等に係る禁止措置 の対象となるロシア連邦の団体（令和四年外務省告示第八十二号）,543 株式会社コンツェルン・ソズヴェズジエ（別称、株式会社ソズヴェズジエ・コンツェルン）,"543. Konzern Sozvezdje Co., Ltd. (also known as Sozvezdje Konzern Co., Ltd.)",,,"Joint Stock Company Concern Sozvezdie, a.k.a., the following four aliases: -JSC Concern Sozvezdie;
-JSC Sozvezdie Concern;
-Joint-Stock Company Concern Sozvezdie; and -AO Kontsern Sozvezdie.","所在地：14 Plekhanovskaya Street, Voronezh, 394018, Russia; 14 ul. Plekhanovskaya, Voronezh, Voronezhskaya obl., 394018, Russia.",2022 年03 月01 日,2025 年01 月10 日,https://www.meti.go.jp/policy/external_economy/trade_control/02_export/17_russia/250912_list_russia_tokutei.pdf
Russia, 国際平和のための国際的な努力に我が国として寄与するために講ずる輸出等に係る禁止措置 の対象となるロシア連邦の団体（令和四年外務省告示第八十二号）,544 イネルソ有限会社（別称、有限会社イネルソ）,"544 Inerso Co., Ltd. (also known as Inerso Co., Ltd.)",,,"Inelso LLC, a.k.a., the following two aliases: -Limited Liability Company Inelso; and
-OOO Inelso.","所在地： 3 Gelsingforsskaya Street, Letter Z, Room 412, Sampsonievsk Municipal Okrug, St. Petersburg, 194044, Russia; Serpukhov Dvor Business Center, 2Y Roshchinskiy
Proyezd, 8, Moscow, 115419, Russia.",2022 年03 月01 日,2025 年01 月10 日,https://www.meti.go.jp/policy/external_economy/trade_control/02_export/17_russia/250912_list_russia_tokutei.pdf
Russia, 国際平和のための国際的な努力に我が国として寄与するために講ずる輸出等に係る禁止措置 の対象となるロシア連邦の団体（令和四年外務省告示第八十二号）,"545 ウルトラン・エレクトロニック・コンポネンツ有限会社（別称、ウルトラン EC有限会社、有 限会社ウルトランEK、有限会社ウルトラン・エレクトロニック・コンポネンツ、ウルトラン
EK有限会社）","545 Ultran Electronic Components Ltd. (also known as Ultran EC Ltd., Ultran EK Ltd., Ultran Electronic Components Ltd., Ultran EK Ltd.)",,,"Ultran Electronic Components LLC, a.k.a., the following five aliases: -Ultran EC LLC;
-OOO Ultran EK;
-Limited Liability Company Ultran Electronic Components;
-Obshchestvo s Ogranichennoi Otvetstvennostyu Ultran Elektronnye Komponenty; and
-Ultran EK OOO.","所在地：Politekhnicheskaya Str., 22, Letter L, Premises 1-N, Room 8, St. Petersburg, 194021, Russia;",2022 年03 月01 日,2025 年01 月10 日,https://www.meti.go.jp/policy/external_economy/trade_control/02_export/17_russia/250912_list_russia_tokutei.pdf
Russia, 国際平和のための国際的な努力に我が国として寄与するために講ずる輸出等に係る禁止措置 の対象となるロシア連邦の団体（令和四年外務省告示第八十二号）,546 有限会社フレガート（別称、フレガート有限会社）,"546. Fregato Co., Ltd. (also known as Fregato Co., Ltd.)",,,"LLC Fregat, a.k.a., the following three aliases: -Fregat LLC;
-OOO Fregat; and
-Fregat OOO.","所在地：Moiseenko Str., 24A, Room 1-H, Office 404-404a, St. Petersburg, 191144, Russia.",2022 年03 月01 日,2025 年01 月10 日,https://www.meti.go.jp/policy/external_economy/trade_control/02_export/17_russia/250912_list_russia_tokutei.pdf
Russia, 国際平和のための国際的な努力に我が国として寄与するために講ずる輸出等に係る禁止措置 の対象となるロシア連邦の団体（令和四年外務省告示第八十二号）,547 レニングラード・レーザー・システムズ（別称、株式会社 LLS、レンレーザーズ）,"547 Leningrad Laser Systems (also known as LLS Ltd., Leningrad Lasers)",,,"Leningrad Laser Systems, a.k.a., the following three aliases: -AO LLS;
-LenLasers; and
-Aktsionernoe Obshchestvo LLS.","所在地： Yablochkova Str., 20, Letter Ya, Office 408, St. Petersburg, 197198, Russia; Boris Bogatkova Str., 210, Novosibirsk, 630090, Russia; Filippovsky Pereulok, 13,
Building 1, Moscow, 119019, Russia; Zhigura Str., 2, Vladivostok, 690088, Russia.",2022 年03 月01 日,2025 年01 月10 日,https://www.meti.go.jp/policy/external_economy/trade_control/02_export/17_russia/250912_list_russia_tokutei.pdf
Russia, 国際平和のための国際的な努力に我が国として寄与するために講ずる輸出等に係る禁止措置 の対象となるロシア連邦の団体（令和四年外務省告示第八十二号）,548 有限会社スタウト（別称、スタウト・デザイン・センター、スタウト・カンパニー有限会社）,"548 Stout Co., Ltd. (also known as Stout Design Center, Stout Company Co., Ltd.)",,,"OOO Staut, a.k.a., the following three aliases: -Staut Design Center;-Staut Company Limited; and
-Staut CO LTD.","所在地： BOX 1410, St. Petersburg, 200961, Russia; Moiseenko Str., 41, Letter B, Room 4, Floor 2, Office 1, St. Petersburg, 191144, Russia; Prospekt Obukhovsky Aborony,
123A, Premises 20, St. Petersburg, 192029, Russia.",2022 年03 月01 日,2025 年01 月10 日,https://www.meti.go.jp/policy/external_economy/trade_control/02_export/17_russia/250912_list_russia_tokutei.pdf
Russia, 国際平和のための国際的な努力に我が国として寄与するために講ずる輸出等に係る禁止措置 の対象となるロシア連邦の団体（令和四年外務省告示第八十二号）,549 有限会社NVS ナビゲーション・テクノロジーズ（別称、NVSテクノロジーズ、NVSナビゲーシ ョン・テクノロジーズ有限会社）,"549 NVS Navigation Technologies Co., Ltd. (also known as NVS Technologies, NVS Navigation Technologies Co., Ltd.)",,,"LLC NVS Navigation Technologies, a.k.a., the following three aliases: -NVS Technologies;
-NVS Navigation Technologies Ltd; and
-OOO NVS Navigatsionnye Tekhnologii.","所在地: Kulneva Str., 3, Building 1, Office III, Room 25, Moscow, 121170, Russia.",2022 年03 月01 日,2025 年01 月10 日,https://www.meti.go.jp/policy/external_economy/trade_control/02_export/17_russia/250912_list_russia_tokutei.pdf
Russia, 国際平和のための国際的な努力に我が国として寄与するために講ずる輸出等に係る禁止措置 の対象となるロシア連邦の団体（令和四年外務省告示第八十二号）,550 連邦国家単一企業学術生産企業ガンマ（別称、連邦国家単一企業 NPP ガンマ、連邦国家単一 企業研究生産企業ガンマ、FGUP NPPガンマ、FSUE NPPガンマ、学術生産企業ガンマ）,"550 Federal State Single Enterprise Academic Production Enterprise Gamma (also known as Federal State Single Enterprise NPP Gamma, Federal State Single Enterprise Research and Production Enterprise Gamma, FGUP NPP Gamma, FSUE NPP Gamma, Academic Production Enterprise Gamma)",,,"Federal State Unitary Enterprise Scientific and Production Enterprise Gamma, a.k.a., the following five aliases:
-Federal State Unitary Enterprise NPP Gamma;
-Federal State Unitary Enterprise Research and Production Enterprise Gamma;
-FGUP NPP Gamma;
-FSUE NPP Gamma; and
-Nauchno-Proizvodstvennoe Predpriyatie Gamma.","所在地: Ul. Profsoyuznaya D. 78, Str. 4, Moscow, 117393, Russia.",2022 年03 月01 日,2025 年01 月10 日,https://www.meti.go.jp/policy/external_economy/trade_control/02_export/17_russia/250912_list_russia_tokutei.pdf
Russia, 国際平和のための国際的な努力に我が国として寄与するために講ずる輸出等に係る禁止措置 の対象となるロシア連邦の団体（令和四年外務省告示第八十二号）,551 ストレロイ・イーコメルツ（別称、ストレロイ・イーコマース、有限会社ストレロイ・イー コマース）,"551 Streroy E-Commerz (also known as Streroy E-Commerce, Streroy E-Commerce Co., Ltd.)",,,"Streloi Ekommerts, a.k.a., the following two aliases: -LLC Streloy E-Commerce; and
-Streloy Ecommerce.","所在地：Dmitrovsky Per. 13, Lit. A, St. Petersburg, 191025, Russia.",2022 年03 月01 日,2025 年01 月10 日,https://www.meti.go.jp/policy/external_economy/trade_control/02_export/17_russia/250912_list_russia_tokutei.pdf
Russia, 国際平和のための国際的な努力に我が国として寄与するために講ずる輸出等に係る禁止措置 の対象となるロシア連邦の団体（令和四年外務省告示第八十二号）,552 有限会社チップデバイス,"552 Chip Device Co., Ltd.",,,"LLC Chipdevice, a.k.a., the following two aliases: -OOO Chipdevais; and
-Limited Liability Company Chipdevice.","所在地：5 Rizhskaya, Corpus 1 Building A, Suite 5N, Unit 27, 28, Office 416, St. Petersburg, 195196, Russia.",2022 年03 月01 日,2025 年01 月10 日,https://www.meti.go.jp/policy/external_economy/trade_control/02_export/17_russia/250912_list_russia_tokutei.pdf
Russia, 国際平和のための国際的な努力に我が国として寄与するために講ずる輸出等に係る禁止措置 の対象となるロシア連邦の団体（令和四年外務省告示第八十二号）,553 有限会社ノヴェルコ（別称、ノヴェルコ有限会社）,"553 Novelco Co., Ltd. (also known as Novelco Co., Ltd.)",,,"OOO Novelco, a.k.a., the following four aliases: -Novelco LLC;-OOO Novelko;
-Limited Liability Company Novelco; and
-Limited Liability Company Novelko","所在地： Krasnaya Str., 58, Solnechnogorsk, Moscow Oblast, 141506, Russia; Aeroportovskaya Str., 2, Building 2, Business Centre Sherland, Office 210-1, Dubrovki Village, Khimki, Moscow Oblast, 141580, Russia.",2022 年03 月01 日,2025 年01 月10 日,https://www.meti.go.jp/policy/external_economy/trade_control/02_export/17_russia/250912_list_russia_tokutei.pdf
Russia, 国際平和のための国際的な努力に我が国として寄与するために講ずる輸出等に係る禁止措置 の対象となるロシア連邦の団体（令和四年外務省告示第八十二号）,554 株式会社エマージェンシー・デジタル・ソリューションズ(EDS)（別称、株式会社 EDS、有限 会社エマージェンシー・デジタル・ソリューションズ、有限会社 EDS）,"554 Emergency Digital Solutions Co., Ltd. (EDS) (also known as EDS Co., Ltd., Emergency Digital Solutions Co., Ltd., and EDS Co., Ltd.)",,,"JSC Emergency Digital Solutions (EDS), a.k.a., the following three aliases: -AO EDS;
-Limited Liability Company Emergency Digital Solutions; and
-LLC EDS.","所在地： Perunovsky Pereulok, 3, Building 2, Marina Roshcha Municipal District, Moscow, 107113, Russia; P.O. Box 132, Moscow, 127055, Russia.",2022 年03 月01 日,2025 年01 月10 日,https://www.meti.go.jp/policy/external_economy/trade_control/02_export/17_russia/250912_list_russia_tokutei.pdf
Russia, 国際平和のための国際的な努力に我が国として寄与するために講ずる輸出等に係る禁止措置 の対象となるロシア連邦の団体（令和四年外務省告示第八十二号）,555 第48中央科学研究所（別称、連邦国家予算機関ロシア連邦国防省第 48中央科学研究所、 FGBU ロシア国防省第 48TsNII、第 48 中央科学研究所 (TsNII)、第 48TsNII、FGBU 第 48 中央科学 研究所）,"555 The 48th Central Institute of Science (also known as the 48th Central Institute of Science of the Ministry of Defense of the Russian Federation, FGBU 48TsNII, 48th Central Institute of Science (TsNII), 48TsNII, FGBU 48th Central Institute of Science)",,,"48th Central Scientific Research Institute, a.k.a., the following six aliases: -Federalnoe Gosudarstvennoe Biudzhetnoe Uchrezhdenie 48 Tsentralnyi Nauchno
Issledovatelskii Institut Ministerstva Oborony Rossiiskoi Federatsii;
-FGBU 48 TsNII Minoborony Rossii;
-48th Central Scientific Research Institute (TsNII);
-48th TsNII;
-Federal State Budgetary Institution 48 Central Scientific Research Institute of the
Ministry of Defence of the Russian Federation; and
- FGBU 48 Central Scientific Research Institute.","所在地：Ul. Oktyabrskaya D. 11, Sergiev Posad-6, Moscow Oblast, 141306, Russia; 119 Oktyabrsky Prospekt, Kirov, Kirov Oblast, 610017, Russia; 1 Ulitsa Zvezdnaya,
Yekaterinburg, Sverdlovsk Oblast, 620085, Russia.",2022 年03 月01 日,2025 年01 月10 日,https://www.meti.go.jp/policy/external_economy/trade_control/02_export/17_russia/250912_list_russia_tokutei.pdf
Russia, 国際平和のための国際的な努力に我が国として寄与するために講ずる輸出等に係る禁止措置 の対象となるロシア連邦の団体（令和四年外務省告示第八十二号）,556 ロシア国防省第27学術センター（別称、第 27NTs、第27中央科学研究所（TsNII） 、第27TsNII、連邦予算機関ロシア連邦国防省第 27 中央科学研究所、FGBU 第 27 中央科学研究所、第 27 軍 事学術センター、国防省第 27学術開発センター）,"556. The 27th Science Center of the Russian Ministry of Defense (also known as the 27th NTs, the 27th Central Institute of Scientific Research (TsNII), the 27th TsNII, the 27th Central Institute of Scientific Research of the Ministry of Defense of the Russian Federation, the FGBU 27th Central Institute of Scientific Research, the 27th Military Science Center, the 27th Science and Development Center of the Ministry of Defense)",ロシア国防省第27学術センター,第 27NTs; 第27中央科学研究所（TsNII）; 第27TsNII; 連邦予算機関ロシア連邦国防省第 27 中央科学研究所; FGBU 第 27 中央科学研究所; 第 27 軍 事学術センター; 国防省第 27学術開発センター,"27th Scientific Center of the Russian Ministry of Defense, a.k.a., the following seven aliases:
-27th NTs;
-27th Central Scientific Research Institute (TsNII);
-27th TsNII;
-Federal State Budgetary Institution 27 Central Scientific Research Institute of the
Ministry of Defence of the Russian Federation;-FGBU 27 Central Scientific Research Institute;
-27th Military Scientific Centre; and
-27th Research and Development Centre of the Ministry of Defence.","所在地： 1st Khoroshevsky Proezd, 5, Moscow, 123007, Russia; Brigadirskiy Pereulok 13, Moscow, 105005, Russia.",2022 年03 月01 日,2025 年01 月10 日,https://www.meti.go.jp/policy/external_economy/trade_control/02_export/17_russia/250912_list_russia_tokutei.pdf
Russia, 国際平和のための国際的な努力に我が国として寄与するために講ずる輸出等に係る禁止措置 の対象となるロシア連邦の団体（令和四年外務省告示第八十二号）,557 第33科学研究試験所（別称、第 33TsNIII、第 33中央科学研究所(TsNII)、化学防衛研究所、国防省科学研究第33 中央試験研究所、ロシア連邦国防省第 33中央研究試験所、第 33 軍事学 術センター、防衛省第 33研究開発センター）,"557. The 33rd Scientific Research and Test Institute (also known as the 33rd TsNIII, the 33rd Central Scientific Research Institute (TsNII), the Chemical Defense Research Institute, the 33rd Central Scientific Research and Test Institute of the Ministry of Defense, the 33rd Central Research and Test Institute of the Ministry of Defense of the Russian Federation, the 33rd Military Science Center, the 33rd Research and Development Center of the Ministry of Defense)",,,"33rd Scientific Research and Testing Institute, a.k.a., the following eight aliases: -33rd TsNIII;
-33rd Central Scientific Research Institute (TsNII);
-Institute of Chemical Defence;
-33rd Central Scientific Research Institute;
-33rd Central Experimental Institute for Scientific Research of the Ministry of
Defence;
-33rd Central Research and Testing Institute of the Ministry of Defence of the Russian
Federation;
-33rd Military Scientific Centre; and
-33rd Research and Development Centre of the Ministry of Defence.","所在地：1 Ulitsa Krasnoznamennaya, Volsk-18, Shikhany, Saratov Oblast, 412918, Russia; Krasnoznamennaya Street 1, Shikhany-2, Volsk, Saratov Oblast, 412918, Russia.",2022 年03 月01 日,2025 年01 月10 日,https://www.meti.go.jp/policy/external_economy/trade_control/02_export/17_russia/250912_list_russia_tokutei.pdf
Russia, 国際平和のための国際的な努力に我が国として寄与するために講ずる輸出等に係る禁止措置 の対象となるロシア連邦の団体（令和四年外務省告示第八十二号）,558 革新技術エンジニアリング・センター（別称、ECITECH、有限会社 TsITI、有限会社革新技術 エンジニアリング・センター）,"558. Innovative Technology Engineering Center (also known as ECITECH, TsITI Co., Ltd., Innovative Technology Engineering Center Co., Ltd.)",,,"Engineering Center of Innovative Technologies, a.k.a., the following four aliases: -ECITECH;
-OOO TsITI;
-LLC Centre of Innovative Technologies and Engineering; and
-Tsentr Innovatsionnykh Tekhnologii i Inzhiniringa.","所在地：2 Zavodskoy proezd, office 632, Fryazino, 141190, Russia.",2022 年03 月01 日,2025 年01 月10 日,https://www.meti.go.jp/policy/external_economy/trade_control/02_export/17_russia/250912_list_russia_tokutei.pdf
Russia, 国際平和のための国際的な努力に我が国として寄与するために講ずる輸出等に係る禁止措置 の対象となるロシア連邦の団体（令和四年外務省告示第八十二号）,559 有限会社テクノロジー・フライブリッジ（別称、有限会社技術企業フライ・ブリッジ、有限 会社TCフライ・ブリッジ、有限会社 TKフライ・ブリッジ）,"559 Technology Flybridge Co., Ltd. (also known as Technology Enterprise Flybridge Co., Ltd., TC Flybridge Co., Ltd., and TK Flybridge Co., Ltd.)",,,"Limited Liability Company Technology Flybridge, a.k.a., the following four aliases: -Limited Liability Company Technological Company Fly Bridge;
-LLC TC Fly Bridge;
-OOO TK Fly Bridge; and
-Obschestvo s Ogranichennoi Otvetstvennostyu Tekhnologicheskaya Kompaniya Flaibridzh.","所在地：Patsaeva Prospekt, 7, Building 1, Office 28/1, Dolgoprudny, Moscow Oblast, 141707, Russia; Dirizhabelnaya Str., 15a, Dolgoprudny, Moscow Oblast, 141700, Russia.",2022 年03 月01 日,2025 年01 月10 日,https://www.meti.go.jp/policy/external_economy/trade_control/02_export/17_russia/250912_list_russia_tokutei.pdf
Russia, 国際平和のための国際的な努力に我が国として寄与するために講ずる輸出等に係る禁止措置 の対象となるロシア連邦の団体（令和四年外務省告示第八十二号）,560 アルファ・マシナリー・グループ,560 Alpha Machinery Group,アルファ・マシナリー・グループ,AMG社; 有限会社 AMG; ,Alpha Machinery Group a.k.a. - LLC Company AMG; - Kompaniya AMG,"所在地：ul. Kuskovskaya, d. 20A, pom. XIIA, komn. 114, Moscow 111141, Russia",2022 年03 月01 日,2025 年09 月12 日,https://www.meti.go.jp/policy/external_economy/trade_control/02_export/17_russia/250912_list_russia_tokutei.pdf
Russia, 国際平和のための国際的な努力に我が国として寄与するために講ずる輸出等に係る禁止措置 の対象となるロシア連邦の団体（令和四年外務省告示第八十二号）,561 有限会社ヴネシュエコスティル,"561 Vnesh Ecostyle Co., Ltd.",有限会社ヴネシュエコスティル,,LLC Vneshekostil a.k.a. - OOO Vneshekostil,"所在地：Room. 19, fl.1, pom. I, Building 5, Kashirskoye shosse, 55, Moscow 115211, Russia",2022 年03 月01 日,2025 年09 月12 日,https://www.meti.go.jp/policy/external_economy/trade_control/02_export/17_russia/250912_list_russia_tokutei.pdf
Belarus,国際平和のための国際的な努力に我が国として寄与するために講ずる輸出等に係る禁止措置 の対象となるベラルーシ共和国の団体（令和四年外務省告示第百四号）,１ 国防省（ベラルーシ軍及び場所を問わず全ての運用部隊を含む。）,"1. Ministry of Defense (including the Belarusian military and all operational units, regardless of location)",国防省（ベラルーシ軍及び場所を問わず全ての運用部隊を含む。）,,"The Ministry of Defence of the Republic of Belarus, including the Armed Forces of Belarus and all operating units wherever located",所在地：All addresses located in Belarus,2022 年03 月08 日,2022 年07 月05 日,https://www.meti.go.jp/policy/external_economy/trade_control/02_export/17_russia/list_belarus_tokutei.pdf
Belarus,国際平和のための国際的な努力に我が国として寄与するために講ずる輸出等に係る禁止措置 の対象となるベラルーシ共和国の団体（令和四年外務省告示第百四号）,１ ベラルーシ軍（陸 軍及び空軍・防空軍）,"1. Belarusian Army (Army, Air Force, and Air Defense Forces)",ベラルーシ軍（陸 軍及び空軍・防空軍）,,National Armed Services (Army and Air Force) of the Republic of Belarus,所在地：All addresses located in Belarus,2022 年03 月08 日,2022 年07 月05 日,https://www.meti.go.jp/policy/external_economy/trade_control/02_export/17_russia/list_belarus_tokutei.pdf
Belarus,国際平和のための国際的な努力に我が国として寄与するために講ずる輸出等に係る禁止措置 の対象となるベラルーシ共和国の団体（令和四年外務省告示第百四号）,１ 国家国境委員会と警察,1. National Border Commission and Police,,,National Guard and National Police of the Republic of Belarus,所在地：All addresses located in Belarus,2022 年03 月08 日,2022 年07 月05 日,https://www.meti.go.jp/policy/external_economy/trade_control/02_export/17_russia/list_belarus_tokutei.pdf
Belarus,国際平和のための国際的な努力に我が国として寄与するために講ずる輸出等に係る禁止措置 の対象となるベラルーシ共和国の団体（令和四年外務省告示第百四号）,１ 諜報及び偵察機関,1. Intelligence and reconnaissance agencies,,,Government Intelligence or Reconnaissance Organizations of the Republic of Belarus,所在地：All addresses located in Belarus,2022 年03 月08 日,2022 年07 月05 日,https://www.meti.go.jp/policy/external_economy/trade_control/02_export/17_russia/list_belarus_tokutei.pdf
Belarus,国際平和のための国際的な努力に我が国として寄与するために講ずる輸出等に係る禁止措置 の対象となるベラルーシ共和国の団体（令和四年外務省告示第百四号）,２ 株式会社インテグラル（別称、OAOインテグラル、株式会社インテグラル＝ホールディング・マネージング）,"2. Integral Co., Ltd. (also known as OAO Integral, Integral Holdings & Managing Co., Ltd.)",,,"JSC Integral, a.k.a., the following two aliases: - OAO Integral; and
- Joint-Stock Company Integral-Holding Managing Company","所在地：121A, Kazintsa I.P. Str., Minsk, 220108, Belarus; and 12 Korzhenevskogo Str., Minsk, 220108, Belarus; and 137 Brestskaya Str., Pinsk, Brest region, 225710, Belarus",2022 年03 月08 日,2022 年07 月05 日,https://www.meti.go.jp/policy/external_economy/trade_control/02_export/17_russia/list_belarus_tokutei.pdf
Belarus,国際平和のための国際的な努力に我が国として寄与するために講ずる輸出等に係る禁止措置 の対象となるベラルーシ共和国の団体（令和四年外務省告示第百四号）,３ 株式会社第140 修理工場,"3. Repair Shop No. 140, Inc.",,,"140 Repair Plant JSC a.k.a., the following two aliases: - Open Joint Stock Company 140 Repair Plant; and
- JSC 140 Repair Plant.","所在地：19 Lyusi Chalovskoy str., Borisov, Minsk Region, 222512, Belarus",2022 年03 月08 日,2022 年07 月05 日,https://www.meti.go.jp/policy/external_economy/trade_control/02_export/17_russia/list_belarus_tokutei.pdf
Belarus,国際平和のための国際的な努力に我が国として寄与するために講ずる輸出等に係る禁止措置 の対象となるベラルーシ共和国の団体（令和四年外務省告示第百四号）,４ 株式会社第558 航空機修理工場（別称、株式会社 558 ARP）,"4. 558th Aircraft Repair Factory Co., Ltd. (also known as 558 ARP Co., Ltd.)",,,"558 Aircraft Repair Plant JSC, a.k.a., the following one alias: - JSC 558 ARP.","所在地：7, 50 let VLKSM str., Baranovichi, Brest Region, 225320, Belarus",2022 年03 月08 日,2022 年07 月05 日,https://www.meti.go.jp/policy/external_economy/trade_control/02_export/17_russia/list_belarus_tokutei.pdf
Belarus,国際平和のための国際的な努力に我が国として寄与するために講ずる輸出等に係る禁止措置 の対象となるベラルーシ共和国の団体（令和四年外務省告示第百四号）,５ 株式会社第2566 無線電子装備品修理工場（別称、株式会社 2566 ZRREV）,"5. 2566th Wireless Electronic Equipment Repair Factory Co., Ltd. (Also known as 2566 ZRREV Co., Ltd.)",,,"2566 Radioelectronic Armament Repair Plant JSC, a.k.a., the following one alias: - JSC 2566 ZRREV.","所在地：54 Gagarina str., Borisov, Minsk Region, 222511, Belarus",2022 年03 月08 日,2022 年07 月05 日,https://www.meti.go.jp/policy/external_economy/trade_control/02_export/17_russia/list_belarus_tokutei.pdf
Belarus,国際平和のための国際的な努力に我が国として寄与するために講ずる輸出等に係る禁止措置 の対象となるベラルーシ共和国の団体（令和四年外務省告示第百四号）,６ 株式会社アガト管制システム・地理情報管理システムホールディング運営社（別称、アガト管 制システム）,"6. Agat Control System & Geographic Information Management System Holdings Co., Ltd. (also known as Agat Control System)",,,"AGAT – Control Systems – Managing Company of Geoinformation Control Systems Holding JSC, a.k.a., the following one alias:
- AGAT – Control Systems.","所在地：117/1 Nezavisimosti ave., Minsk, 220114, Belarus",2022 年03 月08 日,2022 年07 月05 日,https://www.meti.go.jp/policy/external_economy/trade_control/02_export/17_russia/list_belarus_tokutei.pdf
Belarus,国際平和のための国際的な努力に我が国として寄与するために講ずる輸出等に係る禁止措置 の対象となるベラルーシ共和国の団体（令和四年外務省告示第百四号）,７ 株式会社アガト電子機器工場,"7. Agato Electronics Factory Co., Ltd.",,,"AGAT-Electromechanical Plant OJSC, a.k.a., the following two aliases: - JSC Agat Electromechanical Plant; and
- Agat-Elektromekhanicheski Zavod.","所在地：6 Volgogradskaya str., Minsk, 220012, Belarus; and 117, bid.3, Nezavisimosti ave., Minsk, 220114, Belarus",2022 年03 月08 日,2022 年07 月05 日,https://www.meti.go.jp/policy/external_economy/trade_control/02_export/17_russia/list_belarus_tokutei.pdf
Belarus,国際平和のための国際的な努力に我が国として寄与するために講ずる輸出等に係る禁止措置 の対象となるベラルーシ共和国の団体（令和四年外務省告示第百四号）,８ アガトシステム,8. Agato System,,,Agat-System,"所在地：51B Frantsiska Skorina str., Minsk, 220141, Belarus",2022 年03 月08 日,2022 年07 月05 日,https://www.meti.go.jp/policy/external_economy/trade_control/02_export/17_russia/list_belarus_tokutei.pdf
Belarus,国際平和のための国際的な努力に我が国として寄与するために講ずる輸出等に係る禁止措置 の対象となるベラルーシ共和国の団体（令和四年外務省告示第百四号）,９ 有限会社ATE エンジニアリング,"9. ATE Engineering Co., Ltd.",,,ATE-Engineering LLC,"所在地：15A Smolenskaya str., Minsk, 220088, Belarus",2022 年03 月08 日,2022 年07 月05 日,https://www.meti.go.jp/policy/external_economy/trade_control/02_export/17_russia/list_belarus_tokutei.pdf
Belarus,国際平和のための国際的な努力に我が国として寄与するために講ずる輸出等に係る禁止措置 の対象となるベラルーシ共和国の団体（令和四年外務省告示第百四号）,10 ベルオモホールディング（別称、ベラルーシ総合光学機器）,10. Belomo Holding (also known as Belarusian General Optical Instruments),,,"BelOMO Holding, a.k.a., the following one alias: - The Belarusian Optical and Mechanical Association.","所在地：23 Makaenka str., Minsk, 220114, Belarus",2022 年03 月08 日,2022 年07 月05 日,https://www.meti.go.jp/policy/external_economy/trade_control/02_export/17_russia/list_belarus_tokutei.pdf
Belarus,国際平和のための国際的な努力に我が国として寄与するために講ずる輸出等に係る禁止措置 の対象となるベラルーシ共和国の団体（令和四年外務省告示第百四号）,11 純国営対外貿易企業ベラルーシ対外特殊機材公社（別称、BSVT）,"11. Belarusian Foreign Special Equipment Corporation (also known as BSVT), a purely state-owned foreign trade enterprise.",,,"Belspetsvneshtechnika SFTUE, a.k.a., the following two aliases: - State-Owned Foreign Trade Unitary Enterprise Belspetsvneshtechnika; and
- BSVT.","所在地：8 Kalinovskogo str., Minsk, 220103, Belarus",2022 年03 月08 日,2022 年07 月05 日,https://www.meti.go.jp/policy/external_economy/trade_control/02_export/17_russia/list_belarus_tokutei.pdf
Belarus,国際平和のための国際的な努力に我が国として寄与するために講ずる輸出等に係る禁止措置 の対象となるベラルーシ共和国の団体（令和四年外務省告示第百四号）,12 株式会社ベラルーシ機材輸出公社,12. Belarusian Equipment Export Corporation,,,Beltechexport CJSC,"所在地：86b Nezavisimosti ave., Minsk, 220012, Belarus",2022 年03 月08 日,2022 年07 月05 日,https://www.meti.go.jp/policy/external_economy/trade_control/02_export/17_russia/list_belarus_tokutei.pdf
Belarus,国際平和のための国際的な努力に我が国として寄与するために講ずる輸出等に係る禁止措置 の対象となるベラルーシ共和国の団体（令和四年外務省告示第百四号）,13 BSVT新技術,13 BSVT New Technology,,,BSVT-New Technologies,"所在地：187 Soltysa str., Minsk, 220012, Belarus",2022 年03 月08 日,2022 年07 月05 日,https://www.meti.go.jp/policy/external_economy/trade_control/02_export/17_russia/list_belarus_tokutei.pdf
Belarus,国際平和のための国際的な努力に我が国として寄与するために講ずる輸出等に係る禁止措置 の対象となるベラルーシ共和国の団体（令和四年外務省告示第百四号）,14 ゴメリ州執行委員会内務局,14. Gomel State Executive Board Internal Affairs Department,,,"Department of Internal Affairs of the Gomel Region Executive Committee, a.k.a., the following one alias:
- UVD of the Gomel Region Executive Committee.","所在地：3 Kommunarov str., Gomel, Gomel Region, 246050, Belarus",2022 年03 月08 日,2022 年07 月05 日,https://www.meti.go.jp/policy/external_economy/trade_control/02_export/17_russia/list_belarus_tokutei.pdf
Belarus,国際平和のための国際的な努力に我が国として寄与するために講ずる輸出等に係る禁止措置 の対象となるベラルーシ共和国の団体（令和四年外務省告示第百四号）,15 ベラルーシ共和国内務省国内軍,15. Internal Troops of the Ministry of Internal Affairs of the Republic of Belarus,,,"Internal Troops of the Ministry of Internal Affairs of the Republic of Belarus, a.k.a., the following one alias:
- MVD Internal Troops.","所在地：4 Golodskoy Val, Minsk, 220030, Belarus",2022 年03 月08 日,2022 年07 月05 日,https://www.meti.go.jp/policy/external_economy/trade_control/02_export/17_russia/list_belarus_tokutei.pdf
Belarus,国際平和のための国際的な努力に我が国として寄与するために講ずる輸出等に係る禁止措置 の対象となるベラルーシ共和国の団体（令和四年外務省告示第百四号）,16 KGBアルファ（別称、ベラルーシ共和国国家保安委員会アルファ、アルファ部隊、部隊 A）,"16 KGB Alpha (also known as the Belarusian Republic's State Security Committee Alpha, Alpha Unit, Unit A)",,,"KGB Alpha, a.k.a., the following three aliases: - The State Security Committee Alpha;
- Alpha Group; and
- Group A.",所在地：Belarus,2022 年03 月08 日,2022 年07 月05 日,https://www.meti.go.jp/policy/external_economy/trade_control/02_export/17_russia/list_belarus_tokutei.pdf
Belarus,国際平和のための国際的な努力に我が国として寄与するために講ずる輸出等に係る禁止措置 の対象となるベラルーシ共和国の団体（令和四年外務省告示第百四号）,17 株式会社キドマテック（別称、BSVT新技術、BSVT-NT）,"17. Kidmatec Co., Ltd. (also known as BSVT New Technology, BSVT-NT)",,,"Kidma Tech OJSC, a.k.a., the following two aliases: - BSVT-New Technologies; and
- BSVT-NT.","所在地：187 Soltysa str., Minsk, 220070, Belarus; and 5/1 Ag. Ustye, Ustenskiy Selsovet, Orsha District, Vitebsk Region, 211003, Belarus",2022 年03 月08 日,2022 年07 月05 日,https://www.meti.go.jp/policy/external_economy/trade_control/02_export/17_russia/list_belarus_tokutei.pdf
Belarus,国際平和のための国際的な努力に我が国として寄与するために講ずる輸出等に係る禁止措置 の対象となるベラルーシ共和国の団体（令和四年外務省告示第百四号）,18 ミノトルサービス（別称、純民営製造販売企業ミノトルサービス）,"18. Minotaur Service (also known as Minotaur Service, a purely private manufacturing and sales company)",,,"Minotor-Service, a.k.a., the following one alias: - Industrial-Commercial Private Unitary Enterprise Minotor-Service.","所在地：40 Radialnaya str., Minsk, 220070, Belarus",2022 年03 月08 日,2022 年07 月05 日,https://www.meti.go.jp/policy/external_economy/trade_control/02_export/17_russia/list_belarus_tokutei.pdf
Belarus,国際平和のための国際的な努力に我が国として寄与するために講ずる輸出等に係る禁止措置 の対象となるベラルーシ共和国の団体（令和四年外務省告示第百四号）,19 株式会社ミンスク装輪牽引車工場（別称、MZKT、純国営製造企業ミンスク装輪牽引車工場）,"19. Minsk Wheeled Tractor Plant (also known as MZKT, a purely state-owned manufacturing enterprise)",,,"Minsk Wheel Tractor Plant, a.k.a., the following two aliases: - MZKT; and
- Production Republican Unitary Enterprise Minsk Wheeled Tractor Plant.","所在地：150 Paritizansky ave., Minsk, 220021, Belarus",2022 年03 月08 日,2022 年07 月05 日,https://www.meti.go.jp/policy/external_economy/trade_control/02_export/17_russia/list_belarus_tokutei.pdf
Belarus,国際平和のための国際的な努力に我が国として寄与するために講ずる輸出等に係る禁止措置 の対象となるベラルーシ共和国の団体（令和四年外務省告示第百四号）,20 有限会社防衛イニシアチブ,"20 Defense Initiative Co., Ltd.",,,"Oboronnye Initsiativy LLC, a.k.a., the following one alias: - LLC Defense Initiatives.","所在地：18, 1-y per. F. Skorina, Minsk, 220131, Belarus",2022 年03 月08 日,2022 年07 月05 日,https://www.meti.go.jp/policy/external_economy/trade_control/02_export/17_russia/list_belarus_tokutei.pdf
Belarus,国際平和のための国際的な努力に我が国として寄与するために講ずる輸出等に係る禁止措置 の対象となるベラルーシ共和国の団体（令和四年外務省告示第百四号）,21 株式会社「KB レーダー」 ・「レーダーシステム」ホールディング運営企業（別称、株式会社 KB レーダー、KB レーダー）,"21. KB Radar Co., Ltd. / Radar System Holdings (also known as KB Radar Co., Ltd., KB Radar)",,,"JSC“KB Radar” – Managing Company of “Radar Systems” Holding, a.k.a., the following two aliases:
- JSC KB Radar; and - KB Radar.","所在地：64a Partizansky ave., Minsk, 220026, Belarus",2022 年03 月08 日,2022 年07 月05 日,https://www.meti.go.jp/policy/external_economy/trade_control/02_export/17_russia/list_belarus_tokutei.pdf
Belarus,国際平和のための国際的な努力に我が国として寄与するために講ずる輸出等に係る禁止措置 の対象となるベラルーシ共和国の団体（令和四年外務省告示第百四号）,22 株式会社ペレング,"22 Pereng Co., Ltd.",,,Peleng JSC,"所在地：25 Makaenka str., Minsk, 220114, Belarus",2022 年03 月08 日,2022 年07 月05 日,https://www.meti.go.jp/policy/external_economy/trade_control/02_export/17_russia/list_belarus_tokutei.pdf
Belarus,国際平和のための国際的な努力に我が国として寄与するために講ずる輸出等に係る禁止措置 の対象となるベラルーシ共和国の団体（令和四年外務省告示第百四号）,23 ベラルーシ共和国国家軍需産業委員会,23. State Arms Industry Committee of the Republic of Belarus,,,State Authority for Military Industry of the Republic of Belarus,"所在地：115 Nezavisimosti ave., Minsk, 220114, Belarus",2022 年03 月08 日,2022 年07 月05 日,https://www.meti.go.jp/policy/external_economy/trade_control/02_export/17_russia/list_belarus_tokutei.pdf
Belarus,国際平和のための国際的な努力に我が国として寄与するために講ずる輸出等に係る禁止措置 の対象となるベラルーシ共和国の団体（令和四年外務省告示第百四号）,24 ベラルーシ共和国国家保安委員会,24. Committee for State Security of the Republic of Belarus,,,State Security Committee of the Republic of Belarus,"所在地：17 Nezavisimosti ave., Minsk, 220030, Belarus",2022 年03 月08 日,2022 年07 月05 日,https://www.meti.go.jp/policy/external_economy/trade_control/02_export/17_russia/list_belarus_tokutei.pdf
Belarus,国際平和のための国際的な努力に我が国として寄与するために講ずる輸出等に係る禁止措置 の対象となるベラルーシ共和国の団体（令和四年外務省告示第百四号）,25 株式会社トランスアヴィアエクスポート航空,"25 Transavia Export Airlines Co., Ltd.",,,Transaviaexport Airlines JSC,"所在地：44 Zakharova str., Minsk, 220034, Belarus",2022 年03 月08 日,2022 年07 月05 日,https://www.meti.go.jp/policy/external_economy/trade_control/02_export/17_russia/list_belarus_tokutei.pdf
Belarus,国際平和のための国際的な努力に我が国として寄与するために講ずる輸出等に係る禁止措置 の対象となるベラルーシ共和国の団体（令和四年外務省告示第百四号）,26 株式会社ヴォラトアフト（別称、研究開発製造企業ヴォラトオート）,"26. Volatoft Co., Ltd. (also known as Volatoft, a research and development and manufacturing company)",,,"Volatavto JSC, a.k.a., the following one alias: - NPP VOLATauto","所在地：Office 1-143, 2/1 Kulman str., Minsk, 220013, Belarus; and 133 Socialist str., Slutsk, Minsk Region, 223603, Belarus",2022 年03 月08 日,2022 年07 月05 日,https://www.meti.go.jp/policy/external_economy/trade_control/02_export/17_russia/list_belarus_tokutei.pdf
Belarus,国際平和のための国際的な努力に我が国として寄与するために講ずる輸出等に係る禁止措置 の対象となるベラルーシ共和国の団体（令和四年外務省告示第百四号）,27 株式会社エレロン（別称、株式会社 FCS&HT「SNPOエレロン」、SNPO エレロン）,"27. Eleron Co., Ltd. (also known as FCS&HT Co., Ltd. ""SNPO Eleron"", SNPO Eleron)",,,"Joint Stock Company Eleron, a.k.a., the following two aliases: - JSC FCS&HT “SNPO “Eleron”; and
- SNPO Eleron.","所在地：11 per. Kalinina, Minsk, 220012, Belarus",2022 年03 月08 日,2022 年07 月05 日,https://www.meti.go.jp/policy/external_economy/trade_control/02_export/17_russia/list_belarus_tokutei.pdf
Third countries,ウクライナをめぐる国際平和のための国際的な努力に我が国として寄与す るために講ずる輸出等に係る禁止措置の対象となるロシア連邦及びベラルー シ共和国以外の国の団体を指定する件（令和五年外務省告示第四百四十七号）,1 有限会社タコ,"1. Tako Co., Ltd.",,,"Tako LLC, a.k.a. the following one alias: -Taco LLC.","所在地：17 Garegin Nzhdehi Street, Shengavit, Yerevan, 0026, Armenia.",2023年12月15日,2025年04月02日,https://www.meti.go.jp/policy/external_economy/trade_control/02_export/17_russia/250912_list_daisangoku_tokutei.pdf
Third countries,ウクライナをめぐる国際平和のための国際的な努力に我が国として寄与す るために講ずる輸出等に係る禁止措置の対象となるロシア連邦及びベラルー シ共和国以外の国の団体を指定する件（令和五年外務省告示第四百四十七号）,"2 アイ・ジェット・グローバル DMCC（別称、アイジェット、アイジェット ・アビエーション・サービス、アイジェット・フライト・サポート・サー
ビス、トレード・メッド・ミドルイースト及びトレード・ミッド・ミドル
イースト）","2. iJet Global DMCC (also known as iJet, iJet Aviation Services, iJet Flight Support Services, Trade Med Middle East, and Trade Mid Middle East)",,,"I JET GLOBAL DMCC, a.k.a. the following five aliases: -iJet;
-iJet Aviation Services;
-iJET Flight Support Services;
-Trade Med Middle East; and
-Trade Mid Middle East.","所在地：Damascus, Syria.",2023年12月15日,2025年04月02日,https://www.meti.go.jp/policy/external_economy/trade_control/02_export/17_russia/250912_list_daisangoku_tokutei.pdf
Third countries,ウクライナをめぐる国際平和のための国際的な努力に我が国として寄与す るために講ずる輸出等に係る禁止措置の対象となるロシア連邦及びベラルー シ共和国以外の国の団体を指定する件（令和五年外務省告示第四百四十七号）,"3 アイ・ジェット・グローバル DMCC（別称、アイジェット、アイジェット ・アビエーション・サービス、アイジェット・フライト・サポート・サー
ビス、トレード・メッド・ミドルイースト及びトレード・ミッド・ミドル
イースト）","3. iJet Global DMCC (also known as iJet, iJet Aviation Services, iJet Flight Support Services, Trade Med Middle East, and Trade Mid Middle East)",,,"I JET GLOBAL DMCC, a.k.a. the following five aliases: -iJet;
-iJet Aviation Services;
-iJET Flight Support Services;
-Trade Med Middle East; and
-Trade Mid Middle East.","所在地：Unit No: 3504, 1 Lake Plaza, Plot No: JLT–PH2–T2A, Jumeirah Lakes Towers, Dubai, United Arab Emirates.",2023年12月15日,2025年04月02日,https://www.meti.go.jp/policy/external_economy/trade_control/02_export/17_russia/250912_list_daisangoku_tokutei.pdf
Third countries,ウクライナをめぐる国際平和のための国際的な努力に我が国として寄与す るために講ずる輸出等に係る禁止措置の対象となるロシア連邦及びベラルー シ共和国以外の国の団体を指定する件（令和五年外務省告示第四百四十七号）,"4 サクセス・アビエーション・サービス FZC（別称、サクセス・アビエーショ ン、サクセス・アビエーション FZC 及びサクセス・アビエーション・サー
ビス）","4. Success Aviation Services FZC (also known as Success Aviation, Success Aviation FZC, and Success Aviation Services)",,,"Success Aviation Services FZC, a.k.a. the following three aliases: -Success Aviation;
-Success Aviation FZC; and
-Success Aviation Services.","所在地：608, The Apricot Tower, Dubai Silicon Oasis, Dubai, United Arab Emirates; and Building L1, Sharjah International Airport, Sharjah, United Arab Emirates.",2023年12月15日,2025年04月02日,https://www.meti.go.jp/policy/external_economy/trade_control/02_export/17_russia/250912_list_daisangoku_tokutei.pdf
Third countries,ウクライナをめぐる国際平和のための国際的な努力に我が国として寄与す るために講ずる輸出等に係る禁止措置の対象となるロシア連邦及びベラルー シ共和国以外の国の団体を指定する件（令和五年外務省告示第四百四十七号）,5 有限会社アルファ・ベータ・クリエイティブ,"5. Alpha Beta Creative Co., Ltd.",,,Alfa Beta Creative LLC,"所在地：16A Navoi Street, Shaykhantakhur District, Tashkent, 100011, Uzbekistan.",2023年12月15日,2025年04月02日,https://www.meti.go.jp/policy/external_economy/trade_control/02_export/17_russia/250912_list_daisangoku_tokutei.pdf
Third countries,ウクライナをめぐる国際平和のための国際的な努力に我が国として寄与す るために講ずる輸出等に係る禁止措置の対象となるロシア連邦及びベラルー シ共和国以外の国の団体を指定する件（令和五年外務省告示第四百四十七号）,6 有限会社GFKロジスティック・アジア,"6. GFK Logistics Asia Co., Ltd.",,,GFK Logistic Asia LLC,"所在地：16A Navoi Street, Shaykhantakhur District, Tashkent, 100011, Uzbekistan.",2023年12月15日,2025年04月02日,https://www.meti.go.jp/policy/external_economy/trade_control/02_export/17_russia/250912_list_daisangoku_tokutei.pdf
Third countries,ウクライナをめぐる国際平和のための国際的な努力に我が国として寄与す るために講ずる輸出等に係る禁止措置の対象となるロシア連邦及びベラルー シ共和国以外の国の団体を指定する件（令和五年外務省告示第四百四十七号）,7 アルファ・トレーディング・インベストメンツ有限会社,"7. Alpha Trading Investments Co., Ltd.",,,"Alpha Trading Investments Limited, a.k.a., the following two aliases: —Alpha Trading Investments; and
—Alpha Trading Investments Ltd.","所在地：Unit 617, 6/F, 131-132 Connaught Road West, Solo Workshops, Hong Kong, China.",2023年12月15日,2025年04月02日,https://www.meti.go.jp/policy/external_economy/trade_control/02_export/17_russia/250912_list_daisangoku_tokutei.pdf
Third countries,ウクライナをめぐる国際平和のための国際的な努力に我が国として寄与す るために講ずる輸出等に係る禁止措置の対象となるロシア連邦及びベラルー シ共和国以外の国の団体を指定する件（令和五年外務省告示第四百四十七号）,8 アジア・パシフィック・リンクス有限会社,"8 Asia Pacific Links Co., Ltd.",,,"Asia Pacific Links Ltd, a.k.a., the following one alias: -Asia Pacific Links Limited.","所在地：Office 8E and Room E 8/F, Shing Hing Commercial Building, 21- 27 Wing Kut Street, Central District, Hong Kong, 510000, China.",2023年12月15日,2025年04月02日,https://www.meti.go.jp/policy/external_economy/trade_control/02_export/17_russia/250912_list_daisangoku_tokutei.pdf
Third countries,ウクライナをめぐる国際平和のための国際的な努力に我が国として寄与す るために講ずる輸出等に係る禁止措置の対象となるロシア連邦及びベラルー シ共和国以外の国の団体を指定する件（令和五年外務省告示第四百四十七号）,9 グアンジョウ・オーサイ・テクノロジー有限会社（广州欧赛科技有限公司）,"9. Guangzhou Osai Technology Co., Ltd.",グアンジョウ・オーサイ・テクノロジー有限会社,广州欧赛科技有限公司,"Guangzhou Ausay Technology Co. Limited, a.k.a., the following twoaliases: -Guangzhou Ausay Technology Co., Ltd; and
-Guangzhou Ausay Technology Co., Limited.","所在地：R301, Block A of No 3 Building, West Area of Tongda Industrial Zone, Hebian 5 She Helong Street, Baiyun District, Guangzhou,
Guangdong, China.",2023年12月15日,2025年04月02日,https://www.meti.go.jp/policy/external_economy/trade_control/02_export/17_russia/250912_list_daisangoku_tokutei.pdf
Third countries,ウクライナをめぐる国際平和のための国際的な努力に我が国として寄与す るために講ずる輸出等に係る禁止措置の対象となるロシア連邦及びベラルー シ共和国以外の国の団体を指定する件（令和五年外務省告示第四百四十七号）,10 シェンジェン 5Gハイテク・イノベーション有限会社（深圳五力高科創新有 限公司）（別称、シェンジェン・ウーリー・ガオクー・チュアンシン・ヨウ シエン・ゴンスー及びシェンジェン・ウーリー・ガオクー・イノベーション・ サイエンス・アンド・テクノロジー有限会社）,"10. Shenzhen 5G High-Tech Innovation Co., Ltd. (Shenzhen 5G High-Tech Innovation Limited Company) (Also known as Shenzhen Wuli Gaoku Chuangxing Youxian Gongsi and Shenzhen Wuli Gaoku Innovation Science and Technology Limited Company)",シェンジェン 5Gハイテク・イノベーション有限会社,深圳五力高科創新有 限公司; シェンジェン・ウーリー・ガオクー・チュアンシン・ヨウ シエン・ゴンスー; シェンジェン・ウーリー・ガオクー・イノベーション・ サイエンス・アンド・テクノロジー有限会社,"Shenzhen 5G High-Tech Innovation Co., Limited, a.k.a., the following two aliases:
- Shenzhen Wu Li Gaoke Chuangxin Youxian Gongsi; and
- Shenzhen Wu Li Gao Ke Innovation Science and Technology Co., Ltd.","所在地：502, Block B, Rongchaolong Building, Longfu Road, Shangjing Community, Longcheng Street, Longgang District, Shenzhen, China; and 306 No. 66 Huayuan Road, Pingxi Community, Pingdi Street, Longgang District, Shenzhen, Guangdong Province, China.",2023年12月15日,2025年04月02日,https://www.meti.go.jp/policy/external_economy/trade_control/02_export/17_russia/250912_list_daisangoku_tokutei.pdf
Third countries,ウクライナをめぐる国際平和のための国際的な努力に我が国として寄与す るために講ずる輸出等に係る禁止措置の対象となるロシア連邦及びベラルー シ共和国以外の国の団体を指定する件（令和五年外務省告示第四百四十七号）,11 シェンジェン・ビーグアン・トレーディング有限会社（深圳比广贸易有限公 司）,"11. Shenzhen Biguang Trading Co., Ltd.",シェンジェン・ビーグアン・トレーディング有限会社,深圳比广贸易有限公 司,"Shenzhen Biguang Trading Co. Ltd, a.k.a., the following one alias: -Shenzhen Biguang Trading Co., Ltd.","所在地：18E, Block B, World Trade Square, No. 9 Fuhong Road, Funnan Community, Futian Street, Futian District, Shenzhen, Guangdong, China.",2023年12月15日,2025年04月02日,https://www.meti.go.jp/policy/external_economy/trade_control/02_export/17_russia/250912_list_daisangoku_tokutei.pdf
Third countries,ウクライナをめぐる国際平和のための国際的な努力に我が国として寄与す るために講ずる輸出等に係る禁止措置の対象となるロシア連邦及びベラルー シ共和国以外の国の団体を指定する件（令和五年外務省告示第四百四十七号）,12 トルダン・インダストリー有限会社,12 Tordan Industries Ltd.,,,"Tordan Industry Limited, a.k.a., the following two aliases: -Tordan Industry; and
-Tordan Industry Ltd.","所在地：Unit 617, 6/F, 131-132 Connaught Road West, Solo Workshops, Hong Kong, China.",2023年12月15日,2025年04月02日,https://www.meti.go.jp/policy/external_economy/trade_control/02_export/17_russia/250912_list_daisangoku_tokutei.pdf
Third countries,ウクライナをめぐる国際平和のための国際的な努力に我が国として寄与す るために講ずる輸出等に係る禁止措置の対象となるロシア連邦及びベラルー シ共和国以外の国の団体を指定する件（令和五年外務省告示第四百四十七号）,13 イールーファ・エレクトロニクス有限会社（深圳市亿路发科技有限公司）,"13. E-lufa Electronix Co., Ltd. (Shenzhen E-lufa Technology Co., Ltd.)",イールーファ・エレクトロニクス有限会社,深圳市亿路发科技有限公司,"Yilufa Electronics Ltd, a.k.a., the following one alias: -Yilufa Electronics Limited.","所在地：1806, Hanguo Center, No.3031, Shennan Middle Road, Futian District, Shenzhen, Guangdong, China.",2023年12月15日,2025年04月02日,https://www.meti.go.jp/policy/external_economy/trade_control/02_export/17_russia/250912_list_daisangoku_tokutei.pdf
Third countries,ウクライナをめぐる国際平和のための国際的な努力に我が国として寄与す るために講ずる輸出等に係る禁止措置の対象となるロシア連邦及びベラルー シ共和国以外の国の団体を指定する件（令和五年外務省告示第四百四十七号）,14 Si2マイクロシステムズ有限会社,"14 Si2 Microsystems Co., Ltd.",,,"Si2 Microsystems Private Limited, a.k.a., the following one alias: -Si2 Microsystems Pvt Ltd.","所在地：84, Deep Towers, EPIP Industrial Area, Whitefield, Bangalore, Karnataka, 560066, India; #52/A, 1st Cross, 3rd Main KIADB Industrial Area, Hoskote, Bangalore, Karnataka, 562114, India; 3796, 7th Main, Hal II Stage, Bangalore, Karnataka, 560008, India; 493/3 Bramhalingeshwara Complex, Airport Road, Bangalore, Karnataka, 560008, India; and 177/2 Bannerghatta Road, Begur Hobli Bilekahalli Industrial Area, Bangalore, Karnataka, 560076, India.",2023年12月15日,2025年04月02日,https://www.meti.go.jp/policy/external_economy/trade_control/02_export/17_russia/250912_list_daisangoku_tokutei.pdf
Third countries,ウクライナをめぐる国際平和のための国際的な努力に我が国として寄与す るために講ずる輸出等に係る禁止措置の対象となるロシア連邦及びベラルー シ共和国以外の国の団体を指定する件（令和五年外務省告示第四百四十七号）,15 エレム・グループ有限会社（別称、エレム・グループ）,15. Elem Group Ltd. (also known as Elem Group),,,"Elem Group, LLC, a.k.a., the following three aliases: -Elem Group;
-Limited Liability Partnership Elem Group; and
-TOO Elem Group.","所在地：8 Nauryzbai Batyr Street, Almaty, 050004, Kazakhstan; and 98 Panfilov St., Almaty, 050000, Kazakhstan.",2023年12月15日,2025年04月02日,https://www.meti.go.jp/policy/external_economy/trade_control/02_export/17_russia/250912_list_daisangoku_tokutei.pdf
Third countries,ウクライナをめぐる国際平和のための国際的な努力に我が国として寄与す るために講ずる輸出等に係る禁止措置の対象となるロシア連邦及びベラルー シ共和国以外の国の団体を指定する件（令和五年外務省告示第四百四十七号）,16 エムヴィジョン有限会社,"16 M-Vision Co., Ltd.",,,"Mvizion LLC, a.k.a., the following one alias: -OOO Mvizion.","所在地：8 Katartal Street, 7th Block, Chilanzarskiy District, Tashkent, 100113, Uzbekistan; and 313 Gaydar Alieev Kuchasi, Tashkent, 100161, Uzbekistan.",2023年12月15日,2025年04月02日,https://www.meti.go.jp/policy/external_economy/trade_control/02_export/17_russia/250912_list_daisangoku_tokutei.pdf
Third countries,ウクライナをめぐる国際平和のための国際的な努力に我が国として寄与す るために講ずる輸出等に係る禁止措置の対象となるロシア連邦及びベラルー シ共和国以外の国の団体を指定する件（令和五年外務省告示第四百四十七号）,17 アグ･インフォメーション･テクノロジー有限会社（啊咕信息技術有限公 司)（別称、メイクウェル･インダストリアル･トレーディング有限会社（麥克維爾工業貿易有限公司））,"17. AGG Information Technology Co., Ltd. (also known as Makewell Industrial Trading Co., Ltd.)",アグ･インフォメーション･テクノロジー有限会社, 啊咕信息技術有限公 司; メイクウェル･インダストリアル･トレーディング有限会社（麥克維爾工業貿易有限公司）,"Agu Information Technology Co Limited, a.k.a., the following one alias: —Makewell Industrial Trading Co., Limited.","所在地：Room 2-2, 2/F, Fudu Building, 98 Argyle Street, Hong Kong, China; and Unit 22, 2/F, Foo To Building, 98 Argyle Street, Mongkok, Kowloon, Hong Kong, China.",2023年12月15日,2025年04月02日,https://www.meti.go.jp/policy/external_economy/trade_control/02_export/17_russia/250912_list_daisangoku_tokutei.pdf
Third countries,ウクライナをめぐる国際平和のための国際的な努力に我が国として寄与す るために講ずる輸出等に係る禁止措置の対象となるロシア連邦及びベラルー シ共和国以外の国の団体を指定する件（令和五年外務省告示第四百四十七号）,18 オールパーツ･トレーディング有限会社,"18 All Parts Trading Co., Ltd.",,,"Allparts Trading Co., Ltd., a.k.a., the following one alias: —All Parts Trading Company Limited.","所在地：Room 13, 27/F, Ho King Commercial Centre, 2-16 Fa Yuen Street, Mongkok, Kowloon, Hong Kong, China; Room 803, Chevalier House,45-51 Chatham Road South, Tsim Sha Tsui, Kowloon, Hong Kong, China; Room 2901B,Bank of Communications, Futian District, Shenzhen, Guangdong, China; 3 Garden Road Central, Hong Kong, China; Unit 3, 6/F, Kam Hon Industrial Building,8 Wang Kwun Road, Kowloon Bay, Hong Kong, China; Room 1901H, Bank of Communications Building, Futian District, Shenzhen, Guangdong, China; and 4/F Building 6 Deguan Lighting Factory, No.2 South 1st, Guangzhou, Guangdong, China.",2023年12月15日,2025年04月02日,https://www.meti.go.jp/policy/external_economy/trade_control/02_export/17_russia/250912_list_daisangoku_tokutei.pdf
Third countries,ウクライナをめぐる国際平和のための国際的な努力に我が国として寄与す るために講ずる輸出等に係る禁止措置の対象となるロシア連邦及びベラルー シ共和国以外の国の団体を指定する件（令和五年外務省告示第四百四十七号）,"19 チャングアン･サテライト･テクノロジー有限会社(长光卫星技术股份有限 公司(长光卫星))（別称、チャーミング･グローブ、チャングアン･サテラ
イト有限会社及び CGST）","19. Changguan Satellite Technology Co., Ltd. (长光卫星技术股份有限公司(长光卫星)) (Also known as Charming Grove, Changguan Satellite Co., Ltd., and CGST)",,,"Chang Guang Satellite Technology Co., Ltd, a.k.a., the following three aliases:
—Charming Globe;
—Changguang Satellite Co., Ltd.; and
—CGST.","所在地：No.1299, Mingxi Road, Beihu Science Technology Development District, Changchun, Jilin, China; and 1299, Mingxi Road, Beihu Technological Development Zone, Changchun City, Jilin Province, China.",2023年12月15日,2025年04月02日,https://www.meti.go.jp/policy/external_economy/trade_control/02_export/17_russia/250912_list_daisangoku_tokutei.pdf
Third countries,ウクライナをめぐる国際平和のための国際的な努力に我が国として寄与す るために講ずる輸出等に係る禁止措置の対象となるロシア連邦及びベラルー シ共和国以外の国の団体を指定する件（令和五年外務省告示第四百四十七号）,20 チャンシャ･ティエンイー･スペース･サイエンス･アンド･テクノロジー･リサーチ･インスティチュート有限会社（长沙天仪空间科技研究院有限公司）（別称、チャン･シャ･ティアン･イー･コン･ジアン･ケー･ジ･ヤン･ジ ウ･ユアン･ユー･シェン･ゴン･スー、スペースティー有限会社、チャンシャ･ティアンイー･スペース･サイエンス･アンドリサーチ（スペースティー）、スペースティー･チャイナ、チャンシャ･ティアンイー･スペース･サイエンス･アンド･テクノロジー･リサーチ･インスティチュート及びスペースティー）,"20 Changsha Tianyi Space Science and Technology Research Institute Limited (长沙天仪空间科技研究院有限公司) (also known as Changsha Tianyi Kong Jiang Kee Ji Yang Ji Wu Yuan Yu Sheng Gong Su, Space T Limited, Changsha Tianyi Space Science and Research (Space T), Space T China, Changsha Tianyi Space Science and Technology Research Institute and Space T)",チャンシャ･ティエンイー･スペース･サイエンス･アンド･テクノロジー･リサーチ･インスティチュート有限会社,长沙天仪空间科技研究院有限公司; チャン･シャ･ティアン･イー･コン･ジアン･ケー･ジ･ヤン･ジ ウ･ユアン･ユー･シェン･ゴン･スー; スペースティー有限会社; チャンシャ･ティアンイー･スペース･サイエンス･アンドリサーチ（スペースティー）; スペースティー･チャイナ; チャンシャ･ティアンイー･スペース･サイエンス･アンド･テクノロジー･リサーチ･インスティチュート; スペースティー,"Changsha Tianyi Space Science and Technology Research Institute Co. Ltd, a.k.a., the following six aliases:
—Chang Sha Tian Yi Kong Jian Ke Ji Yan Jiu Yuan You Xian Gong Si;
—Spacety Co., Ltd.;
—Changsha Tianyi Space Science and Technology Research (SpaceTy);
—Spacety China;
—Changsha Tianyi Space Science and Technology Research Institute;
and
-Spacety.","所在地：Room 445, 9th Floor, Block B, No.18 Zhongguancun Street, Haidian District, Beijing, China; 9 Dengzhuang South Rd, Beijing, China; and 25th floor, A Building, Lugu Science&Technology Innovation and Entrepreneurship Park, 1698 Yuelu West Avenue, High- tech development zone, Changsha, Hunan, China.",2023年12月15日,2025年04月02日,https://www.meti.go.jp/policy/external_economy/trade_control/02_export/17_russia/250912_list_daisangoku_tokutei.pdf
Third countries,ウクライナをめぐる国際平和のための国際的な努力に我が国として寄与す るために講ずる輸出等に係る禁止措置の対象となるロシア連邦及びベラルー シ共和国以外の国の団体を指定する件（令和五年外務省告示第四百四十七号）,21 チャイナ･ヘッド･エアロスペース・テクノロジー社（北京和德宇航技术有 限公司）（別称、チャイナ･ヘッド･テクノロジー社、ヘッド･エアロスペー ス･グループ、ヘッド･エアロスペース及びチャイナ･ヘッド）,"21. China Head Aerospace Technology Co., Ltd. (Beijing Head Aerospace Technology Limited) (Also known as China Head Technology Co., Ltd., Head Aerospace Group, Head Aerospace, and China Head)",チャイナ･ヘッド･エアロスペース・テクノロジー社,北京和德宇航技术有 限公司; チャイナ･ヘッド･テクノロジー社; ヘッド･エアロスペース･グループ; ヘッド･エアロスペース; チャイナ･ヘッド,"China HEAD Aerospace Technology Co., a.k.a., the following five aliases:
—China HEAD Technology Co;
—HEAD Aerospace Group;
—HEAD Aerospace；
—China HEAD Technology Company; and
-China HEAD.","所在地：5F, Bldg 5, Science and Technology Park, A-2 North Xisanhuan Road, Haidian District, Beijing, China; Room No.1, 13th floor, Building No.5, Defence Science and Technology Park, Compound A2, West 3rd Ring North Road, Haidian district, Beijing, China; and B-11a-02 Keshi Plaza 28 Shangdi Xinxi Rd, Beijing, 100085, China.",2023年12月15日,2025年04月02日,https://www.meti.go.jp/policy/external_economy/trade_control/02_export/17_russia/250912_list_daisangoku_tokutei.pdf
Third countries,ウクライナをめぐる国際平和のための国際的な努力に我が国として寄与す るために講ずる輸出等に係る禁止措置の対象となるロシア連邦及びベラルー シ共和国以外の国の団体を指定する件（令和五年外務省告示第四百四十七号）,22 DEXPインターナショナル有限会社,"22 DEXP International Co., Ltd.",,,DEXP International Limited,"所在地：Unit 7103, 7/F Yf Life Tower 33 Lockhart Road Wan Chai, Hong Kong, China; and 7B, 1801-03, 18/F, East Town Building, 41 Lockhart Road, Wan Chai, Hong Kong, China.",2023年12月15日,2025年04月02日,https://www.meti.go.jp/policy/external_economy/trade_control/02_export/17_russia/250912_list_daisangoku_tokutei.pdf
Third countries,ウクライナをめぐる国際平和のための国際的な努力に我が国として寄与す るために講ずる輸出等に係る禁止措置の対象となるロシア連邦及びベラルー シ共和国以外の国の団体を指定する件（令和五年外務省告示第四百四十七号）,23 グランツ･プロモーション･サービス有限会社（別称、カタラーノ有限会 社、GPSL 及びジェナオ有限会社）,"23. Grants Promotion Services Ltd. (also known as Catalano Ltd., GPSL, and Genao Ltd.)",,,"Grants Promotion Service Limited, a.k.a., the following three aliases:
—Catalano Limited;
—GPSL; and
—Zhenao Co. Ltd.","所在地：Unit 89, 3/F, Yau Lee Centre, No. 45 Hoi Yuen Road, Kwun Tong, Hong Kong, China; and 430-436 Nathan Road, Nathan Commercial Building, 8th Floor, Room A, Yau Ma Tei, Hong Kong, China.",2023年12月15日,2025年04月02日,https://www.meti.go.jp/policy/external_economy/trade_control/02_export/17_russia/250912_list_daisangoku_tokutei.pdf
Third countries,ウクライナをめぐる国際平和のための国際的な努力に我が国として寄与す るために講ずる輸出等に係る禁止措置の対象となるロシア連邦及びベラルー シ共和国以外の国の団体を指定する件（令和五年外務省告示第四百四十七号）,24 アイマックスチップ･テクノロジー有限会社（愛瑪芯科技有限公司） （別称、エンマクシン･テクノロジー有限会社）,"24. iMax Chip Technology Co., Ltd. (also known as Enmaxin Technology Co., Ltd.)",アイマックスチップ･テクノロジー有限会社,愛瑪芯科技有限公司; エンマクシン･テクノロジー有限会社,"Imaxchip Technology Co., Limited, a.k.a., the following two aliases:
—Imaxchip Technology Co Ltd.; and
—Emmaxin Technology Co., Ltd.","所在地：Room 705, 7/F. Fa Yuen Commercial Building, No. 75-77, Fa Yuen Street, Mong Kok, Kowloon, Hong Kong, China; 18E, Building 2, China Phoenix Building, Shennan Road, Futian District,Shenzhen,518000, China; No.59 King Yip Street, King Yip Factory Building, 5th Floor, Unit D5, Kwun Tong, Kowloon, Hong Kong, China; Shennan Middle Road, International Culture Building, Room 2508B, Futian District, Shenzhen, Guangdong, China; Kwun Tong Industrial Center Phase 3, 3rd Floor, Unit L, Kwun Tong, Kowloon, Hong Kong, China; Nos.436–446 Kwun Tong Road, 13th Floor, Unit A15, Kowloon, Hong Kong, China; Shennan Road, Phoenix Building 2, Room 18E, Futian District, Shenzhen, Guangdong, China; Lianqiu Building, No.735 Renmin West Road, Wucheng District, Jinhua, Zhejiang, China; and Shenfang Building B3109, Futian District,Shenzhen, Guangdong, China.",2023年12月15日,2025年04月02日,https://www.meti.go.jp/policy/external_economy/trade_control/02_export/17_russia/250912_list_daisangoku_tokutei.pdf
Third countries,ウクライナをめぐる国際平和のための国際的な努力に我が国として寄与す るために講ずる輸出等に係る禁止措置の対象となるロシア連邦及びベラルー シ共和国以外の国の団体を指定する件（令和五年外務省告示第四百四十七号）,25 カイリ･インダストリアル HK有限会社(香港凱利實業有限公司)（別称、ホ ンコン・カイリ・インダストリアル有限会社）,25. Kairi Industrial HK Limited (Hong Kong Kairi Industrial Limited) (also known as Hong Kong Kairi Industrial Limited),,,"Kaili Industrial HK Limited, a.k.a., the following two aliases: —Kaili Industrial H.K. Ltd.; and
-Hong Kong Kaili Industrial Co., Ltd.","所在地：Room 803, Chevalier House, 45-51 Chatham Road South, Tsim Sha Tsui, Kowloon, Hong Kong, China.",2023年12月15日,2025年04月02日,https://www.meti.go.jp/policy/external_economy/trade_control/02_export/17_russia/250912_list_daisangoku_tokutei.pdf
Third countries,ウクライナをめぐる国際平和のための国際的な努力に我が国として寄与す るために講ずる輸出等に係る禁止措置の対象となるロシア連邦及びベラルー シ共和国以外の国の団体を指定する件（令和五年外務省告示第四百四十七号）,26 コビ･インターナショナル･カンパニー,26. Cobi International Company,,,Kobi International Company,"所在地：Room A1, 14 Floor, Success Industrial Building, No.17 Sheung Hei St., San Po Kong, Kowloon, Hong Kong, China.",2023年12月15日,2025年04月02日,https://www.meti.go.jp/policy/external_economy/trade_control/02_export/17_russia/250912_list_daisangoku_tokutei.pdf
Third countries,ウクライナをめぐる国際平和のための国際的な努力に我が国として寄与す るために講ずる輸出等に係る禁止措置の対象となるロシア連邦及びベラルー シ共和国以外の国の団体を指定する件（令和五年外務省告示第四百四十七号）,27 クバンテク有限会社(別称、クバンテク及びクバンテク（HK）有限会社),"27. Kuban Tech Co., Ltd. (also known as Kuban Tech and Kuban Tech (HK) Co., Ltd.)",クバンテク有限会社,クバンテク; クバンテク（HK）有限会社,"Kvantek Limited, a.k.a., the following two aliases: —Kvantek; and
—Kvantek (HK) Limited.","所在地：Unit 704, 7/F, 135 Bonham Strand Trade Center, Sheung Wan, Hong Kong, China.",2023年12月15日,2025年04月02日,https://www.meti.go.jp/policy/external_economy/trade_control/02_export/17_russia/250912_list_daisangoku_tokutei.pdf
Third countries,ウクライナをめぐる国際平和のための国際的な努力に我が国として寄与す るために講ずる輸出等に係る禁止措置の対象となるロシア連邦及びベラルー シ共和国以外の国の団体を指定する件（令和五年外務省告示第四百四十七号）,28 モースト･ディベロップメント有限会社（莫斯特發展有限公司）(別称、モ ースト･ディベロップメント),"28 Most Development Co., Ltd. (莫斯特發展有限公司) (also known as Most Development)",モースト･ディベロップメント有限会社,莫斯特發展有限公司; モ ースト･ディベロップメント,"Most Development Limited, the following two aliases: —Most Development; and
—Most Development Ltd.","所在地：Rm 4, 16/F, Ho King Comm Ctr, 2-16 Fayuen St, Mongkok Kowloon, Hong Kong, China; 2–16 Fayuen Street, Office 4, 16/F, Ho King Commercial Center, Hong Kong, China; and 9 Yin Chong Street, 21F, Room 01, Prosper Commercial Building, Hong Kong, China.",2023年12月15日,2025年04月02日,https://www.meti.go.jp/policy/external_economy/trade_control/02_export/17_russia/250912_list_daisangoku_tokutei.pdf
Third countries,ウクライナをめぐる国際平和のための国際的な努力に我が国として寄与す るために講ずる輸出等に係る禁止措置の対象となるロシア連邦及びベラルー シ共和国以外の国の団体を指定する件（令和五年外務省告示第四百四十七号）,29 エム･スター･インターナショナル･トレーディング有限会社（美星國際貿 易有限公司）（別称、メイシン･インターナショナル･トレード有限会社）,"29. M-Star International Trading Co., Ltd. (美星國際武易有限公司) (also known as Meishin International Trade Co., Ltd.)",エム･スター･インターナショナル･トレーディング有限会社,美星國際貿 易有限公司; メイシン･インターナショナル･トレード有限会社,"M Star International Trading Company Limited, a.k.a., thefollowing three aliases: —M-Star International Trading Co., Ltd.;
—M Star International Trading Co Limited; and
—Meixing International Trade Co., Ltd.","所在地：Unit D19, 3/F Wong King Industrial Building, No. 2 Tai Yau Street, Kowloon, Hong Kong, China; Room 2501, International Science & Technology Building, Futian District, Shenzhen, Guangdong, China; and No. 52, Fu Hang Road, Tuen Mun, NT, Hong Kong, China.",2023年12月15日,2025年04月02日,https://www.meti.go.jp/policy/external_economy/trade_control/02_export/17_russia/250912_list_daisangoku_tokutei.pdf
Third countries,ウクライナをめぐる国際平和のための国際的な努力に我が国として寄与す るために講ずる輸出等に係る禁止措置の対象となるロシア連邦及びベラルー シ共和国以外の国の団体を指定する件（令和五年外務省告示第四百四十七号）,30 RGソリューションズ有限会社,"30 RG Solutions Co., Ltd.",,,RG Solutions Limited,"所在地：Room 606, Celebrity Comm., Centre, 64 Castle Peak Road, Sham Shui Po, Hong Kong, China.",2023年12月15日,2025年04月02日,https://www.meti.go.jp/policy/external_economy/trade_control/02_export/17_russia/250912_list_daisangoku_tokutei.pdf
Third countries,ウクライナをめぐる国際平和のための国際的な努力に我が国として寄与す るために講ずる輸出等に係る禁止措置の対象となるロシア連邦及びベラルー シ共和国以外の国の団体を指定する件（令和五年外務省告示第四百四十七号）,31 ルイ･エン･クー･テクノロジー（別称、ルイ･エン･クー･テクノロジー有限 会社及びルイ･エン･ケー･テクノロジー有限会社）,31. Louis En Cou Technology (also known as Louis En Cou Technology Limited and Louis En K Technology Limited),,,"Rui En Koo Technology Co Limited, a.k.a., the following two aliases:
—Rui En Koo Technology Co Ltd; and
—Rui En Ke Technology Co Ltd.","所在地：A27 2/F Hing Yip Centre, 31 Hing Yip Street, Kwun Tong KLN, Hong Kong, China; 59 King Yip Street, King Yip Factory Building, 7th Floor, Room B22, Kwun Tong, Kowloon, Hong Kong, China; and Fenghuang Street, Nantaiyun Chuanggu Center Building 4, Room 1202, Guangming District, Shenzhen, Guangdong, 518132, China.",2023年12月15日,2025年04月02日,https://www.meti.go.jp/policy/external_economy/trade_control/02_export/17_russia/250912_list_daisangoku_tokutei.pdf
Third countries,ウクライナをめぐる国際平和のための国際的な努力に我が国として寄与す るために講ずる輸出等に係る禁止措置の対象となるロシア連邦及びベラルー シ共和国以外の国の団体を指定する件（令和五年外務省告示第四百四十七号）,32 スーパーチップ有限会社（別称、スーパーチップ（HK）有限会社）,"32. Superchip Co., Ltd. (also known as Superchip (HK) Co., Ltd.)",スーパーチップ有限会社,スーパーチップ（HK）有限会社,"Superchip Limited, a.k.a., the following two aliases: —Superchip Ltd; and
—Superchip (HK) Limited.","所在地：Unit 704, 7/F, 135 Bonham Strand Trade Center, Sheung Wan, Hong Kong, China.",2023年12月15日,2025年04月02日,https://www.meti.go.jp/policy/external_economy/trade_control/02_export/17_russia/250912_list_daisangoku_tokutei.pdf
Third countries,ウクライナをめぐる国際平和のための国際的な努力に我が国として寄与す るために講ずる輸出等に係る禁止措置の対象となるロシア連邦及びベラルー シ共和国以外の国の団体を指定する件（令和五年外務省告示第四百四十七号）,33 ウィン･キー有限会社(別称、ウィン･キー),33. Win Key Ltd. (also known as Win Key),ウィン･キー有限会社,ウィン･キー,"Win Key Limited, a.k.a., the following two aliases:—Win Key; and —Win Key Ltd.","所在地：Room 1606,16/F., Workingbond Commercial Centre, 162-164 Prince Edward Road West, Hong Kong, China; and Unit 1008, 10/F,
Sun Cheong Industrial Building, 2-4 Cheung Yee Street, Hong Kong,
China.",2023年12月15日,2025年04月02日,https://www.meti.go.jp/policy/external_economy/trade_control/02_export/17_russia/250912_list_daisangoku_tokutei.pdf
Third countries,ウクライナをめぐる国際平和のための国際的な努力に我が国として寄与す るために講ずる輸出等に係る禁止措置の対象となるロシア連邦及びベラルー シ共和国以外の国の団体を指定する件（令和五年外務省告示第四百四十七号）,34 ジクシス有限会社,"34. Jixis Co., Ltd.",,,"Zixis Limited, a.k.a., the following one alias: —Zixis Ltd.","所在地：Unit A22, Block A, 10/F, Prince Industrial Building, 706 Prince Edward Road East, San Po Kong, Kln, Hong Kong, China; 501–503 Castle Peak Road, Unit B090, International Industrial Building, Kowloon, Hong Kong, China; and Unit D, 16/F One Capital Place, 18 Luard Rd, Wan Chai, Hong Kong, China.",2023年12月15日,2025年04月02日,https://www.meti.go.jp/policy/external_economy/trade_control/02_export/17_russia/250912_list_daisangoku_tokutei.pdf
Third countries,ウクライナをめぐる国際平和のための国際的な努力に我が国として寄与す るために講ずる輸出等に係る禁止措置の対象となるロシア連邦及びベラルー シ共和国以外の国の団体を指定する件（令和五年外務省告示第四百四十七号）,35 有限会社ダ・グループ22（別称、ダ･グループ 22）,"35. Da Group 22 Co., Ltd. (also known as Da Group 22)",,,"Limited Liability Partnership DA Group 22, a.k.a., the following one alias:
—Da Group 22.","所在地：Office 1309, ISKER Business Center, 13, Abay Avenue, Saryarka District, Astana, Kazakhstan.",2023年12月15日,2025年04月02日,https://www.meti.go.jp/policy/external_economy/trade_control/02_export/17_russia/250912_list_daisangoku_tokutei.pdf
Third countries,ウクライナをめぐる国際平和のための国際的な努力に我が国として寄与す るために講ずる輸出等に係る禁止措置の対象となるロシア連邦及びベラルー シ共和国以外の国の団体を指定する件（令和五年外務省告示第四百四十七号）,"36 ムラー･マルクト有限会社（別称、ミュラー･マルクト、有限会社ミュラ ー･マルクト、ミュラー･マーケット有限会社、有限会社ミュラー･マルク
ト及びミュラー･マルクト有限会社）","36. Müller-Markt Ltd. (also known as Müller-Markt, Müller-Markt Ltd., Müller-Markt Ltd., and Müller-Markt Ltd.)",,,"Muller Markt LLC, a.k.a., the following six aliases: —Müller Markt;
—OOO Myuller Markt;
-Müller Market LLC;
-LLC Müller Markt;
-Müller Markt Limited Liability Company; and
-Limited Liability Company Müller Markt.","所在地：Bishkek, Leninsky District, 95, Kalyk Akieva Str., 3rd Floor, Kyrgyzstan; and 720005, Bishkek, Fatyanova Str., 43, Kyrgyzstan.",2023年12月15日,2025年04月02日,https://www.meti.go.jp/policy/external_economy/trade_control/02_export/17_russia/250912_list_daisangoku_tokutei.pdf
Third countries,ウクライナをめぐる国際平和のための国際的な努力に我が国として寄与す るために講ずる輸出等に係る禁止措置の対象となるロシア連邦及びベラルー シ共和国以外の国の団体を指定する件（令和五年外務省告示第四百四十七号）,37 有限会社プロフラブ（別称、OSOOプロフラブ及びプロフラブ OSOO）,"37. ProLove Co., Ltd. (also known as OSOO ProLove and ProLove OSOO)",,,"Limited Liability Company Profflab, a.k.a., the following five aliases:
—Profflab LLC;
—Profflab Limited Liability Company;
—OSOO Profflab;
—Profflab OSOO; and
—Profflab LLC.","所在地：720001, Bishkek, Leninsky District, Toktogula Str., 179/2, Kyrgyzstan.",2023年12月15日,2025年04月02日,https://www.meti.go.jp/policy/external_economy/trade_control/02_export/17_russia/250912_list_daisangoku_tokutei.pdf
Third countries,ウクライナをめぐる国際平和のための国際的な努力に我が国として寄与す るために講ずる輸出等に係る禁止措置の対象となるロシア連邦及びベラルー シ共和国以外の国の団体を指定する件（令和五年外務省告示第四百四十七号）,38 タイITハードウェア有限会社（別称、タイ ITハードウェア及びロール･ アップ有限会社）,"38. Thai IT Hardware Co., Ltd. (also known as Thai IT Hardware and Roll-Up Co., Ltd.)",,,"Thai IT Hardware Co., Ltd, a.k.a., the following two aliases: —Thai IT Hardware; and
—Roll Up Co., Ltd.","所在地：315/85 Floor 3, Moo 12, Nongprue, Banglamung, Chonburi, Thailand.",2023年12月15日,2025年04月02日,https://www.meti.go.jp/policy/external_economy/trade_control/02_export/17_russia/250912_list_daisangoku_tokutei.pdf
Third countries,ウクライナをめぐる国際平和のための国際的な努力に我が国として寄与す るために講ずる輸出等に係る禁止措置の対象となるロシア連邦及びベラルー シ共和国以外の国の団体を指定する件（令和五年外務省告示第四百四十七号）,39 ビー･インシャート･ミーマルルック株式会社（別称、ビー･インシャート）,"39. B-Inshart Memallook Co., Ltd. (also known as B-Inshart)",,,"Bee Insaat Mimarlik Anonim Sirketi, a.k.a., the following four aliases:
—Bee Insaat Mimarlik AS
—Bee İnșaat Mimarlik Anonim Șirketi
—Bee Insaat; and
—Bee İnșaat Mimarlik A.Ș.","所在地：No:4B/397 Skyland Sitesi B Azerbaycan Cad., Huzur Mah., Sariyer, Istanbul, Turkey; and Merkez Mah., Seckin Sok. Z Ofis 2-4
A, Kagithane, Istanbul, Turkey.",2023年12月15日,2025年04月02日,https://www.meti.go.jp/policy/external_economy/trade_control/02_export/17_russia/250912_list_daisangoku_tokutei.pdf
Third countries,ウクライナをめぐる国際平和のための国際的な努力に我が国として寄与す るために講ずる輸出等に係る禁止措置の対象となるロシア連邦及びベラルー シ共和国以外の国の団体を指定する件（令和五年外務省告示第四百四十七号）,40 ビオン･グループ･イチ･ヴェ･ドゥシュ･ティジャーレット有限会社（別称、ビオン･トレード･グループ有限会社及びビオン･グループ有限会社）,40. Bion Group 1V Deux Tijaret Ltd. (also known as Bion Trade Group Ltd. and Bion Group Ltd.),,,"Bion Group Ic Ve Dis Ticaret Limited, a.k.a., the following three aliases:—Bion Group İç Ve Diș Ticaret Limited Șirketi;
—Bion Trade Group Limited; and
—Bion Group Ltd Sti.","所在地：Maslak Mah. Büyükdere Cad. Noramin İș Merkezi No:237 İç Kapi No:202, Sariyer, Istanbul, Turkey.",2023年12月15日,2025年04月02日,https://www.meti.go.jp/policy/external_economy/trade_control/02_export/17_russia/250912_list_daisangoku_tokutei.pdf
Third countries,ウクライナをめぐる国際平和のための国際的な努力に我が国として寄与す るために講ずる輸出等に係る禁止措置の対象となるロシア連邦及びベラルー シ共和国以外の国の団体を指定する件（令和五年外務省告示第四百四十七号）,41 CTLドゥシュ・ティジャーレット有限会社(別称、CTLフォーリン･トレー ド有限会社及び CTL有限会社),41 CTL Duchess Tigerlet Ltd. (also known as CTL Foreign Trade Ltd. and CTL Ltd.),CTLドゥシュ・ティジャーレット有限会社,CTLフォーリン･トレー ド有限会社; CTL有限会社,"CTL Dis Ticaret Limited Sirketi, a.k.a., the following five aliases:
—CTL Foreign Trade Limited Company;
—CTL Dis Ticaret Limited;
—CTL Diș Ticaret Limited Șirketi;
—CTL Foreign Trade Limited; and
—CTL Limited.","所在地：Nisbetiye Mah. Gazi Gucnar Sok. Uygur Is Merkezi Blok No:4, Ic Kapi No:2 Besiktas, Istanbul, Turkey.",2023年12月15日,2025年04月02日,https://www.meti.go.jp/policy/external_economy/trade_control/02_export/17_russia/250912_list_daisangoku_tokutei.pdf
Third countries,ウクライナをめぐる国際平和のための国際的な努力に我が国として寄与す るために講ずる輸出等に係る禁止措置の対象となるロシア連邦及びベラルー シ共和国以外の国の団体を指定する件（令和五年外務省告示第四百四十七号）,"42 エルヴァジャン･マキナ･エキプマンラル･ヴェ･サナーイ･テダーリッキ有 限会社（別称、エルヴァジャン、エルヴァジャン･マシーナリー･エクイプ
メント･アンド･インダストリー･サプライ有限会社、エルヴァジャン･マキ
ナ及びエルヴァジャン･マキナ有限会社）","42. Elvajan Machina Equipmanal Ve Sanay Tedarikki Limited (also known as Elvajan, Elvajan Machinery Equipment and Industry Supply Limited, Elvajan Machina, and Elvajan Machina Limited)",,,"Ervacan Makina Ekipmanlari Ve San Ted Ltd, a.k.a., the following six aliases:
—Ervacan Makina Ekipmanlari Ve Sanayi Tedarik Limited Șirketi;
—Ervacan Makina Ekipmanları ve Sanayi Tedarik Ltd Ști.;
-Ervacan;
-Ervacan Machinery Equipment and Industry Supply Ltd.;
-Ervacan Makina; and
-Ervacan Makina Ltd.","所在地：Küçükbakkalköy Mah., Defne Sok., Flora Suite Office, KNo:1, DNo:365, PK:34750, Atasehir, Istanbul, Turkey.",2023年12月15日,2025年04月02日,https://www.meti.go.jp/policy/external_economy/trade_control/02_export/17_russia/250912_list_daisangoku_tokutei.pdf
Third countries,ウクライナをめぐる国際平和のための国際的な努力に我が国として寄与す るために講ずる輸出等に係る禁止措置の対象となるロシア連邦及びベラルー シ共和国以外の国の団体を指定する件（令和五年外務省告示第四百四十七号）,"43 カラサニ･ドゥシュ・ティジャーレット有限会社（別称、カラサニ･ドゥシ ュ・ティジャーレット有限会社連合、カラサニ･フォーリン･トレード有限
会社、カラサニ・グループ・カンパニーズ、カラサニ・トレード、カラサニ・ロジスティクス、カラサニ・パッキング、カルヴァン・インターナシ
ョナル・ロジスティクス、アリザイ・グダ・ティジャーレット有限会社、
インプロテックス・フォーリン・トレード有限会社、インプロテックス有
限会社、インプロテックス及びインプロテックス・ドゥシュ・ティジャー
レット有限会社）","43. Karasani Duchess Tijaret Ltd. (also known as Karasani Duchess Tijaret Ltd. Alliance, Karasani Foreign Trade Ltd., Karasani Group Companies, Karasani Trade, Karasani Logistics, Karasani Packing, Calvin International Logistics, Alizai Guda Tijaret Ltd., Inprotex Foreign Trade Ltd., Inprotex Ltd., Inprotex and Inprotex Duchess Tijaret Ltd.)",,,"Karasani Dis Ticaret Limited Sirketi, a.k.a., the following twelve aliases:
—Karasani Diș Ticaret Limited Șirketi;
—Karasani Foreign Trade Limited Company;
-Karasani Group Companies;
-Karasani Trade;
-Karasani Logistic;
-Karasani Packing;
-Karvan International Logistics;
-Arizai Gida Ticaret Limited Sirketi;
-Improtex Foreign Trade Limited Liability Company;
-Improtex LLC;
-Improtex; and
-Improtex Dis Ticaret Limited Sirketi.","所在地：Cevval Sokak No: 1/3, Ic Kapi No: 180, Cumhuriyet Mahallesi, Buyukcekmece, Istanbul, 34500, Turkey; and Selale Caddesi No.13E, Bahcesehir 2, Kısım Mahallesi, Basaksehir, Istanbul, Turkey.",2023年12月15日,2025年04月02日,https://www.meti.go.jp/policy/external_economy/trade_control/02_export/17_russia/250912_list_daisangoku_tokutei.pdf
Third countries,ウクライナをめぐる国際平和のための国際的な努力に我が国として寄与す るために講ずる輸出等に係る禁止措置の対象となるロシア連邦及びベラルー シ共和国以外の国の団体を指定する件（令和五年外務省告示第四百四十七号）,44 メガサン･エレクトロニック･ティジャーレット･ヴェ･サナーイ株式会社 （別称、メガサン）,"44. MegaSun Electronic Tijaret Ve Sanai Co., Ltd. (also known as MegaSun)",,,"Megasan Elektronik Ticaret Ve Sanayi Anonim Sirketi, a.k.a., the following two aliases:
—Megasan Elektronik Ticaret Ve Sanayi Anonim Șirketi; and
—Megasan.","所在地：One Block Umraniye Blok, No.16-72 Fatih Sultan Mahallesi, Istanbul,34771,Turkey; Poligon Caddesi, Oneblock İş Merkezi Kat:11, Umraniye, Istanbul, 34771, Turkey; Perpa Ticaret Merkezi No.1409 Kat 11, Istanbul, 34384, Turkey; and Beylikdüzü Organize Sanayi Mahallesi Mermerciler Sanayi Sitesi 5. Cad. No.15, Beylikdüzü, Istanbul, Turkey.",2023年12月15日,2025年04月02日,https://www.meti.go.jp/policy/external_economy/trade_control/02_export/17_russia/250912_list_daisangoku_tokutei.pdf
Third countries,ウクライナをめぐる国際平和のための国際的な努力に我が国として寄与す るために講ずる輸出等に係る禁止措置の対象となるロシア連邦及びベラルー シ共和国以外の国の団体を指定する件（令和五年外務省告示第四百四十七号）,45 オレール･ドゥシュ･ティジャーレット有限会社（別称、オレール･フォー リン･トレード有限会社）,45. Orel Desserts Tigerette Ltd. (also known as Orel Foreign Trade Ltd.),,,"Orel Dis Tic. Ltd. Sti, a.k.a., the following three aliases: —Orel Diș Ticaret Limited Șirketi
—Orel Dis Ticaret Ltd.; and
—Orel Foreign Trade Limited Company.","所在地：632. Sokak No.6/A, Alaaddinbey Mahallesi, Nilufer, Bursa, 16120, Turkey.",2023年12月15日,2025年04月02日,https://www.meti.go.jp/policy/external_economy/trade_control/02_export/17_russia/250912_list_daisangoku_tokutei.pdf
Third countries,ウクライナをめぐる国際平和のための国際的な努力に我が国として寄与す るために講ずる輸出等に係る禁止措置の対象となるロシア連邦及びベラルー シ共和国以外の国の団体を指定する件（令和五年外務省告示第四百四十七号）,"46 スマート･トレーディング･トランスポーテーション･インダストリー･アン ド･トレード有限会社（別称、スマート・トレーディング・タシュマジュ
ルック・サナーイ・ヴェ・ティジャーレット有限会社）",46 Smart Trading Transportation Industry & Trade Ltd. (also known as Smart Trading Tashmajluk Sanai Ve Tijaret Ltd.),,,"Smart Trading Transportation Industry and Trade Limited Company, a.k.a., the following one alias:
—Smart Trading Tasimacilik San Ve Tic Ltd Sti.","所在地：Esentepe Mah, 1 Harman St., Duran Business Center, Building 4, Door 8, Sisli, Istanbul, Turkey.",2023年12月15日,2025年04月02日,https://www.meti.go.jp/policy/external_economy/trade_control/02_export/17_russia/250912_list_daisangoku_tokutei.pdf
Third countries,ウクライナをめぐる国際平和のための国際的な努力に我が国として寄与す るために講ずる輸出等に係る禁止措置の対象となるロシア連邦及びベラルー シ共和国以外の国の団体を指定する件（令和五年外務省告示第四百四十七号）,47 クリノフィスト･アビエーション FZCO (別称、クリノフィスト･アビエーシ ョン及びクリノフィスト･デザイン･アンド･エンジニアリング･ソリューシ ョンズ非公開会社),"47. Clinophys Aviation FZCO (also known as Clinophys Aviation and Clinophys Design and Engineering Solutions, a privately held company)",クリノフィスト･アビエーション FZCO,クリノフィスト･アビエーシ ョン; クリノフィスト･デザイン･アンド･エンジニアリング･ソリューシ ョンズ非公開会社,"Crynofist Aviation FZCO, a.k.a., the following two aliases: —Crynofist Aviation; and
—Crynofist Design and Engineering Solutions Pvt Ltd.","所在地：9WB 159-SO-26, First Floor, 9WB, Dubai, United Arab Emirates.",2023年12月15日,2025年04月02日,https://www.meti.go.jp/policy/external_economy/trade_control/02_export/17_russia/250912_list_daisangoku_tokutei.pdf
Third countries,ウクライナをめぐる国際平和のための国際的な努力に我が国として寄与す るために講ずる輸出等に係る禁止措置の対象となるロシア連邦及びベラルー シ共和国以外の国の団体を指定する件（令和五年外務省告示第四百四十七号）,48 エレ・テクノロジー・カンパニー・リミテッド,48 Ele Technology Company Limited,エレ・テクノロジー・カンパニー・リミテッド,イーエルイー・テクノロジー・コーポレーション・リミテッド; 深圳市易络电子有限公司,Ele Technology Co LTD,"所在地：3714 Duhuixuan Buildings, 3018 Shennan Road, Futian Area,
Shenzhen, China",2023年12月15日,2025年9月12日,https://www.meti.go.jp/policy/external_economy/trade_control/02_export/17_russia/250912_list_daisangoku_tokutei.pdf
Third countries,ウクライナをめぐる国際平和のための国際的な努力に我が国として寄与す るために講ずる輸出等に係る禁止措置の対象となるロシア連邦及びベラルー シ共和国以外の国の団体を指定する件（令和五年外務省告示第四百四十七号）,49 イーステック・エレクトロニクス・リミテッド,49. E-Tech Electronics Limited,イーステック・エレクトロニクス・リミテッド,"イーステック・エレクトロニクス; シェンジェン・イースト・テクノ
ロジー・リミテッド; シェンジェン・イータイ・テクノロジー・カンパニー・
リミテッド; イータイ・テクノロジー; イータイ・インターナショナル・エ
レクトロニクス・カンパニー・リミテッド; イーステック","Eastech Electronics Limited  a.k.a. 
—Eastech Electronics Ltd; 
—Eastech Electronics; 
—Shenzhen East Technology Limited; 
—Shenzhen Yitai Technology Co Ltd; 
—Yitai Technology; 
—Yitai International Electronics Co Ltd; 
—EASTECH","所在地：Room 17F, Block A Huaqiang Square, No. 1019 Huaqiang North
Road, Futian District, Shenzhen, Guangdong, China; Room 32, 11/F, Lee
Ka Industrial Building, 8 Ng Fong Street, San Po Kong, Kowloon, Hong
Kong, China",2023年12月15日,2025年9月12日,https://www.meti.go.jp/policy/external_economy/trade_control/02_export/17_russia/250912_list_daisangoku_tokutei.pdf
Third countries,ウクライナをめぐる国際平和のための国際的な努力に我が国として寄与す るために講ずる輸出等に係る禁止措置の対象となるロシア連邦及びベラルー シ共和国以外の国の団体を指定する件（令和五年外務省告示第四百四十七号）,50 アライン・トレーディング・カンパニー・リミテッド,50 Align Trading Company Limited,アライン・トレーディング・カンパニー・リミテッド,,Align Trading Company Limited a.k.a. —Align Trading CO Limited,"所在地：Room A1-13, Building A 3/F, Yee Lim Ind Center, 2-28, Kwai
Lok Street, Kwai Chung, Hong Kong, China; Room 2901B, Bank of
Communications Building, No. 3018, Shennan Middle Road, Futian
District, Shenzhen, Guangdong, China",2023年12月15日,2025年9月12日,https://www.meti.go.jp/policy/external_economy/trade_control/02_export/17_russia/250912_list_daisangoku_tokutei.pdf
Third countries,ウクライナをめぐる国際平和のための国際的な努力に我が国として寄与す るために講ずる輸出等に係る禁止措置の対象となるロシア連邦及びベラルー シ共和国以外の国の団体を指定する件（令和五年外務省告示第四百四十七号）,51 エーフォックス・コーポレーション,51 AXOX Corporation,エーフォックス・コーポレーション,元富科技集團股份有限公司; エーエフオーエックス・コーポレーション・リミテッド,Afox Corporation a.k.a. —AFOX Corporation Limited,"所在地：Ft F 10/F, Hung Cheung Ind Ctr Phs 1, 12 Tsing Yeung Circuit Tuen Mun, Nt, Hong Kong, China; 807, Yan Hing Centre, 9-13 Wong Chuk Yeung St., Fo Tan, NT, Hong Kong, China; 2F, No.13, Lane 5, Wu Kai Sha Village, Ma On Shan, Shatin, Nt, Hong Kong, China",2023年12月15日,2025年9月12日,https://www.meti.go.jp/policy/external_economy/trade_control/02_export/17_russia/250912_list_daisangoku_tokutei.pdf
Third countries,ウクライナをめぐる国際平和のための国際的な努力に我が国として寄与す るために講ずる輸出等に係る禁止措置の対象となるロシア連邦及びベラルー シ共和国以外の国の団体を指定する件（令和五年外務省告示第四百四十七号）,52 タイム・アート・インターナショナル・リミテッド,52 Time Art International Limited,タイム・アート・インターナショナル・リミテッド,時亞國際有限公司,Time Art International LTD,"所在地：Workshop 7(a), 12/f, Wah Lai Industrial Centre, Nos. 10-14
Kweitei Street, Shatin, Hong Kong, China",2023年12月15日,2025年9月12日,https://www.meti.go.jp/policy/external_economy/trade_control/02_export/17_russia/250912_list_daisangoku_tokutei.pdf
Third countries,ウクライナをめぐる国際平和のための国際的な努力に我が国として寄与す るために講ずる輸出等に係る禁止措置の対象となるロシア連邦及びベラルー シ共和国以外の国の団体を指定する件（令和五年外務省告示第四百四十七号）,"53 ホンコン・チースー・エレクトロニック・テクノロジー・カンパニー・リミ
テッド",53 Hong Kong Chi Su Electronic Technology Company Limited,"ホンコン・チースー・エレクトロニック・テクノロジー・カンパニー・リミ
テッド","香港旗速電子有限公司;
香港旗速電子科技有限公司",Hong Kong Qisu Electronic Technology Co Ltd,"所在地：Room 12G, Block A, Guangbo Modern Window Building, 1058
Huaqiang North Road, Futian District, Shenzhen, Guangdong 518028,
China; Room 705, 7th Floor, Fa Yuen Commercial Building, 75-77 Fa Yuen
St., Mong Kok, Hong Kong, China",2023年12月15日,2025年9月12日,https://www.meti.go.jp/policy/external_economy/trade_control/02_export/17_russia/250912_list_daisangoku_tokutei.pdf
Third countries,ウクライナをめぐる国際平和のための国際的な努力に我が国として寄与す るために講ずる輸出等に係る禁止措置の対象となるロシア連邦及びベラルー シ共和国以外の国の団体を指定する件（令和五年外務省告示第四百四十七号）,54 イクス・メディカル・ビュロ・マルゼメレリ･ティジャーレット有限会社,54 Iks Medical Bureau Marzemerelli Tigerlet Limited,イクス・メディカル・ビュロ・マルゼメレリ･ティジャーレット有限会社,"イクス・エレクトロニック・イチ･ヴェ･ドゥシュ･ティジャーレッ
ト有限会社; イクス・エレクトロニクス・ドメスティック・アンド・フォ
ーリン・トレード有限会社; イクス・エレクトロニクス・ドメスティッ
ク・アンド・フォーリン・トレード有限会社・イスタンブール・インダス
トリー・アンド・トレード・フリー・ゾーン・ブランチ","Ix Medikal Buro Malzemeleri Ticaret Limited Sirketi, a.k.a.
—Ix Elektronik Ic Ve Dis Ticaret Ltd Sirketi; Ix Elektronik Ic Ve Dis Ticaret Limited Serketi; 
—Ix Elektronik Ic Ve Dis Ticaret Limited Sirkety; 
—Ix Electronics Domestic and Foreign Trade Limited;
—Ix Electronics Domestic and Foreign Trade Limited Company Istanbul Industry and Trade Free Zone Branch; 
—Ix Elektronik Ic Ve Dis Ticaret Limited Sirketi; 
—Ix Elektronik Ic Ve Dis Ticaret Limited","所在地：Mah 225, Sokak-1 Summ, Alanya, Antalya 07460, Turkey; No:8D-23, D Block, Summer Park Sitesi, Oba Mahallesi 225, Alanya, Antalya 07450, Turkey; Block No:4, Inside Door No: z01, PiloT Deri BinasI, Kosar Cad, Aydinli Sb Mah, Tuzla, Istanbul 34953, Turkey",2023年12月15日,2025年9月12日,https://www.meti.go.jp/policy/external_economy/trade_control/02_export/17_russia/250912_list_daisangoku_tokutei.pdf
Third countries,ウクライナをめぐる国際平和のための国際的な努力に我が国として寄与す るために講ずる輸出等に係る禁止措置の対象となるロシア連邦及びベラルー シ共和国以外の国の団体を指定する件（令和五年外務省告示第四百四十七号）,"55 ユルドゥズ・チップ・テクノロジ・エレクトロニック・エレクトリック・ビ
ルギサヤル・マルゼメレリ・ティジャーレット・サナイ有限会社",55 Yildiz Chip Technology Electronic Electric Bilgisayal Marzemereli Tijaret Sanay Limited,"ユルドゥズ・チップ・テクノロジ・エレクトロニック・エレクトリック・ビ
ルギサヤル・マルゼメレリ・ティジャーレット・サナイ有限会社","ユルドゥズ・チップ及びユルドゥズ・チップ・テクノロジ・エレクト
ロニック・エレクトリック・コンピューター・マテリアルズ・トレード・イ
ンダストリー有限会社","Yildiz Çip Teknoloji Elektronik Elektrik Bilgisayar Malzemeleri Ticaret Sanayi Limited Sirketi  a.k.a.
—Yildiz Cip Teknoloji Elektronik Elektrik Bilg. Malz. Tic. San. Ltd. Sti; 
—Yildiz Chip; 
—Yildiz Chip Technology Electronic Electric Computer Materials Trade Industry Limited; 
—Yildiz Çip; 
—Yildiz Çip Teknoloji Elektronik Elektrik Bilgisayar Malzemeleri Tic. San. Ltd. Ști.","所在地：Blok No:118 Ic Kapi No:401, Sehit Binbasi Cengiz Toytunç Cad.
Antelsan Is Merkezi Antelsan Is Merkezi, Kisla Mah., Muratpasa,
Antalya, Turkey",2023年12月15日,2025年9月12日,https://www.meti.go.jp/policy/external_economy/trade_control/02_export/17_russia/250912_list_daisangoku_tokutei.pdf