schema,name,aliases,topics,program,authority,reason,report-date,start-date,end-date,country,notes,source_url
Company,Academy of Military Medical Sciences,AMMS,debarment,Section 1286 of the John S. McCain National Defense Authorization Act for Fiscal Year 2019 (Public Law 115 - 232),United States Congress,,2022,,,,,https://media.defense.gov/2023/Jun/29/2003251160/-1/-1/1/COUNTERING-UNWANTED-INFLUENCE-IN-DEPARTMENT-FUNDED-RESEARCH-AT-INSTITUTIONS-OF-HIGHER-EDUCATION.PDF
Company,"Academy of Military Medical Sciences, Field Blood Transfusion Institution",,debarment,Section 1286 of the John S. McCain National Defense Authorization Act for Fiscal Year 2019 (Public Law 115 - 232),United States Congress,,2022,,,,,https://media.defense.gov/2023/Jun/29/2003251160/-1/-1/1/COUNTERING-UNWANTED-INFLUENCE-IN-DEPARTMENT-FUNDED-RESEARCH-AT-INSTITUTIONS-OF-HIGHER-EDUCATION.PDF
Company,"Academy of Military Medical Sciences, Institute of Basic Medicine",,debarment,Section 1286 of the John S. McCain National Defense Authorization Act for Fiscal Year 2019 (Public Law 115 - 232),United States Congress,,2022,,,,,https://media.defense.gov/2023/Jun/29/2003251160/-1/-1/1/COUNTERING-UNWANTED-INFLUENCE-IN-DEPARTMENT-FUNDED-RESEARCH-AT-INSTITUTIONS-OF-HIGHER-EDUCATION.PDF
Company,"Academy of Military Medical Sciences, Institute of Bioengineering",,debarment,Section 1286 of the John S. McCain National Defense Authorization Act for Fiscal Year 2019 (Public Law 115 - 232),United States Congress,,2022,,,,,https://media.defense.gov/2023/Jun/29/2003251160/-1/-1/1/COUNTERING-UNWANTED-INFLUENCE-IN-DEPARTMENT-FUNDED-RESEARCH-AT-INSTITUTIONS-OF-HIGHER-EDUCATION.PDF
Company,"Academy of Military Medical Sciences, Institute of Disease Control and Prevention",Disease Control and Prevention Institute,debarment,Section 1286 of the John S. McCain National Defense Authorization Act for Fiscal Year 2019 (Public Law 115 - 232),United States Congress,,2022,,,,,https://media.defense.gov/2023/Jun/29/2003251160/-1/-1/1/COUNTERING-UNWANTED-INFLUENCE-IN-DEPARTMENT-FUNDED-RESEARCH-AT-INSTITUTIONS-OF-HIGHER-EDUCATION.PDF
Company,"Academy of Military Medical Sciences, Institute of Health Service and Medical Information",,debarment,Section 1286 of the John S. McCain National Defense Authorization Act for Fiscal Year 2019 (Public Law 115 - 232),United States Congress,,2022,,,,,https://media.defense.gov/2023/Jun/29/2003251160/-1/-1/1/COUNTERING-UNWANTED-INFLUENCE-IN-DEPARTMENT-FUNDED-RESEARCH-AT-INSTITUTIONS-OF-HIGHER-EDUCATION.PDF
Company,"Academy of Military Medical Sciences, Institute of Hygiene and Environmental Medicine",,debarment,Section 1286 of the John S. McCain National Defense Authorization Act for Fiscal Year 2019 (Public Law 115 - 232),United States Congress,,2022,,,,,https://media.defense.gov/2023/Jun/29/2003251160/-1/-1/1/COUNTERING-UNWANTED-INFLUENCE-IN-DEPARTMENT-FUNDED-RESEARCH-AT-INSTITUTIONS-OF-HIGHER-EDUCATION.PDF
Company,"Academy of Military Medical Sciences, Institute of Medical Equipment",,debarment,Section 1286 of the John S. McCain National Defense Authorization Act for Fiscal Year 2019 (Public Law 115 - 232),United States Congress,,2022,,,,,https://media.defense.gov/2023/Jun/29/2003251160/-1/-1/1/COUNTERING-UNWANTED-INFLUENCE-IN-DEPARTMENT-FUNDED-RESEARCH-AT-INSTITUTIONS-OF-HIGHER-EDUCATION.PDF
Company,"Academy of Military Medical Sciences, Institute of Microbiology and Epidemiology",Institute of Microbial Epidemiology,debarment,Section 1286 of the John S. McCain National Defense Authorization Act for Fiscal Year 2019 (Public Law 115 - 232),United States Congress,,2022,,,,,https://media.defense.gov/2023/Jun/29/2003251160/-1/-1/1/COUNTERING-UNWANTED-INFLUENCE-IN-DEPARTMENT-FUNDED-RESEARCH-AT-INSTITUTIONS-OF-HIGHER-EDUCATION.PDF
Company,"Academy of Military Medical Sciences, Institute of Radiation and Radiation Medicine",Institute of Radiation and Radiation Medicine; Institute of Electromagnetic and Particle Radiation Medicine,debarment,Section 1286 of the John S. McCain National Defense Authorization Act for Fiscal Year 2019 (Public Law 115 - 232),United States Congress,,2022,,,,,https://media.defense.gov/2023/Jun/29/2003251160/-1/-1/1/COUNTERING-UNWANTED-INFLUENCE-IN-DEPARTMENT-FUNDED-RESEARCH-AT-INSTITUTIONS-OF-HIGHER-EDUCATION.PDF
Company,"Academy of Military Medical Sciences, Institute of Toxicology and Pharmacology",Institute of Toxicology and Drugs,debarment,Section 1286 of the John S. McCain National Defense Authorization Act for Fiscal Year 2019 (Public Law 115 - 232),United States Congress,,2022,,,,,https://media.defense.gov/2023/Jun/29/2003251160/-1/-1/1/COUNTERING-UNWANTED-INFLUENCE-IN-DEPARTMENT-FUNDED-RESEARCH-AT-INSTITUTIONS-OF-HIGHER-EDUCATION.PDF
Company,"Academy of Military Medical Sciences, Military Veterinary Research Institute",,debarment,Section 1286 of the John S. McCain National Defense Authorization Act for Fiscal Year 2019 (Public Law 115 - 232),United States Congress,,2022,,,,,https://media.defense.gov/2023/Jun/29/2003251160/-1/-1/1/COUNTERING-UNWANTED-INFLUENCE-IN-DEPARTMENT-FUNDED-RESEARCH-AT-INSTITUTIONS-OF-HIGHER-EDUCATION.PDF
Company,Beijing Aeronautical Manufacturing Technology Research Institute (BAMTRI),Aviation Industry Corporation of China's (AVIC) Institute 625,debarment,Section 1286 of the John S. McCain National Defense Authorization Act for Fiscal Year 2019 (Public Law 115 - 232),United States Congress,,2022,,,,,https://media.defense.gov/2023/Jun/29/2003251160/-1/-1/1/COUNTERING-UNWANTED-INFLUENCE-IN-DEPARTMENT-FUNDED-RESEARCH-AT-INSTITUTIONS-OF-HIGHER-EDUCATION.PDF
Company,Beijing Computational Science Research Center,Beijing Computing Science Research Center; BCSRC; CSRC,debarment,Section 1286 of the John S. McCain National Defense Authorization Act for Fiscal Year 2019 (Public Law 115 - 232),United States Congress,,2022,,,,,https://media.defense.gov/2023/Jun/29/2003251160/-1/-1/1/COUNTERING-UNWANTED-INFLUENCE-IN-DEPARTMENT-FUNDED-RESEARCH-AT-INSTITUTIONS-OF-HIGHER-EDUCATION.PDF
Company,Beijing Institute of Technology,,debarment,Section 1286 of the John S. McCain National Defense Authorization Act for Fiscal Year 2019 (Public Law 115 - 232),United States Congress,,2022,,,,,https://media.defense.gov/2023/Jun/29/2003251160/-1/-1/1/COUNTERING-UNWANTED-INFLUENCE-IN-DEPARTMENT-FUNDED-RESEARCH-AT-INSTITUTIONS-OF-HIGHER-EDUCATION.PDF
Company,Beijing University of Aeronautics and Astronautics,BUAA; Beihang University,debarment,Section 1286 of the John S. McCain National Defense Authorization Act for Fiscal Year 2019 (Public Law 115 - 232),United States Congress,,2022,,,,,https://media.defense.gov/2023/Jun/29/2003251160/-1/-1/1/COUNTERING-UNWANTED-INFLUENCE-IN-DEPARTMENT-FUNDED-RESEARCH-AT-INSTITUTIONS-OF-HIGHER-EDUCATION.PDF
Company,Beijing University of Posts and Telecommunications,BUPT,debarment,Section 1286 of the John S. McCain National Defense Authorization Act for Fiscal Year 2019 (Public Law 115 - 232),United States Congress,,2022,,,,,https://media.defense.gov/2023/Jun/29/2003251160/-1/-1/1/COUNTERING-UNWANTED-INFLUENCE-IN-DEPARTMENT-FUNDED-RESEARCH-AT-INSTITUTIONS-OF-HIGHER-EDUCATION.PDF
Company,Center for High Pressure Science and Technology Advanced Research,HPSTAR; Beijing High Voltage Research Center,debarment,Section 1286 of the John S. McCain National Defense Authorization Act for Fiscal Year 2019 (Public Law 115 - 232),United States Congress,,2022,,,,,https://media.defense.gov/2023/Jun/29/2003251160/-1/-1/1/COUNTERING-UNWANTED-INFLUENCE-IN-DEPARTMENT-FUNDED-RESEARCH-AT-INSTITUTIONS-OF-HIGHER-EDUCATION.PDF
Company,Changjiang Scholar Distinguished Professorship,,debarment,Section 1286 of the John S. McCain National Defense Authorization Act for Fiscal Year 2019 (Public Law 115 - 232),United States Congress,,2022,,,,,https://media.defense.gov/2023/Jun/29/2003251160/-1/-1/1/COUNTERING-UNWANTED-INFLUENCE-IN-DEPARTMENT-FUNDED-RESEARCH-AT-INSTITUTIONS-OF-HIGHER-EDUCATION.PDF
Company,Chinese Academy of Engineering Physics,"CAEP; Ninth Academy; Southwest Computing Center; Southwest Institute of Applied Electronics; Southwest Institute of Chemical Materials; Southwest Institute of Electronic Engineering; Southwest Institute of Environmental Testing; Southwest Institute of Explosives and Chemical Engineering; Southwest Institute of Fluid Physics; Southwest Institute of General Designing and Assembly; Southwest Institute of Machining Technology; Southwest Institute of Materials; Southwest Institute of Nuclear Physics and Chemistry; China Academy of Engineering Physics (CAEP) 902 Institute; Southwest Institute of Research and Applications of Special Materials Factory; Southwest Institute of Structural Mechanics; The High Power Laser Laboratory, Shanghai; The Institute of Applied Physics and Computational Mathematics, Beijing; 901 Institute",debarment,Section 1286 of the John S. McCain National Defense Authorization Act for Fiscal Year 2019 (Public Law 115 - 232),United States Congress,,2022,,,,,https://media.defense.gov/2023/Jun/29/2003251160/-1/-1/1/COUNTERING-UNWANTED-INFLUENCE-IN-DEPARTMENT-FUNDED-RESEARCH-AT-INSTITUTIONS-OF-HIGHER-EDUCATION.PDF
Company,Chinese Academy of Sciences - Shenyang Institute of Automation,,debarment,Section 1286 of the John S. McCain National Defense Authorization Act for Fiscal Year 2019 (Public Law 115 - 232),United States Congress,,2022,,,,,https://media.defense.gov/2023/Jun/29/2003251160/-1/-1/1/COUNTERING-UNWANTED-INFLUENCE-IN-DEPARTMENT-FUNDED-RESEARCH-AT-INSTITUTIONS-OF-HIGHER-EDUCATION.PDF
Company,Federal Research Center Boreskov Institute of Catalysis,,debarment,Section 1286 of the John S. McCain National Defense Authorization Act for Fiscal Year 2019 (Public Law 115 - 232),United States Congress,,2022,,,,,https://media.defense.gov/2023/Jun/29/2003251160/-1/-1/1/COUNTERING-UNWANTED-INFLUENCE-IN-DEPARTMENT-FUNDED-RESEARCH-AT-INSTITUTIONS-OF-HIGHER-EDUCATION.PDF
Company,Federal State Budgetary Institution of Science P.I.K.A. Valiev RAS of the Ministry of Science and Higher Education of Russia,FTIAN IM K.A.Valiev RAS; FTI RAS; FTIAN,debarment,Section 1286 of the John S. McCain National Defense Authorization Act for Fiscal Year 2019 (Public Law 115 - 232),United States Congress,,2022,,,,,https://media.defense.gov/2023/Jun/29/2003251160/-1/-1/1/COUNTERING-UNWANTED-INFLUENCE-IN-DEPARTMENT-FUNDED-RESEARCH-AT-INSTITUTIONS-OF-HIGHER-EDUCATION.PDF
Company,Harbin Engineering University,,debarment,Section 1286 of the John S. McCain National Defense Authorization Act for Fiscal Year 2019 (Public Law 115 - 232),United States Congress,,2022,,,,,https://media.defense.gov/2023/Jun/29/2003251160/-1/-1/1/COUNTERING-UNWANTED-INFLUENCE-IN-DEPARTMENT-FUNDED-RESEARCH-AT-INSTITUTIONS-OF-HIGHER-EDUCATION.PDF
Company,Harbin Institute of Technology,,debarment,Section 1286 of the John S. McCain National Defense Authorization Act for Fiscal Year 2019 (Public Law 115 - 232),United States Congress,,2022,,,,,https://media.defense.gov/2023/Jun/29/2003251160/-1/-1/1/COUNTERING-UNWANTED-INFLUENCE-IN-DEPARTMENT-FUNDED-RESEARCH-AT-INSTITUTIONS-OF-HIGHER-EDUCATION.PDF
Company,Hefei National Laboratory for Physical Sciences at the Microscale,,debarment,Section 1286 of the John S. McCain National Defense Authorization Act for Fiscal Year 2019 (Public Law 115 - 232),United States Congress,,2022,,,,,https://media.defense.gov/2023/Jun/29/2003251160/-1/-1/1/COUNTERING-UNWANTED-INFLUENCE-IN-DEPARTMENT-FUNDED-RESEARCH-AT-INSTITUTIONS-OF-HIGHER-EDUCATION.PDF
Company,Hundred Talents Plan,,debarment,Section 1286 of the John S. McCain National Defense Authorization Act for Fiscal Year 2019 (Public Law 115 - 232),United States Congress,,2022,,,,,https://media.defense.gov/2023/Jun/29/2003251160/-1/-1/1/COUNTERING-UNWANTED-INFLUENCE-IN-DEPARTMENT-FUNDED-RESEARCH-AT-INSTITUTIONS-OF-HIGHER-EDUCATION.PDF
Company,Institute of High Energy Physics,IHEP; Kurchatovskiy Institute ITEF,debarment,Section 1286 of the John S. McCain National Defense Authorization Act for Fiscal Year 2019 (Public Law 115 - 232),United States Congress,,2022,,,,,https://media.defense.gov/2023/Jun/29/2003251160/-1/-1/1/COUNTERING-UNWANTED-INFLUENCE-IN-DEPARTMENT-FUNDED-RESEARCH-AT-INSTITUTIONS-OF-HIGHER-EDUCATION.PDF
Company,Institute of Solid-State Physics of the Russian Academy of Sciences (ISSP),Institute of Solid-State Physics of the Academy of Sciences SSSR; Federal State Budgetary Institution of Science Institute of Solid-State Physics N.A. Yu. A. Osipyanof the Russian Academy of Sciences,debarment,Section 1286 of the John S. McCain National Defense Authorization Act for Fiscal Year 2019 (Public Law 115 - 232),United States Congress,,2022,,,,,https://media.defense.gov/2023/Jun/29/2003251160/-1/-1/1/COUNTERING-UNWANTED-INFLUENCE-IN-DEPARTMENT-FUNDED-RESEARCH-AT-INSTITUTIONS-OF-HIGHER-EDUCATION.PDF
Company,Mabna Institute,,debarment,Section 1286 of the John S. McCain National Defense Authorization Act for Fiscal Year 2019 (Public Law 115 - 232),United States Congress,,2022,,2026-07-23,,,https://media.defense.gov/2023/Jun/29/2003251160/-1/-1/1/COUNTERING-UNWANTED-INFLUENCE-IN-DEPARTMENT-FUNDED-RESEARCH-AT-INSTITUTIONS-OF-HIGHER-EDUCATION.PDF
Company,Moscow Institute of Physics and Technology,MIPT; MFTI,debarment,Section 1286 of the John S. McCain National Defense Authorization Act for Fiscal Year 2019 (Public Law 115 - 232),United States Congress,,2022,,,,,https://media.defense.gov/2023/Jun/29/2003251160/-1/-1/1/COUNTERING-UNWANTED-INFLUENCE-IN-DEPARTMENT-FUNDED-RESEARCH-AT-INSTITUTIONS-OF-HIGHER-EDUCATION.PDF
Company,Moscow Order of the Red Banner of Labor Research Radio Engineering Institute JSC,MNIRTI JSC,debarment,Section 1286 of the John S. McCain National Defense Authorization Act for Fiscal Year 2019 (Public Law 115 - 232),United States Congress,,2022,,,,,https://media.defense.gov/2023/Jun/29/2003251160/-1/-1/1/COUNTERING-UNWANTED-INFLUENCE-IN-DEPARTMENT-FUNDED-RESEARCH-AT-INSTITUTIONS-OF-HIGHER-EDUCATION.PDF
Company,Nanjing University of Aeronautics and Astronautics,,debarment,Section 1286 of the John S. McCain National Defense Authorization Act for Fiscal Year 2019 (Public Law 115 - 232),United States Congress,,2022,,,,,https://media.defense.gov/2023/Jun/29/2003251160/-1/-1/1/COUNTERING-UNWANTED-INFLUENCE-IN-DEPARTMENT-FUNDED-RESEARCH-AT-INSTITUTIONS-OF-HIGHER-EDUCATION.PDF
Company,Nanjing University of Science and Technology,,debarment,Section 1286 of the John S. McCain National Defense Authorization Act for Fiscal Year 2019 (Public Law 115 - 232),United States Congress,,2022,,,,,https://media.defense.gov/2023/Jun/29/2003251160/-1/-1/1/COUNTERING-UNWANTED-INFLUENCE-IN-DEPARTMENT-FUNDED-RESEARCH-AT-INSTITUTIONS-OF-HIGHER-EDUCATION.PDF
Company,National University of Defense Technology,NUDT; Central South CAD Center; CSCC; Hunan Guofang Keji University,debarment,Section 1286 of the John S. McCain National Defense Authorization Act for Fiscal Year 2019 (Public Law 115 - 232),United States Congress,,2022,,,,,https://media.defense.gov/2023/Jun/29/2003251160/-1/-1/1/COUNTERING-UNWANTED-INFLUENCE-IN-DEPARTMENT-FUNDED-RESEARCH-AT-INSTITUTIONS-OF-HIGHER-EDUCATION.PDF
Company,Northwestern Polytechnical University,Northwestern Polytechnic University; Northwest Polytechnic University; Northwest Polytechnical University,debarment,Section 1286 of the John S. McCain National Defense Authorization Act for Fiscal Year 2019 (Public Law 115 - 232),United States Congress,,2022,,,,,https://media.defense.gov/2023/Jun/29/2003251160/-1/-1/1/COUNTERING-UNWANTED-INFLUENCE-IN-DEPARTMENT-FUNDED-RESEARCH-AT-INSTITUTIONS-OF-HIGHER-EDUCATION.PDF
Company,Ocean University of China,,debarment,Section 1286 of the John S. McCain National Defense Authorization Act for Fiscal Year 2019 (Public Law 115 - 232),United States Congress,,2022,,,,,https://media.defense.gov/2023/Jun/29/2003251160/-1/-1/1/COUNTERING-UNWANTED-INFLUENCE-IN-DEPARTMENT-FUNDED-RESEARCH-AT-INSTITUTIONS-OF-HIGHER-EDUCATION.PDF
Company,Pearl River Talent Program,,debarment,Section 1286 of the John S. McCain National Defense Authorization Act for Fiscal Year 2019 (Public Law 115 - 232),United States Congress,,2022,,,,,https://media.defense.gov/2023/Jun/29/2003251160/-1/-1/1/COUNTERING-UNWANTED-INFLUENCE-IN-DEPARTMENT-FUNDED-RESEARCH-AT-INSTITUTIONS-OF-HIGHER-EDUCATION.PDF
Company,Project 5-100,,debarment,Section 1286 of the John S. McCain National Defense Authorization Act for Fiscal Year 2019 (Public Law 115 - 232),United States Congress,,2022,,,,,https://media.defense.gov/2023/Jun/29/2003251160/-1/-1/1/COUNTERING-UNWANTED-INFLUENCE-IN-DEPARTMENT-FUNDED-RESEARCH-AT-INSTITUTIONS-OF-HIGHER-EDUCATION.PDF
Company,River Talents Plan,,debarment,Section 1286 of the John S. McCain National Defense Authorization Act for Fiscal Year 2019 (Public Law 115 - 232),United States Congress,,2022,,,,,https://media.defense.gov/2023/Jun/29/2003251160/-1/-1/1/COUNTERING-UNWANTED-INFLUENCE-IN-DEPARTMENT-FUNDED-RESEARCH-AT-INSTITUTIONS-OF-HIGHER-EDUCATION.PDF
Company,"Rzhanov Institute of Semiconductor Physics, Siberian Branch of Russian Academy of Sciences",IPP SB RAS; Institute of Semiconductor Physics IM A.V. Rzhanov,debarment,Section 1286 of the John S. McCain National Defense Authorization Act for Fiscal Year 2019 (Public Law 115 - 232),United States Congress,,2022,,,,,https://media.defense.gov/2023/Jun/29/2003251160/-1/-1/1/COUNTERING-UNWANTED-INFLUENCE-IN-DEPARTMENT-FUNDED-RESEARCH-AT-INSTITUTIONS-OF-HIGHER-EDUCATION.PDF
Company,Sichuan University,,debarment,Section 1286 of the John S. McCain National Defense Authorization Act for Fiscal Year 2019 (Public Law 115 - 232),United States Congress,,2022,,,,,https://media.defense.gov/2023/Jun/29/2003251160/-1/-1/1/COUNTERING-UNWANTED-INFLUENCE-IN-DEPARTMENT-FUNDED-RESEARCH-AT-INSTITUTIONS-OF-HIGHER-EDUCATION.PDF
Company,Sun Yat-Sen University,,debarment,Section 1286 of the John S. McCain National Defense Authorization Act for Fiscal Year 2019 (Public Law 115 - 232),United States Congress,,2022,,,,,https://media.defense.gov/2023/Jun/29/2003251160/-1/-1/1/COUNTERING-UNWANTED-INFLUENCE-IN-DEPARTMENT-FUNDED-RESEARCH-AT-INSTITUTIONS-OF-HIGHER-EDUCATION.PDF
Company,"Tactical Missile Corporation, Concern “MPO—Gidropribor”",Joint Stock Company Concern Sea Underwater Weapons Gidropribor; Research Institute “Gidpropridor”,debarment,Section 1286 of the John S. McCain National Defense Authorization Act for Fiscal Year 2019 (Public Law 115 - 232),United States Congress,,2022,,,,,https://media.defense.gov/2023/Jun/29/2003251160/-1/-1/1/COUNTERING-UNWANTED-INFLUENCE-IN-DEPARTMENT-FUNDED-RESEARCH-AT-INSTITUTIONS-OF-HIGHER-EDUCATION.PDF
Company,"Tactical Missile Corporation, Joint Stock Company GosNIIMash",“GOSNIIMASH”; PPORosprofprom V “GOSNIIMASH”; State Research Institute of Mechanical Engineering; Pervichnaya Profsoyuznaya Organizatsiya Rossiskogo Profsoyuza Rabotnikov Promyshlennosti V; Joint Stock Company “State Research Institute of Mechanical Engineering” named after “V.V.Bakhirev”; SKB DNIKhTI,debarment,Section 1286 of the John S. McCain National Defense Authorization Act for Fiscal Year 2019 (Public Law 115 - 232),United States Congress,,2022,,,,,https://media.defense.gov/2023/Jun/29/2003251160/-1/-1/1/COUNTERING-UNWANTED-INFLUENCE-IN-DEPARTMENT-FUNDED-RESEARCH-AT-INSTITUTIONS-OF-HIGHER-EDUCATION.PDF
Company,Thousand Talents Plan,,debarment,Section 1286 of the John S. McCain National Defense Authorization Act for Fiscal Year 2019 (Public Law 115 - 232),United States Congress,,2022,,,,,https://media.defense.gov/2023/Jun/29/2003251160/-1/-1/1/COUNTERING-UNWANTED-INFLUENCE-IN-DEPARTMENT-FUNDED-RESEARCH-AT-INSTITUTIONS-OF-HIGHER-EDUCATION.PDF
Company,Tianjin University,,debarment,Section 1286 of the John S. McCain National Defense Authorization Act for Fiscal Year 2019 (Public Law 115 - 232),United States Congress,,2022,,,,,https://media.defense.gov/2023/Jun/29/2003251160/-1/-1/1/COUNTERING-UNWANTED-INFLUENCE-IN-DEPARTMENT-FUNDED-RESEARCH-AT-INSTITUTIONS-OF-HIGHER-EDUCATION.PDF
Company,University of Electronic Science and Technology of China,,debarment,Section 1286 of the John S. McCain National Defense Authorization Act for Fiscal Year 2019 (Public Law 115 - 232),United States Congress,,2022,,,,,https://media.defense.gov/2023/Jun/29/2003251160/-1/-1/1/COUNTERING-UNWANTED-INFLUENCE-IN-DEPARTMENT-FUNDED-RESEARCH-AT-INSTITUTIONS-OF-HIGHER-EDUCATION.PDF
Company,ATR Defense S&T Key Laboratory of Intelligent Information Processing at Shenzhen University,,debarment,Section 1286 of the John S. McCain National Defense Authorization Act for Fiscal Year 2019 (Public Law 115 - 232),United States Congress,,2023,,,,,https://rt.cto.mil/wp-content/uploads/2024/07/FY23-Lists-Published-in-Response-to-Section-1286-of-NDAA-2019_clearedv2.pdf
Company,Academy of Military Medical Sciences (AMMS),,debarment,Section 1286 of the John S. McCain National Defense Authorization Act for Fiscal Year 2019 (Public Law 115 - 232),United States Congress,,2023,,,,,https://rt.cto.mil/wp-content/uploads/2024/07/FY23-Lists-Published-in-Response-to-Section-1286-of-NDAA-2019_clearedv2.pdf
Company,"Academy of Military Medical Sciences, Field Blood Transfusion Institution",,debarment,Section 1286 of the John S. McCain National Defense Authorization Act for Fiscal Year 2019 (Public Law 115 - 232),United States Congress,,2023,,,,,https://rt.cto.mil/wp-content/uploads/2024/07/FY23-Lists-Published-in-Response-to-Section-1286-of-NDAA-2019_clearedv2.pdf
Company,"Academy of Military Medical Sciences, Institute of Basic Medicine",,debarment,Section 1286 of the John S. McCain National Defense Authorization Act for Fiscal Year 2019 (Public Law 115 - 232),United States Congress,,2023,,,,,https://rt.cto.mil/wp-content/uploads/2024/07/FY23-Lists-Published-in-Response-to-Section-1286-of-NDAA-2019_clearedv2.pdf
Company,"Academy of Military Medical Sciences, Institute of Bioengineering",,debarment,Section 1286 of the John S. McCain National Defense Authorization Act for Fiscal Year 2019 (Public Law 115 - 232),United States Congress,,2023,,,,,https://rt.cto.mil/wp-content/uploads/2024/07/FY23-Lists-Published-in-Response-to-Section-1286-of-NDAA-2019_clearedv2.pdf
Company,"Academy of Military Medical Sciences, Institute of Disease Control and Prevention",Disease Control and Prevention Institute,debarment,Section 1286 of the John S. McCain National Defense Authorization Act for Fiscal Year 2019 (Public Law 115 - 232),United States Congress,,2023,,,,,https://rt.cto.mil/wp-content/uploads/2024/07/FY23-Lists-Published-in-Response-to-Section-1286-of-NDAA-2019_clearedv2.pdf
Company,"Academy of Military Medical Sciences, Institute of Health Service and Medical Information",,debarment,Section 1286 of the John S. McCain National Defense Authorization Act for Fiscal Year 2019 (Public Law 115 - 232),United States Congress,,2023,,,,,https://rt.cto.mil/wp-content/uploads/2024/07/FY23-Lists-Published-in-Response-to-Section-1286-of-NDAA-2019_clearedv2.pdf
Company,"Academy of Military Medical Sciences, Institute of Hygiene and Environmental Medicine",,debarment,Section 1286 of the John S. McCain National Defense Authorization Act for Fiscal Year 2019 (Public Law 115 - 232),United States Congress,,2023,,,,,https://rt.cto.mil/wp-content/uploads/2024/07/FY23-Lists-Published-in-Response-to-Section-1286-of-NDAA-2019_clearedv2.pdf
Company,"Academy of Military Medical Sciences, Institute of Medical Equipment",,debarment,Section 1286 of the John S. McCain National Defense Authorization Act for Fiscal Year 2019 (Public Law 115 - 232),United States Congress,,2023,,,,,https://rt.cto.mil/wp-content/uploads/2024/07/FY23-Lists-Published-in-Response-to-Section-1286-of-NDAA-2019_clearedv2.pdf
Company,"Academy of Military Medical Sciences, Institute of Microbiology and Epidemiology",Institute of Microbial Epidemiology,debarment,Section 1286 of the John S. McCain National Defense Authorization Act for Fiscal Year 2019 (Public Law 115 - 232),United States Congress,,2023,,,,,https://rt.cto.mil/wp-content/uploads/2024/07/FY23-Lists-Published-in-Response-to-Section-1286-of-NDAA-2019_clearedv2.pdf
Company,"Academy of Military Medical Sciences, Institute of Radiation and Radiation Medicine",Institute of Radiation and Radiation Medicine; Institute of Electromagnetic and Particle Radiation Medicine,debarment,Section 1286 of the John S. McCain National Defense Authorization Act for Fiscal Year 2019 (Public Law 115 - 232),United States Congress,,2023,,,,,https://rt.cto.mil/wp-content/uploads/2024/07/FY23-Lists-Published-in-Response-to-Section-1286-of-NDAA-2019_clearedv2.pdf
Company,"Academy of Military Medical Sciences, Institute of Toxicology and Pharmacology",Institute of Toxicology and Drugs,debarment,Section 1286 of the John S. McCain National Defense Authorization Act for Fiscal Year 2019 (Public Law 115 - 232),United States Congress,,2023,,,,,https://rt.cto.mil/wp-content/uploads/2024/07/FY23-Lists-Published-in-Response-to-Section-1286-of-NDAA-2019_clearedv2.pdf
Company,"Academy of Military Medical Sciences, Military Veterinary Research Institute",,debarment,Section 1286 of the John S. McCain National Defense Authorization Act for Fiscal Year 2019 (Public Law 115 - 232),United States Congress,,2023,,,,,https://rt.cto.mil/wp-content/uploads/2024/07/FY23-Lists-Published-in-Response-to-Section-1286-of-NDAA-2019_clearedv2.pdf
Company,Air Force Aviation University,,debarment,Section 1286 of the John S. McCain National Defense Authorization Act for Fiscal Year 2019 (Public Law 115 - 232),United States Congress,,2023,,,,,https://rt.cto.mil/wp-content/uploads/2024/07/FY23-Lists-Published-in-Response-to-Section-1286-of-NDAA-2019_clearedv2.pdf
Company,Air Force Command College,,debarment,Section 1286 of the John S. McCain National Defense Authorization Act for Fiscal Year 2019 (Public Law 115 - 232),United States Congress,,2023,,,,,https://rt.cto.mil/wp-content/uploads/2024/07/FY23-Lists-Published-in-Response-to-Section-1286-of-NDAA-2019_clearedv2.pdf
Company,Air Force Communication NCO Academy,,debarment,Section 1286 of the John S. McCain National Defense Authorization Act for Fiscal Year 2019 (Public Law 115 - 232),United States Congress,,2023,,,,,https://rt.cto.mil/wp-content/uploads/2024/07/FY23-Lists-Published-in-Response-to-Section-1286-of-NDAA-2019_clearedv2.pdf
Company,Air Force Early Warning Academy,,debarment,Section 1286 of the John S. McCain National Defense Authorization Act for Fiscal Year 2019 (Public Law 115 - 232),United States Congress,,2023,,,,,https://rt.cto.mil/wp-content/uploads/2024/07/FY23-Lists-Published-in-Response-to-Section-1286-of-NDAA-2019_clearedv2.pdf
Company,Air Force Engineering University,,debarment,Section 1286 of the John S. McCain National Defense Authorization Act for Fiscal Year 2019 (Public Law 115 - 232),United States Congress,,2023,,,,,https://rt.cto.mil/wp-content/uploads/2024/07/FY23-Lists-Published-in-Response-to-Section-1286-of-NDAA-2019_clearedv2.pdf
Company,Air Force Harbin Flight Academy,,debarment,Section 1286 of the John S. McCain National Defense Authorization Act for Fiscal Year 2019 (Public Law 115 - 232),United States Congress,,2023,,,,,https://rt.cto.mil/wp-content/uploads/2024/07/FY23-Lists-Published-in-Response-to-Section-1286-of-NDAA-2019_clearedv2.pdf
Company,Air Force Logistics College,,debarment,Section 1286 of the John S. McCain National Defense Authorization Act for Fiscal Year 2019 (Public Law 115 - 232),United States Congress,,2023,,,,,https://rt.cto.mil/wp-content/uploads/2024/07/FY23-Lists-Published-in-Response-to-Section-1286-of-NDAA-2019_clearedv2.pdf
Company,Air Force Medical University,,debarment,Section 1286 of the John S. McCain National Defense Authorization Act for Fiscal Year 2019 (Public Law 115 - 232),United States Congress,,2023,,,,,https://rt.cto.mil/wp-content/uploads/2024/07/FY23-Lists-Published-in-Response-to-Section-1286-of-NDAA-2019_clearedv2.pdf
Company,Air Force Shijianzhuang Flight Academy,,debarment,Section 1286 of the John S. McCain National Defense Authorization Act for Fiscal Year 2019 (Public Law 115 - 232),United States Congress,,2023,,,,,https://rt.cto.mil/wp-content/uploads/2024/07/FY23-Lists-Published-in-Response-to-Section-1286-of-NDAA-2019_clearedv2.pdf
Company,Air Force Xi'an Flight Academy,,debarment,Section 1286 of the John S. McCain National Defense Authorization Act for Fiscal Year 2019 (Public Law 115 - 232),United States Congress,,2023,,,,,https://rt.cto.mil/wp-content/uploads/2024/07/FY23-Lists-Published-in-Response-to-Section-1286-of-NDAA-2019_clearedv2.pdf
Company,Army Academy of Armored Forces,,debarment,Section 1286 of the John S. McCain National Defense Authorization Act for Fiscal Year 2019 (Public Law 115 - 232),United States Congress,,2023,,,,,https://rt.cto.mil/wp-content/uploads/2024/07/FY23-Lists-Published-in-Response-to-Section-1286-of-NDAA-2019_clearedv2.pdf
Company,Army Academy of Artillery and Air Defense,,debarment,Section 1286 of the John S. McCain National Defense Authorization Act for Fiscal Year 2019 (Public Law 115 - 232),United States Congress,,2023,,,,,https://rt.cto.mil/wp-content/uploads/2024/07/FY23-Lists-Published-in-Response-to-Section-1286-of-NDAA-2019_clearedv2.pdf
Company,Army Academy of Border and Coastal Defense,,debarment,Section 1286 of the John S. McCain National Defense Authorization Act for Fiscal Year 2019 (Public Law 115 - 232),United States Congress,,2023,,,,,https://rt.cto.mil/wp-content/uploads/2024/07/FY23-Lists-Published-in-Response-to-Section-1286-of-NDAA-2019_clearedv2.pdf
Company,Army Aviation Academy,,debarment,Section 1286 of the John S. McCain National Defense Authorization Act for Fiscal Year 2019 (Public Law 115 - 232),United States Congress,,2023,,,,,https://rt.cto.mil/wp-content/uploads/2024/07/FY23-Lists-Published-in-Response-to-Section-1286-of-NDAA-2019_clearedv2.pdf
Company,Army Command College,,debarment,Section 1286 of the John S. McCain National Defense Authorization Act for Fiscal Year 2019 (Public Law 115 - 232),United States Congress,,2023,,,,,https://rt.cto.mil/wp-content/uploads/2024/07/FY23-Lists-Published-in-Response-to-Section-1286-of-NDAA-2019_clearedv2.pdf
Company,Army Engineering University,,debarment,Section 1286 of the John S. McCain National Defense Authorization Act for Fiscal Year 2019 (Public Law 115 - 232),United States Congress,,2023,,,,,https://rt.cto.mil/wp-content/uploads/2024/07/FY23-Lists-Published-in-Response-to-Section-1286-of-NDAA-2019_clearedv2.pdf
Company,Army Infantry College,,debarment,Section 1286 of the John S. McCain National Defense Authorization Act for Fiscal Year 2019 (Public Law 115 - 232),United States Congress,,2023,,,,,https://rt.cto.mil/wp-content/uploads/2024/07/FY23-Lists-Published-in-Response-to-Section-1286-of-NDAA-2019_clearedv2.pdf
Company,Army Institute of NBC Defence,,debarment,Section 1286 of the John S. McCain National Defense Authorization Act for Fiscal Year 2019 (Public Law 115 - 232),United States Congress,,2023,,,,,https://rt.cto.mil/wp-content/uploads/2024/07/FY23-Lists-Published-in-Response-to-Section-1286-of-NDAA-2019_clearedv2.pdf
Company,Army Logistic University,,debarment,Section 1286 of the John S. McCain National Defense Authorization Act for Fiscal Year 2019 (Public Law 115 - 232),United States Congress,,2023,,,,,https://rt.cto.mil/wp-content/uploads/2024/07/FY23-Lists-Published-in-Response-to-Section-1286-of-NDAA-2019_clearedv2.pdf
Company,Army Medical University,,debarment,Section 1286 of the John S. McCain National Defense Authorization Act for Fiscal Year 2019 (Public Law 115 - 232),United States Congress,,2023,,,,,https://rt.cto.mil/wp-content/uploads/2024/07/FY23-Lists-Published-in-Response-to-Section-1286-of-NDAA-2019_clearedv2.pdf
Company,Army Military Transportation University,,debarment,Section 1286 of the John S. McCain National Defense Authorization Act for Fiscal Year 2019 (Public Law 115 - 232),United States Congress,,2023,,,,,https://rt.cto.mil/wp-content/uploads/2024/07/FY23-Lists-Published-in-Response-to-Section-1286-of-NDAA-2019_clearedv2.pdf
Company,Army Special Operations Academy,,debarment,Section 1286 of the John S. McCain National Defense Authorization Act for Fiscal Year 2019 (Public Law 115 - 232),United States Congress,,2023,,,,,https://rt.cto.mil/wp-content/uploads/2024/07/FY23-Lists-Published-in-Response-to-Section-1286-of-NDAA-2019_clearedv2.pdf
Company,Beijing Aeronautical Manufacturing Technology Research Institute,Aviation Industry Corporation of China’s (AVIC) Institute 625; BAMTRI,debarment,Section 1286 of the John S. McCain National Defense Authorization Act for Fiscal Year 2019 (Public Law 115 - 232),United States Congress,,2023,,,,,https://rt.cto.mil/wp-content/uploads/2024/07/FY23-Lists-Published-in-Response-to-Section-1286-of-NDAA-2019_clearedv2.pdf
Company,Beijing Computational Science Research Center,Beijing Computing Science Research Center; CSRC; BCSRC,debarment,Section 1286 of the John S. McCain National Defense Authorization Act for Fiscal Year 2019 (Public Law 115 - 232),United States Congress,,2023,,,,,https://rt.cto.mil/wp-content/uploads/2024/07/FY23-Lists-Published-in-Response-to-Section-1286-of-NDAA-2019_clearedv2.pdf
Company,Beijing Institute of Technology,,debarment,Section 1286 of the John S. McCain National Defense Authorization Act for Fiscal Year 2019 (Public Law 115 - 232),United States Congress,,2023,,,,,https://rt.cto.mil/wp-content/uploads/2024/07/FY23-Lists-Published-in-Response-to-Section-1286-of-NDAA-2019_clearedv2.pdf
Company,Beijing University of Aeronautics and Astronautics,Beihang University; BUAA,debarment,Section 1286 of the John S. McCain National Defense Authorization Act for Fiscal Year 2019 (Public Law 115 - 232),United States Congress,,2023,,,,,https://rt.cto.mil/wp-content/uploads/2024/07/FY23-Lists-Published-in-Response-to-Section-1286-of-NDAA-2019_clearedv2.pdf
Company,Beijing University of Posts and Telecommunications,BUPT,debarment,Section 1286 of the John S. McCain National Defense Authorization Act for Fiscal Year 2019 (Public Law 115 - 232),United States Congress,,2023,,,,,https://rt.cto.mil/wp-content/uploads/2024/07/FY23-Lists-Published-in-Response-to-Section-1286-of-NDAA-2019_clearedv2.pdf
Company,Center for High Pressure Science and Technology Advanced Research,Beijing High Voltage Research Center; HPSTAR,debarment,Section 1286 of the John S. McCain National Defense Authorization Act for Fiscal Year 2019 (Public Law 115 - 232),United States Congress,,2023,,,,,https://rt.cto.mil/wp-content/uploads/2024/07/FY23-Lists-Published-in-Response-to-Section-1286-of-NDAA-2019_clearedv2.pdf
Company,Changjiang Scholar Distinguished Professorship,,debarment,Section 1286 of the John S. McCain National Defense Authorization Act for Fiscal Year 2019 (Public Law 115 - 232),United States Congress,,2023,,,,,https://rt.cto.mil/wp-content/uploads/2024/07/FY23-Lists-Published-in-Response-to-Section-1286-of-NDAA-2019_clearedv2.pdf
Company,Chinese Academy of Engineering Physics (CAEP),"Ninth Academy; Southwest Computing Center; Southwest Institute of Applied Electronics; Southwest Institute of Chemical Materials; Southwest Institute of Electronic Engineering; Southwest Institute of Environmental Testing; Southwest Institute of Explosives and Chemical Engineering; Southwest Institute of Fluid Physics; Southwest Institute of General Designing and Assembly; Southwest Institute of Machining Technology; Southwest Institute of Materials; Southwest Institute of Nuclear Physics and Chemistry; China Academy of Engineering Physics’; CAEP; 902 Institute; Southwest Institute of Research and Applications of Special Materials Factory; Southwest Institute of Structural Mechanics; The High Power Laser Laboratory, Shanghai; The Institute of Applied Physics and Computational Mathematics, Beijing; 901 institute",debarment,Section 1286 of the John S. McCain National Defense Authorization Act for Fiscal Year 2019 (Public Law 115 - 232),United States Congress,,2023,,,,,https://rt.cto.mil/wp-content/uploads/2024/07/FY23-Lists-Published-in-Response-to-Section-1286-of-NDAA-2019_clearedv2.pdf
Company,Chinese Academy of Sciences - Shenyang Institute of Automation,,debarment,Section 1286 of the John S. McCain National Defense Authorization Act for Fiscal Year 2019 (Public Law 115 - 232),United States Congress,,2023,,,,,https://rt.cto.mil/wp-content/uploads/2024/07/FY23-Lists-Published-in-Response-to-Section-1286-of-NDAA-2019_clearedv2.pdf
Company,Chinese Academy of Sciences – Institute of Computing Technology,Institute of Computing Technology Chinese Academy of Sciences; Institute of Computing Technology; CAS ICT; ICT CAS,debarment,Section 1286 of the John S. McCain National Defense Authorization Act for Fiscal Year 2019 (Public Law 115 - 232),United States Congress,,2023,,,,,https://rt.cto.mil/wp-content/uploads/2024/07/FY23-Lists-Published-in-Response-to-Section-1286-of-NDAA-2019_clearedv2.pdf
Company,Dalian Naval Academy,,debarment,Section 1286 of the John S. McCain National Defense Authorization Act for Fiscal Year 2019 (Public Law 115 - 232),United States Congress,,2023,,,,,https://rt.cto.mil/wp-content/uploads/2024/07/FY23-Lists-Published-in-Response-to-Section-1286-of-NDAA-2019_clearedv2.pdf
Company,Defense S&T Key Laboratory of Antennas and Microwave Technology at Xidian University,National Key Laboratory of Science and Technology on Antennas and Microwaves; (Xidian) Antenna Institute; Key Laboratory of Antenna and Microwave Technology; National Key Laboratory of Antenna and Microwave Technology; Antennas and Microwave Technology Key Laboratory of National Defense; Defense S&T Key Laboratory of Antennas and Microwave Technology; Science and Technology on Antenna and Microwave Laboratory; State Key Laboratory of Antennas and Microwave Technology; National Laboratory of Antennas and Microwave Technology; National Key Laboratory of Science and Technology on Antenna and Microwave,debarment,Section 1286 of the John S. McCain National Defense Authorization Act for Fiscal Year 2019 (Public Law 115 - 232),United States Congress,,2023,,,,,https://rt.cto.mil/wp-content/uploads/2024/07/FY23-Lists-Published-in-Response-to-Section-1286-of-NDAA-2019_clearedv2.pdf
Company,Defense S&T Key Laboratory of Electronic Measurement Technology at North University of China,"Defense S&T Key Laboratory of Signal Detection; Key Laboratory of Signal Detection; National Key Laboratory for Electronic Measurement Technology; State Key Laboratory for Electronic Measurement Technology; Key Laboratory for Electronic Measurement Technology; Defense Key Laboratory for Electronic Measurement Technology; China Electronics Technology Instruments Co., Ltd (CETI) Key Laboratory for Electronic Measurement Technology; CETC 41st RI Key Laboratory for Electronic Measurement Technology; North University of China Key Laboratory for Electronic Measurement Technology; North University of China School of Instrument and Electronics Key Laboratory for Electronic Measurement Technology; North University of China School of Electronics and Computer Science & Technology Key Laboratory for Electronic Measurement Technology",debarment,Section 1286 of the John S. McCain National Defense Authorization Act for Fiscal Year 2019 (Public Law 115 - 232),United States Congress,,2023,,,,,https://rt.cto.mil/wp-content/uploads/2024/07/FY23-Lists-Published-in-Response-to-Section-1286-of-NDAA-2019_clearedv2.pdf
Company,Defense S&T Key Laboratory of High-Power Semiconductor Lasers at Changchun University of Science and Technology,State Key Laboratory of High Power Semiconductor Laser of Changchun University of Science and Technology; State Key Laboratory on High-Power Semiconductor Lasers; National Key Laboratory on High Power Semiconductor Laser; Key Laboratory on High Power Semiconductor Laser Defense Key Laboratory on High Power Semiconductor Laser,debarment,Section 1286 of the John S. McCain National Defense Authorization Act for Fiscal Year 2019 (Public Law 115 - 232),United States Congress,,2023,,,,,https://rt.cto.mil/wp-content/uploads/2024/07/FY23-Lists-Published-in-Response-to-Section-1286-of-NDAA-2019_clearedv2.pdf
Company,"Defense S&T Key Laboratory of Lightweight, High-strength Structural Materials at Central South University",State Key Laboratory for Light Weight and High Strength Structural Materials; (Central South University) National Key Laboratory for High-strength Structural Materials; National Key Laboratory of Science and Technology for National Defence on High-strength Structural Materials; National Key Laboratory of Science and Technology for National Defence on High-strength Lightweight Structural Materials; Key Laboratory on High-strength Lightweight Structural Materials,debarment,Section 1286 of the John S. McCain National Defense Authorization Act for Fiscal Year 2019 (Public Law 115 - 232),United States Congress,,2023,,,,,https://rt.cto.mil/wp-content/uploads/2024/07/FY23-Lists-Published-in-Response-to-Section-1286-of-NDAA-2019_clearedv2.pdf
Company,Defense S&T Key Laboratory of Multi-spectral Information Processing Technology at Huazhong University of S&T,National Key Laboratory of Science and Technology on Multi-spectral Information Processing; National Key Laboratory of Multi-spectral Information Processing Technology; State Key Laboratory for Multispectral Information Processing Technologies,debarment,Section 1286 of the John S. McCain National Defense Authorization Act for Fiscal Year 2019 (Public Law 115 - 232),United States Congress,,2023,,,,,https://rt.cto.mil/wp-content/uploads/2024/07/FY23-Lists-Published-in-Response-to-Section-1286-of-NDAA-2019_clearedv2.pdf
Company,Defense S&T Key Laboratory of Radar Signal Processing at Xidian University,National Key Laboratory of Science and Technology on Radar Signal Processing; National Lab of Radar Signal Processing; Xidian Electronics Research Institute; National Key Laboratory of Radar Signal Processing; Key Laboratory for Radar Signal Processing; State Laboratory of Radar Signal Processing; National Laboratory of Radar Signal Processing,debarment,Section 1286 of the John S. McCain National Defense Authorization Act for Fiscal Year 2019 (Public Law 115 - 232),United States Congress,,2023,,,,,https://rt.cto.mil/wp-content/uploads/2024/07/FY23-Lists-Published-in-Response-to-Section-1286-of-NDAA-2019_clearedv2.pdf
Company,Federal Autonomous Institution Central Institute of Engine-Building N.A. P.I. Baranov,Central Institute of Aviation Motors; CIAM,debarment,Section 1286 of the John S. McCain National Defense Authorization Act for Fiscal Year 2019 (Public Law 115 - 232),United States Congress,,2023,,,,,https://rt.cto.mil/wp-content/uploads/2024/07/FY23-Lists-Published-in-Response-to-Section-1286-of-NDAA-2019_clearedv2.pdf
Company,Federal Research Center Boreskov Institute of Catalysis,,debarment,Section 1286 of the John S. McCain National Defense Authorization Act for Fiscal Year 2019 (Public Law 115 - 232),United States Congress,,2023,,,,,https://rt.cto.mil/wp-content/uploads/2024/07/FY23-Lists-Published-in-Response-to-Section-1286-of-NDAA-2019_clearedv2.pdf
Company,Federal State Budgetary Institution of Science P.I.K.A. Valiev RAS of the Ministry of Science and Higher Education of Russia,FTIAN IM K.A.Valiev RAS; FTI RAS; FTIAN,debarment,Section 1286 of the John S. McCain National Defense Authorization Act for Fiscal Year 2019 (Public Law 115 - 232),United States Congress,,2023,,,,,https://rt.cto.mil/wp-content/uploads/2024/07/FY23-Lists-Published-in-Response-to-Section-1286-of-NDAA-2019_clearedv2.pdf
Company,Federal State Budgetary Scientific Institution Research and Production Complex Technology Center,Federalnoe Gosudarstvennoe Byudzhetnoe Nauchnoe Uchrezhdenie Nauchno-Proizvodstvenny Kompleks Tekhnologicheskiy Tsentr - NPK Technological Center; NPKTS; Scientific Manufacturing Complex Technological Center; SMC Technological Center,debarment,Section 1286 of the John S. McCain National Defense Authorization Act for Fiscal Year 2019 (Public Law 115 - 232),United States Congress,,2023,,,,,https://rt.cto.mil/wp-content/uploads/2024/07/FY23-Lists-Published-in-Response-to-Section-1286-of-NDAA-2019_clearedv2.pdf
Company,Federal State Institution Federal Scientific Center Scientific Research Institute for System Analysis of the Russian Academy of Sciences,"Federalnoe Gosudarstvennoe Uchrezhdenie Federalnyy Nauchnyy Tsentr Nauchno-Issledovatelskiy Institut Sistemnykh Issledovaniy Rossiyskoy Akademii Nauk; FGU FNTS NIISI RAN; FSI FSC SRISA RAS; Scientific Research Institute of System Analysis, Russian Academy of Sciences",debarment,Section 1286 of the John S. McCain National Defense Authorization Act for Fiscal Year 2019 (Public Law 115 - 232),United States Congress,,2023,,,,,https://rt.cto.mil/wp-content/uploads/2024/07/FY23-Lists-Published-in-Response-to-Section-1286-of-NDAA-2019_clearedv2.pdf
Company,"Federal State Unitary Enterprise All-Russian Research Institute of Physical, Technical and Radio Engineering Measurements",VNIIFTRI,debarment,Section 1286 of the John S. McCain National Defense Authorization Act for Fiscal Year 2019 (Public Law 115 - 232),United States Congress,,2023,,,,,https://rt.cto.mil/wp-content/uploads/2024/07/FY23-Lists-Published-in-Response-to-Section-1286-of-NDAA-2019_clearedv2.pdf
Company,Federal State Unitary Enterprise Central Scientific Research Institute of Chemistry and Mechanics,"CNIIHM; Federalnoe Gosudarstvennoe Unitarnoe Predpriyatie Tsentralny Nauchno-Issledovatelski Institut Khimii I Mekhaniki; FGUP CNIIXM; FGUP TSNIIKHM; FSUE CNIIHM; FSUE TSNIIKHM; GNTS RF FGUP TSNIIKHM; State Research Center of the Russian Federation FGUP Central Scientific Research Institute of Chemistry and Mechanics; Tsentralny Naucho-Issledovatelsky Institut Khimii I Mekhaniki, FGUP; TSNIIKHM",debarment,Section 1286 of the John S. McCain National Defense Authorization Act for Fiscal Year 2019 (Public Law 115 - 232),United States Congress,,2023,,,,,https://rt.cto.mil/wp-content/uploads/2024/07/FY23-Lists-Published-in-Response-to-Section-1286-of-NDAA-2019_clearedv2.pdf
Company,Harbin Engineering University,,debarment,Section 1286 of the John S. McCain National Defense Authorization Act for Fiscal Year 2019 (Public Law 115 - 232),United States Congress,,2023,,,,,https://rt.cto.mil/wp-content/uploads/2024/07/FY23-Lists-Published-in-Response-to-Section-1286-of-NDAA-2019_clearedv2.pdf
Company,Harbin Institute of Technology,,debarment,Section 1286 of the John S. McCain National Defense Authorization Act for Fiscal Year 2019 (Public Law 115 - 232),United States Congress,,2023,,,,,https://rt.cto.mil/wp-content/uploads/2024/07/FY23-Lists-Published-in-Response-to-Section-1286-of-NDAA-2019_clearedv2.pdf
Company,Hefei National Laboratory for Physical Sciences at the Microscale,,debarment,Section 1286 of the John S. McCain National Defense Authorization Act for Fiscal Year 2019 (Public Law 115 - 232),United States Congress,,2023,,,,,https://rt.cto.mil/wp-content/uploads/2024/07/FY23-Lists-Published-in-Response-to-Section-1286-of-NDAA-2019_clearedv2.pdf
Company,Hundred Talents Plan,,debarment,Section 1286 of the John S. McCain National Defense Authorization Act for Fiscal Year 2019 (Public Law 115 - 232),United States Congress,,2023,,,,,https://rt.cto.mil/wp-content/uploads/2024/07/FY23-Lists-Published-in-Response-to-Section-1286-of-NDAA-2019_clearedv2.pdf
Company,Information Engineering University,,debarment,Section 1286 of the John S. McCain National Defense Authorization Act for Fiscal Year 2019 (Public Law 115 - 232),United States Congress,,2023,,,,,https://rt.cto.mil/wp-content/uploads/2024/07/FY23-Lists-Published-in-Response-to-Section-1286-of-NDAA-2019_clearedv2.pdf
Company,Institute of High Energy Physics,Kurchatovskiy Institute ITEF; IHEP,debarment,Section 1286 of the John S. McCain National Defense Authorization Act for Fiscal Year 2019 (Public Law 115 - 232),United States Congress,,2023,,,,,https://rt.cto.mil/wp-content/uploads/2024/07/FY23-Lists-Published-in-Response-to-Section-1286-of-NDAA-2019_clearedv2.pdf
Company,Institute of Physics Named After P.N. Lebedev of the Russian Academy of Sciences,Lebedev Physical Institute; LPI RAS; FIAN,debarment,Section 1286 of the John S. McCain National Defense Authorization Act for Fiscal Year 2019 (Public Law 115 - 232),United States Congress,,2023,,,,,https://rt.cto.mil/wp-content/uploads/2024/07/FY23-Lists-Published-in-Response-to-Section-1286-of-NDAA-2019_clearedv2.pdf
Company,Institute of Solid-State Physics of the Russian Academy of Sciences (ISSP),Institute of Solid-State Physics of the Academy of Sciences SSSR; Federal State Budgetary Institution of Science Institute of Solid-State Physics N.A. Yu. A. Osipyanof the Russian Academy of Sciences,debarment,Section 1286 of the John S. McCain National Defense Authorization Act for Fiscal Year 2019 (Public Law 115 - 232),United States Congress,,2023,,,,,https://rt.cto.mil/wp-content/uploads/2024/07/FY23-Lists-Published-in-Response-to-Section-1286-of-NDAA-2019_clearedv2.pdf
Company,Keldysh Institute of Applied Mathematics of the Russian Academy of Sciences,Federalnoe Gosudarstvennoe Uchrezhdenie Federalny Issledovatelski Tsentr Institut Prikladnoi Metematiki I.M. Keldysha Rossiiskoi Akademii Nauk; IPM IM. M.V. Keldisha RAN; KIAM RAS,debarment,Section 1286 of the John S. McCain National Defense Authorization Act for Fiscal Year 2019 (Public Law 115 - 232),United States Congress,,2023,,,,,https://rt.cto.mil/wp-content/uploads/2024/07/FY23-Lists-Published-in-Response-to-Section-1286-of-NDAA-2019_clearedv2.pdf
Company,Key Laboratory of Information Systems Engineering,KLISE,debarment,Section 1286 of the John S. McCain National Defense Authorization Act for Fiscal Year 2019 (Public Law 115 - 232),United States Congress,,2023,,,,,https://rt.cto.mil/wp-content/uploads/2024/07/FY23-Lists-Published-in-Response-to-Section-1286-of-NDAA-2019_clearedv2.pdf
Company,Luoyang Institute of Science and Technology,Luoyang Institute of Technology,debarment,Section 1286 of the John S. McCain National Defense Authorization Act for Fiscal Year 2019 (Public Law 115 - 232),United States Congress,,2023,,,,,https://rt.cto.mil/wp-content/uploads/2024/07/FY23-Lists-Published-in-Response-to-Section-1286-of-NDAA-2019_clearedv2.pdf
Company,Mabna Institute,,debarment,Section 1286 of the John S. McCain National Defense Authorization Act for Fiscal Year 2019 (Public Law 115 - 232),United States Congress,,2023,,2026-07-23,,,https://rt.cto.mil/wp-content/uploads/2024/07/FY23-Lists-Published-in-Response-to-Section-1286-of-NDAA-2019_clearedv2.pdf
Company,Moscow Aviation Institute,MAI,debarment,Section 1286 of the John S. McCain National Defense Authorization Act for Fiscal Year 2019 (Public Law 115 - 232),United States Congress,,2023,,,,,https://rt.cto.mil/wp-content/uploads/2024/07/FY23-Lists-Published-in-Response-to-Section-1286-of-NDAA-2019_clearedv2.pdf
Company,Moscow Institute of Physics and Technology (MIPT) ,MFTI,debarment,Section 1286 of the John S. McCain National Defense Authorization Act for Fiscal Year 2019 (Public Law 115 - 232),United States Congress,,2023,,,,,https://rt.cto.mil/wp-content/uploads/2024/07/FY23-Lists-Published-in-Response-to-Section-1286-of-NDAA-2019_clearedv2.pdf
Company,Moscow Order of the Red Banner of Labor Research Radio Engineering Institute JSC ,MNIRTI JSC,debarment,Section 1286 of the John S. McCain National Defense Authorization Act for Fiscal Year 2019 (Public Law 115 - 232),United States Congress,,2023,,,,,https://rt.cto.mil/wp-content/uploads/2024/07/FY23-Lists-Published-in-Response-to-Section-1286-of-NDAA-2019_clearedv2.pdf
Company,Nanjing Institute of Astronomical Optics and Technology,NIAOT,debarment,Section 1286 of the John S. McCain National Defense Authorization Act for Fiscal Year 2019 (Public Law 115 - 232),United States Congress,,2023,,,,,https://rt.cto.mil/wp-content/uploads/2024/07/FY23-Lists-Published-in-Response-to-Section-1286-of-NDAA-2019_clearedv2.pdf
Company,Nanjing University of Aeronautics and Astronautics,,debarment,Section 1286 of the John S. McCain National Defense Authorization Act for Fiscal Year 2019 (Public Law 115 - 232),United States Congress,,2023,,,,,https://rt.cto.mil/wp-content/uploads/2024/07/FY23-Lists-Published-in-Response-to-Section-1286-of-NDAA-2019_clearedv2.pdf
Company,Nanjing University of Science and Technology,,debarment,Section 1286 of the John S. McCain National Defense Authorization Act for Fiscal Year 2019 (Public Law 115 - 232),United States Congress,,2023,,,,,https://rt.cto.mil/wp-content/uploads/2024/07/FY23-Lists-Published-in-Response-to-Section-1286-of-NDAA-2019_clearedv2.pdf
Company,National Defense University,,debarment,Section 1286 of the John S. McCain National Defense Authorization Act for Fiscal Year 2019 (Public Law 115 - 232),United States Congress,,2023,,,,,https://rt.cto.mil/wp-content/uploads/2024/07/FY23-Lists-Published-in-Response-to-Section-1286-of-NDAA-2019_clearedv2.pdf
Company,National University of Defense Technology,Central South CAD Center; CSCC; Hunan Guofang Keji University,debarment,Section 1286 of the John S. McCain National Defense Authorization Act for Fiscal Year 2019 (Public Law 115 - 232),United States Congress,,2023,,,,,https://rt.cto.mil/wp-content/uploads/2024/07/FY23-Lists-Published-in-Response-to-Section-1286-of-NDAA-2019_clearedv2.pdf
Company,Naval Aviation University,,debarment,Section 1286 of the John S. McCain National Defense Authorization Act for Fiscal Year 2019 (Public Law 115 - 232),United States Congress,,2023,,,,,https://rt.cto.mil/wp-content/uploads/2024/07/FY23-Lists-Published-in-Response-to-Section-1286-of-NDAA-2019_clearedv2.pdf
Company,Naval Command College,,debarment,Section 1286 of the John S. McCain National Defense Authorization Act for Fiscal Year 2019 (Public Law 115 - 232),United States Congress,,2023,,,,,https://rt.cto.mil/wp-content/uploads/2024/07/FY23-Lists-Published-in-Response-to-Section-1286-of-NDAA-2019_clearedv2.pdf
Company,Naval Engineering University,,debarment,Section 1286 of the John S. McCain National Defense Authorization Act for Fiscal Year 2019 (Public Law 115 - 232),United States Congress,,2023,,,,,https://rt.cto.mil/wp-content/uploads/2024/07/FY23-Lists-Published-in-Response-to-Section-1286-of-NDAA-2019_clearedv2.pdf
Company,Naval Medical University,,debarment,Section 1286 of the John S. McCain National Defense Authorization Act for Fiscal Year 2019 (Public Law 115 - 232),United States Congress,,2023,,,,,https://rt.cto.mil/wp-content/uploads/2024/07/FY23-Lists-Published-in-Response-to-Section-1286-of-NDAA-2019_clearedv2.pdf
Company,Naval NCO School,,debarment,Section 1286 of the John S. McCain National Defense Authorization Act for Fiscal Year 2019 (Public Law 115 - 232),United States Congress,,2023,,,,,https://rt.cto.mil/wp-content/uploads/2024/07/FY23-Lists-Published-in-Response-to-Section-1286-of-NDAA-2019_clearedv2.pdf
Company,Naval Service Academy,,debarment,Section 1286 of the John S. McCain National Defense Authorization Act for Fiscal Year 2019 (Public Law 115 - 232),United States Congress,,2023,,,,,https://rt.cto.mil/wp-content/uploads/2024/07/FY23-Lists-Published-in-Response-to-Section-1286-of-NDAA-2019_clearedv2.pdf
Company,Navy Submarine Academy,,debarment,Section 1286 of the John S. McCain National Defense Authorization Act for Fiscal Year 2019 (Public Law 115 - 232),United States Congress,,2023,,,,,https://rt.cto.mil/wp-content/uploads/2024/07/FY23-Lists-Published-in-Response-to-Section-1286-of-NDAA-2019_clearedv2.pdf
Company,Northwestern Polytechnical University ,Northwestern Polytechnic University; Northwest Polytechnic University; Northwest Polytechnical University,debarment,Section 1286 of the John S. McCain National Defense Authorization Act for Fiscal Year 2019 (Public Law 115 - 232),United States Congress,,2023,,,,,https://rt.cto.mil/wp-content/uploads/2024/07/FY23-Lists-Published-in-Response-to-Section-1286-of-NDAA-2019_clearedv2.pdf
Company,Ocean University of China,,debarment,Section 1286 of the John S. McCain National Defense Authorization Act for Fiscal Year 2019 (Public Law 115 - 232),United States Congress,,2023,,,,,https://rt.cto.mil/wp-content/uploads/2024/07/FY23-Lists-Published-in-Response-to-Section-1286-of-NDAA-2019_clearedv2.pdf
Company,Pearl River Talent Program,,debarment,Section 1286 of the John S. McCain National Defense Authorization Act for Fiscal Year 2019 (Public Law 115 - 232),United States Congress,,2023,,,,,https://rt.cto.mil/wp-content/uploads/2024/07/FY23-Lists-Published-in-Response-to-Section-1286-of-NDAA-2019_clearedv2.pdf
Company,Project 5-100,,debarment,Section 1286 of the John S. McCain National Defense Authorization Act for Fiscal Year 2019 (Public Law 115 - 232),United States Congress,,2023,,,,,https://rt.cto.mil/wp-content/uploads/2024/07/FY23-Lists-Published-in-Response-to-Section-1286-of-NDAA-2019_clearedv2.pdf
Company,River Talents Plan,,debarment,Section 1286 of the John S. McCain National Defense Authorization Act for Fiscal Year 2019 (Public Law 115 - 232),United States Congress,,2023,,,,,https://rt.cto.mil/wp-content/uploads/2024/07/FY23-Lists-Published-in-Response-to-Section-1286-of-NDAA-2019_clearedv2.pdf
Company,Rocket Force Command College,,debarment,Section 1286 of the John S. McCain National Defense Authorization Act for Fiscal Year 2019 (Public Law 115 - 232),United States Congress,,2023,,,,,https://rt.cto.mil/wp-content/uploads/2024/07/FY23-Lists-Published-in-Response-to-Section-1286-of-NDAA-2019_clearedv2.pdf
Company,Rocket Force Engineering University,,debarment,Section 1286 of the John S. McCain National Defense Authorization Act for Fiscal Year 2019 (Public Law 115 - 232),United States Congress,,2023,,,,,https://rt.cto.mil/wp-content/uploads/2024/07/FY23-Lists-Published-in-Response-to-Section-1286-of-NDAA-2019_clearedv2.pdf
Company,Rocket Force NCO School,,debarment,Section 1286 of the John S. McCain National Defense Authorization Act for Fiscal Year 2019 (Public Law 115 - 232),United States Congress,,2023,,,,,https://rt.cto.mil/wp-content/uploads/2024/07/FY23-Lists-Published-in-Response-to-Section-1286-of-NDAA-2019_clearedv2.pdf
Company,"Rzhanov Institute of Semiconductor Physics, Siberian Branch of Russian Academy of Sciences",IPP SB RAS; Institute of Semiconductor Physics IM A.V. Rzhanov,debarment,Section 1286 of the John S. McCain National Defense Authorization Act for Fiscal Year 2019 (Public Law 115 - 232),United States Congress,,2023,,,,,https://rt.cto.mil/wp-content/uploads/2024/07/FY23-Lists-Published-in-Response-to-Section-1286-of-NDAA-2019_clearedv2.pdf
Company,Siberian Scientific-Research Institute of Aviation N.A. S.A. Chaplygin,SibNIA,debarment,Section 1286 of the John S. McCain National Defense Authorization Act for Fiscal Year 2019 (Public Law 115 - 232),United States Congress,,2023,,,,,https://rt.cto.mil/wp-content/uploads/2024/07/FY23-Lists-Published-in-Response-to-Section-1286-of-NDAA-2019_clearedv2.pdf
Company,Sichuan University,,debarment,Section 1286 of the John S. McCain National Defense Authorization Act for Fiscal Year 2019 (Public Law 115 - 232),United States Congress,,2023,,,,,https://rt.cto.mil/wp-content/uploads/2024/07/FY23-Lists-Published-in-Response-to-Section-1286-of-NDAA-2019_clearedv2.pdf
Company,Skolkovo Institute of Science and Technology,Autonomous Non-Profit Organization for Higher Education Skolkovo Institute of Science and Technology; Skolkovskiy Institut Nauki I Tekhnologii; Skoltech,debarment,Section 1286 of the John S. McCain National Defense Authorization Act for Fiscal Year 2019 (Public Law 115 - 232),United States Congress,,2023,,,,,https://rt.cto.mil/wp-content/uploads/2024/07/FY23-Lists-Published-in-Response-to-Section-1286-of-NDAA-2019_clearedv2.pdf
Company,Space Engineering University,,debarment,Section 1286 of the John S. McCain National Defense Authorization Act for Fiscal Year 2019 (Public Law 115 - 232),United States Congress,,2023,,,,,https://rt.cto.mil/wp-content/uploads/2024/07/FY23-Lists-Published-in-Response-to-Section-1286-of-NDAA-2019_clearedv2.pdf
Company,Sun Yat-Sen University,,debarment,Section 1286 of the John S. McCain National Defense Authorization Act for Fiscal Year 2019 (Public Law 115 - 232),United States Congress,,2023,,,,,https://rt.cto.mil/wp-content/uploads/2024/07/FY23-Lists-Published-in-Response-to-Section-1286-of-NDAA-2019_clearedv2.pdf
Company,"Tactical Missile Corporation, Concern “MPO—Gidropribor” ",Joint Stock Company Concern Sea Underwater Weapons Gidropribor; Research Institute “Gidpropridor”,debarment,Section 1286 of the John S. McCain National Defense Authorization Act for Fiscal Year 2019 (Public Law 115 - 232),United States Congress,,2023,,,,,https://rt.cto.mil/wp-content/uploads/2024/07/FY23-Lists-Published-in-Response-to-Section-1286-of-NDAA-2019_clearedv2.pdf
Company,"Tactical Missile Corporation, Joint Stock Company GosNIIMash",PPORosprofprom V “GOSNIIMASH”; State Research Institute of Mechanical Engineering; Pervichnaya Profsoyuznaya Organizatsiya Rossiskogo Profsoyuza Rabotnikov Promyshlennosti V; “GOSNIIMASH”; Joint Stock Company “State Research Institute of Mechanical Engineering” named after V.V.Bakhirev”; SKB DNIKhTI,debarment,Section 1286 of the John S. McCain National Defense Authorization Act for Fiscal Year 2019 (Public Law 115 - 232),United States Congress,,2023,,,,,https://rt.cto.mil/wp-content/uploads/2024/07/FY23-Lists-Published-in-Response-to-Section-1286-of-NDAA-2019_clearedv2.pdf
Company,Thousand Talents Plan,,debarment,Section 1286 of the John S. McCain National Defense Authorization Act for Fiscal Year 2019 (Public Law 115 - 232),United States Congress,,2023,,,,,https://rt.cto.mil/wp-content/uploads/2024/07/FY23-Lists-Published-in-Response-to-Section-1286-of-NDAA-2019_clearedv2.pdf
Company,Tianjin University,,debarment,Section 1286 of the John S. McCain National Defense Authorization Act for Fiscal Year 2019 (Public Law 115 - 232),United States Congress,,2023,,,,,https://rt.cto.mil/wp-content/uploads/2024/07/FY23-Lists-Published-in-Response-to-Section-1286-of-NDAA-2019_clearedv2.pdf
Company,University of Electronic Science and Technology of China,,debarment,Section 1286 of the John S. McCain National Defense Authorization Act for Fiscal Year 2019 (Public Law 115 - 232),United States Congress,,2023,,,,,https://rt.cto.mil/wp-content/uploads/2024/07/FY23-Lists-Published-in-Response-to-Section-1286-of-NDAA-2019_clearedv2.pdf
Company,ATR Defense S&T Key Laboratory of Intelligent Information Processing at Shenzhen University,,debarment,Section 1286 of the John S. McCain National Defense Authorization Act for Fiscal Year 2019 (Public Law 115 - 232),United States Congress,,2024,,,,,https://basicresearch.defense.gov/Portals/61/Documents/Academic%20Research%20Security%20Page/FY24%20Section%201286%20List%20for%20public%20release_V2.pdf?ver=KqtK4tL1wLDoUwe2yxWHSw%3D%3D
Company,Academy of Military Medical Sciences,,debarment,Section 1286 of the John S. McCain National Defense Authorization Act for Fiscal Year 2019 (Public Law 115 - 232),United States Congress,,2024,,,,,https://basicresearch.defense.gov/Portals/61/Documents/Academic%20Research%20Security%20Page/FY24%20Section%201286%20List%20for%20public%20release_V2.pdf?ver=KqtK4tL1wLDoUwe2yxWHSw%3D%3D
Company,"Academy of Military Medical Sciences, Field Blood Transfusion Institution",,debarment,Section 1286 of the John S. McCain National Defense Authorization Act for Fiscal Year 2019 (Public Law 115 - 232),United States Congress,,2024,,,,,https://basicresearch.defense.gov/Portals/61/Documents/Academic%20Research%20Security%20Page/FY24%20Section%201286%20List%20for%20public%20release_V2.pdf?ver=KqtK4tL1wLDoUwe2yxWHSw%3D%3D
Company,"Academy of Military Medical Sciences, Institute of Basic Medicine",,debarment,Section 1286 of the John S. McCain National Defense Authorization Act for Fiscal Year 2019 (Public Law 115 - 232),United States Congress,,2024,,,,,https://basicresearch.defense.gov/Portals/61/Documents/Academic%20Research%20Security%20Page/FY24%20Section%201286%20List%20for%20public%20release_V2.pdf?ver=KqtK4tL1wLDoUwe2yxWHSw%3D%3D
Company,"Academy of Military Medical Sciences, Institute of Bioengineering",,debarment,Section 1286 of the John S. McCain National Defense Authorization Act for Fiscal Year 2019 (Public Law 115 - 232),United States Congress,,2024,,,,,https://basicresearch.defense.gov/Portals/61/Documents/Academic%20Research%20Security%20Page/FY24%20Section%201286%20List%20for%20public%20release_V2.pdf?ver=KqtK4tL1wLDoUwe2yxWHSw%3D%3D
Company,"Academy of Military Medical Sciences, Institute of Disease Control and Prevention",Disease Control and Prevention Institute,debarment,Section 1286 of the John S. McCain National Defense Authorization Act for Fiscal Year 2019 (Public Law 115 - 232),United States Congress,,2024,,,,,https://basicresearch.defense.gov/Portals/61/Documents/Academic%20Research%20Security%20Page/FY24%20Section%201286%20List%20for%20public%20release_V2.pdf?ver=KqtK4tL1wLDoUwe2yxWHSw%3D%3D
Company,"Academy of Military Medical Sciences, Institute of Health Service and Medical Information",,debarment,Section 1286 of the John S. McCain National Defense Authorization Act for Fiscal Year 2019 (Public Law 115 - 232),United States Congress,,2024,,,,,https://basicresearch.defense.gov/Portals/61/Documents/Academic%20Research%20Security%20Page/FY24%20Section%201286%20List%20for%20public%20release_V2.pdf?ver=KqtK4tL1wLDoUwe2yxWHSw%3D%3D
Company,"Academy of Military Medical Sciences, Institute of Hygiene and Environmental Medicine",,debarment,Section 1286 of the John S. McCain National Defense Authorization Act for Fiscal Year 2019 (Public Law 115 - 232),United States Congress,,2024,,,,,https://basicresearch.defense.gov/Portals/61/Documents/Academic%20Research%20Security%20Page/FY24%20Section%201286%20List%20for%20public%20release_V2.pdf?ver=KqtK4tL1wLDoUwe2yxWHSw%3D%3D
Company,"Academy of Military Medical Sciences, Institute of Medical Equipment",,debarment,Section 1286 of the John S. McCain National Defense Authorization Act for Fiscal Year 2019 (Public Law 115 - 232),United States Congress,,2024,,,,,https://basicresearch.defense.gov/Portals/61/Documents/Academic%20Research%20Security%20Page/FY24%20Section%201286%20List%20for%20public%20release_V2.pdf?ver=KqtK4tL1wLDoUwe2yxWHSw%3D%3D
Company,"Academy of Military Medical Sciences, Institute of Microbiology and Epidemiology",Institute of Microbial Epidemiology,debarment,Section 1286 of the John S. McCain National Defense Authorization Act for Fiscal Year 2019 (Public Law 115 - 232),United States Congress,,2024,,,,,https://basicresearch.defense.gov/Portals/61/Documents/Academic%20Research%20Security%20Page/FY24%20Section%201286%20List%20for%20public%20release_V2.pdf?ver=KqtK4tL1wLDoUwe2yxWHSw%3D%3D
Company,"Academy of Military Medical Sciences, Institute of Radiation and Radiation",Institute of Radiation and Radiation Medicine; Institute of Electromagnetic and Particle Radiation Medicine,debarment,Section 1286 of the John S. McCain National Defense Authorization Act for Fiscal Year 2019 (Public Law 115 - 232),United States Congress,,2024,,,,,https://basicresearch.defense.gov/Portals/61/Documents/Academic%20Research%20Security%20Page/FY24%20Section%201286%20List%20for%20public%20release_V2.pdf?ver=KqtK4tL1wLDoUwe2yxWHSw%3D%3D
Company,"Academy of Military Medical Sciences, Institute of Toxicology and Pharmacology",Institute of Toxicology and Drugs,debarment,Section 1286 of the John S. McCain National Defense Authorization Act for Fiscal Year 2019 (Public Law 115 - 232),United States Congress,,2024,,,,,https://basicresearch.defense.gov/Portals/61/Documents/Academic%20Research%20Security%20Page/FY24%20Section%201286%20List%20for%20public%20release_V2.pdf?ver=KqtK4tL1wLDoUwe2yxWHSw%3D%3D
Company,"Academy of Military Medical Sciences, Military Veterinary Research Institute",,debarment,Section 1286 of the John S. McCain National Defense Authorization Act for Fiscal Year 2019 (Public Law 115 - 232),United States Congress,,2024,,,,,https://basicresearch.defense.gov/Portals/61/Documents/Academic%20Research%20Security%20Page/FY24%20Section%201286%20List%20for%20public%20release_V2.pdf?ver=KqtK4tL1wLDoUwe2yxWHSw%3D%3D
Company,Air Force Aviation University,,debarment,Section 1286 of the John S. McCain National Defense Authorization Act for Fiscal Year 2019 (Public Law 115 - 232),United States Congress,,2024,,,,,https://basicresearch.defense.gov/Portals/61/Documents/Academic%20Research%20Security%20Page/FY24%20Section%201286%20List%20for%20public%20release_V2.pdf?ver=KqtK4tL1wLDoUwe2yxWHSw%3D%3D
Company,Air Force Command College,,debarment,Section 1286 of the John S. McCain National Defense Authorization Act for Fiscal Year 2019 (Public Law 115 - 232),United States Congress,,2024,,,,,https://basicresearch.defense.gov/Portals/61/Documents/Academic%20Research%20Security%20Page/FY24%20Section%201286%20List%20for%20public%20release_V2.pdf?ver=KqtK4tL1wLDoUwe2yxWHSw%3D%3D
Company,Air Force Communication NCO Academy,,debarment,Section 1286 of the John S. McCain National Defense Authorization Act for Fiscal Year 2019 (Public Law 115 - 232),United States Congress,,2024,,,,,https://basicresearch.defense.gov/Portals/61/Documents/Academic%20Research%20Security%20Page/FY24%20Section%201286%20List%20for%20public%20release_V2.pdf?ver=KqtK4tL1wLDoUwe2yxWHSw%3D%3D
Company,Air Force Early Warning Academy,,debarment,Section 1286 of the John S. McCain National Defense Authorization Act for Fiscal Year 2019 (Public Law 115 - 232),United States Congress,,2024,,,,,https://basicresearch.defense.gov/Portals/61/Documents/Academic%20Research%20Security%20Page/FY24%20Section%201286%20List%20for%20public%20release_V2.pdf?ver=KqtK4tL1wLDoUwe2yxWHSw%3D%3D
Company,Air Force Engineering University,,debarment,Section 1286 of the John S. McCain National Defense Authorization Act for Fiscal Year 2019 (Public Law 115 - 232),United States Congress,,2024,,,,,https://basicresearch.defense.gov/Portals/61/Documents/Academic%20Research%20Security%20Page/FY24%20Section%201286%20List%20for%20public%20release_V2.pdf?ver=KqtK4tL1wLDoUwe2yxWHSw%3D%3D
Company,Air Force Harbin Flight Academy,,debarment,Section 1286 of the John S. McCain National Defense Authorization Act for Fiscal Year 2019 (Public Law 115 - 232),United States Congress,,2024,,,,,https://basicresearch.defense.gov/Portals/61/Documents/Academic%20Research%20Security%20Page/FY24%20Section%201286%20List%20for%20public%20release_V2.pdf?ver=KqtK4tL1wLDoUwe2yxWHSw%3D%3D
Company,Air Force Logistics College,,debarment,Section 1286 of the John S. McCain National Defense Authorization Act for Fiscal Year 2019 (Public Law 115 - 232),United States Congress,,2024,,,,,https://basicresearch.defense.gov/Portals/61/Documents/Academic%20Research%20Security%20Page/FY24%20Section%201286%20List%20for%20public%20release_V2.pdf?ver=KqtK4tL1wLDoUwe2yxWHSw%3D%3D
Company,Air Force Medical University,,debarment,Section 1286 of the John S. McCain National Defense Authorization Act for Fiscal Year 2019 (Public Law 115 - 232),United States Congress,,2024,,,,,https://basicresearch.defense.gov/Portals/61/Documents/Academic%20Research%20Security%20Page/FY24%20Section%201286%20List%20for%20public%20release_V2.pdf?ver=KqtK4tL1wLDoUwe2yxWHSw%3D%3D
Company,Air Force Shijianzhuang Flight Academy,,debarment,Section 1286 of the John S. McCain National Defense Authorization Act for Fiscal Year 2019 (Public Law 115 - 232),United States Congress,,2024,,,,,https://basicresearch.defense.gov/Portals/61/Documents/Academic%20Research%20Security%20Page/FY24%20Section%201286%20List%20for%20public%20release_V2.pdf?ver=KqtK4tL1wLDoUwe2yxWHSw%3D%3D
Company,Air Force Xi'an Flight Academy,,debarment,Section 1286 of the John S. McCain National Defense Authorization Act for Fiscal Year 2019 (Public Law 115 - 232),United States Congress,,2024,,,,,https://basicresearch.defense.gov/Portals/61/Documents/Academic%20Research%20Security%20Page/FY24%20Section%201286%20List%20for%20public%20release_V2.pdf?ver=KqtK4tL1wLDoUwe2yxWHSw%3D%3D
Company,Amirkabir University of Technology,,debarment,Section 1286 of the John S. McCain National Defense Authorization Act for Fiscal Year 2019 (Public Law 115 - 232),United States Congress,,2024,,,,,https://basicresearch.defense.gov/Portals/61/Documents/Academic%20Research%20Security%20Page/FY24%20Section%201286%20List%20for%20public%20release_V2.pdf?ver=KqtK4tL1wLDoUwe2yxWHSw%3D%3D
Company,Army Academy of Armored Forces,,debarment,Section 1286 of the John S. McCain National Defense Authorization Act for Fiscal Year 2019 (Public Law 115 - 232),United States Congress,,2024,,,,,https://basicresearch.defense.gov/Portals/61/Documents/Academic%20Research%20Security%20Page/FY24%20Section%201286%20List%20for%20public%20release_V2.pdf?ver=KqtK4tL1wLDoUwe2yxWHSw%3D%3D
Company,Army Academy of Artillery and Air Defense,,debarment,Section 1286 of the John S. McCain National Defense Authorization Act for Fiscal Year 2019 (Public Law 115 - 232),United States Congress,,2024,,,,,https://basicresearch.defense.gov/Portals/61/Documents/Academic%20Research%20Security%20Page/FY24%20Section%201286%20List%20for%20public%20release_V2.pdf?ver=KqtK4tL1wLDoUwe2yxWHSw%3D%3D
Company,Army Academy of Border and Coastal Defense,,debarment,Section 1286 of the John S. McCain National Defense Authorization Act for Fiscal Year 2019 (Public Law 115 - 232),United States Congress,,2024,,,,,https://basicresearch.defense.gov/Portals/61/Documents/Academic%20Research%20Security%20Page/FY24%20Section%201286%20List%20for%20public%20release_V2.pdf?ver=KqtK4tL1wLDoUwe2yxWHSw%3D%3D
Company,Army Aviation Academy,,debarment,Section 1286 of the John S. McCain National Defense Authorization Act for Fiscal Year 2019 (Public Law 115 - 232),United States Congress,,2024,,,,,https://basicresearch.defense.gov/Portals/61/Documents/Academic%20Research%20Security%20Page/FY24%20Section%201286%20List%20for%20public%20release_V2.pdf?ver=KqtK4tL1wLDoUwe2yxWHSw%3D%3D
Company,Army Command College,,debarment,Section 1286 of the John S. McCain National Defense Authorization Act for Fiscal Year 2019 (Public Law 115 - 232),United States Congress,,2024,,,,,https://basicresearch.defense.gov/Portals/61/Documents/Academic%20Research%20Security%20Page/FY24%20Section%201286%20List%20for%20public%20release_V2.pdf?ver=KqtK4tL1wLDoUwe2yxWHSw%3D%3D
Company,Army Engineering University,,debarment,Section 1286 of the John S. McCain National Defense Authorization Act for Fiscal Year 2019 (Public Law 115 - 232),United States Congress,,2024,,,,,https://basicresearch.defense.gov/Portals/61/Documents/Academic%20Research%20Security%20Page/FY24%20Section%201286%20List%20for%20public%20release_V2.pdf?ver=KqtK4tL1wLDoUwe2yxWHSw%3D%3D
Company,Army Infantry College,,debarment,Section 1286 of the John S. McCain National Defense Authorization Act for Fiscal Year 2019 (Public Law 115 - 232),United States Congress,,2024,,,,,https://basicresearch.defense.gov/Portals/61/Documents/Academic%20Research%20Security%20Page/FY24%20Section%201286%20List%20for%20public%20release_V2.pdf?ver=KqtK4tL1wLDoUwe2yxWHSw%3D%3D
Company,Army Institute of NBC Defence,,debarment,Section 1286 of the John S. McCain National Defense Authorization Act for Fiscal Year 2019 (Public Law 115 - 232),United States Congress,,2024,,,,,https://basicresearch.defense.gov/Portals/61/Documents/Academic%20Research%20Security%20Page/FY24%20Section%201286%20List%20for%20public%20release_V2.pdf?ver=KqtK4tL1wLDoUwe2yxWHSw%3D%3D
Company,Army Logistic University,,debarment,Section 1286 of the John S. McCain National Defense Authorization Act for Fiscal Year 2019 (Public Law 115 - 232),United States Congress,,2024,,,,,https://basicresearch.defense.gov/Portals/61/Documents/Academic%20Research%20Security%20Page/FY24%20Section%201286%20List%20for%20public%20release_V2.pdf?ver=KqtK4tL1wLDoUwe2yxWHSw%3D%3D
Company,Army Medical University,,debarment,Section 1286 of the John S. McCain National Defense Authorization Act for Fiscal Year 2019 (Public Law 115 - 232),United States Congress,,2024,,,,,https://basicresearch.defense.gov/Portals/61/Documents/Academic%20Research%20Security%20Page/FY24%20Section%201286%20List%20for%20public%20release_V2.pdf?ver=KqtK4tL1wLDoUwe2yxWHSw%3D%3D
Company,Army Military Transportation University,,debarment,Section 1286 of the John S. McCain National Defense Authorization Act for Fiscal Year 2019 (Public Law 115 - 232),United States Congress,,2024,,,,,https://basicresearch.defense.gov/Portals/61/Documents/Academic%20Research%20Security%20Page/FY24%20Section%201286%20List%20for%20public%20release_V2.pdf?ver=KqtK4tL1wLDoUwe2yxWHSw%3D%3D
Company,Army Special Operations Academy,,debarment,Section 1286 of the John S. McCain National Defense Authorization Act for Fiscal Year 2019 (Public Law 115 - 232),United States Congress,,2024,,,,,https://basicresearch.defense.gov/Portals/61/Documents/Academic%20Research%20Security%20Page/FY24%20Section%201286%20List%20for%20public%20release_V2.pdf?ver=KqtK4tL1wLDoUwe2yxWHSw%3D%3D
Company,Astrakhan State University,,debarment,Section 1286 of the John S. McCain National Defense Authorization Act for Fiscal Year 2019 (Public Law 115 - 232),United States Congress,,2024,,,,,https://basicresearch.defense.gov/Portals/61/Documents/Academic%20Research%20Security%20Page/FY24%20Section%201286%20List%20for%20public%20release_V2.pdf?ver=KqtK4tL1wLDoUwe2yxWHSw%3D%3D
Company,Bauman Moscow State Technical University,,debarment,Section 1286 of the John S. McCain National Defense Authorization Act for Fiscal Year 2019 (Public Law 115 - 232),United States Congress,,2024,,,,,https://basicresearch.defense.gov/Portals/61/Documents/Academic%20Research%20Security%20Page/FY24%20Section%201286%20List%20for%20public%20release_V2.pdf?ver=KqtK4tL1wLDoUwe2yxWHSw%3D%3D
Company,Beijing Academy of Quantum Information Sciences,,debarment,Section 1286 of the John S. McCain National Defense Authorization Act for Fiscal Year 2019 (Public Law 115 - 232),United States Congress,,2024,,,,,https://basicresearch.defense.gov/Portals/61/Documents/Academic%20Research%20Security%20Page/FY24%20Section%201286%20List%20for%20public%20release_V2.pdf?ver=KqtK4tL1wLDoUwe2yxWHSw%3D%3D
Company,Beijing Aeronautical Manufacturing Technology Research Institute,Aviation Industry Corporation of China’s Institute 625,debarment,Section 1286 of the John S. McCain National Defense Authorization Act for Fiscal Year 2019 (Public Law 115 - 232),United States Congress,,2024,,,,,https://basicresearch.defense.gov/Portals/61/Documents/Academic%20Research%20Security%20Page/FY24%20Section%201286%20List%20for%20public%20release_V2.pdf?ver=KqtK4tL1wLDoUwe2yxWHSw%3D%3D
Company,Beijing Computational Science Research Center,Beijing Computing Science Research Center; CSRC,debarment,Section 1286 of the John S. McCain National Defense Authorization Act for Fiscal Year 2019 (Public Law 115 - 232),United States Congress,,2024,,,,,https://basicresearch.defense.gov/Portals/61/Documents/Academic%20Research%20Security%20Page/FY24%20Section%201286%20List%20for%20public%20release_V2.pdf?ver=KqtK4tL1wLDoUwe2yxWHSw%3D%3D
Company,Beijing Institute of Technology,,debarment,Section 1286 of the John S. McCain National Defense Authorization Act for Fiscal Year 2019 (Public Law 115 - 232),United States Congress,,2024,,,,,https://basicresearch.defense.gov/Portals/61/Documents/Academic%20Research%20Security%20Page/FY24%20Section%201286%20List%20for%20public%20release_V2.pdf?ver=KqtK4tL1wLDoUwe2yxWHSw%3D%3D
Company,Beijing University of Aeronautics and Astronautics,Beihang University,debarment,Section 1286 of the John S. McCain National Defense Authorization Act for Fiscal Year 2019 (Public Law 115 - 232),United States Congress,,2024,,,,,https://basicresearch.defense.gov/Portals/61/Documents/Academic%20Research%20Security%20Page/FY24%20Section%201286%20List%20for%20public%20release_V2.pdf?ver=KqtK4tL1wLDoUwe2yxWHSw%3D%3D
Company,Beijing University of Posts and Telecommunications,,debarment,Section 1286 of the John S. McCain National Defense Authorization Act for Fiscal Year 2019 (Public Law 115 - 232),United States Congress,,2024,,,,,https://basicresearch.defense.gov/Portals/61/Documents/Academic%20Research%20Security%20Page/FY24%20Section%201286%20List%20for%20public%20release_V2.pdf?ver=KqtK4tL1wLDoUwe2yxWHSw%3D%3D
Company,Center for High Pressure Science and Technology Advanced Research,Beijing High Voltage Research Center,debarment,Section 1286 of the John S. McCain National Defense Authorization Act for Fiscal Year 2019 (Public Law 115 - 232),United States Congress,,2024,,,,,https://basicresearch.defense.gov/Portals/61/Documents/Academic%20Research%20Security%20Page/FY24%20Section%201286%20List%20for%20public%20release_V2.pdf?ver=KqtK4tL1wLDoUwe2yxWHSw%3D%3D
Company,Center for International Security and Strategy,,debarment,Section 1286 of the John S. McCain National Defense Authorization Act for Fiscal Year 2019 (Public Law 115 - 232),United States Congress,,2024,,,,affiliated with Tsinghua University,https://basicresearch.defense.gov/Portals/61/Documents/Academic%20Research%20Security%20Page/FY24%20Section%201286%20List%20for%20public%20release_V2.pdf?ver=KqtK4tL1wLDoUwe2yxWHSw%3D%3D
Company,Changchun University of Science and Technology,Changchun Institute of Optics and Fine Mechanics,debarment,Section 1286 of the John S. McCain National Defense Authorization Act for Fiscal Year 2019 (Public Law 115 - 232),United States Congress,,2024,,,,,https://basicresearch.defense.gov/Portals/61/Documents/Academic%20Research%20Security%20Page/FY24%20Section%201286%20List%20for%20public%20release_V2.pdf?ver=KqtK4tL1wLDoUwe2yxWHSw%3D%3D
Company,Changjiang Scholar Distinguished Professorship,,debarment,Section 1286 of the John S. McCain National Defense Authorization Act for Fiscal Year 2019 (Public Law 115 - 232),United States Congress,,2024,,,,,https://basicresearch.defense.gov/Portals/61/Documents/Academic%20Research%20Security%20Page/FY24%20Section%201286%20List%20for%20public%20release_V2.pdf?ver=KqtK4tL1wLDoUwe2yxWHSw%3D%3D
Company,China Coast Guard Academy,China Maritime Police Academy; People’s Armed Police China Coast Guard Academy; PAP China Coast Guard Academy,debarment,Section 1286 of the John S. McCain National Defense Authorization Act for Fiscal Year 2019 (Public Law 115 - 232),United States Congress,,2024,,,,,https://basicresearch.defense.gov/Portals/61/Documents/Academic%20Research%20Security%20Page/FY24%20Section%201286%20List%20for%20public%20release_V2.pdf?ver=KqtK4tL1wLDoUwe2yxWHSw%3D%3D
Company,Chinese Academy of Engineering Physics,"Ninth Academy; Southwest Computing Center; Southwest Institute of Applied Electronics; Southwest Institute of Chemical Materials; Southwest Institute of Electronic Engineering; Southwest Institute of Environmental Testing; Southwest Institute of Explosives and Chemical Engineering; Southwest Institute of Fluid Physics; Southwest Institute of General Designing and Assembly; Southwest Institute of Machining Technology; Southwest Institute of Materials; Southwest Institute of Nuclear Physics and Chemistry; China Academy of Engineering Physics’ 902 Institute; Southwest Institute of Research and Applications of Special Materials Factory; Southwest Institute of Structural Mechanics; The High Power Laser Laboratory, Shanghai; The Institute of Applied Physics and Computational Mathematics, Beijing; 901 Institute",debarment,Section 1286 of the John S. McCain National Defense Authorization Act for Fiscal Year 2019 (Public Law 115 - 232),United States Congress,,2024,,,,,https://basicresearch.defense.gov/Portals/61/Documents/Academic%20Research%20Security%20Page/FY24%20Section%201286%20List%20for%20public%20release_V2.pdf?ver=KqtK4tL1wLDoUwe2yxWHSw%3D%3D
Company,Chinese Academy of Sciences (CAS) – Institute of Computing Technology (ICT),Institute of Computing Technology Chinese Academy of Sciences; Institute of Computing Technology; CAS ICT; ICT CAS,debarment,Section 1286 of the John S. McCain National Defense Authorization Act for Fiscal Year 2019 (Public Law 115 - 232),United States Congress,,2024,,,,,https://basicresearch.defense.gov/Portals/61/Documents/Academic%20Research%20Security%20Page/FY24%20Section%201286%20List%20for%20public%20release_V2.pdf?ver=KqtK4tL1wLDoUwe2yxWHSw%3D%3D
Company,Chinese Academy of Sciences – Center for Excellence in Quantum Information and Quantum Physics,,debarment,Section 1286 of the John S. McCain National Defense Authorization Act for Fiscal Year 2019 (Public Law 115 - 232),United States Congress,,2024,,,,,https://basicresearch.defense.gov/Portals/61/Documents/Academic%20Research%20Security%20Page/FY24%20Section%201286%20List%20for%20public%20release_V2.pdf?ver=KqtK4tL1wLDoUwe2yxWHSw%3D%3D
Company,Chinese Academy of Sciences – Institute of Physics,,debarment,Section 1286 of the John S. McCain National Defense Authorization Act for Fiscal Year 2019 (Public Law 115 - 232),United States Congress,,2024,,,,,https://basicresearch.defense.gov/Portals/61/Documents/Academic%20Research%20Security%20Page/FY24%20Section%201286%20List%20for%20public%20release_V2.pdf?ver=KqtK4tL1wLDoUwe2yxWHSw%3D%3D
Company,Chinese Academy of Sciences – Key Laboratory for Quantum Information,,debarment,Section 1286 of the John S. McCain National Defense Authorization Act for Fiscal Year 2019 (Public Law 115 - 232),United States Congress,,2024,,,,,https://basicresearch.defense.gov/Portals/61/Documents/Academic%20Research%20Security%20Page/FY24%20Section%201286%20List%20for%20public%20release_V2.pdf?ver=KqtK4tL1wLDoUwe2yxWHSw%3D%3D
Company,Chinese Academy of Sciences – Shanghai Institute of Microsystem and Information Technology,,debarment,Section 1286 of the John S. McCain National Defense Authorization Act for Fiscal Year 2019 (Public Law 115 - 232),United States Congress,,2024,,,,,https://basicresearch.defense.gov/Portals/61/Documents/Academic%20Research%20Security%20Page/FY24%20Section%201286%20List%20for%20public%20release_V2.pdf?ver=KqtK4tL1wLDoUwe2yxWHSw%3D%3D
Company,Chinese Academy of Sciences – Shenyang Institute of Automation,,debarment,Section 1286 of the John S. McCain National Defense Authorization Act for Fiscal Year 2019 (Public Law 115 - 232),United States Congress,,2024,,,,,https://basicresearch.defense.gov/Portals/61/Documents/Academic%20Research%20Security%20Page/FY24%20Section%201286%20List%20for%20public%20release_V2.pdf?ver=KqtK4tL1wLDoUwe2yxWHSw%3D%3D
Company,Chongqing University,,debarment,Section 1286 of the John S. McCain National Defense Authorization Act for Fiscal Year 2019 (Public Law 115 - 232),United States Congress,,2024,,,,,https://basicresearch.defense.gov/Portals/61/Documents/Academic%20Research%20Security%20Page/FY24%20Section%201286%20List%20for%20public%20release_V2.pdf?ver=KqtK4tL1wLDoUwe2yxWHSw%3D%3D
Company,Dalian Naval Academy,,debarment,Section 1286 of the John S. McCain National Defense Authorization Act for Fiscal Year 2019 (Public Law 115 - 232),United States Congress,,2024,,,,,https://basicresearch.defense.gov/Portals/61/Documents/Academic%20Research%20Security%20Page/FY24%20Section%201286%20List%20for%20public%20release_V2.pdf?ver=KqtK4tL1wLDoUwe2yxWHSw%3D%3D
Company,Dalian University of Technology,,debarment,Section 1286 of the John S. McCain National Defense Authorization Act for Fiscal Year 2019 (Public Law 115 - 232),United States Congress,,2024,,,,,https://basicresearch.defense.gov/Portals/61/Documents/Academic%20Research%20Security%20Page/FY24%20Section%201286%20List%20for%20public%20release_V2.pdf?ver=KqtK4tL1wLDoUwe2yxWHSw%3D%3D
Company,Defense S&T Key Laboratory of Antennas and Microwave Technology at Xidian University,National Key Laboratory of Science and Technology on Antennas and Microwaves; (Xidian) Antenna Institute; Key Laboratory of Antenna and Microwave Technology; National Key Laboratory of Antenna and Microwave Technology; Antennas and Microwave Technology Key Laboratory of National Defense; Defense S&T Key Laboratory of Antennas and Microwave Technology; Science and Technology on Antenna and Microwave Laboratory; State Key Laboratory of Antennas and Microwave Technology; National Laboratory of Antennas and Microwave Technology; National Key Laboratory of Science and Technology on Antenna and Microwave,debarment,Section 1286 of the John S. McCain National Defense Authorization Act for Fiscal Year 2019 (Public Law 115 - 232),United States Congress,,2024,,,,,https://basicresearch.defense.gov/Portals/61/Documents/Academic%20Research%20Security%20Page/FY24%20Section%201286%20List%20for%20public%20release_V2.pdf?ver=KqtK4tL1wLDoUwe2yxWHSw%3D%3D
Company,Defense S&T Key Laboratory of Electronic Measurement Technology at North University of China,"Defense S&T Key Laboratory of Signal Detection; Key Laboratory of Signal Detection; National Key Laboratory for Electronic Measurement Technology; State Key Laboratory for Electronic Measurement Technology; Key Laboratory for Electronic Measurement Technology; Defense Key Laboratory for Electronic Measurement Technology; China Electronics Technology Instruments Co., Ltd (CETI) Key Laboratory for Electronic Measurement Technology; CETI 41st RI Key Laboratory for Electronic Measurement Technology; North University of China Key Laboratory for Electronic Measurement Technology; North University of China School of Instrument and Electronics Key Laboratory for Electronic Measurement Technology; North University of China School of Electronics and Computer Science & Technology Key Laboratory for Electronic Measurement Technology",debarment,Section 1286 of the John S. McCain National Defense Authorization Act for Fiscal Year 2019 (Public Law 115 - 232),United States Congress,,2024,,,,,https://basicresearch.defense.gov/Portals/61/Documents/Academic%20Research%20Security%20Page/FY24%20Section%201286%20List%20for%20public%20release_V2.pdf?ver=KqtK4tL1wLDoUwe2yxWHSw%3D%3D
Company,Defense S&T Key Laboratory of High-Power Semiconductor Lasers at Changchun University of Science and Technology,State Key Laboratory of High Power Semiconductor Laser of Changchun University of Science and Technology; State Key Laboratory on High-Power Semiconductor Lasers; National Key Laboratory on High Power Semiconductor Laser; Key Laboratory on High Power Semiconductor Laser; Defense Key Laboratory on High Power Semiconductor Laser,debarment,Section 1286 of the John S. McCain National Defense Authorization Act for Fiscal Year 2019 (Public Law 115 - 232),United States Congress,,2024,,,,,https://basicresearch.defense.gov/Portals/61/Documents/Academic%20Research%20Security%20Page/FY24%20Section%201286%20List%20for%20public%20release_V2.pdf?ver=KqtK4tL1wLDoUwe2yxWHSw%3D%3D
Company,"Defense S&T Key Laboratory of Lightweight, High-strength Structural Materials at Central South University",State Key Laboratory for Light Weight and High Strength Structural Materials; (Central South University) National Key Laboratory for High-strength Structural Materials; National Key Laboratory of Science and Technology for National Defence on High-strength Structural Materials; National Key Laboratory of Science and Technology for National Defence on High-strength Lightweight Structural Materials; Key Laboratory on High-strength Lightweight Structural Materials,debarment,Section 1286 of the John S. McCain National Defense Authorization Act for Fiscal Year 2019 (Public Law 115 - 232),United States Congress,,2024,,,,,https://basicresearch.defense.gov/Portals/61/Documents/Academic%20Research%20Security%20Page/FY24%20Section%201286%20List%20for%20public%20release_V2.pdf?ver=KqtK4tL1wLDoUwe2yxWHSw%3D%3D
Company,Defense S&T Key Laboratory of Multi-spectral Information Processing Technology at Huazhong University of S&T,National Key Laboratory of Science and Technology on Multi-spectral Information Processing; National Key Laboratory of Multi-spectral Information Processing Technology; State Key Laboratory for Multispectral Information Processing Technologies,debarment,Section 1286 of the John S. McCain National Defense Authorization Act for Fiscal Year 2019 (Public Law 115 - 232),United States Congress,,2024,,,,,https://basicresearch.defense.gov/Portals/61/Documents/Academic%20Research%20Security%20Page/FY24%20Section%201286%20List%20for%20public%20release_V2.pdf?ver=KqtK4tL1wLDoUwe2yxWHSw%3D%3D
Company,Defense S&T Key Laboratory of Radar Signal Processing at Xidian University,National Key Laboratory of Science and Technology on Radar Signal Processing; National Lab of Radar Signal Processing; Xidian Electronics Research Institute; National Key Laboratory of Radar Signal Processing; Key Laboratory for Radar Signal Processing; State Laboratory of Radar Signal Processing; National Laboratory of Radar Signal Processing,debarment,Section 1286 of the John S. McCain National Defense Authorization Act for Fiscal Year 2019 (Public Law 115 - 232),United States Congress,,2024,,,,,https://basicresearch.defense.gov/Portals/61/Documents/Academic%20Research%20Security%20Page/FY24%20Section%201286%20List%20for%20public%20release_V2.pdf?ver=KqtK4tL1wLDoUwe2yxWHSw%3D%3D
Company,Federal Autonomous Institution Central Institute of Engine-Building N.A. P.I. Baranov,Central Institute of Aviation Motors; CIAM,debarment,Section 1286 of the John S. McCain National Defense Authorization Act for Fiscal Year 2019 (Public Law 115 - 232),United States Congress,,2024,,,,,https://basicresearch.defense.gov/Portals/61/Documents/Academic%20Research%20Security%20Page/FY24%20Section%201286%20List%20for%20public%20release_V2.pdf?ver=KqtK4tL1wLDoUwe2yxWHSw%3D%3D
Company,Federal Research Center Boreskov Institute of Catalysis,,debarment,Section 1286 of the John S. McCain National Defense Authorization Act for Fiscal Year 2019 (Public Law 115 - 232),United States Congress,,2024,,,,,https://basicresearch.defense.gov/Portals/61/Documents/Academic%20Research%20Security%20Page/FY24%20Section%201286%20List%20for%20public%20release_V2.pdf?ver=KqtK4tL1wLDoUwe2yxWHSw%3D%3D
Company,"Federal State Budgetary Institute A.V. Zhirmunskiy National Scientific Research Center of Marine Biology, Far East Branch, Russian Academy of Sciences",,debarment,Section 1286 of the John S. McCain National Defense Authorization Act for Fiscal Year 2019 (Public Law 115 - 232),United States Congress,,2024,,,,,https://basicresearch.defense.gov/Portals/61/Documents/Academic%20Research%20Security%20Page/FY24%20Section%201286%20List%20for%20public%20release_V2.pdf?ver=KqtK4tL1wLDoUwe2yxWHSw%3D%3D
Company,"Federal State Budgetary Institution of Science Federal Research Center Pushchino Scientific Center for Biology, Russian Academy of Sciences",,debarment,Section 1286 of the John S. McCain National Defense Authorization Act for Fiscal Year 2019 (Public Law 115 - 232),United States Congress,,2024,,,,,https://basicresearch.defense.gov/Portals/61/Documents/Academic%20Research%20Security%20Page/FY24%20Section%201286%20List%20for%20public%20release_V2.pdf?ver=KqtK4tL1wLDoUwe2yxWHSw%3D%3D
Company,"Federal State Budgetary Institution of Science Institute of Bioorganic Chemistry named after Academicians M.M. Shemyakin and Yu.A. Ovchinnikov, Russian Academy of Sciences",,debarment,Section 1286 of the John S. McCain National Defense Authorization Act for Fiscal Year 2019 (Public Law 115 - 232),United States Congress,,2024,,,,,https://basicresearch.defense.gov/Portals/61/Documents/Academic%20Research%20Security%20Page/FY24%20Section%201286%20List%20for%20public%20release_V2.pdf?ver=KqtK4tL1wLDoUwe2yxWHSw%3D%3D
Company,"Federal State Budgetary Institution of Science Institute of Molecular and Cell Biology, Siberian Branch of the Russian Academy of Sciences",,debarment,Section 1286 of the John S. McCain National Defense Authorization Act for Fiscal Year 2019 (Public Law 115 - 232),United States Congress,,2024,,,,,https://basicresearch.defense.gov/Portals/61/Documents/Academic%20Research%20Security%20Page/FY24%20Section%201286%20List%20for%20public%20release_V2.pdf?ver=KqtK4tL1wLDoUwe2yxWHSw%3D%3D
Company,Federal State Budgetary Institution of Science P.I.K.A. Valiev RAS of the Ministry of Science and Higher Education of Russia,FTIAN IM K.A.Valiev RAS; FTI RAS; FTIAN,debarment,Section 1286 of the John S. McCain National Defense Authorization Act for Fiscal Year 2019 (Public Law 115 - 232),United States Congress,,2024,,,,,https://basicresearch.defense.gov/Portals/61/Documents/Academic%20Research%20Security%20Page/FY24%20Section%201286%20List%20for%20public%20release_V2.pdf?ver=KqtK4tL1wLDoUwe2yxWHSw%3D%3D
Company,Federal State Budgetary Scientific Institution Research and Production Complex Technology Center,Federalnoe Gosudarstvennoe Byudzhetnoe Nauchnoe Uchrezhdenie Nauchno-Proizvodstvenny Kompleks Tekhnologicheskiy Tsentr - NPK Technological Center; NPKTS; Scientific Manufacturing Complex Technological Center; SMC Technological Center,debarment,Section 1286 of the John S. McCain National Defense Authorization Act for Fiscal Year 2019 (Public Law 115 - 232),United States Congress,,2024,,,,,https://basicresearch.defense.gov/Portals/61/Documents/Academic%20Research%20Security%20Page/FY24%20Section%201286%20List%20for%20public%20release_V2.pdf?ver=KqtK4tL1wLDoUwe2yxWHSw%3D%3D
Company,Federal State Institution Federal Scientific Center Scientific Research Institute for System Analysis of the Russian Academy of Sciences,"Federalnoe Gosudarstvennoe Uchrezhdenie Federalnyy Nauchnyy Tsentr Nauchno-Issledovatelskiy Institut Sistemnykh Issledovaniy Rossiyskoy Akademii Nauk; FGU FNTS NIISI RAN; FSI FSC SRISA RAS; Scientific Research Institute of System Analysis, Russian Academy of Sciences",debarment,Section 1286 of the John S. McCain National Defense Authorization Act for Fiscal Year 2019 (Public Law 115 - 232),United States Congress,,2024,,,,,https://basicresearch.defense.gov/Portals/61/Documents/Academic%20Research%20Security%20Page/FY24%20Section%201286%20List%20for%20public%20release_V2.pdf?ver=KqtK4tL1wLDoUwe2yxWHSw%3D%3D
Company,"Federal State Unitary Enterprise All-Russian Research Institute of Physical, Technical and Radio Engineering Measurements",VNIIFTRI,debarment,Section 1286 of the John S. McCain National Defense Authorization Act for Fiscal Year 2019 (Public Law 115 - 232),United States Congress,,2024,,,,,https://basicresearch.defense.gov/Portals/61/Documents/Academic%20Research%20Security%20Page/FY24%20Section%201286%20List%20for%20public%20release_V2.pdf?ver=KqtK4tL1wLDoUwe2yxWHSw%3D%3D
Company,Federal State Unitary Enterprise Central Scientific Research Institute of Chemistry and Mechanics,"CNIIHM; Federalnoe Gosudarstvennoe Unitarnoe Predpriyatie Tsentralny Nauchno-Issledovatelski Institut Khimii I Mekhaniki; FGUP CNIIXM; FGUP TSNIIKHM; FSUE CNIIHM; FSUE TSNIIKHM; GNTS RF FGUP TSNIIKHM; State Research Center of the Russian Federation FGUP Central Scientific Research Institute of Chemistry and Mechanics; Tsentralny Naucho-Issledovatelsky Institut Khimii I Mekhaniki, FGUP; TSNIIKHM",debarment,Section 1286 of the John S. McCain National Defense Authorization Act for Fiscal Year 2019 (Public Law 115 - 232),United States Congress,,2024,,,,,https://basicresearch.defense.gov/Portals/61/Documents/Academic%20Research%20Security%20Page/FY24%20Section%201286%20List%20for%20public%20release_V2.pdf?ver=KqtK4tL1wLDoUwe2yxWHSw%3D%3D
Company,Guilin University of Electronic Technology,,debarment,Section 1286 of the John S. McCain National Defense Authorization Act for Fiscal Year 2019 (Public Law 115 - 232),United States Congress,,2024,,,,,https://basicresearch.defense.gov/Portals/61/Documents/Academic%20Research%20Security%20Page/FY24%20Section%201286%20List%20for%20public%20release_V2.pdf?ver=KqtK4tL1wLDoUwe2yxWHSw%3D%3D
Company,Harbin Engineering University,,debarment,Section 1286 of the John S. McCain National Defense Authorization Act for Fiscal Year 2019 (Public Law 115 - 232),United States Congress,,2024,,,,,https://basicresearch.defense.gov/Portals/61/Documents/Academic%20Research%20Security%20Page/FY24%20Section%201286%20List%20for%20public%20release_V2.pdf?ver=KqtK4tL1wLDoUwe2yxWHSw%3D%3D
Company,Harbin Institute of Technology,,debarment,Section 1286 of the John S. McCain National Defense Authorization Act for Fiscal Year 2019 (Public Law 115 - 232),United States Congress,,2024,,,,,https://basicresearch.defense.gov/Portals/61/Documents/Academic%20Research%20Security%20Page/FY24%20Section%201286%20List%20for%20public%20release_V2.pdf?ver=KqtK4tL1wLDoUwe2yxWHSw%3D%3D
Company,Hefei National Laboratory for Physical Sciences at the Microscale,,debarment,Section 1286 of the John S. McCain National Defense Authorization Act for Fiscal Year 2019 (Public Law 115 - 232),United States Congress,,2024,,,,,https://basicresearch.defense.gov/Portals/61/Documents/Academic%20Research%20Security%20Page/FY24%20Section%201286%20List%20for%20public%20release_V2.pdf?ver=KqtK4tL1wLDoUwe2yxWHSw%3D%3D
Company,Hundred Talents Plan,,debarment,Section 1286 of the John S. McCain National Defense Authorization Act for Fiscal Year 2019 (Public Law 115 - 232),United States Congress,,2024,,,,,https://basicresearch.defense.gov/Portals/61/Documents/Academic%20Research%20Security%20Page/FY24%20Section%201286%20List%20for%20public%20release_V2.pdf?ver=KqtK4tL1wLDoUwe2yxWHSw%3D%3D
Company,Imam Hussein University,"Imam Hossein University; IHU; Imam Hussein University of the Revolutionary Guards""",debarment,Section 1286 of the John S. McCain National Defense Authorization Act for Fiscal Year 2019 (Public Law 115 - 232),United States Congress,,2024,,,,,https://basicresearch.defense.gov/Portals/61/Documents/Academic%20Research%20Security%20Page/FY24%20Section%201286%20List%20for%20public%20release_V2.pdf?ver=KqtK4tL1wLDoUwe2yxWHSw%3D%3D
Company,Information Engineering University,,debarment,Section 1286 of the John S. McCain National Defense Authorization Act for Fiscal Year 2019 (Public Law 115 - 232),United States Congress,,2024,,,,,https://basicresearch.defense.gov/Portals/61/Documents/Academic%20Research%20Security%20Page/FY24%20Section%201286%20List%20for%20public%20release_V2.pdf?ver=KqtK4tL1wLDoUwe2yxWHSw%3D%3D
Company,Institute of High Energy Physics,Kurchatovskiy Institute ITEF,debarment,Section 1286 of the John S. McCain National Defense Authorization Act for Fiscal Year 2019 (Public Law 115 - 232),United States Congress,,2024,,2026-07-23,,,https://basicresearch.defense.gov/Portals/61/Documents/Academic%20Research%20Security%20Page/FY24%20Section%201286%20List%20for%20public%20release_V2.pdf?ver=KqtK4tL1wLDoUwe2yxWHSw%3D%3D
Company,Institute of Physics Named After P.N. Lebedev of the Russian Academy of Sciences,Lebedev Physical Institute; LPI RAS; FIAN,debarment,Section 1286 of the John S. McCain National Defense Authorization Act for Fiscal Year 2019 (Public Law 115 - 232),United States Congress,,2024,,,,,https://basicresearch.defense.gov/Portals/61/Documents/Academic%20Research%20Security%20Page/FY24%20Section%201286%20List%20for%20public%20release_V2.pdf?ver=KqtK4tL1wLDoUwe2yxWHSw%3D%3D
Company,Institute of Solid-State Physics of the Russian Academy of Sciences,Institute of Solid-State Physics of the Academy of Sciences SSSR; Federal State Budgetary Institution of Science Institute of Solid-State Physics N.A. Yu. A. Osipyan of the Russian Academy of Sciences,debarment,Section 1286 of the John S. McCain National Defense Authorization Act for Fiscal Year 2019 (Public Law 115 - 232),United States Congress,,2024,,,,,https://basicresearch.defense.gov/Portals/61/Documents/Academic%20Research%20Security%20Page/FY24%20Section%201286%20List%20for%20public%20release_V2.pdf?ver=KqtK4tL1wLDoUwe2yxWHSw%3D%3D
Company,Keldysh Institute of Applied Mathematics of the Russian Academy of Sciences,Federalnoe Gosudarstvennoe Uchrezhdenie Federalny Issledovatelski Tsentr Institut Prikladnoi Metematiki I.M. Keldysha Rossiiskoi Akademii Nauk; IPM IM. M.V. Keldisha RAN; KIAM RAS,debarment,Section 1286 of the John S. McCain National Defense Authorization Act for Fiscal Year 2019 (Public Law 115 - 232),United States Congress,,2024,,,,,https://basicresearch.defense.gov/Portals/61/Documents/Academic%20Research%20Security%20Page/FY24%20Section%201286%20List%20for%20public%20release_V2.pdf?ver=KqtK4tL1wLDoUwe2yxWHSw%3D%3D
Company,Key Laboratory of Information Systems Engineering,KLISE,debarment,Section 1286 of the John S. McCain National Defense Authorization Act for Fiscal Year 2019 (Public Law 115 - 232),United States Congress,,2024,,,,,https://basicresearch.defense.gov/Portals/61/Documents/Academic%20Research%20Security%20Page/FY24%20Section%201286%20List%20for%20public%20release_V2.pdf?ver=KqtK4tL1wLDoUwe2yxWHSw%3D%3D
Company,Lomonosov Moscow State University,,debarment,Section 1286 of the John S. McCain National Defense Authorization Act for Fiscal Year 2019 (Public Law 115 - 232),United States Congress,,2024,,2026-07-23,,,https://basicresearch.defense.gov/Portals/61/Documents/Academic%20Research%20Security%20Page/FY24%20Section%201286%20List%20for%20public%20release_V2.pdf?ver=KqtK4tL1wLDoUwe2yxWHSw%3D%3D
Company,Luoyang Institute of Science and Technology,Luoyang Institute of Technology,debarment,Section 1286 of the John S. McCain National Defense Authorization Act for Fiscal Year 2019 (Public Law 115 - 232),United States Congress,,2024,,,,,https://basicresearch.defense.gov/Portals/61/Documents/Academic%20Research%20Security%20Page/FY24%20Section%201286%20List%20for%20public%20release_V2.pdf?ver=KqtK4tL1wLDoUwe2yxWHSw%3D%3D
Company,Mabna Institute,,debarment,Section 1286 of the John S. McCain National Defense Authorization Act for Fiscal Year 2019 (Public Law 115 - 232),United States Congress,,2024,,2026-07-23,,,https://basicresearch.defense.gov/Portals/61/Documents/Academic%20Research%20Security%20Page/FY24%20Section%201286%20List%20for%20public%20release_V2.pdf?ver=KqtK4tL1wLDoUwe2yxWHSw%3D%3D
Company,Moscow Aviation Institute,MAI,debarment,Section 1286 of the John S. McCain National Defense Authorization Act for Fiscal Year 2019 (Public Law 115 - 232),United States Congress,,2024,,,,,https://basicresearch.defense.gov/Portals/61/Documents/Academic%20Research%20Security%20Page/FY24%20Section%201286%20List%20for%20public%20release_V2.pdf?ver=KqtK4tL1wLDoUwe2yxWHSw%3D%3D
Company,Moscow Institute of Physics and Technology,MFTI,debarment,Section 1286 of the John S. McCain National Defense Authorization Act for Fiscal Year 2019 (Public Law 115 - 232),United States Congress,,2024,,,,,https://basicresearch.defense.gov/Portals/61/Documents/Academic%20Research%20Security%20Page/FY24%20Section%201286%20List%20for%20public%20release_V2.pdf?ver=KqtK4tL1wLDoUwe2yxWHSw%3D%3D
Company,Moscow Order of the Red Banner of Labor Research Radio Engineering Institute JSC,MNIRTI JSC,debarment,Section 1286 of the John S. McCain National Defense Authorization Act for Fiscal Year 2019 (Public Law 115 - 232),United States Congress,,2024,,2026-07-23,,,https://basicresearch.defense.gov/Portals/61/Documents/Academic%20Research%20Security%20Page/FY24%20Section%201286%20List%20for%20public%20release_V2.pdf?ver=KqtK4tL1wLDoUwe2yxWHSw%3D%3D
Company,Moscow State University,,debarment,Section 1286 of the John S. McCain National Defense Authorization Act for Fiscal Year 2019 (Public Law 115 - 232),United States Congress,,2024,,,,,https://basicresearch.defense.gov/Portals/61/Documents/Academic%20Research%20Security%20Page/FY24%20Section%201286%20List%20for%20public%20release_V2.pdf?ver=KqtK4tL1wLDoUwe2yxWHSw%3D%3D
Company,Moscow’s Higher School of Economics,,debarment,Section 1286 of the John S. McCain National Defense Authorization Act for Fiscal Year 2019 (Public Law 115 - 232),United States Congress,,2024,,,,,https://basicresearch.defense.gov/Portals/61/Documents/Academic%20Research%20Security%20Page/FY24%20Section%201286%20List%20for%20public%20release_V2.pdf?ver=KqtK4tL1wLDoUwe2yxWHSw%3D%3D
Company,Nanjing Institute of Astronomical Optics and Technology,NIAOT,debarment,Section 1286 of the John S. McCain National Defense Authorization Act for Fiscal Year 2019 (Public Law 115 - 232),United States Congress,,2024,,,,,https://basicresearch.defense.gov/Portals/61/Documents/Academic%20Research%20Security%20Page/FY24%20Section%201286%20List%20for%20public%20release_V2.pdf?ver=KqtK4tL1wLDoUwe2yxWHSw%3D%3D
Company,Nanjing University of Aeronautics and Astronautics,,debarment,Section 1286 of the John S. McCain National Defense Authorization Act for Fiscal Year 2019 (Public Law 115 - 232),United States Congress,,2024,,,,,https://basicresearch.defense.gov/Portals/61/Documents/Academic%20Research%20Security%20Page/FY24%20Section%201286%20List%20for%20public%20release_V2.pdf?ver=KqtK4tL1wLDoUwe2yxWHSw%3D%3D
Company,Nanjing University of Science and Technology,,debarment,Section 1286 of the John S. McCain National Defense Authorization Act for Fiscal Year 2019 (Public Law 115 - 232),United States Congress,,2024,,,,,https://basicresearch.defense.gov/Portals/61/Documents/Academic%20Research%20Security%20Page/FY24%20Section%201286%20List%20for%20public%20release_V2.pdf?ver=KqtK4tL1wLDoUwe2yxWHSw%3D%3D
Company,National Defense University,,debarment,Section 1286 of the John S. McCain National Defense Authorization Act for Fiscal Year 2019 (Public Law 115 - 232),United States Congress,,2024,,,,,https://basicresearch.defense.gov/Portals/61/Documents/Academic%20Research%20Security%20Page/FY24%20Section%201286%20List%20for%20public%20release_V2.pdf?ver=KqtK4tL1wLDoUwe2yxWHSw%3D%3D
Company,National University of Defense Technology,Central South CAD Center; CSCC; Hunan Guofang Keji University,debarment,Section 1286 of the John S. McCain National Defense Authorization Act for Fiscal Year 2019 (Public Law 115 - 232),United States Congress,,2024,,,,,https://basicresearch.defense.gov/Portals/61/Documents/Academic%20Research%20Security%20Page/FY24%20Section%201286%20List%20for%20public%20release_V2.pdf?ver=KqtK4tL1wLDoUwe2yxWHSw%3D%3D
Company,Naval Aviation University,,debarment,Section 1286 of the John S. McCain National Defense Authorization Act for Fiscal Year 2019 (Public Law 115 - 232),United States Congress,,2024,,,,,https://basicresearch.defense.gov/Portals/61/Documents/Academic%20Research%20Security%20Page/FY24%20Section%201286%20List%20for%20public%20release_V2.pdf?ver=KqtK4tL1wLDoUwe2yxWHSw%3D%3D
Company,Naval Command College,,debarment,Section 1286 of the John S. McCain National Defense Authorization Act for Fiscal Year 2019 (Public Law 115 - 232),United States Congress,,2024,,,,,https://basicresearch.defense.gov/Portals/61/Documents/Academic%20Research%20Security%20Page/FY24%20Section%201286%20List%20for%20public%20release_V2.pdf?ver=KqtK4tL1wLDoUwe2yxWHSw%3D%3D
Company,Naval Engineering University,,debarment,Section 1286 of the John S. McCain National Defense Authorization Act for Fiscal Year 2019 (Public Law 115 - 232),United States Congress,,2024,,,,,https://basicresearch.defense.gov/Portals/61/Documents/Academic%20Research%20Security%20Page/FY24%20Section%201286%20List%20for%20public%20release_V2.pdf?ver=KqtK4tL1wLDoUwe2yxWHSw%3D%3D
Company,Naval Medical University,,debarment,Section 1286 of the John S. McCain National Defense Authorization Act for Fiscal Year 2019 (Public Law 115 - 232),United States Congress,,2024,,,,,https://basicresearch.defense.gov/Portals/61/Documents/Academic%20Research%20Security%20Page/FY24%20Section%201286%20List%20for%20public%20release_V2.pdf?ver=KqtK4tL1wLDoUwe2yxWHSw%3D%3D
Company,Naval NCO School,,debarment,Section 1286 of the John S. McCain National Defense Authorization Act for Fiscal Year 2019 (Public Law 115 - 232),United States Congress,,2024,,,,,https://basicresearch.defense.gov/Portals/61/Documents/Academic%20Research%20Security%20Page/FY24%20Section%201286%20List%20for%20public%20release_V2.pdf?ver=KqtK4tL1wLDoUwe2yxWHSw%3D%3D
Company,Naval Service Academy,,debarment,Section 1286 of the John S. McCain National Defense Authorization Act for Fiscal Year 2019 (Public Law 115 - 232),United States Congress,,2024,,2026,,,https://basicresearch.defense.gov/Portals/61/Documents/Academic%20Research%20Security%20Page/FY24%20Section%201286%20List%20for%20public%20release_V2.pdf?ver=KqtK4tL1wLDoUwe2yxWHSw%3D%3D
Company,Navy Submarine Academy,,debarment,Section 1286 of the John S. McCain National Defense Authorization Act for Fiscal Year 2019 (Public Law 115 - 232),United States Congress,,2024,,,,,https://basicresearch.defense.gov/Portals/61/Documents/Academic%20Research%20Security%20Page/FY24%20Section%201286%20List%20for%20public%20release_V2.pdf?ver=KqtK4tL1wLDoUwe2yxWHSw%3D%3D
Company,North University of China,,debarment,Section 1286 of the John S. McCain National Defense Authorization Act for Fiscal Year 2019 (Public Law 115 - 232),United States Congress,,2024,,,,,https://basicresearch.defense.gov/Portals/61/Documents/Academic%20Research%20Security%20Page/FY24%20Section%201286%20List%20for%20public%20release_V2.pdf?ver=KqtK4tL1wLDoUwe2yxWHSw%3D%3D
Company,Northwestern Polytechnical University,Northwestern Polytechnic University; Northwest Polytechnic University; Northwest Polytechnical University,debarment,Section 1286 of the John S. McCain National Defense Authorization Act for Fiscal Year 2019 (Public Law 115 - 232),United States Congress,,2024,,,,,https://basicresearch.defense.gov/Portals/61/Documents/Academic%20Research%20Security%20Page/FY24%20Section%201286%20List%20for%20public%20release_V2.pdf?ver=KqtK4tL1wLDoUwe2yxWHSw%3D%3D
Company,Ocean University of China,,debarment,Section 1286 of the John S. McCain National Defense Authorization Act for Fiscal Year 2019 (Public Law 115 - 232),United States Congress,,2024,,,,,https://basicresearch.defense.gov/Portals/61/Documents/Academic%20Research%20Security%20Page/FY24%20Section%201286%20List%20for%20public%20release_V2.pdf?ver=KqtK4tL1wLDoUwe2yxWHSw%3D%3D
Company,Pearl River Talent Program,,debarment,Section 1286 of the John S. McCain National Defense Authorization Act for Fiscal Year 2019 (Public Law 115 - 232),United States Congress,,2024,,,,,https://basicresearch.defense.gov/Portals/61/Documents/Academic%20Research%20Security%20Page/FY24%20Section%201286%20List%20for%20public%20release_V2.pdf?ver=KqtK4tL1wLDoUwe2yxWHSw%3D%3D
Company,Project 5-100,,debarment,Section 1286 of the John S. McCain National Defense Authorization Act for Fiscal Year 2019 (Public Law 115 - 232),United States Congress,,2024,,,,,https://basicresearch.defense.gov/Portals/61/Documents/Academic%20Research%20Security%20Page/FY24%20Section%201286%20List%20for%20public%20release_V2.pdf?ver=KqtK4tL1wLDoUwe2yxWHSw%3D%3D
Company,River Talents Plan,,debarment,Section 1286 of the John S. McCain National Defense Authorization Act for Fiscal Year 2019 (Public Law 115 - 232),United States Congress,,2024,,,,,https://basicresearch.defense.gov/Portals/61/Documents/Academic%20Research%20Security%20Page/FY24%20Section%201286%20List%20for%20public%20release_V2.pdf?ver=KqtK4tL1wLDoUwe2yxWHSw%3D%3D
Company,Rocket Force Command College,,debarment,Section 1286 of the John S. McCain National Defense Authorization Act for Fiscal Year 2019 (Public Law 115 - 232),United States Congress,,2024,,,,,https://basicresearch.defense.gov/Portals/61/Documents/Academic%20Research%20Security%20Page/FY24%20Section%201286%20List%20for%20public%20release_V2.pdf?ver=KqtK4tL1wLDoUwe2yxWHSw%3D%3D
Company,Rocket Force Engineering University,,debarment,Section 1286 of the John S. McCain National Defense Authorization Act for Fiscal Year 2019 (Public Law 115 - 232),United States Congress,,2024,,,,,https://basicresearch.defense.gov/Portals/61/Documents/Academic%20Research%20Security%20Page/FY24%20Section%201286%20List%20for%20public%20release_V2.pdf?ver=KqtK4tL1wLDoUwe2yxWHSw%3D%3D
Company,Rocket Force NCO School,,debarment,Section 1286 of the John S. McCain National Defense Authorization Act for Fiscal Year 2019 (Public Law 115 - 232),United States Congress,,2024,,,,,https://basicresearch.defense.gov/Portals/61/Documents/Academic%20Research%20Security%20Page/FY24%20Section%201286%20List%20for%20public%20release_V2.pdf?ver=KqtK4tL1wLDoUwe2yxWHSw%3D%3D
Company,"Rzhanov Institute of Semiconductor Physics, Siberian Branch of Russian Academy of Sciences",IPP SB RAS; Institute of Semiconductor Physics IM A.V. Rzhanov,debarment,Section 1286 of the John S. McCain National Defense Authorization Act for Fiscal Year 2019 (Public Law 115 - 232),United States Congress,,2024,,,,,https://basicresearch.defense.gov/Portals/61/Documents/Academic%20Research%20Security%20Page/FY24%20Section%201286%20List%20for%20public%20release_V2.pdf?ver=KqtK4tL1wLDoUwe2yxWHSw%3D%3D
Company,Sharif University of Technology,Arya Mehr University of Technology; SHFT; SUT; Sharif Technical University,debarment,Section 1286 of the John S. McCain National Defense Authorization Act for Fiscal Year 2019 (Public Law 115 - 232),United States Congress,,2024,,,,,https://basicresearch.defense.gov/Portals/61/Documents/Academic%20Research%20Security%20Page/FY24%20Section%201286%20List%20for%20public%20release_V2.pdf?ver=KqtK4tL1wLDoUwe2yxWHSw%3D%3D
Company,Shenyang Ligong University,,debarment,Section 1286 of the John S. McCain National Defense Authorization Act for Fiscal Year 2019 (Public Law 115 - 232),United States Congress,,2024,,,,,https://basicresearch.defense.gov/Portals/61/Documents/Academic%20Research%20Security%20Page/FY24%20Section%201286%20List%20for%20public%20release_V2.pdf?ver=KqtK4tL1wLDoUwe2yxWHSw%3D%3D
Company,Siberian Scientific-Research Institute of Aviation N.A. S.A. Chaplygin,SibNIA,debarment,Section 1286 of the John S. McCain National Defense Authorization Act for Fiscal Year 2019 (Public Law 115 - 232),United States Congress,,2024,,,,,https://basicresearch.defense.gov/Portals/61/Documents/Academic%20Research%20Security%20Page/FY24%20Section%201286%20List%20for%20public%20release_V2.pdf?ver=KqtK4tL1wLDoUwe2yxWHSw%3D%3D
Company,Sichuan University,,debarment,Section 1286 of the John S. McCain National Defense Authorization Act for Fiscal Year 2019 (Public Law 115 - 232),United States Congress,,2024,,,,,https://basicresearch.defense.gov/Portals/61/Documents/Academic%20Research%20Security%20Page/FY24%20Section%201286%20List%20for%20public%20release_V2.pdf?ver=KqtK4tL1wLDoUwe2yxWHSw%3D%3D
Company,Skolkovo Institute of Science and Technology,Autonomous Non-Profit Organization for Higher Education Skolkovo Institute of Science and Technology; Skolkovskiy Institut Nauki I Tekhnologii; Skoltech,debarment,Section 1286 of the John S. McCain National Defense Authorization Act for Fiscal Year 2019 (Public Law 115 - 232),United States Congress,,2024,,,,,https://basicresearch.defense.gov/Portals/61/Documents/Academic%20Research%20Security%20Page/FY24%20Section%201286%20List%20for%20public%20release_V2.pdf?ver=KqtK4tL1wLDoUwe2yxWHSw%3D%3D
Company,Space Engineering University,,debarment,Section 1286 of the John S. McCain National Defense Authorization Act for Fiscal Year 2019 (Public Law 115 - 232),United States Congress,,2024,,,,,https://basicresearch.defense.gov/Portals/61/Documents/Academic%20Research%20Security%20Page/FY24%20Section%201286%20List%20for%20public%20release_V2.pdf?ver=KqtK4tL1wLDoUwe2yxWHSw%3D%3D
Company,Sun Yat-Sen University,,debarment,Section 1286 of the John S. McCain National Defense Authorization Act for Fiscal Year 2019 (Public Law 115 - 232),United States Congress,,2024,,,,,https://basicresearch.defense.gov/Portals/61/Documents/Academic%20Research%20Security%20Page/FY24%20Section%201286%20List%20for%20public%20release_V2.pdf?ver=KqtK4tL1wLDoUwe2yxWHSw%3D%3D
Company,"Tactical Missile Corporation, Concern “MPO—Gidropribor”",Joint Stock Company Concern Sea Underwater Weapons Gidropribor; Research Institute “Gidpropridor”,debarment,Section 1286 of the John S. McCain National Defense Authorization Act for Fiscal Year 2019 (Public Law 115 - 232),United States Congress,,2024,,,,,https://basicresearch.defense.gov/Portals/61/Documents/Academic%20Research%20Security%20Page/FY24%20Section%201286%20List%20for%20public%20release_V2.pdf?ver=KqtK4tL1wLDoUwe2yxWHSw%3D%3D
Company,"Tactical Missile Corporation, Joint Stock Company GosNIIMash",PPORosprofprom V “GOSNIIMASH”; State Research Institute of Mechanical Engineering; Pervichnaya Profsoyuznaya Organizatsiya Rossiskogo Profsoyuza Rabotnikov Promyshlennosti V; “GOSNIIMASH”; Joint Stock Company “State Research Institute of Mechanical Engineering” named after V.V.Bakhirev”; SKB DNIKhTI,debarment,Section 1286 of the John S. McCain National Defense Authorization Act for Fiscal Year 2019 (Public Law 115 - 232),United States Congress,,2024,,,,,https://basicresearch.defense.gov/Portals/61/Documents/Academic%20Research%20Security%20Page/FY24%20Section%201286%20List%20for%20public%20release_V2.pdf?ver=KqtK4tL1wLDoUwe2yxWHSw%3D%3D
Company,Thousand Talents Plan,,debarment,Section 1286 of the John S. McCain National Defense Authorization Act for Fiscal Year 2019 (Public Law 115 - 232),United States Congress,,2024,,,,,https://basicresearch.defense.gov/Portals/61/Documents/Academic%20Research%20Security%20Page/FY24%20Section%201286%20List%20for%20public%20release_V2.pdf?ver=KqtK4tL1wLDoUwe2yxWHSw%3D%3D
Company,Tianjin University,,debarment,Section 1286 of the John S. McCain National Defense Authorization Act for Fiscal Year 2019 (Public Law 115 - 232),United States Congress,,2024,,,,,https://basicresearch.defense.gov/Portals/61/Documents/Academic%20Research%20Security%20Page/FY24%20Section%201286%20List%20for%20public%20release_V2.pdf?ver=KqtK4tL1wLDoUwe2yxWHSw%3D%3D
Company,University of Electronic Science and Technology of China,,debarment,Section 1286 of the John S. McCain National Defense Authorization Act for Fiscal Year 2019 (Public Law 115 - 232),United States Congress,,2024,,,,,https://basicresearch.defense.gov/Portals/61/Documents/Academic%20Research%20Security%20Page/FY24%20Section%201286%20List%20for%20public%20release_V2.pdf?ver=KqtK4tL1wLDoUwe2yxWHSw%3D%3D
Company,University of Science and Technology of China,,debarment,Section 1286 of the John S. McCain National Defense Authorization Act for Fiscal Year 2019 (Public Law 115 - 232),United States Congress,,2024,,,,,https://basicresearch.defense.gov/Portals/61/Documents/Academic%20Research%20Security%20Page/FY24%20Section%201286%20List%20for%20public%20release_V2.pdf?ver=KqtK4tL1wLDoUwe2yxWHSw%3D%3D
Company,Ural Federal University Named After First President of Russia B.N. Yeltsin,UrFu,debarment,Section 1286 of the John S. McCain National Defense Authorization Act for Fiscal Year 2019 (Public Law 115 - 232),United States Congress,,2024,,,,,https://basicresearch.defense.gov/Portals/61/Documents/Academic%20Research%20Security%20Page/FY24%20Section%201286%20List%20for%20public%20release_V2.pdf?ver=KqtK4tL1wLDoUwe2yxWHSw%3D%3D
Company,Xi’an Jiatong University,,debarment,Section 1286 of the John S. McCain National Defense Authorization Act for Fiscal Year 2019 (Public Law 115 - 232),United States Congress,,2024,,,,,https://basicresearch.defense.gov/Portals/61/Documents/Academic%20Research%20Security%20Page/FY24%20Section%201286%20List%20for%20public%20release_V2.pdf?ver=KqtK4tL1wLDoUwe2yxWHSw%3D%3D
Company,Xi’an Technological University,,debarment,Section 1286 of the John S. McCain National Defense Authorization Act for Fiscal Year 2019 (Public Law 115 - 232),United States Congress,,2024,,,,,https://basicresearch.defense.gov/Portals/61/Documents/Academic%20Research%20Security%20Page/FY24%20Section%201286%20List%20for%20public%20release_V2.pdf?ver=KqtK4tL1wLDoUwe2yxWHSw%3D%3D
Company,ATR Defense S&T Key Laboratory of Intelligent Information Processing at Shenzhen University,,debarment,Section 1286 of the John S. McCain National Defense Authorization Act for Fiscal Year 2019 (Public Law 115 - 232),United States Congress,,2025,,,China,,https://www.cto.mil/wp-content/uploads/2026/07/FY25-Section-1286-List.pdf
Company,Academy of Military Medical Sciences,,debarment,Section 1286 of the John S. McCain National Defense Authorization Act for Fiscal Year 2019 (Public Law 115 - 232),United States Congress,,2025,,,China,,https://www.cto.mil/wp-content/uploads/2026/07/FY25-Section-1286-List.pdf
Company,"Academy of Military Medical Sciences, Field Blood Transfusion Institution",,debarment,Section 1286 of the John S. McCain National Defense Authorization Act for Fiscal Year 2019 (Public Law 115 - 232),United States Congress,,2025,,,China,,https://www.cto.mil/wp-content/uploads/2026/07/FY25-Section-1286-List.pdf
Company,"Academy of Military Medical Sciences, Institute of Basic Medicine",,debarment,Section 1286 of the John S. McCain National Defense Authorization Act for Fiscal Year 2019 (Public Law 115 - 232),United States Congress,,2025,,,China,,https://www.cto.mil/wp-content/uploads/2026/07/FY25-Section-1286-List.pdf
Company,"Academy of Military Medical Sciences, Institute of Bioengineering",,debarment,Section 1286 of the John S. McCain National Defense Authorization Act for Fiscal Year 2019 (Public Law 115 - 232),United States Congress,,2025,,,China,,https://www.cto.mil/wp-content/uploads/2026/07/FY25-Section-1286-List.pdf
Company,"Academy of Military Medical Sciences, Institute of Disease Control and Prevention",,debarment,Section 1286 of the John S. McCain National Defense Authorization Act for Fiscal Year 2019 (Public Law 115 - 232),United States Congress,,2025,,,China,,https://www.cto.mil/wp-content/uploads/2026/07/FY25-Section-1286-List.pdf
Company,"Academy of Military Medical Sciences, Institute of Health Service and Medical Information",,debarment,Section 1286 of the John S. McCain National Defense Authorization Act for Fiscal Year 2019 (Public Law 115 - 232),United States Congress,,2025,,,China,,https://www.cto.mil/wp-content/uploads/2026/07/FY25-Section-1286-List.pdf
Company,"Academy of Military Medical Sciences, Institute of Hygiene and Environmental Medicine",,debarment,Section 1286 of the John S. McCain National Defense Authorization Act for Fiscal Year 2019 (Public Law 115 - 232),United States Congress,,2025,,,China,,https://www.cto.mil/wp-content/uploads/2026/07/FY25-Section-1286-List.pdf
Company,"Academy of Military Medical Sciences, Institute of Medical Equipment",,debarment,Section 1286 of the John S. McCain National Defense Authorization Act for Fiscal Year 2019 (Public Law 115 - 232),United States Congress,,2025,,,China,,https://www.cto.mil/wp-content/uploads/2026/07/FY25-Section-1286-List.pdf
Company,"Academy of Military Medical Sciences, Institute of Microbiology and Epidemiology",Institute of Microbial Epidemiology,debarment,Section 1286 of the John S. McCain National Defense Authorization Act for Fiscal Year 2019 (Public Law 115 - 232),United States Congress,,2025,,,China,,https://www.cto.mil/wp-content/uploads/2026/07/FY25-Section-1286-List.pdf
Company,"Academy of Military Medical Sciences, Institute of Radiation and Radiation Medicine","Institute of Electromagnetic and Particle Radiation Medicine; Academy of Military Medical Sciences, Institute of Radiation and Radiation",debarment,Section 1286 of the John S. McCain National Defense Authorization Act for Fiscal Year 2019 (Public Law 115 - 232),United States Congress,,2025,,,China,,https://www.cto.mil/wp-content/uploads/2026/07/FY25-Section-1286-List.pdf
Company,"Academy of Military Medical Sciences, Institute of Toxicology and Pharmacology",Institute of Toxicology and Drugs,debarment,Section 1286 of the John S. McCain National Defense Authorization Act for Fiscal Year 2019 (Public Law 115 - 232),United States Congress,,2025,,,China,,https://www.cto.mil/wp-content/uploads/2026/07/FY25-Section-1286-List.pdf
Company,"Academy of Military Medical Sciences, Military Veterinary Research Institute",,debarment,Section 1286 of the John S. McCain National Defense Authorization Act for Fiscal Year 2019 (Public Law 115 - 232),United States Congress,,2025,,,China,,https://www.cto.mil/wp-content/uploads/2026/07/FY25-Section-1286-List.pdf
Company,Air Force Aviation Institute,,debarment,Section 1286 of the John S. McCain National Defense Authorization Act for Fiscal Year 2019 (Public Law 115 - 232),United States Congress,,2025,,,China,,https://www.cto.mil/wp-content/uploads/2026/07/FY25-Section-1286-List.pdf
Company,Air Force Command College,,debarment,Section 1286 of the John S. McCain National Defense Authorization Act for Fiscal Year 2019 (Public Law 115 - 232),United States Congress,,2025,,,China,,https://www.cto.mil/wp-content/uploads/2026/07/FY25-Section-1286-List.pdf
Company,Air Force Communication NCO Academy,,debarment,Section 1286 of the John S. McCain National Defense Authorization Act for Fiscal Year 2019 (Public Law 115 - 232),United States Congress,,2025,,,China,,https://www.cto.mil/wp-content/uploads/2026/07/FY25-Section-1286-List.pdf
Company,Air Force Early Warning Academy,,debarment,Section 1286 of the John S. McCain National Defense Authorization Act for Fiscal Year 2019 (Public Law 115 - 232),United States Congress,,2025,,,China,,https://www.cto.mil/wp-content/uploads/2026/07/FY25-Section-1286-List.pdf
Company,Air Force Engineering University,,debarment,Section 1286 of the John S. McCain National Defense Authorization Act for Fiscal Year 2019 (Public Law 115 - 232),United States Congress,,2025,,,China,,https://www.cto.mil/wp-content/uploads/2026/07/FY25-Section-1286-List.pdf
Company,Air Force Harbin Flight Academy,,debarment,Section 1286 of the John S. McCain National Defense Authorization Act for Fiscal Year 2019 (Public Law 115 - 232),United States Congress,,2025,,,China,,https://www.cto.mil/wp-content/uploads/2026/07/FY25-Section-1286-List.pdf
Company,Air Force Logistics Academy,Air Force Logistics College,debarment,Section 1286 of the John S. McCain National Defense Authorization Act for Fiscal Year 2019 (Public Law 115 - 232),United States Congress,,2025,,,China,,https://www.cto.mil/wp-content/uploads/2026/07/FY25-Section-1286-List.pdf
Company,Air Force Medical University,,debarment,Section 1286 of the John S. McCain National Defense Authorization Act for Fiscal Year 2019 (Public Law 115 - 232),United States Congress,,2025,,,China,,https://www.cto.mil/wp-content/uploads/2026/07/FY25-Section-1286-List.pdf
Company,Air Force Shinjianzhuang Flight Academy,Air Force Shijiazhuang Flight Academy; Air Force Shijianzhuang Flight Academy,debarment,Section 1286 of the John S. McCain National Defense Authorization Act for Fiscal Year 2019 (Public Law 115 - 232),United States Congress,,2025,,,China,,https://www.cto.mil/wp-content/uploads/2026/07/FY25-Section-1286-List.pdf
Company,Air Force Xi’an Flight Academy,,debarment,Section 1286 of the John S. McCain National Defense Authorization Act for Fiscal Year 2019 (Public Law 115 - 232),United States Congress,,2025,,,China,,https://www.cto.mil/wp-content/uploads/2026/07/FY25-Section-1286-List.pdf
Company,Amirkabir University of Technology,,debarment,Section 1286 of the John S. McCain National Defense Authorization Act for Fiscal Year 2019 (Public Law 115 - 232),United States Congress,,2025,,,Iran,,https://www.cto.mil/wp-content/uploads/2026/07/FY25-Section-1286-List.pdf
Company,Army Academy of Armored Forces,,debarment,Section 1286 of the John S. McCain National Defense Authorization Act for Fiscal Year 2019 (Public Law 115 - 232),United States Congress,,2025,,,China,,https://www.cto.mil/wp-content/uploads/2026/07/FY25-Section-1286-List.pdf
Company,Army Academy of Artillery and Air Defense,,debarment,Section 1286 of the John S. McCain National Defense Authorization Act for Fiscal Year 2019 (Public Law 115 - 232),United States Congress,,2025,,,China,,https://www.cto.mil/wp-content/uploads/2026/07/FY25-Section-1286-List.pdf
Company,Army Academy of Border and Coastal Defense,,debarment,Section 1286 of the John S. McCain National Defense Authorization Act for Fiscal Year 2019 (Public Law 115 - 232),United States Congress,,2025,,,China,,https://www.cto.mil/wp-content/uploads/2026/07/FY25-Section-1286-List.pdf
Company,Army Aviation Academy,,debarment,Section 1286 of the John S. McCain National Defense Authorization Act for Fiscal Year 2019 (Public Law 115 - 232),United States Congress,,2025,,,China,,https://www.cto.mil/wp-content/uploads/2026/07/FY25-Section-1286-List.pdf
Company,Army Engineering University,,debarment,Section 1286 of the John S. McCain National Defense Authorization Act for Fiscal Year 2019 (Public Law 115 - 232),United States Congress,,2025,,,China,,https://www.cto.mil/wp-content/uploads/2026/07/FY25-Section-1286-List.pdf
Company,Army Infantry College,,debarment,Section 1286 of the John S. McCain National Defense Authorization Act for Fiscal Year 2019 (Public Law 115 - 232),United States Congress,,2025,,,China,,https://www.cto.mil/wp-content/uploads/2026/07/FY25-Section-1286-List.pdf
Company,Army Institute of NBC Defense,Army Institute of NBC Defence,debarment,Section 1286 of the John S. McCain National Defense Authorization Act for Fiscal Year 2019 (Public Law 115 - 232),United States Congress,,2025,,,China,,https://www.cto.mil/wp-content/uploads/2026/07/FY25-Section-1286-List.pdf
Company,Army Logistics Academy,Army Logistic University,debarment,Section 1286 of the John S. McCain National Defense Authorization Act for Fiscal Year 2019 (Public Law 115 - 232),United States Congress,,2025,,,China,,https://www.cto.mil/wp-content/uploads/2026/07/FY25-Section-1286-List.pdf
Company,Army Medical University,,debarment,Section 1286 of the John S. McCain National Defense Authorization Act for Fiscal Year 2019 (Public Law 115 - 232),United States Congress,,2025,,,China,,https://www.cto.mil/wp-content/uploads/2026/07/FY25-Section-1286-List.pdf
Company,Army Military Transportation University,,debarment,Section 1286 of the John S. McCain National Defense Authorization Act for Fiscal Year 2019 (Public Law 115 - 232),United States Congress,,2025,,,China,,https://www.cto.mil/wp-content/uploads/2026/07/FY25-Section-1286-List.pdf
Company,Army Service Arms University,Army University; Army Combat Arms University; Army Branches University,debarment,Section 1286 of the John S. McCain National Defense Authorization Act for Fiscal Year 2019 (Public Law 115 - 232),United States Congress,,2025,,,China,,https://www.cto.mil/wp-content/uploads/2026/07/FY25-Section-1286-List.pdf
Company,Army Special Operations Academy,,debarment,Section 1286 of the John S. McCain National Defense Authorization Act for Fiscal Year 2019 (Public Law 115 - 232),United States Congress,,2025,,,China,,https://www.cto.mil/wp-content/uploads/2026/07/FY25-Section-1286-List.pdf
Company,Astrakhan State University,,debarment,Section 1286 of the John S. McCain National Defense Authorization Act for Fiscal Year 2019 (Public Law 115 - 232),United States Congress,,2025,,,Russia,,https://www.cto.mil/wp-content/uploads/2026/07/FY25-Section-1286-List.pdf
Company,Baqiyatallah University of Medical Sciences,Baghyatollah Medical Sciences University,debarment,Section 1286 of the John S. McCain National Defense Authorization Act for Fiscal Year 2019 (Public Law 115 - 232),United States Congress,,2025,,,Iran,,https://www.cto.mil/wp-content/uploads/2026/07/FY25-Section-1286-List.pdf
Company,Bauman Moscow State Technical University,,debarment,Section 1286 of the John S. McCain National Defense Authorization Act for Fiscal Year 2019 (Public Law 115 - 232),United States Congress,,2025,,,Russia,,https://www.cto.mil/wp-content/uploads/2026/07/FY25-Section-1286-List.pdf
Company,Beihang University,Beijing University of Aeronautics and Astronautics,debarment,Section 1286 of the John S. McCain National Defense Authorization Act for Fiscal Year 2019 (Public Law 115 - 232),United States Congress,,2025,,,China,,https://www.cto.mil/wp-content/uploads/2026/07/FY25-Section-1286-List.pdf
Company,Beijing Academy of Quantum Information Sciences,,debarment,Section 1286 of the John S. McCain National Defense Authorization Act for Fiscal Year 2019 (Public Law 115 - 232),United States Congress,,2025,,,China,,https://www.cto.mil/wp-content/uploads/2026/07/FY25-Section-1286-List.pdf
Company,Beijing Aeronautical Manufacturing Technology Research Institute,Aviation Industry Corporation of China's (AVIC) Institute 625; AVIC Beijing Aeronautical Manufacturing Technology Research Institute,debarment,Section 1286 of the John S. McCain National Defense Authorization Act for Fiscal Year 2019 (Public Law 115 - 232),United States Congress,,2025,,,China,,https://www.cto.mil/wp-content/uploads/2026/07/FY25-Section-1286-List.pdf
Company,Beijing Computational Science Research Center,Beijing Computing Science Research Center,debarment,Section 1286 of the John S. McCain National Defense Authorization Act for Fiscal Year 2019 (Public Law 115 - 232),United States Congress,,2025,,,China,,https://www.cto.mil/wp-content/uploads/2026/07/FY25-Section-1286-List.pdf
Company,Beijing Institute of Technology,,debarment,Section 1286 of the John S. McCain National Defense Authorization Act for Fiscal Year 2019 (Public Law 115 - 232),United States Congress,,2025,,,China,,https://www.cto.mil/wp-content/uploads/2026/07/FY25-Section-1286-List.pdf
Company,Beijing University of Posts and Telecommunications,,debarment,Section 1286 of the John S. McCain National Defense Authorization Act for Fiscal Year 2019 (Public Law 115 - 232),United States Congress,,2025,,,China,,https://www.cto.mil/wp-content/uploads/2026/07/FY25-Section-1286-List.pdf
Company,Center for High Pressure Science and Technology Advanced Research,Beijing High Voltage Research Center,debarment,Section 1286 of the John S. McCain National Defense Authorization Act for Fiscal Year 2019 (Public Law 115 - 232),United States Congress,,2025,,,China,,https://www.cto.mil/wp-content/uploads/2026/07/FY25-Section-1286-List.pdf
Company,Center for International Security and Strategy of Tsinghua University,CISS Tsinghua; Center for International Security and Strategy,debarment,Section 1286 of the John S. McCain National Defense Authorization Act for Fiscal Year 2019 (Public Law 115 - 232),United States Congress,,2025,,,China,,https://www.cto.mil/wp-content/uploads/2026/07/FY25-Section-1286-List.pdf
Company,Changchung University of Science and Technology,Changchun Institute of Optics and Fine Mechanics; Changchun University of Science and Technology,debarment,Section 1286 of the John S. McCain National Defense Authorization Act for Fiscal Year 2019 (Public Law 115 - 232),United States Congress,,2025,,,China,,https://www.cto.mil/wp-content/uploads/2026/07/FY25-Section-1286-List.pdf
Company,Changjiang Scholar Distinguished Professorship,,debarment,Section 1286 of the John S. McCain National Defense Authorization Act for Fiscal Year 2019 (Public Law 115 - 232),United States Congress,,2025,,,,,https://www.cto.mil/wp-content/uploads/2026/07/FY25-Section-1286-List.pdf
Company,China Academy of Engineering Physics,"Ninth Academy; Ninth Institute; Southwest Computing Center; Southwest Institute of Applied Electronics; Southwest Institute of Chemical Materials; Southwest Institute of Electronic Engineering; Southwest Institute of Environmental Testing; Southwest Institute of Explosives and Chemical Engineering; Southwest Institute of Fluid Physics; Southwest Institute General Designing and Assembly; Southwest Institute of Machining Technology; Southwest Institute of Materials; Southwest Institute of Nuclear Physics and Chemistry; Southwest Institute of Research and Applications of Special Materials Factory; Southwest Institute of Structural Materials; High Power Laser Laboratory, Shanghai; Institute of Applied Physics and Computational Mathematics, Beijing; Chinese Academy of Engineering Physics",debarment,Section 1286 of the John S. McCain National Defense Authorization Act for Fiscal Year 2019 (Public Law 115 - 232),United States Congress,,2025,,,China,and affiliates,https://www.cto.mil/wp-content/uploads/2026/07/FY25-Section-1286-List.pdf
Company,China Coast Guard Academy,People’s Armed Police China Coast Guard Academy,debarment,Section 1286 of the John S. McCain National Defense Authorization Act for Fiscal Year 2019 (Public Law 115 - 232),United States Congress,,2025,,,China,,https://www.cto.mil/wp-content/uploads/2026/07/FY25-Section-1286-List.pdf
Company,Chinese Academy of Sciences (CAS) – Institute of Computing Technology (ICT),Institute of Computing Technology Chinese Academy of Sciences; Institute of Computing Technology; CAS ICT; ICT CAS,debarment,Section 1286 of the John S. McCain National Defense Authorization Act for Fiscal Year 2019 (Public Law 115 - 232),United States Congress,,2025,,,China,,https://www.cto.mil/wp-content/uploads/2026/07/FY25-Section-1286-List.pdf
Company,Chinese Academy of Sciences – Aerospace Information Research Institute,,debarment,Section 1286 of the John S. McCain National Defense Authorization Act for Fiscal Year 2019 (Public Law 115 - 232),United States Congress,,2025,,,China,,https://www.cto.mil/wp-content/uploads/2026/07/FY25-Section-1286-List.pdf
Company,Chinese Academy of Sciences – Center for Excellence in Quantum Information and Quantum Physics,,debarment,Section 1286 of the John S. McCain National Defense Authorization Act for Fiscal Year 2019 (Public Law 115 - 232),United States Congress,,2025,,,China,,https://www.cto.mil/wp-content/uploads/2026/07/FY25-Section-1286-List.pdf
Company,Chinese Academy of Sciences – Institute of Microelectronics,,debarment,Section 1286 of the John S. McCain National Defense Authorization Act for Fiscal Year 2019 (Public Law 115 - 232),United States Congress,,2025,,,China,,https://www.cto.mil/wp-content/uploads/2026/07/FY25-Section-1286-List.pdf
Company,Chinese Academy of Sciences – Institute of Physics,,debarment,Section 1286 of the John S. McCain National Defense Authorization Act for Fiscal Year 2019 (Public Law 115 - 232),United States Congress,,2025,,,China,,https://www.cto.mil/wp-content/uploads/2026/07/FY25-Section-1286-List.pdf
Company,Chinese Academy of Sciences – Key Laboratory for Quantum Information,,debarment,Section 1286 of the John S. McCain National Defense Authorization Act for Fiscal Year 2019 (Public Law 115 - 232),United States Congress,,2025,,,China,,https://www.cto.mil/wp-content/uploads/2026/07/FY25-Section-1286-List.pdf
Company,Chinese Academy of Sciences – National Time Service Center,,debarment,Section 1286 of the John S. McCain National Defense Authorization Act for Fiscal Year 2019 (Public Law 115 - 232),United States Congress,,2025,,,China,,https://www.cto.mil/wp-content/uploads/2026/07/FY25-Section-1286-List.pdf
Company,Chinese Academy of Sciences – Shanghai Institute of Microsystem and Information Technology,,debarment,Section 1286 of the John S. McCain National Defense Authorization Act for Fiscal Year 2019 (Public Law 115 - 232),United States Congress,,2025,,,China,,https://www.cto.mil/wp-content/uploads/2026/07/FY25-Section-1286-List.pdf
Company,Chinese Academy of Sciences – Shenyang Institute of Automation,,debarment,Section 1286 of the John S. McCain National Defense Authorization Act for Fiscal Year 2019 (Public Law 115 - 232),United States Congress,,2025,,,China,,https://www.cto.mil/wp-content/uploads/2026/07/FY25-Section-1286-List.pdf
Company,Chinese Academy of Sciences – Technology and Engineering Center for Space Utilization,,debarment,Section 1286 of the John S. McCain National Defense Authorization Act for Fiscal Year 2019 (Public Law 115 - 232),United States Congress,,2025,,,China,,https://www.cto.mil/wp-content/uploads/2026/07/FY25-Section-1286-List.pdf
Company,Chongqing University,,debarment,Section 1286 of the John S. McCain National Defense Authorization Act for Fiscal Year 2019 (Public Law 115 - 232),United States Congress,,2025,,,China,,https://www.cto.mil/wp-content/uploads/2026/07/FY25-Section-1286-List.pdf
Company,Chongqing University of Technology,,debarment,Section 1286 of the John S. McCain National Defense Authorization Act for Fiscal Year 2019 (Public Law 115 - 232),United States Congress,,2025,,,China,,https://www.cto.mil/wp-content/uploads/2026/07/FY25-Section-1286-List.pdf
Company,Dalian Naval Academy,,debarment,Section 1286 of the John S. McCain National Defense Authorization Act for Fiscal Year 2019 (Public Law 115 - 232),United States Congress,,2025,,,China,,https://www.cto.mil/wp-content/uploads/2026/07/FY25-Section-1286-List.pdf
Company,Dalian University of Technology,,debarment,Section 1286 of the John S. McCain National Defense Authorization Act for Fiscal Year 2019 (Public Law 115 - 232),United States Congress,,2025,,,China,,https://www.cto.mil/wp-content/uploads/2026/07/FY25-Section-1286-List.pdf
Company,Defense S&T Key Laboratory of Antennas and Microwave Technology at Xidian University,Antenna Institute; Key Laboratory of Antenna and Microwave Technology; National Key Laboratory of Antenna and Microwave Technology; Antennas and Microwave Technology Key Laboratory of National Defense; Defense S&T Key Laboratory of Antennas and Microwave Technology; Science and Technology on Antenna and Microwave Laboratory; State Key Laboratory of Antennas and Microwave Technology; National Laboratory of Antennas and Microwave Technology,debarment,Section 1286 of the John S. McCain National Defense Authorization Act for Fiscal Year 2019 (Public Law 115 - 232),United States Congress,,2025,,,China,,https://www.cto.mil/wp-content/uploads/2026/07/FY25-Section-1286-List.pdf
Company,Defense S&T Key Laboratory of Electronic Measurement Technology at North University of China,"National Key Laboratory for Electronic Measurement Technology; Key Laboratory for Electronic Measurement Technology; National Defense Key Laboratory for Electronic Measurement Technology; China Electronics Technology Instruments Co., Ltd (CETI) Key Laboratory for Electronic Measurement Technology; CETC 41st RI Key Laboratory for Electronic Measurement Technology; North University of China Key Laboratory for Electronic Measurement Technology; North University of China School of Instrument and Electronics Key Laboratory for Electronic Measurement Technology; Key Laboratory of Signal Detection",debarment,Section 1286 of the John S. McCain National Defense Authorization Act for Fiscal Year 2019 (Public Law 115 - 232),United States Congress,,2025,,,China,,https://www.cto.mil/wp-content/uploads/2026/07/FY25-Section-1286-List.pdf
Company,Defense S&T Key Laboratory of High-Power Semiconductor Lasers at Changchun University of Science and Technology,State Key Laboratory of High Power Semiconductor Laser of Changchun University of Science and Technology; State Key Laboratory on High-Power Semiconductor Lasers; National Key Laboratory on High Power Semiconductor Laser,debarment,Section 1286 of the John S. McCain National Defense Authorization Act for Fiscal Year 2019 (Public Law 115 - 232),United States Congress,,2025,,,China,,https://www.cto.mil/wp-content/uploads/2026/07/FY25-Section-1286-List.pdf
Company,Defense S&T Key Laboratory of Information Systems Engineering,Key Laboratory of Information Systems Engineering,debarment,Section 1286 of the John S. McCain National Defense Authorization Act for Fiscal Year 2019 (Public Law 115 - 232),United States Congress,,2025,,,China,,https://www.cto.mil/wp-content/uploads/2026/07/FY25-Section-1286-List.pdf
Company,"Defense S&T Key Laboratory of Lightweight, High-strength Structural Materials at Central South University",National Key Laboratory for High-strength Structural Materials; National Key Laboratory of Science and Technology for National Defence on High-strength Structural Materials; National Key Laboratory of Science and Technology for National Defence on High-strength Lightweight Structural Materials,debarment,Section 1286 of the John S. McCain National Defense Authorization Act for Fiscal Year 2019 (Public Law 115 - 232),United States Congress,,2025,,,China,,https://www.cto.mil/wp-content/uploads/2026/07/FY25-Section-1286-List.pdf
Company,Defense S&T Key Laboratory of Multi-spectral Information Processing Technology at Huazhong University of S&T,National Key Laboratory of Science and Technology on Multi-spectral Information Processing; National Key Laboratory of Multi-spectral Information Processing Technology,debarment,Section 1286 of the John S. McCain National Defense Authorization Act for Fiscal Year 2019 (Public Law 115 - 232),United States Congress,,2025,,,China,,https://www.cto.mil/wp-content/uploads/2026/07/FY25-Section-1286-List.pdf
Company,Defense S&T Key Laboratory of Radar Signal Processing at Xidian University,National Key Laboratory of Radar Signal Processing; Xidian Electronic Research Institute; Key Lab for Radar Signal Processing; State Lab of Radar Signal Processing,debarment,Section 1286 of the John S. McCain National Defense Authorization Act for Fiscal Year 2019 (Public Law 115 - 232),United States Congress,,2025,,,China,,https://www.cto.mil/wp-content/uploads/2026/07/FY25-Section-1286-List.pdf
Company,Federal Research Center Boreskov Institute of Catalysis,,debarment,Section 1286 of the John S. McCain National Defense Authorization Act for Fiscal Year 2019 (Public Law 115 - 232),United States Congress,,2025,,,Russia,,https://www.cto.mil/wp-content/uploads/2026/07/FY25-Section-1286-List.pdf
Company,Federal State Budgetary Educational Institution of Higher Education,Russian Technological University; MIREA-Russian Technological University; RTU-MIREA,debarment,Section 1286 of the John S. McCain National Defense Authorization Act for Fiscal Year 2019 (Public Law 115 - 232),United States Congress,,2025,,,Russia,,https://www.cto.mil/wp-content/uploads/2026/07/FY25-Section-1286-List.pdf
Company,"Federal State Budgetary Institute A.V. Zhirmunskiy National Scientific Research Center of Marine Biology, Far East Branch, Russian Academy of Sciences",,debarment,Section 1286 of the John S. McCain National Defense Authorization Act for Fiscal Year 2019 (Public Law 115 - 232),United States Congress,,2025,,,Russia,,https://www.cto.mil/wp-content/uploads/2026/07/FY25-Section-1286-List.pdf
Company,"Federal State Budgetary Institution of Science Federal Research Center Pushchino Scientific Center for Biology, Russian Academy of Sciences",,debarment,Section 1286 of the John S. McCain National Defense Authorization Act for Fiscal Year 2019 (Public Law 115 - 232),United States Congress,,2025,,,Russia,,https://www.cto.mil/wp-content/uploads/2026/07/FY25-Section-1286-List.pdf
Company,"Federal State Budgetary Institution of Science Institute of Bioorganic Chemistry named after Academicians M.M. Shemyakin and Yu.A. Ovchinnikov, Russian Academy of Sciences",,debarment,Section 1286 of the John S. McCain National Defense Authorization Act for Fiscal Year 2019 (Public Law 115 - 232),United States Congress,,2025,,,Russia,,https://www.cto.mil/wp-content/uploads/2026/07/FY25-Section-1286-List.pdf
Company,"Federal State Budgetary Institution of Science Institute of Molecular and Cell Biology, Siberian Branch of the Russian Academy of Sciences",,debarment,Section 1286 of the John S. McCain National Defense Authorization Act for Fiscal Year 2019 (Public Law 115 - 232),United States Congress,,2025,,,Russia,,https://www.cto.mil/wp-content/uploads/2026/07/FY25-Section-1286-List.pdf
Company,Federal State Budgetary Institution of Science P.I.K.A. Valiev RAS of the Ministry of Science and Higher Education of Russia,,debarment,Section 1286 of the John S. McCain National Defense Authorization Act for Fiscal Year 2019 (Public Law 115 - 232),United States Congress,,2025,,,Russia,,https://www.cto.mil/wp-content/uploads/2026/07/FY25-Section-1286-List.pdf
Company,Federal State Budgetary Scientific Institution Research and Production Complex Technology Center,SMC Technological Centre; Scientific Manufacturing Complex Technological Center; NPK Technological Center,debarment,Section 1286 of the John S. McCain National Defense Authorization Act for Fiscal Year 2019 (Public Law 115 - 232),United States Congress,,2025,,,Russia,,https://www.cto.mil/wp-content/uploads/2026/07/FY25-Section-1286-List.pdf
Company,Federal State Institution Federal Scientific Center Scientific Research Institute for System Analysis of the Russian Academy of Sciences,"Federalnoe Gosudarstvennoe Uchrezhdenie Federalnyy Nauchnyy Tsentr NauchnoIssledovatelskiy Institut Sistemnykh Issledovaniy Rossiyskoy Akademii Nauk; FGU FNTS NIISI RAN; FSI FSC SRISA RAS; Scientific Research Institute of System Analysis, Russian Academy of Sciences",debarment,Section 1286 of the John S. McCain National Defense Authorization Act for Fiscal Year 2019 (Public Law 115 - 232),United States Congress,,2025,,,Russia,,https://www.cto.mil/wp-content/uploads/2026/07/FY25-Section-1286-List.pdf
Company,"Federal State Unitary Enterprise All-Russian Research Institute of Physical, Technical and Radio Engineering Measurements",FGUP VNIIFTRI,debarment,Section 1286 of the John S. McCain National Defense Authorization Act for Fiscal Year 2019 (Public Law 115 - 232),United States Congress,,2025,,,Russia,,https://www.cto.mil/wp-content/uploads/2026/07/FY25-Section-1286-List.pdf
Company,Federal State Unitary Enterprise Central Scientific Research Institute of Chemistry and Mechanics,"CNIIHM; Federalnoe Gosudarstvennoe Unitarnoe Predpriyatie Tsentralny NauchnoIssledovatelski Institut Khimii I Mekhaniki; FGUP CNIIXM; FGUP TSNIIKHM; FSUE CNIIHM; FSUE TSNIIKHM; GNTS RF FGUP TSNIIKHM; State Research Center of the Russian Federation FGUP Central Scientific Research Institute of Chemistry and Mechanics; Tsentralny Naucho-Issledovatelsky Institut Khimii I Mekhaniki, FGUP; TSNIIKHM",debarment,Section 1286 of the John S. McCain National Defense Authorization Act for Fiscal Year 2019 (Public Law 115 - 232),United States Congress,,2025,,,Russia,,https://www.cto.mil/wp-content/uploads/2026/07/FY25-Section-1286-List.pdf
Company,Fudan University,,debarment,Section 1286 of the John S. McCain National Defense Authorization Act for Fiscal Year 2019 (Public Law 115 - 232),United States Congress,,2025,,,China,,https://www.cto.mil/wp-content/uploads/2026/07/FY25-Section-1286-List.pdf
Company,Ground Force Command College,Army Command College,debarment,Section 1286 of the John S. McCain National Defense Authorization Act for Fiscal Year 2019 (Public Law 115 - 232),United States Congress,,2025,,,China,,https://www.cto.mil/wp-content/uploads/2026/07/FY25-Section-1286-List.pdf
Company,Guilin University of Electronic Technology,,debarment,Section 1286 of the John S. McCain National Defense Authorization Act for Fiscal Year 2019 (Public Law 115 - 232),United States Congress,,2025,,,China,,https://www.cto.mil/wp-content/uploads/2026/07/FY25-Section-1286-List.pdf
Company,Hangzhao Dianzi University,Hangzhou Electronic Science and Technology University; Hangzhou Dianzi University,debarment,Section 1286 of the John S. McCain National Defense Authorization Act for Fiscal Year 2019 (Public Law 115 - 232),United States Congress,,2025,,,China,,https://www.cto.mil/wp-content/uploads/2026/07/FY25-Section-1286-List.pdf
Company,Harbin Engineering University,,debarment,Section 1286 of the John S. McCain National Defense Authorization Act for Fiscal Year 2019 (Public Law 115 - 232),United States Congress,,2025,,,China,,https://www.cto.mil/wp-content/uploads/2026/07/FY25-Section-1286-List.pdf
Company,Harbin Institute of Technology,,debarment,Section 1286 of the John S. McCain National Defense Authorization Act for Fiscal Year 2019 (Public Law 115 - 232),United States Congress,,2025,,,China,,https://www.cto.mil/wp-content/uploads/2026/07/FY25-Section-1286-List.pdf
Company,Hefei National Laboratory for Physical Sciences at the Microscale,,debarment,Section 1286 of the John S. McCain National Defense Authorization Act for Fiscal Year 2019 (Public Law 115 - 232),United States Congress,,2025,,,China,,https://www.cto.mil/wp-content/uploads/2026/07/FY25-Section-1286-List.pdf
Company,Hundred Talents Plan,,debarment,Section 1286 of the John S. McCain National Defense Authorization Act for Fiscal Year 2019 (Public Law 115 - 232),United States Congress,,2025,,,,,https://www.cto.mil/wp-content/uploads/2026/07/FY25-Section-1286-List.pdf
Company,Imam Baqir University,,debarment,Section 1286 of the John S. McCain National Defense Authorization Act for Fiscal Year 2019 (Public Law 115 - 232),United States Congress,,2025,,,Iran,,https://www.cto.mil/wp-content/uploads/2026/07/FY25-Section-1286-List.pdf
Company,Imam Hussein University,Imam Hossein University; Imam Hossein Comprehensive University; Imam Hussein Military University; Imam Hussein University of the Revolutionary Guards,debarment,Section 1286 of the John S. McCain National Defense Authorization Act for Fiscal Year 2019 (Public Law 115 - 232),United States Congress,,2025,,,Iran,,https://www.cto.mil/wp-content/uploads/2026/07/FY25-Section-1286-List.pdf
Company,Institute of Radio-Engineering and Electronics,,debarment,Section 1286 of the John S. McCain National Defense Authorization Act for Fiscal Year 2019 (Public Law 115 - 232),United States Congress,,2025,,,Russia,,https://www.cto.mil/wp-content/uploads/2026/07/FY25-Section-1286-List.pdf
Company,Institute of Solid State Physics of the Russian Academy of Sciences,Institute of Solid State Physics; Osipyan Institute of Solid State Physics; Institute of Solid-State Physics of the Russian Academy of Sciences,debarment,Section 1286 of the John S. McCain National Defense Authorization Act for Fiscal Year 2019 (Public Law 115 - 232),United States Congress,,2025,,,Russia,,https://www.cto.mil/wp-content/uploads/2026/07/FY25-Section-1286-List.pdf
Company,Joint Logistics Support Force Engineering University,,debarment,Section 1286 of the John S. McCain National Defense Authorization Act for Fiscal Year 2019 (Public Law 115 - 232),United States Congress,,2025,,,China,,https://www.cto.mil/wp-content/uploads/2026/07/FY25-Section-1286-List.pdf
Company,Kazan National Research Technical University named after A.N. Tupolev-KAI,Kazan National Technical Research University; Kazan Aviation Institute,debarment,Section 1286 of the John S. McCain National Defense Authorization Act for Fiscal Year 2019 (Public Law 115 - 232),United States Congress,,2025,,,Russia,,https://www.cto.mil/wp-content/uploads/2026/07/FY25-Section-1286-List.pdf
Company,Keldysh Institute of Applied Mathematics,"Institute of Applied Mathematics, M.V. Keldysha; Keldysh Institute of Applied Mathematics of the Russian Academy of Sciences",debarment,Section 1286 of the John S. McCain National Defense Authorization Act for Fiscal Year 2019 (Public Law 115 - 232),United States Congress,,2025,,,Russia,,https://www.cto.mil/wp-content/uploads/2026/07/FY25-Section-1286-List.pdf
Company,Kuznetsov Naval Academy,,debarment,Section 1286 of the John S. McCain National Defense Authorization Act for Fiscal Year 2019 (Public Law 115 - 232),United States Congress,,2025,,,Russia,,https://www.cto.mil/wp-content/uploads/2026/07/FY25-Section-1286-List.pdf
Company,Lobachevsky State University of Nizhny Novgorod,National Research State University of Nizhny Novgorod Named after N.I. Lobachevsky; Nizhny Novgorod National Research State University Named after N.I. Lobachevsky,debarment,Section 1286 of the John S. McCain National Defense Authorization Act for Fiscal Year 2019 (Public Law 115 - 232),United States Congress,,2025,,,Russia,,https://www.cto.mil/wp-content/uploads/2026/07/FY25-Section-1286-List.pdf
Company,Luoyang Institute of Science and Technology,Luoyang Institute of Technology,debarment,Section 1286 of the John S. McCain National Defense Authorization Act for Fiscal Year 2019 (Public Law 115 - 232),United States Congress,,2025,,,China,,https://www.cto.mil/wp-content/uploads/2026/07/FY25-Section-1286-List.pdf
Company,Malek Ashtar University,Malek Ashtar University of Technology; Malik Ashtar University of Technology; Malek Ashtar Technical University; Malek Ashtar Aviation University Complex; Malek Ashtar University of Defense Technology,debarment,Section 1286 of the John S. McCain National Defense Authorization Act for Fiscal Year 2019 (Public Law 115 - 232),United States Congress,,2025,,,Iran,,https://www.cto.mil/wp-content/uploads/2026/07/FY25-Section-1286-List.pdf
Company,Moscow Aviation Institute,,debarment,Section 1286 of the John S. McCain National Defense Authorization Act for Fiscal Year 2019 (Public Law 115 - 232),United States Congress,,2025,,,Russia,,https://www.cto.mil/wp-content/uploads/2026/07/FY25-Section-1286-List.pdf
Company,Moscow Institute of Physics and Technology,MFTI; Phys Tech,debarment,Section 1286 of the John S. McCain National Defense Authorization Act for Fiscal Year 2019 (Public Law 115 - 232),United States Congress,,2025,,,Russia,,https://www.cto.mil/wp-content/uploads/2026/07/FY25-Section-1286-List.pdf
Company,Moscow State University,M.V. Lomonosov Moscow State University; Lomonosov Moscow State University,debarment,Section 1286 of the John S. McCain National Defense Authorization Act for Fiscal Year 2019 (Public Law 115 - 232),United States Congress,,2025,,,Russia,,https://www.cto.mil/wp-content/uploads/2026/07/FY25-Section-1286-List.pdf
Company,Moscow’s Higher School of Economics,National Research University Higher School of Economics,debarment,Section 1286 of the John S. McCain National Defense Authorization Act for Fiscal Year 2019 (Public Law 115 - 232),United States Congress,,2025,,,Russia,,https://www.cto.mil/wp-content/uploads/2026/07/FY25-Section-1286-List.pdf
Company,Nanjing Institute of Astronomical Optics and Technology,,debarment,Section 1286 of the John S. McCain National Defense Authorization Act for Fiscal Year 2019 (Public Law 115 - 232),United States Congress,,2025,,,China,,https://www.cto.mil/wp-content/uploads/2026/07/FY25-Section-1286-List.pdf
Company,Nanjing University of Aeronautics and Astronautics,,debarment,Section 1286 of the John S. McCain National Defense Authorization Act for Fiscal Year 2019 (Public Law 115 - 232),United States Congress,,2025,,,China,,https://www.cto.mil/wp-content/uploads/2026/07/FY25-Section-1286-List.pdf
Company,Nanjing University of Science and Technology,,debarment,Section 1286 of the John S. McCain National Defense Authorization Act for Fiscal Year 2019 (Public Law 115 - 232),United States Congress,,2025,,,China,,https://www.cto.mil/wp-content/uploads/2026/07/FY25-Section-1286-List.pdf
Company,National Defense University,,debarment,Section 1286 of the John S. McCain National Defense Authorization Act for Fiscal Year 2019 (Public Law 115 - 232),United States Congress,,2025,,,China,,https://www.cto.mil/wp-content/uploads/2026/07/FY25-Section-1286-List.pdf
Company,National Research Centre “Kurchatov Institute”,Kurchatov Institute,debarment,Section 1286 of the John S. McCain National Defense Authorization Act for Fiscal Year 2019 (Public Law 115 - 232),United States Congress,,2025,,,Russia,,https://www.cto.mil/wp-content/uploads/2026/07/FY25-Section-1286-List.pdf
Company,National University of Defense Technology,Central South CAD Center; CSCC; Hunan Guofang Keji University,debarment,Section 1286 of the John S. McCain National Defense Authorization Act for Fiscal Year 2019 (Public Law 115 - 232),United States Congress,,2025,,,China,,https://www.cto.mil/wp-content/uploads/2026/07/FY25-Section-1286-List.pdf
Company,Naval Aviation University,,debarment,Section 1286 of the John S. McCain National Defense Authorization Act for Fiscal Year 2019 (Public Law 115 - 232),United States Congress,,2025,,,China,,https://www.cto.mil/wp-content/uploads/2026/07/FY25-Section-1286-List.pdf
Company,Naval Command College,,debarment,Section 1286 of the John S. McCain National Defense Authorization Act for Fiscal Year 2019 (Public Law 115 - 232),United States Congress,,2025,,,China,,https://www.cto.mil/wp-content/uploads/2026/07/FY25-Section-1286-List.pdf
Company,Naval Medical University,,debarment,Section 1286 of the John S. McCain National Defense Authorization Act for Fiscal Year 2019 (Public Law 115 - 232),United States Congress,,2025,,,China,,https://www.cto.mil/wp-content/uploads/2026/07/FY25-Section-1286-List.pdf
Company,Naval Non-Commissioned Officer School,Naval NCO School,debarment,Section 1286 of the John S. McCain National Defense Authorization Act for Fiscal Year 2019 (Public Law 115 - 232),United States Congress,,2025,,,China,,https://www.cto.mil/wp-content/uploads/2026/07/FY25-Section-1286-List.pdf
Company,Naval Submarine Academy,Navy Submarine Academy,debarment,Section 1286 of the John S. McCain National Defense Authorization Act for Fiscal Year 2019 (Public Law 115 - 232),United States Congress,,2025,,,China,,https://www.cto.mil/wp-content/uploads/2026/07/FY25-Section-1286-List.pdf
Company,Naval University of Engineering,Naval Engineering University,debarment,Section 1286 of the John S. McCain National Defense Authorization Act for Fiscal Year 2019 (Public Law 115 - 232),United States Congress,,2025,,,China,,https://www.cto.mil/wp-content/uploads/2026/07/FY25-Section-1286-List.pdf
Company,Naval University of Imam Khomeini,Imam Khomeini Maritime University; Imam Khomeini Naval Academy; Imam Khomeini Naval University of Noshahr; Imam Khomeini University of Marine Sciences and Technologies,debarment,Section 1286 of the John S. McCain National Defense Authorization Act for Fiscal Year 2019 (Public Law 115 - 232),United States Congress,,2025,,,Iran,,https://www.cto.mil/wp-content/uploads/2026/07/FY25-Section-1286-List.pdf
Company,North University of China,Zhongbei University,debarment,Section 1286 of the John S. McCain National Defense Authorization Act for Fiscal Year 2019 (Public Law 115 - 232),United States Congress,,2025,,,China,,https://www.cto.mil/wp-content/uploads/2026/07/FY25-Section-1286-List.pdf
Company,Northwestern Polytechnical University,Northwestern Polytechnic University; Northwest Polytechnic University; Northwest Polytechnical University,debarment,Section 1286 of the John S. McCain National Defense Authorization Act for Fiscal Year 2019 (Public Law 115 - 232),United States Congress,,2025,,,China,,https://www.cto.mil/wp-content/uploads/2026/07/FY25-Section-1286-List.pdf
Company,Ocean University of China,,debarment,Section 1286 of the John S. McCain National Defense Authorization Act for Fiscal Year 2019 (Public Law 115 - 232),United States Congress,,2025,,,China,,https://www.cto.mil/wp-content/uploads/2026/07/FY25-Section-1286-List.pdf
Company,P. I. Baranov Central Institute of Aviation Motor Development,Central Institute for Aviation Motor Development named after P. I. Baranov; Central Institute of Aviation Motors; Federal Autonomous Institution Central Institute of Engine-Building N.A. P.I. Baranov,debarment,Section 1286 of the John S. McCain National Defense Authorization Act for Fiscal Year 2019 (Public Law 115 - 232),United States Congress,,2025,,,Russia,,https://www.cto.mil/wp-content/uploads/2026/07/FY25-Section-1286-List.pdf
Company,P.N. Lebedev Physical Institute of the Russian Academy of Sciences,Lebedev Physical Institute; P.N. Lebedev Institute of Physics; Lebedev Institute; Institute of Physics Named After P.N. Lebedev of the Russian Academy of Sciences,debarment,Section 1286 of the John S. McCain National Defense Authorization Act for Fiscal Year 2019 (Public Law 115 - 232),United States Congress,,2025,,,Russia,,https://www.cto.mil/wp-content/uploads/2026/07/FY25-Section-1286-List.pdf
Company,Pearl River Talent Program,,debarment,Section 1286 of the John S. McCain National Defense Authorization Act for Fiscal Year 2019 (Public Law 115 - 232),United States Congress,,2025,,,,,https://www.cto.mil/wp-content/uploads/2026/07/FY25-Section-1286-List.pdf
Company,Project 5-100,,debarment,Section 1286 of the John S. McCain National Defense Authorization Act for Fiscal Year 2019 (Public Law 115 - 232),United States Congress,,2025,,,,,https://www.cto.mil/wp-content/uploads/2026/07/FY25-Section-1286-List.pdf
Company,River Talents Plan,,debarment,Section 1286 of the John S. McCain National Defense Authorization Act for Fiscal Year 2019 (Public Law 115 - 232),United States Congress,,2025,,,,,https://www.cto.mil/wp-content/uploads/2026/07/FY25-Section-1286-List.pdf
Company,Rocket Force Command College,,debarment,Section 1286 of the John S. McCain National Defense Authorization Act for Fiscal Year 2019 (Public Law 115 - 232),United States Congress,,2025,,,China,,https://www.cto.mil/wp-content/uploads/2026/07/FY25-Section-1286-List.pdf
Company,Rocket Force Engineering University,,debarment,Section 1286 of the John S. McCain National Defense Authorization Act for Fiscal Year 2019 (Public Law 115 - 232),United States Congress,,2025,,,China,,https://www.cto.mil/wp-content/uploads/2026/07/FY25-Section-1286-List.pdf
Company,Rocket Force Non-Commissioned Officer School,Rocket Force NCO School,debarment,Section 1286 of the John S. McCain National Defense Authorization Act for Fiscal Year 2019 (Public Law 115 - 232),United States Congress,,2025,,,China,,https://www.cto.mil/wp-content/uploads/2026/07/FY25-Section-1286-List.pdf
Company,Rzhanov Institute of Semiconductor Physics of the Siberian Branch of the RAS,"ISP SB RAS; Institute of Semiconductor Physics IM A.V. Rzhanov; Rzhanov Institute of Semiconductor Physics, Siberian Branch of Russian Academy of Sciences",debarment,Section 1286 of the John S. McCain National Defense Authorization Act for Fiscal Year 2019 (Public Law 115 - 232),United States Congress,,2025,,,Russia,,https://www.cto.mil/wp-content/uploads/2026/07/FY25-Section-1286-List.pdf
Company,Shahid Sattari Air Force University,Shahid Sattari University of Aeronautical Engineering; Shahid Sattari Air Academy; Shahid Sattari University of Aeronautical Sciences and Technologies,debarment,Section 1286 of the John S. McCain National Defense Authorization Act for Fiscal Year 2019 (Public Law 115 - 232),United States Congress,,2025,,,Iran,,https://www.cto.mil/wp-content/uploads/2026/07/FY25-Section-1286-List.pdf
Company,Shandong University,,debarment,Section 1286 of the John S. McCain National Defense Authorization Act for Fiscal Year 2019 (Public Law 115 - 232),United States Congress,,2025,,,China,,https://www.cto.mil/wp-content/uploads/2026/07/FY25-Section-1286-List.pdf
Company,Shanghai Jiao Tong University,,debarment,Section 1286 of the John S. McCain National Defense Authorization Act for Fiscal Year 2019 (Public Law 115 - 232),United States Congress,,2025,,,China,,https://www.cto.mil/wp-content/uploads/2026/07/FY25-Section-1286-List.pdf
Company,Sharif University of Technology,SHFT; SUT; Sharif Technical University,debarment,Section 1286 of the John S. McCain National Defense Authorization Act for Fiscal Year 2019 (Public Law 115 - 232),United States Congress,,2025,,,Iran,,https://www.cto.mil/wp-content/uploads/2026/07/FY25-Section-1286-List.pdf
Company,Shenyang Aerospace University,Shenyang Institute of Aeronautical Engineering,debarment,Section 1286 of the John S. McCain National Defense Authorization Act for Fiscal Year 2019 (Public Law 115 - 232),United States Congress,,2025,,,China,,https://www.cto.mil/wp-content/uploads/2026/07/FY25-Section-1286-List.pdf
Company,Shenyang Ligong University,Shenyang Institute of Technology,debarment,Section 1286 of the John S. McCain National Defense Authorization Act for Fiscal Year 2019 (Public Law 115 - 232),United States Congress,,2025,,,China,,https://www.cto.mil/wp-content/uploads/2026/07/FY25-Section-1286-List.pdf
Company,Siberian Scientific-Research Institute of Aviation,Chaplygin Siberian Scientific Research Institute Of Aviation; SibNIA; Siberian Scientific-Research Institute of Aviation N.A. S.A. Chaplygin,debarment,Section 1286 of the John S. McCain National Defense Authorization Act for Fiscal Year 2019 (Public Law 115 - 232),United States Congress,,2025,,,Russia,,https://www.cto.mil/wp-content/uploads/2026/07/FY25-Section-1286-List.pdf
Company,Sichuan University,,debarment,Section 1286 of the John S. McCain National Defense Authorization Act for Fiscal Year 2019 (Public Law 115 - 232),United States Congress,,2025,,,China,,https://www.cto.mil/wp-content/uploads/2026/07/FY25-Section-1286-List.pdf
Company,Skolkovo Institute of Science and Technology,Skoltech,debarment,Section 1286 of the John S. McCain National Defense Authorization Act for Fiscal Year 2019 (Public Law 115 - 232),United States Congress,,2025,,,Russia,,https://www.cto.mil/wp-content/uploads/2026/07/FY25-Section-1286-List.pdf
Company,Space Engineering University,Aerospace Engineering University of the People’s Liberation Army Strategic Support Force; Strategic Support Force Space Engineering University,debarment,Section 1286 of the John S. McCain National Defense Authorization Act for Fiscal Year 2019 (Public Law 115 - 232),United States Congress,,2025,,,China,,https://www.cto.mil/wp-content/uploads/2026/07/FY25-Section-1286-List.pdf
Company,Strategic Support Force Information Engineering University,Zhengzhou Information Science and Technology Institute; Information Engineering University,debarment,Section 1286 of the John S. McCain National Defense Authorization Act for Fiscal Year 2019 (Public Law 115 - 232),United States Congress,,2025,,,China,,https://www.cto.mil/wp-content/uploads/2026/07/FY25-Section-1286-List.pdf
Company,Sun Yat-sen University,Zhongshan University,debarment,Section 1286 of the John S. McCain National Defense Authorization Act for Fiscal Year 2019 (Public Law 115 - 232),United States Congress,,2025,,,China,,https://www.cto.mil/wp-content/uploads/2026/07/FY25-Section-1286-List.pdf
Company,Supreme National Defense University,National Defense University and Institute for Strategic Research; University and Higher Research Institute for National Defense and Strategic Research,debarment,Section 1286 of the John S. McCain National Defense Authorization Act for Fiscal Year 2019 (Public Law 115 - 232),United States Congress,,2025,,,Iran,,https://www.cto.mil/wp-content/uploads/2026/07/FY25-Section-1286-List.pdf
Company,"Tactical Missile Corporation, Concern “MPO—Gidropribor”",Joint Stock Company Concern Sea Underwater Weapons Gidropribor; Research Institute “Gidpropridor”,debarment,Section 1286 of the John S. McCain National Defense Authorization Act for Fiscal Year 2019 (Public Law 115 - 232),United States Congress,,2025,,,Russia,,https://www.cto.mil/wp-content/uploads/2026/07/FY25-Section-1286-List.pdf
Company,"Tactical Missile Corporation, Joint Stock Company GosNIIMash",PPORosprofprom V “GOSNIIMASH”; State Research Institute of Mechanical Engineering; Pervichnaya Profsoyuznaya Organizatsiya Rossiskogo Profsoyuza Rabotnikov Promyshlennosti V; “GOSNIIMASH”; Joint Stock Company “State Research Institute of Mechanical Engineering” named after V.V.Bakhirev”,debarment,Section 1286 of the John S. McCain National Defense Authorization Act for Fiscal Year 2019 (Public Law 115 - 232),United States Congress,,2025,,,Russia,,https://www.cto.mil/wp-content/uploads/2026/07/FY25-Section-1286-List.pdf
Company,Thousand Talents Plan,,debarment,Section 1286 of the John S. McCain National Defense Authorization Act for Fiscal Year 2019 (Public Law 115 - 232),United States Congress,,2025,,,,,https://www.cto.mil/wp-content/uploads/2026/07/FY25-Section-1286-List.pdf
Company,Tianjin University,,debarment,Section 1286 of the John S. McCain National Defense Authorization Act for Fiscal Year 2019 (Public Law 115 - 232),United States Congress,,2025,,,China,,https://www.cto.mil/wp-content/uploads/2026/07/FY25-Section-1286-List.pdf
Company,Tomsk Polytechnic University,National Research Tomsk Polytechnic University,debarment,Section 1286 of the John S. McCain National Defense Authorization Act for Fiscal Year 2019 (Public Law 115 - 232),United States Congress,,2025,,,Russia,,https://www.cto.mil/wp-content/uploads/2026/07/FY25-Section-1286-List.pdf
Company,University of Electronic Science and Technology of China,,debarment,Section 1286 of the John S. McCain National Defense Authorization Act for Fiscal Year 2019 (Public Law 115 - 232),United States Congress,,2025,,,China,,https://www.cto.mil/wp-content/uploads/2026/07/FY25-Section-1286-List.pdf
Company,University of International Relations,School of International Relations; Institute of International Relations,debarment,Section 1286 of the John S. McCain National Defense Authorization Act for Fiscal Year 2019 (Public Law 115 - 232),United States Congress,,2025,,,China,,https://www.cto.mil/wp-content/uploads/2026/07/FY25-Section-1286-List.pdf
Company,University of Science and Technology of China,,debarment,Section 1286 of the John S. McCain National Defense Authorization Act for Fiscal Year 2019 (Public Law 115 - 232),United States Congress,,2025,,,China,,https://www.cto.mil/wp-content/uploads/2026/07/FY25-Section-1286-List.pdf
Company,"Ural Federal University named after B.N. Yeltsin, the First President of Russia",UrFU; Ural Federal University Named After First President of Russia B.N. Yeltsin,debarment,Section 1286 of the John S. McCain National Defense Authorization Act for Fiscal Year 2019 (Public Law 115 - 232),United States Congress,,2025,,,Russia,,https://www.cto.mil/wp-content/uploads/2026/07/FY25-Section-1286-List.pdf
Company,Xidian University,Xi’an Electronic Science and Technology University,debarment,Section 1286 of the John S. McCain National Defense Authorization Act for Fiscal Year 2019 (Public Law 115 - 232),United States Congress,,2025,,,China,,https://www.cto.mil/wp-content/uploads/2026/07/FY25-Section-1286-List.pdf
Company,Xi’an Jiatong University,Xi’an Jiaotong University,debarment,Section 1286 of the John S. McCain National Defense Authorization Act for Fiscal Year 2019 (Public Law 115 - 232),United States Congress,,2025,,,China,,https://www.cto.mil/wp-content/uploads/2026/07/FY25-Section-1286-List.pdf
Company,Xi’an Technological University,Xi’an University of Technology,debarment,Section 1286 of the John S. McCain National Defense Authorization Act for Fiscal Year 2019 (Public Law 115 - 232),United States Congress,,2025,,,China,,https://www.cto.mil/wp-content/uploads/2026/07/FY25-Section-1286-List.pdf
