schema,name,aliases,topics,program,authority,reason,report-date,start-date,end-date,country,notes,source_url
Company,Academy of Military Medical Sciences,,debarment,Section 1286 of the John S. McCain National Defense Authorization Act for Fiscal Year 2019 (Public Law 115 - 232),United States Congress,,2024,,,,,https://basicresearch.defense.gov/Portals/61/Documents/Academic%20Research%20Security%20Page/FY24%20Section%201286%20List%20for%20public%20release_V2.pdf?ver=KqtK4tL1wLDoUwe2yxWHSw%3D%3D
Company,Academy of Military Medical Sciences,AMMS,debarment,Section 1286 of the John S. McCain National Defense Authorization Act for Fiscal Year 2019 (Public Law 115 - 232),United States Congress,,2022,,,,,https://media.defense.gov/2023/Jun/29/2003251160/-1/-1/1/COUNTERING-UNWANTED-INFLUENCE-IN-DEPARTMENT-FUNDED-RESEARCH-AT-INSTITUTIONS-OF-HIGHER-EDUCATION.PDF
Company,Academy of Military Medical Sciences,,debarment,Section 1286 of the John S. McCain National Defense Authorization Act for Fiscal Year 2019 (Public Law 115 - 232),United States Congress,,2025,,,China,,https://www.cto.mil/wp-content/uploads/2026/07/FY25-Section-1286-List.pdf
Company,Academy of Military Medical Sciences (AMMS),,debarment,Section 1286 of the John S. McCain National Defense Authorization Act for Fiscal Year 2019 (Public Law 115 - 232),United States Congress,,2023,,,,,https://rt.cto.mil/wp-content/uploads/2024/07/FY23-Lists-Published-in-Response-to-Section-1286-of-NDAA-2019_clearedv2.pdf
Company,"Academy of Military Medical Sciences, Field Blood Transfusion Institution",,debarment,Section 1286 of the John S. McCain National Defense Authorization Act for Fiscal Year 2019 (Public Law 115 - 232),United States Congress,,2024,,,,,https://basicresearch.defense.gov/Portals/61/Documents/Academic%20Research%20Security%20Page/FY24%20Section%201286%20List%20for%20public%20release_V2.pdf?ver=KqtK4tL1wLDoUwe2yxWHSw%3D%3D
Company,"Academy of Military Medical Sciences, Field Blood Transfusion Institution",,debarment,Section 1286 of the John S. McCain National Defense Authorization Act for Fiscal Year 2019 (Public Law 115 - 232),United States Congress,,2022,,,,,https://media.defense.gov/2023/Jun/29/2003251160/-1/-1/1/COUNTERING-UNWANTED-INFLUENCE-IN-DEPARTMENT-FUNDED-RESEARCH-AT-INSTITUTIONS-OF-HIGHER-EDUCATION.PDF
Company,"Academy of Military Medical Sciences, Field Blood Transfusion Institution",,debarment,Section 1286 of the John S. McCain National Defense Authorization Act for Fiscal Year 2019 (Public Law 115 - 232),United States Congress,,2023,,,,,https://rt.cto.mil/wp-content/uploads/2024/07/FY23-Lists-Published-in-Response-to-Section-1286-of-NDAA-2019_clearedv2.pdf
Company,"Academy of Military Medical Sciences, Field Blood Transfusion Institution",,debarment,Section 1286 of the John S. McCain National Defense Authorization Act for Fiscal Year 2019 (Public Law 115 - 232),United States Congress,,2025,,,China,,https://www.cto.mil/wp-content/uploads/2026/07/FY25-Section-1286-List.pdf
Company,"Academy of Military Medical Sciences, Institute of Basic Medicine",,debarment,Section 1286 of the John S. McCain National Defense Authorization Act for Fiscal Year 2019 (Public Law 115 - 232),United States Congress,,2024,,,,,https://basicresearch.defense.gov/Portals/61/Documents/Academic%20Research%20Security%20Page/FY24%20Section%201286%20List%20for%20public%20release_V2.pdf?ver=KqtK4tL1wLDoUwe2yxWHSw%3D%3D
Company,"Academy of Military Medical Sciences, Institute of Basic Medicine",,debarment,Section 1286 of the John S. McCain National Defense Authorization Act for Fiscal Year 2019 (Public Law 115 - 232),United States Congress,,2022,,,,,https://media.defense.gov/2023/Jun/29/2003251160/-1/-1/1/COUNTERING-UNWANTED-INFLUENCE-IN-DEPARTMENT-FUNDED-RESEARCH-AT-INSTITUTIONS-OF-HIGHER-EDUCATION.PDF
Company,"Academy of Military Medical Sciences, Institute of Basic Medicine",,debarment,Section 1286 of the John S. McCain National Defense Authorization Act for Fiscal Year 2019 (Public Law 115 - 232),United States Congress,,2023,,,,,https://rt.cto.mil/wp-content/uploads/2024/07/FY23-Lists-Published-in-Response-to-Section-1286-of-NDAA-2019_clearedv2.pdf
Company,"Academy of Military Medical Sciences, Institute of Basic Medicine",,debarment,Section 1286 of the John S. McCain National Defense Authorization Act for Fiscal Year 2019 (Public Law 115 - 232),United States Congress,,2025,,,China,,https://www.cto.mil/wp-content/uploads/2026/07/FY25-Section-1286-List.pdf
Company,"Academy of Military Medical Sciences, Institute of Bioengineering",,debarment,Section 1286 of the John S. McCain National Defense Authorization Act for Fiscal Year 2019 (Public Law 115 - 232),United States Congress,,2024,,,,,https://basicresearch.defense.gov/Portals/61/Documents/Academic%20Research%20Security%20Page/FY24%20Section%201286%20List%20for%20public%20release_V2.pdf?ver=KqtK4tL1wLDoUwe2yxWHSw%3D%3D
Company,"Academy of Military Medical Sciences, Institute of Bioengineering",,debarment,Section 1286 of the John S. McCain National Defense Authorization Act for Fiscal Year 2019 (Public Law 115 - 232),United States Congress,,2022,,,,,https://media.defense.gov/2023/Jun/29/2003251160/-1/-1/1/COUNTERING-UNWANTED-INFLUENCE-IN-DEPARTMENT-FUNDED-RESEARCH-AT-INSTITUTIONS-OF-HIGHER-EDUCATION.PDF
Company,"Academy of Military Medical Sciences, Institute of Bioengineering",,debarment,Section 1286 of the John S. McCain National Defense Authorization Act for Fiscal Year 2019 (Public Law 115 - 232),United States Congress,,2023,,,,,https://rt.cto.mil/wp-content/uploads/2024/07/FY23-Lists-Published-in-Response-to-Section-1286-of-NDAA-2019_clearedv2.pdf
Company,"Academy of Military Medical Sciences, Institute of Bioengineering",,debarment,Section 1286 of the John S. McCain National Defense Authorization Act for Fiscal Year 2019 (Public Law 115 - 232),United States Congress,,2025,,,China,,https://www.cto.mil/wp-content/uploads/2026/07/FY25-Section-1286-List.pdf
Company,"Academy of Military Medical Sciences, Institute of Disease Control and Prevention",Disease Control and Prevention Institute,debarment,Section 1286 of the John S. McCain National Defense Authorization Act for Fiscal Year 2019 (Public Law 115 - 232),United States Congress,,2024,,,,,https://basicresearch.defense.gov/Portals/61/Documents/Academic%20Research%20Security%20Page/FY24%20Section%201286%20List%20for%20public%20release_V2.pdf?ver=KqtK4tL1wLDoUwe2yxWHSw%3D%3D
Company,"Academy of Military Medical Sciences, Institute of Disease Control and Prevention",Disease Control and Prevention Institute,debarment,Section 1286 of the John S. McCain National Defense Authorization Act for Fiscal Year 2019 (Public Law 115 - 232),United States Congress,,2022,,,,,https://media.defense.gov/2023/Jun/29/2003251160/-1/-1/1/COUNTERING-UNWANTED-INFLUENCE-IN-DEPARTMENT-FUNDED-RESEARCH-AT-INSTITUTIONS-OF-HIGHER-EDUCATION.PDF
Company,"Academy of Military Medical Sciences, Institute of Disease Control and Prevention",Disease Control and Prevention Institute,debarment,Section 1286 of the John S. McCain National Defense Authorization Act for Fiscal Year 2019 (Public Law 115 - 232),United States Congress,,2023,,,,,https://rt.cto.mil/wp-content/uploads/2024/07/FY23-Lists-Published-in-Response-to-Section-1286-of-NDAA-2019_clearedv2.pdf
Company,"Academy of Military Medical Sciences, Institute of Disease Control and Prevention",,debarment,Section 1286 of the John S. McCain National Defense Authorization Act for Fiscal Year 2019 (Public Law 115 - 232),United States Congress,,2025,,,China,,https://www.cto.mil/wp-content/uploads/2026/07/FY25-Section-1286-List.pdf
Company,"Academy of Military Medical Sciences, Institute of Health Service and Medical Information",,debarment,Section 1286 of the John S. McCain National Defense Authorization Act for Fiscal Year 2019 (Public Law 115 - 232),United States Congress,,2024,,,,,https://basicresearch.defense.gov/Portals/61/Documents/Academic%20Research%20Security%20Page/FY24%20Section%201286%20List%20for%20public%20release_V2.pdf?ver=KqtK4tL1wLDoUwe2yxWHSw%3D%3D
Company,"Academy of Military Medical Sciences, Institute of Health Service and Medical Information",,debarment,Section 1286 of the John S. McCain National Defense Authorization Act for Fiscal Year 2019 (Public Law 115 - 232),United States Congress,,2022,,,,,https://media.defense.gov/2023/Jun/29/2003251160/-1/-1/1/COUNTERING-UNWANTED-INFLUENCE-IN-DEPARTMENT-FUNDED-RESEARCH-AT-INSTITUTIONS-OF-HIGHER-EDUCATION.PDF
Company,"Academy of Military Medical Sciences, Institute of Health Service and Medical Information",,debarment,Section 1286 of the John S. McCain National Defense Authorization Act for Fiscal Year 2019 (Public Law 115 - 232),United States Congress,,2023,,,,,https://rt.cto.mil/wp-content/uploads/2024/07/FY23-Lists-Published-in-Response-to-Section-1286-of-NDAA-2019_clearedv2.pdf
Company,"Academy of Military Medical Sciences, Institute of Health Service and Medical Information",,debarment,Section 1286 of the John S. McCain National Defense Authorization Act for Fiscal Year 2019 (Public Law 115 - 232),United States Congress,,2025,,,China,,https://www.cto.mil/wp-content/uploads/2026/07/FY25-Section-1286-List.pdf
Company,"Academy of Military Medical Sciences, Institute of Hygiene and Environmental Medicine",,debarment,Section 1286 of the John S. McCain National Defense Authorization Act for Fiscal Year 2019 (Public Law 115 - 232),United States Congress,,2024,,,,,https://basicresearch.defense.gov/Portals/61/Documents/Academic%20Research%20Security%20Page/FY24%20Section%201286%20List%20for%20public%20release_V2.pdf?ver=KqtK4tL1wLDoUwe2yxWHSw%3D%3D
Company,"Academy of Military Medical Sciences, Institute of Hygiene and Environmental Medicine",,debarment,Section 1286 of the John S. McCain National Defense Authorization Act for Fiscal Year 2019 (Public Law 115 - 232),United States Congress,,2022,,,,,https://media.defense.gov/2023/Jun/29/2003251160/-1/-1/1/COUNTERING-UNWANTED-INFLUENCE-IN-DEPARTMENT-FUNDED-RESEARCH-AT-INSTITUTIONS-OF-HIGHER-EDUCATION.PDF
Company,"Academy of Military Medical Sciences, Institute of Hygiene and Environmental Medicine",,debarment,Section 1286 of the John S. McCain National Defense Authorization Act for Fiscal Year 2019 (Public Law 115 - 232),United States Congress,,2023,,,,,https://rt.cto.mil/wp-content/uploads/2024/07/FY23-Lists-Published-in-Response-to-Section-1286-of-NDAA-2019_clearedv2.pdf
Company,"Academy of Military Medical Sciences, Institute of Hygiene and Environmental Medicine",,debarment,Section 1286 of the John S. McCain National Defense Authorization Act for Fiscal Year 2019 (Public Law 115 - 232),United States Congress,,2025,,,China,,https://www.cto.mil/wp-content/uploads/2026/07/FY25-Section-1286-List.pdf
Company,"Academy of Military Medical Sciences, Institute of Medical Equipment",,debarment,Section 1286 of the John S. McCain National Defense Authorization Act for Fiscal Year 2019 (Public Law 115 - 232),United States Congress,,2024,,,,,https://basicresearch.defense.gov/Portals/61/Documents/Academic%20Research%20Security%20Page/FY24%20Section%201286%20List%20for%20public%20release_V2.pdf?ver=KqtK4tL1wLDoUwe2yxWHSw%3D%3D
Company,"Academy of Military Medical Sciences, Institute of Medical Equipment",,debarment,Section 1286 of the John S. McCain National Defense Authorization Act for Fiscal Year 2019 (Public Law 115 - 232),United States Congress,,2022,,,,,https://media.defense.gov/2023/Jun/29/2003251160/-1/-1/1/COUNTERING-UNWANTED-INFLUENCE-IN-DEPARTMENT-FUNDED-RESEARCH-AT-INSTITUTIONS-OF-HIGHER-EDUCATION.PDF
Company,"Academy of Military Medical Sciences, Institute of Medical Equipment",,debarment,Section 1286 of the John S. McCain National Defense Authorization Act for Fiscal Year 2019 (Public Law 115 - 232),United States Congress,,2023,,,,,https://rt.cto.mil/wp-content/uploads/2024/07/FY23-Lists-Published-in-Response-to-Section-1286-of-NDAA-2019_clearedv2.pdf
Company,"Academy of Military Medical Sciences, Institute of Medical Equipment",,debarment,Section 1286 of the John S. McCain National Defense Authorization Act for Fiscal Year 2019 (Public Law 115 - 232),United States Congress,,2025,,,China,,https://www.cto.mil/wp-content/uploads/2026/07/FY25-Section-1286-List.pdf
Company,"Academy of Military Medical Sciences, Institute of Microbiology and Epidemiology",Institute of Microbial Epidemiology,debarment,Section 1286 of the John S. McCain National Defense Authorization Act for Fiscal Year 2019 (Public Law 115 - 232),United States Congress,,2024,,,,,https://basicresearch.defense.gov/Portals/61/Documents/Academic%20Research%20Security%20Page/FY24%20Section%201286%20List%20for%20public%20release_V2.pdf?ver=KqtK4tL1wLDoUwe2yxWHSw%3D%3D
Company,"Academy of Military Medical Sciences, Institute of Microbiology and Epidemiology",Institute of Microbial Epidemiology,debarment,Section 1286 of the John S. McCain National Defense Authorization Act for Fiscal Year 2019 (Public Law 115 - 232),United States Congress,,2022,,,,,https://media.defense.gov/2023/Jun/29/2003251160/-1/-1/1/COUNTERING-UNWANTED-INFLUENCE-IN-DEPARTMENT-FUNDED-RESEARCH-AT-INSTITUTIONS-OF-HIGHER-EDUCATION.PDF
Company,"Academy of Military Medical Sciences, Institute of Microbiology and Epidemiology",Institute of Microbial Epidemiology,debarment,Section 1286 of the John S. McCain National Defense Authorization Act for Fiscal Year 2019 (Public Law 115 - 232),United States Congress,,2023,,,,,https://rt.cto.mil/wp-content/uploads/2024/07/FY23-Lists-Published-in-Response-to-Section-1286-of-NDAA-2019_clearedv2.pdf
Company,"Academy of Military Medical Sciences, Institute of Microbiology and Epidemiology",Institute of Microbial Epidemiology,debarment,Section 1286 of the John S. McCain National Defense Authorization Act for Fiscal Year 2019 (Public Law 115 - 232),United States Congress,,2025,,,China,,https://www.cto.mil/wp-content/uploads/2026/07/FY25-Section-1286-List.pdf
Company,"Academy of Military Medical Sciences, Institute of Radiation and Radiation",Institute of Radiation and Radiation Medicine; Institute of Electromagnetic and Particle Radiation Medicine,debarment,Section 1286 of the John S. McCain National Defense Authorization Act for Fiscal Year 2019 (Public Law 115 - 232),United States Congress,,2024,,,,,https://basicresearch.defense.gov/Portals/61/Documents/Academic%20Research%20Security%20Page/FY24%20Section%201286%20List%20for%20public%20release_V2.pdf?ver=KqtK4tL1wLDoUwe2yxWHSw%3D%3D
Company,"Academy of Military Medical Sciences, Institute of Radiation and Radiation Medicine",Institute of Radiation and Radiation Medicine,debarment,Section 1286 of the John S. McCain National Defense Authorization Act for Fiscal Year 2019 (Public Law 115 - 232),United States Congress,,2022,,,,,https://media.defense.gov/2023/Jun/29/2003251160/-1/-1/1/COUNTERING-UNWANTED-INFLUENCE-IN-DEPARTMENT-FUNDED-RESEARCH-AT-INSTITUTIONS-OF-HIGHER-EDUCATION.PDF
Company,"Academy of Military Medical Sciences, Institute of Radiation and Radiation Medicine",Institute of Electromagnetic and Particle Radiation Medicine,debarment,Section 1286 of the John S. McCain National Defense Authorization Act for Fiscal Year 2019 (Public Law 115 - 232),United States Congress,,2022,,,,,https://media.defense.gov/2023/Jun/29/2003251160/-1/-1/1/COUNTERING-UNWANTED-INFLUENCE-IN-DEPARTMENT-FUNDED-RESEARCH-AT-INSTITUTIONS-OF-HIGHER-EDUCATION.PDF
Company,"Academy of Military Medical Sciences, Institute of Radiation and Radiation Medicine",Institute of Radiation and Radiation Medicine; Institute of Electromagnetic and Particle Radiation Medicine,debarment,Section 1286 of the John S. McCain National Defense Authorization Act for Fiscal Year 2019 (Public Law 115 - 232),United States Congress,,2023,,,,,https://rt.cto.mil/wp-content/uploads/2024/07/FY23-Lists-Published-in-Response-to-Section-1286-of-NDAA-2019_clearedv2.pdf
Company,"Academy of Military Medical Sciences, Institute of Radiation and Radiation Medicine","Institute of Electromagnetic and Particle Radiation Medicine; Academy of Military Medical Sciences, Institute of Radiation and Radiation",debarment,Section 1286 of the John S. McCain National Defense Authorization Act for Fiscal Year 2019 (Public Law 115 - 232),United States Congress,,2025,,,China,,https://www.cto.mil/wp-content/uploads/2026/07/FY25-Section-1286-List.pdf
Company,"Academy of Military Medical Sciences, Institute of Toxicology and Pharmacology",Institute of Toxicology and Drugs,debarment,Section 1286 of the John S. McCain National Defense Authorization Act for Fiscal Year 2019 (Public Law 115 - 232),United States Congress,,2024,,,,,https://basicresearch.defense.gov/Portals/61/Documents/Academic%20Research%20Security%20Page/FY24%20Section%201286%20List%20for%20public%20release_V2.pdf?ver=KqtK4tL1wLDoUwe2yxWHSw%3D%3D
Company,"Academy of Military Medical Sciences, Institute of Toxicology and Pharmacology",Institute of Toxicology and Drugs,debarment,Section 1286 of the John S. McCain National Defense Authorization Act for Fiscal Year 2019 (Public Law 115 - 232),United States Congress,,2022,,,,,https://media.defense.gov/2023/Jun/29/2003251160/-1/-1/1/COUNTERING-UNWANTED-INFLUENCE-IN-DEPARTMENT-FUNDED-RESEARCH-AT-INSTITUTIONS-OF-HIGHER-EDUCATION.PDF
Company,"Academy of Military Medical Sciences, Institute of Toxicology and Pharmacology",Institute of Toxicology and Drugs,debarment,Section 1286 of the John S. McCain National Defense Authorization Act for Fiscal Year 2019 (Public Law 115 - 232),United States Congress,,2023,,,,,https://rt.cto.mil/wp-content/uploads/2024/07/FY23-Lists-Published-in-Response-to-Section-1286-of-NDAA-2019_clearedv2.pdf
Company,"Academy of Military Medical Sciences, Institute of Toxicology and Pharmacology",Institute of Toxicology and Drugs,debarment,Section 1286 of the John S. McCain National Defense Authorization Act for Fiscal Year 2019 (Public Law 115 - 232),United States Congress,,2025,,,China,,https://www.cto.mil/wp-content/uploads/2026/07/FY25-Section-1286-List.pdf
Company,"Academy of Military Medical Sciences, Military Veterinary Research Institute",,debarment,Section 1286 of the John S. McCain National Defense Authorization Act for Fiscal Year 2019 (Public Law 115 - 232),United States Congress,,2024,,,,,https://basicresearch.defense.gov/Portals/61/Documents/Academic%20Research%20Security%20Page/FY24%20Section%201286%20List%20for%20public%20release_V2.pdf?ver=KqtK4tL1wLDoUwe2yxWHSw%3D%3D
Company,"Academy of Military Medical Sciences, Military Veterinary Research Institute",,debarment,Section 1286 of the John S. McCain National Defense Authorization Act for Fiscal Year 2019 (Public Law 115 - 232),United States Congress,,2022,,,,,https://media.defense.gov/2023/Jun/29/2003251160/-1/-1/1/COUNTERING-UNWANTED-INFLUENCE-IN-DEPARTMENT-FUNDED-RESEARCH-AT-INSTITUTIONS-OF-HIGHER-EDUCATION.PDF
Company,"Academy of Military Medical Sciences, Military Veterinary Research Institute",,debarment,Section 1286 of the John S. McCain National Defense Authorization Act for Fiscal Year 2019 (Public Law 115 - 232),United States Congress,,2023,,,,,https://rt.cto.mil/wp-content/uploads/2024/07/FY23-Lists-Published-in-Response-to-Section-1286-of-NDAA-2019_clearedv2.pdf
Company,"Academy of Military Medical Sciences, Military Veterinary Research Institute",,debarment,Section 1286 of the John S. McCain National Defense Authorization Act for Fiscal Year 2019 (Public Law 115 - 232),United States Congress,,2025,,,China,,https://www.cto.mil/wp-content/uploads/2026/07/FY25-Section-1286-List.pdf
Person,Adolfo Salume Artinano,,,Section 353(b) of the United States - Northern Triangle Enhanced Engagement Act,United States Department of State,engaged in significant corruption and undermined democratic processes and institutions by bribing a Supreme Court Magistrate to avoid paying a fine.,2021,,December 2023,EL SALVADOR,,https://www.state.gov/reports/section-353-corrupt-and-undemocratic-actors-report/
Company,Air Force Aviation Institute,,debarment,Section 1286 of the John S. McCain National Defense Authorization Act for Fiscal Year 2019 (Public Law 115 - 232),United States Congress,,2025,,,China,,https://www.cto.mil/wp-content/uploads/2026/07/FY25-Section-1286-List.pdf
Company,Air Force Aviation University,,debarment,Section 1286 of the John S. McCain National Defense Authorization Act for Fiscal Year 2019 (Public Law 115 - 232),United States Congress,,2024,,,,,https://basicresearch.defense.gov/Portals/61/Documents/Academic%20Research%20Security%20Page/FY24%20Section%201286%20List%20for%20public%20release_V2.pdf?ver=KqtK4tL1wLDoUwe2yxWHSw%3D%3D
Company,Air Force Aviation University,,debarment,Section 1286 of the John S. McCain National Defense Authorization Act for Fiscal Year 2019 (Public Law 115 - 232),United States Congress,,2023,,,,,https://rt.cto.mil/wp-content/uploads/2024/07/FY23-Lists-Published-in-Response-to-Section-1286-of-NDAA-2019_clearedv2.pdf
Company,Air Force Command College,,debarment,Section 1286 of the John S. McCain National Defense Authorization Act for Fiscal Year 2019 (Public Law 115 - 232),United States Congress,,2024,,,,,https://basicresearch.defense.gov/Portals/61/Documents/Academic%20Research%20Security%20Page/FY24%20Section%201286%20List%20for%20public%20release_V2.pdf?ver=KqtK4tL1wLDoUwe2yxWHSw%3D%3D
Company,Air Force Command College,,debarment,Section 1286 of the John S. McCain National Defense Authorization Act for Fiscal Year 2019 (Public Law 115 - 232),United States Congress,,2023,,,,,https://rt.cto.mil/wp-content/uploads/2024/07/FY23-Lists-Published-in-Response-to-Section-1286-of-NDAA-2019_clearedv2.pdf
Company,Air Force Command College,,debarment,Section 1286 of the John S. McCain National Defense Authorization Act for Fiscal Year 2019 (Public Law 115 - 232),United States Congress,,2025,,,China,,https://www.cto.mil/wp-content/uploads/2026/07/FY25-Section-1286-List.pdf
Company,Air Force Communication NCO Academy,,debarment,Section 1286 of the John S. McCain National Defense Authorization Act for Fiscal Year 2019 (Public Law 115 - 232),United States Congress,,2024,,,,,https://basicresearch.defense.gov/Portals/61/Documents/Academic%20Research%20Security%20Page/FY24%20Section%201286%20List%20for%20public%20release_V2.pdf?ver=KqtK4tL1wLDoUwe2yxWHSw%3D%3D
Company,Air Force Communication NCO Academy,,debarment,Section 1286 of the John S. McCain National Defense Authorization Act for Fiscal Year 2019 (Public Law 115 - 232),United States Congress,,2023,,,,,https://rt.cto.mil/wp-content/uploads/2024/07/FY23-Lists-Published-in-Response-to-Section-1286-of-NDAA-2019_clearedv2.pdf
Company,Air Force Communication NCO Academy,,debarment,Section 1286 of the John S. McCain National Defense Authorization Act for Fiscal Year 2019 (Public Law 115 - 232),United States Congress,,2025,,,China,,https://www.cto.mil/wp-content/uploads/2026/07/FY25-Section-1286-List.pdf
Company,Air Force Early Warning Academy,,debarment,Section 1286 of the John S. McCain National Defense Authorization Act for Fiscal Year 2019 (Public Law 115 - 232),United States Congress,,2024,,,,,https://basicresearch.defense.gov/Portals/61/Documents/Academic%20Research%20Security%20Page/FY24%20Section%201286%20List%20for%20public%20release_V2.pdf?ver=KqtK4tL1wLDoUwe2yxWHSw%3D%3D
Company,Air Force Early Warning Academy,,debarment,Section 1286 of the John S. McCain National Defense Authorization Act for Fiscal Year 2019 (Public Law 115 - 232),United States Congress,,2023,,,,,https://rt.cto.mil/wp-content/uploads/2024/07/FY23-Lists-Published-in-Response-to-Section-1286-of-NDAA-2019_clearedv2.pdf
Company,Air Force Early Warning Academy,,debarment,Section 1286 of the John S. McCain National Defense Authorization Act for Fiscal Year 2019 (Public Law 115 - 232),United States Congress,,2025,,,China,,https://www.cto.mil/wp-content/uploads/2026/07/FY25-Section-1286-List.pdf
Company,Air Force Engineering University,,debarment,Section 1286 of the John S. McCain National Defense Authorization Act for Fiscal Year 2019 (Public Law 115 - 232),United States Congress,,2024,,,,,https://basicresearch.defense.gov/Portals/61/Documents/Academic%20Research%20Security%20Page/FY24%20Section%201286%20List%20for%20public%20release_V2.pdf?ver=KqtK4tL1wLDoUwe2yxWHSw%3D%3D
Company,Air Force Engineering University,,debarment,Section 1286 of the John S. McCain National Defense Authorization Act for Fiscal Year 2019 (Public Law 115 - 232),United States Congress,,2023,,,,,https://rt.cto.mil/wp-content/uploads/2024/07/FY23-Lists-Published-in-Response-to-Section-1286-of-NDAA-2019_clearedv2.pdf
Company,Air Force Engineering University,,debarment,Section 1286 of the John S. McCain National Defense Authorization Act for Fiscal Year 2019 (Public Law 115 - 232),United States Congress,,2025,,,China,,https://www.cto.mil/wp-content/uploads/2026/07/FY25-Section-1286-List.pdf
Company,Air Force Harbin Flight Academy,,debarment,Section 1286 of the John S. McCain National Defense Authorization Act for Fiscal Year 2019 (Public Law 115 - 232),United States Congress,,2024,,,,,https://basicresearch.defense.gov/Portals/61/Documents/Academic%20Research%20Security%20Page/FY24%20Section%201286%20List%20for%20public%20release_V2.pdf?ver=KqtK4tL1wLDoUwe2yxWHSw%3D%3D
Company,Air Force Harbin Flight Academy,,debarment,Section 1286 of the John S. McCain National Defense Authorization Act for Fiscal Year 2019 (Public Law 115 - 232),United States Congress,,2023,,,,,https://rt.cto.mil/wp-content/uploads/2024/07/FY23-Lists-Published-in-Response-to-Section-1286-of-NDAA-2019_clearedv2.pdf
Company,Air Force Harbin Flight Academy,,debarment,Section 1286 of the John S. McCain National Defense Authorization Act for Fiscal Year 2019 (Public Law 115 - 232),United States Congress,,2025,,,China,,https://www.cto.mil/wp-content/uploads/2026/07/FY25-Section-1286-List.pdf
Company,Air Force Logistics Academy,Air Force Logistics College,debarment,Section 1286 of the John S. McCain National Defense Authorization Act for Fiscal Year 2019 (Public Law 115 - 232),United States Congress,,2025,,,China,,https://www.cto.mil/wp-content/uploads/2026/07/FY25-Section-1286-List.pdf
Company,Air Force Logistics College,,debarment,Section 1286 of the John S. McCain National Defense Authorization Act for Fiscal Year 2019 (Public Law 115 - 232),United States Congress,,2024,,,,,https://basicresearch.defense.gov/Portals/61/Documents/Academic%20Research%20Security%20Page/FY24%20Section%201286%20List%20for%20public%20release_V2.pdf?ver=KqtK4tL1wLDoUwe2yxWHSw%3D%3D
Company,Air Force Logistics College,,debarment,Section 1286 of the John S. McCain National Defense Authorization Act for Fiscal Year 2019 (Public Law 115 - 232),United States Congress,,2023,,,,,https://rt.cto.mil/wp-content/uploads/2024/07/FY23-Lists-Published-in-Response-to-Section-1286-of-NDAA-2019_clearedv2.pdf
Company,Air Force Medical University,,debarment,Section 1286 of the John S. McCain National Defense Authorization Act for Fiscal Year 2019 (Public Law 115 - 232),United States Congress,,2024,,,,,https://basicresearch.defense.gov/Portals/61/Documents/Academic%20Research%20Security%20Page/FY24%20Section%201286%20List%20for%20public%20release_V2.pdf?ver=KqtK4tL1wLDoUwe2yxWHSw%3D%3D
Company,Air Force Medical University,,debarment,Section 1286 of the John S. McCain National Defense Authorization Act for Fiscal Year 2019 (Public Law 115 - 232),United States Congress,,2023,,,,,https://rt.cto.mil/wp-content/uploads/2024/07/FY23-Lists-Published-in-Response-to-Section-1286-of-NDAA-2019_clearedv2.pdf
Company,Air Force Medical University,,debarment,Section 1286 of the John S. McCain National Defense Authorization Act for Fiscal Year 2019 (Public Law 115 - 232),United States Congress,,2025,,,China,,https://www.cto.mil/wp-content/uploads/2026/07/FY25-Section-1286-List.pdf
Company,Air Force Shijianzhuang Flight Academy,,debarment,Section 1286 of the John S. McCain National Defense Authorization Act for Fiscal Year 2019 (Public Law 115 - 232),United States Congress,,2024,,,,,https://basicresearch.defense.gov/Portals/61/Documents/Academic%20Research%20Security%20Page/FY24%20Section%201286%20List%20for%20public%20release_V2.pdf?ver=KqtK4tL1wLDoUwe2yxWHSw%3D%3D
Company,Air Force Shijianzhuang Flight Academy,,debarment,Section 1286 of the John S. McCain National Defense Authorization Act for Fiscal Year 2019 (Public Law 115 - 232),United States Congress,,2023,,,,,https://rt.cto.mil/wp-content/uploads/2024/07/FY23-Lists-Published-in-Response-to-Section-1286-of-NDAA-2019_clearedv2.pdf
Company,Air Force Shinjianzhuang Flight Academy,Air Force Shijiazhuang Flight Academy; Air Force Shijianzhuang Flight Academy,debarment,Section 1286 of the John S. McCain National Defense Authorization Act for Fiscal Year 2019 (Public Law 115 - 232),United States Congress,,2025,,,China,,https://www.cto.mil/wp-content/uploads/2026/07/FY25-Section-1286-List.pdf
Company,Air Force Xi'an Flight Academy,,debarment,Section 1286 of the John S. McCain National Defense Authorization Act for Fiscal Year 2019 (Public Law 115 - 232),United States Congress,,2024,,,,,https://basicresearch.defense.gov/Portals/61/Documents/Academic%20Research%20Security%20Page/FY24%20Section%201286%20List%20for%20public%20release_V2.pdf?ver=KqtK4tL1wLDoUwe2yxWHSw%3D%3D
Company,Air Force Xi'an Flight Academy,,debarment,Section 1286 of the John S. McCain National Defense Authorization Act for Fiscal Year 2019 (Public Law 115 - 232),United States Congress,,2023,,,,,https://rt.cto.mil/wp-content/uploads/2024/07/FY23-Lists-Published-in-Response-to-Section-1286-of-NDAA-2019_clearedv2.pdf
Company,Air Force Xi’an Flight Academy,,debarment,Section 1286 of the John S. McCain National Defense Authorization Act for Fiscal Year 2019 (Public Law 115 - 232),United States Congress,,2025,,,China,,https://www.cto.mil/wp-content/uploads/2026/07/FY25-Section-1286-List.pdf
Person,Aldo Martín Sáenz Ulloa,,,Section 353(b) of the United States - Northern Triangle Enhanced Engagement Act,United States Department of State,"a current sub-director of the UAF, undermined democratic processes or institutions by taking part in a coordinated campaign to retaliate against critics of the Ortega-Murillo regime and to suppress dissent, using his position to facilitate asset seizures from 94 political dissidents in exile and 222 former political prisoners, without any legal basis.",2023,,December 2023,NICARAGUA,,https://www.state.gov/reports/section-353-corrupt-and-undemocratic-actors-report/
Person,Alejandro Enrique Genet Cruz,,,Section 353(b) of the United States - Northern Triangle Enhanced Engagement Act,United States Department of State,"rector of Casimiro Sotelo University (formerly Central American University), undermined democratic processes or institutions by taking part in a coordinated campaign to retaliate against critics of the Ortega-Murillo regime and to suppress dissent by using his position to create policies that punish Casimiro Sotelo University faculty and students who do not take part in political activities for Ortega’s Sandinista National Liberation Front political party.",2023,,December 2023,NICARAGUA,,https://www.state.gov/reports/section-353-corrupt-and-undemocratic-actors-report/
Person,Alejandro Jorge Sinbaldi Aparicio,,,Section 353(b) of the United States - Northern Triangle Enhanced Engagement Act,United States Department of State,"former Minister of Communications, Infrastructure, and Housing, engaged in significant corruption when he participated in bribery and illegal electoral financing, and the laundering of the proceeds of corruption for personal gain. He is designated under Section 7031(c) for involvement in significant corruption.",2021,,December 2023,GUATEMALA,,https://www.state.gov/reports/section-353-corrupt-and-undemocratic-actors-report/
Person,Alejandro Mejia Ferreti,,,Section 353(b) of the United States - Northern Triangle Enhanced Engagement Act,United States Department of State,"the current third secretary of the National Assembly, undermined democratic processes and institutions by taking part in coordinated government retaliation to strip Nicaraguan citizenship from political opponents and critics of the Ortega-Murillo regime.",2023,,December 2023,NICARAGUA,,https://www.state.gov/reports/section-353-corrupt-and-undemocratic-actors-report/
Person,Alex Alberto Moraes Giron,,,Section 353(b) of the United States - Northern Triangle Enhanced Engagement Act,United States Department of State,"a former administrative manager of state-owned Strategic Investment of Honduras, engaged in significant corruption by misappropriating public funds during the COVID-19 pandemic, including by defrauding the Honduran government of approximately $1.6 million intended for facemasks to be used by medical personnel.",2023,,December 2023,HONDURAS,,https://www.state.gov/reports/section-353-corrupt-and-undemocratic-actors-report/
Person,Alexander Lopez Orellana,,,Section 353(b) of the United States - Northern Triangle Enhanced Engagement Act,United States Department of State,"the current mayor of El Progreso and secretary general of the Liberal Party’s Central Executive Council, engaged in significant corruption by improperly awarding multi-million dollar municipal contracts to his political allies.",2023,,December 2023,HONDURAS,,https://www.state.gov/reports/section-353-corrupt-and-undemocratic-actors-report/
Person,Alvaro Colom Caballeros,,,Section 353(b) of the United States - Northern Triangle Enhanced Engagement Act,United States Department of State,"former president, engaged in significant corruption when he participated in fraud and embezzlement involving a new bus system in Guatemala City known as Transurbano.",2021,,December 2023,GUATEMALA,,https://www.state.gov/reports/section-353-corrupt-and-undemocratic-actors-report/
Company,Amirkabir University of Technology,,debarment,Section 1286 of the John S. McCain National Defense Authorization Act for Fiscal Year 2019 (Public Law 115 - 232),United States Congress,,2024,,,,,https://basicresearch.defense.gov/Portals/61/Documents/Academic%20Research%20Security%20Page/FY24%20Section%201286%20List%20for%20public%20release_V2.pdf?ver=KqtK4tL1wLDoUwe2yxWHSw%3D%3D
Company,Amirkabir University of Technology,,debarment,Section 1286 of the John S. McCain National Defense Authorization Act for Fiscal Year 2019 (Public Law 115 - 232),United States Congress,,2025,,,Iran,,https://www.cto.mil/wp-content/uploads/2026/07/FY25-Section-1286-List.pdf
Person,Andrea del Carmen Salas,,,Section 353(b) of the United States - Northern Triangle Enhanced Engagement Act,United States Department of State,"a prosecutor in the Public Prosecutor’s Office headquarters in Managua, undermined democratic processes or institutions by bringing spurious charges in order to jail regime opponents in the leadup to national elections.",2022,,December 2023,NICARAGUA,,https://www.state.gov/reports/section-353-corrupt-and-undemocratic-actors-report/
Person,Andrés Grégori Rodríguez,,,Section 353(b) of the United States - Northern Triangle Enhanced Engagement Act,United States Department of State,"commissioner of the Institute for Access to Public Information, undermined democratic processes or institutions by purposefully and wrongfully blocking access to public information through his position as a commissioner.",2023,,December 2023,EL SALVADOR,,https://www.state.gov/reports/section-353-corrupt-and-undemocratic-actors-report/
Person,Angel Jancarlos Fernandez Gonzalez,,,Section 353(b) of the United States - Northern Triangle Enhanced Engagement Act,United States Department of State,"a judge, undermined democratic processes or institutions when he convicted and sentenced prodemocracy leaders on vague, false charges of “undermining national integrity” in the sham trials of private sector leaders Luis Rivas, Michael Healy, and Alvaro Vargas; former Sandinista leader Dora Maria Tellez; opposition leaders Jose Antonio Peraza and Victor Hugo Tinoco.",2022,,December 2023,NICARAGUA,,https://www.state.gov/reports/section-353-corrupt-and-undemocratic-actors-report/
Person,Angela Davila Navarrete,,,Section 353(b) of the United States - Northern Triangle Enhanced Engagement Act,United States Department of State,"a current appeals court judge in the Criminal Appeals Court of Managua, undermined democratic processes or institutions by using the appeals court to facilitate a coordinated government campaign to retaliate against critics of the Ortega-Murillo regime and suppress dissent by stripping Nicaraguan citizenship from political opponents and critics of the Ortega-Murillo regime.",2023,,December 2023,NICARAGUA,,https://www.state.gov/reports/section-353-corrupt-and-undemocratic-actors-report/
Person,Arling Patricia Alonso Gomez,,,Section 353(b) of the United States - Northern Triangle Enhanced Engagement Act,United States Department of State,"the current first vice president of the National Assembly, undermined democratic processes or institutions by taking part in coordinated government retaliation to strip Nicaraguan citizenship from political opponents and critics of the Ortega-Murillo regime.",2023,,December 2023,NICARAGUA,,https://www.state.gov/reports/section-353-corrupt-and-undemocratic-actors-report/
Company,Army Academy of Armored Forces,,debarment,Section 1286 of the John S. McCain National Defense Authorization Act for Fiscal Year 2019 (Public Law 115 - 232),United States Congress,,2024,,,,,https://basicresearch.defense.gov/Portals/61/Documents/Academic%20Research%20Security%20Page/FY24%20Section%201286%20List%20for%20public%20release_V2.pdf?ver=KqtK4tL1wLDoUwe2yxWHSw%3D%3D
Company,Army Academy of Armored Forces,,debarment,Section 1286 of the John S. McCain National Defense Authorization Act for Fiscal Year 2019 (Public Law 115 - 232),United States Congress,,2023,,,,,https://rt.cto.mil/wp-content/uploads/2024/07/FY23-Lists-Published-in-Response-to-Section-1286-of-NDAA-2019_clearedv2.pdf
Company,Army Academy of Armored Forces,,debarment,Section 1286 of the John S. McCain National Defense Authorization Act for Fiscal Year 2019 (Public Law 115 - 232),United States Congress,,2025,,,China,,https://www.cto.mil/wp-content/uploads/2026/07/FY25-Section-1286-List.pdf
Company,Army Academy of Artillery and Air Defense,,debarment,Section 1286 of the John S. McCain National Defense Authorization Act for Fiscal Year 2019 (Public Law 115 - 232),United States Congress,,2024,,,,,https://basicresearch.defense.gov/Portals/61/Documents/Academic%20Research%20Security%20Page/FY24%20Section%201286%20List%20for%20public%20release_V2.pdf?ver=KqtK4tL1wLDoUwe2yxWHSw%3D%3D
Company,Army Academy of Artillery and Air Defense,,debarment,Section 1286 of the John S. McCain National Defense Authorization Act for Fiscal Year 2019 (Public Law 115 - 232),United States Congress,,2023,,,,,https://rt.cto.mil/wp-content/uploads/2024/07/FY23-Lists-Published-in-Response-to-Section-1286-of-NDAA-2019_clearedv2.pdf
Company,Army Academy of Artillery and Air Defense,,debarment,Section 1286 of the John S. McCain National Defense Authorization Act for Fiscal Year 2019 (Public Law 115 - 232),United States Congress,,2025,,,China,,https://www.cto.mil/wp-content/uploads/2026/07/FY25-Section-1286-List.pdf
Company,Army Academy of Border and Coastal Defense,,debarment,Section 1286 of the John S. McCain National Defense Authorization Act for Fiscal Year 2019 (Public Law 115 - 232),United States Congress,,2024,,,,,https://basicresearch.defense.gov/Portals/61/Documents/Academic%20Research%20Security%20Page/FY24%20Section%201286%20List%20for%20public%20release_V2.pdf?ver=KqtK4tL1wLDoUwe2yxWHSw%3D%3D
Company,Army Academy of Border and Coastal Defense,,debarment,Section 1286 of the John S. McCain National Defense Authorization Act for Fiscal Year 2019 (Public Law 115 - 232),United States Congress,,2023,,,,,https://rt.cto.mil/wp-content/uploads/2024/07/FY23-Lists-Published-in-Response-to-Section-1286-of-NDAA-2019_clearedv2.pdf
Company,Army Academy of Border and Coastal Defense,,debarment,Section 1286 of the John S. McCain National Defense Authorization Act for Fiscal Year 2019 (Public Law 115 - 232),United States Congress,,2025,,,China,,https://www.cto.mil/wp-content/uploads/2026/07/FY25-Section-1286-List.pdf
Company,Army Aviation Academy,,debarment,Section 1286 of the John S. McCain National Defense Authorization Act for Fiscal Year 2019 (Public Law 115 - 232),United States Congress,,2024,,,,,https://basicresearch.defense.gov/Portals/61/Documents/Academic%20Research%20Security%20Page/FY24%20Section%201286%20List%20for%20public%20release_V2.pdf?ver=KqtK4tL1wLDoUwe2yxWHSw%3D%3D
Company,Army Aviation Academy,,debarment,Section 1286 of the John S. McCain National Defense Authorization Act for Fiscal Year 2019 (Public Law 115 - 232),United States Congress,,2023,,,,,https://rt.cto.mil/wp-content/uploads/2024/07/FY23-Lists-Published-in-Response-to-Section-1286-of-NDAA-2019_clearedv2.pdf
Company,Army Aviation Academy,,debarment,Section 1286 of the John S. McCain National Defense Authorization Act for Fiscal Year 2019 (Public Law 115 - 232),United States Congress,,2025,,,China,,https://www.cto.mil/wp-content/uploads/2026/07/FY25-Section-1286-List.pdf
Company,Army Command College,,debarment,Section 1286 of the John S. McCain National Defense Authorization Act for Fiscal Year 2019 (Public Law 115 - 232),United States Congress,,2024,,,,,https://basicresearch.defense.gov/Portals/61/Documents/Academic%20Research%20Security%20Page/FY24%20Section%201286%20List%20for%20public%20release_V2.pdf?ver=KqtK4tL1wLDoUwe2yxWHSw%3D%3D
Company,Army Command College,,debarment,Section 1286 of the John S. McCain National Defense Authorization Act for Fiscal Year 2019 (Public Law 115 - 232),United States Congress,,2023,,,,,https://rt.cto.mil/wp-content/uploads/2024/07/FY23-Lists-Published-in-Response-to-Section-1286-of-NDAA-2019_clearedv2.pdf
Company,Army Engineering University,,debarment,Section 1286 of the John S. McCain National Defense Authorization Act for Fiscal Year 2019 (Public Law 115 - 232),United States Congress,,2024,,,,,https://basicresearch.defense.gov/Portals/61/Documents/Academic%20Research%20Security%20Page/FY24%20Section%201286%20List%20for%20public%20release_V2.pdf?ver=KqtK4tL1wLDoUwe2yxWHSw%3D%3D
Company,Army Engineering University,,debarment,Section 1286 of the John S. McCain National Defense Authorization Act for Fiscal Year 2019 (Public Law 115 - 232),United States Congress,,2023,,,,,https://rt.cto.mil/wp-content/uploads/2024/07/FY23-Lists-Published-in-Response-to-Section-1286-of-NDAA-2019_clearedv2.pdf
Company,Army Engineering University,,debarment,Section 1286 of the John S. McCain National Defense Authorization Act for Fiscal Year 2019 (Public Law 115 - 232),United States Congress,,2025,,,China,,https://www.cto.mil/wp-content/uploads/2026/07/FY25-Section-1286-List.pdf
Company,Army Infantry College,,debarment,Section 1286 of the John S. McCain National Defense Authorization Act for Fiscal Year 2019 (Public Law 115 - 232),United States Congress,,2024,,,,,https://basicresearch.defense.gov/Portals/61/Documents/Academic%20Research%20Security%20Page/FY24%20Section%201286%20List%20for%20public%20release_V2.pdf?ver=KqtK4tL1wLDoUwe2yxWHSw%3D%3D
Company,Army Infantry College,,debarment,Section 1286 of the John S. McCain National Defense Authorization Act for Fiscal Year 2019 (Public Law 115 - 232),United States Congress,,2023,,,,,https://rt.cto.mil/wp-content/uploads/2024/07/FY23-Lists-Published-in-Response-to-Section-1286-of-NDAA-2019_clearedv2.pdf
Company,Army Infantry College,,debarment,Section 1286 of the John S. McCain National Defense Authorization Act for Fiscal Year 2019 (Public Law 115 - 232),United States Congress,,2025,,,China,,https://www.cto.mil/wp-content/uploads/2026/07/FY25-Section-1286-List.pdf
Company,Army Institute of NBC Defence,,debarment,Section 1286 of the John S. McCain National Defense Authorization Act for Fiscal Year 2019 (Public Law 115 - 232),United States Congress,,2024,,,,,https://basicresearch.defense.gov/Portals/61/Documents/Academic%20Research%20Security%20Page/FY24%20Section%201286%20List%20for%20public%20release_V2.pdf?ver=KqtK4tL1wLDoUwe2yxWHSw%3D%3D
Company,Army Institute of NBC Defence,,debarment,Section 1286 of the John S. McCain National Defense Authorization Act for Fiscal Year 2019 (Public Law 115 - 232),United States Congress,,2023,,,,,https://rt.cto.mil/wp-content/uploads/2024/07/FY23-Lists-Published-in-Response-to-Section-1286-of-NDAA-2019_clearedv2.pdf
Company,Army Institute of NBC Defense,Army Institute of NBC Defence,debarment,Section 1286 of the John S. McCain National Defense Authorization Act for Fiscal Year 2019 (Public Law 115 - 232),United States Congress,,2025,,,China,,https://www.cto.mil/wp-content/uploads/2026/07/FY25-Section-1286-List.pdf
Company,Army Logistic University,,debarment,Section 1286 of the John S. McCain National Defense Authorization Act for Fiscal Year 2019 (Public Law 115 - 232),United States Congress,,2024,,,,,https://basicresearch.defense.gov/Portals/61/Documents/Academic%20Research%20Security%20Page/FY24%20Section%201286%20List%20for%20public%20release_V2.pdf?ver=KqtK4tL1wLDoUwe2yxWHSw%3D%3D
Company,Army Logistic University,,debarment,Section 1286 of the John S. McCain National Defense Authorization Act for Fiscal Year 2019 (Public Law 115 - 232),United States Congress,,2023,,,,,https://rt.cto.mil/wp-content/uploads/2024/07/FY23-Lists-Published-in-Response-to-Section-1286-of-NDAA-2019_clearedv2.pdf
Company,Army Logistics Academy,Army Logistic University,debarment,Section 1286 of the John S. McCain National Defense Authorization Act for Fiscal Year 2019 (Public Law 115 - 232),United States Congress,,2025,,,China,,https://www.cto.mil/wp-content/uploads/2026/07/FY25-Section-1286-List.pdf
Company,Army Medical University,,debarment,Section 1286 of the John S. McCain National Defense Authorization Act for Fiscal Year 2019 (Public Law 115 - 232),United States Congress,,2024,,,,,https://basicresearch.defense.gov/Portals/61/Documents/Academic%20Research%20Security%20Page/FY24%20Section%201286%20List%20for%20public%20release_V2.pdf?ver=KqtK4tL1wLDoUwe2yxWHSw%3D%3D
Company,Army Medical University,,debarment,Section 1286 of the John S. McCain National Defense Authorization Act for Fiscal Year 2019 (Public Law 115 - 232),United States Congress,,2023,,,,,https://rt.cto.mil/wp-content/uploads/2024/07/FY23-Lists-Published-in-Response-to-Section-1286-of-NDAA-2019_clearedv2.pdf
Company,Army Medical University,,debarment,Section 1286 of the John S. McCain National Defense Authorization Act for Fiscal Year 2019 (Public Law 115 - 232),United States Congress,,2025,,,China,,https://www.cto.mil/wp-content/uploads/2026/07/FY25-Section-1286-List.pdf
Company,Army Military Transportation University,,debarment,Section 1286 of the John S. McCain National Defense Authorization Act for Fiscal Year 2019 (Public Law 115 - 232),United States Congress,,2024,,,,,https://basicresearch.defense.gov/Portals/61/Documents/Academic%20Research%20Security%20Page/FY24%20Section%201286%20List%20for%20public%20release_V2.pdf?ver=KqtK4tL1wLDoUwe2yxWHSw%3D%3D
Company,Army Military Transportation University,,debarment,Section 1286 of the John S. McCain National Defense Authorization Act for Fiscal Year 2019 (Public Law 115 - 232),United States Congress,,2023,,,,,https://rt.cto.mil/wp-content/uploads/2024/07/FY23-Lists-Published-in-Response-to-Section-1286-of-NDAA-2019_clearedv2.pdf
Company,Army Military Transportation University,,debarment,Section 1286 of the John S. McCain National Defense Authorization Act for Fiscal Year 2019 (Public Law 115 - 232),United States Congress,,2025,,,China,,https://www.cto.mil/wp-content/uploads/2026/07/FY25-Section-1286-List.pdf
Company,Army Service Arms University,Army University; Army Combat Arms University; Army Branches University,debarment,Section 1286 of the John S. McCain National Defense Authorization Act for Fiscal Year 2019 (Public Law 115 - 232),United States Congress,,2025,,,China,,https://www.cto.mil/wp-content/uploads/2026/07/FY25-Section-1286-List.pdf
Company,Army Special Operations Academy,,debarment,Section 1286 of the John S. McCain National Defense Authorization Act for Fiscal Year 2019 (Public Law 115 - 232),United States Congress,,2024,,,,,https://basicresearch.defense.gov/Portals/61/Documents/Academic%20Research%20Security%20Page/FY24%20Section%201286%20List%20for%20public%20release_V2.pdf?ver=KqtK4tL1wLDoUwe2yxWHSw%3D%3D
Company,Army Special Operations Academy,,debarment,Section 1286 of the John S. McCain National Defense Authorization Act for Fiscal Year 2019 (Public Law 115 - 232),United States Congress,,2023,,,,,https://rt.cto.mil/wp-content/uploads/2024/07/FY23-Lists-Published-in-Response-to-Section-1286-of-NDAA-2019_clearedv2.pdf
Company,Army Special Operations Academy,,debarment,Section 1286 of the John S. McCain National Defense Authorization Act for Fiscal Year 2019 (Public Law 115 - 232),United States Congress,,2025,,,China,,https://www.cto.mil/wp-content/uploads/2026/07/FY25-Section-1286-List.pdf
Company,Astrakhan State University,,debarment,Section 1286 of the John S. McCain National Defense Authorization Act for Fiscal Year 2019 (Public Law 115 - 232),United States Congress,,2024,,,,,https://basicresearch.defense.gov/Portals/61/Documents/Academic%20Research%20Security%20Page/FY24%20Section%201286%20List%20for%20public%20release_V2.pdf?ver=KqtK4tL1wLDoUwe2yxWHSw%3D%3D
Company,Astrakhan State University,,debarment,Section 1286 of the John S. McCain National Defense Authorization Act for Fiscal Year 2019 (Public Law 115 - 232),United States Congress,,2025,,,Russia,,https://www.cto.mil/wp-content/uploads/2026/07/FY25-Section-1286-List.pdf
Company,ATR Defense S&T Key Laboratory of Intelligent Information Processing at Shenzhen University,,debarment,Section 1286 of the John S. McCain National Defense Authorization Act for Fiscal Year 2019 (Public Law 115 - 232),United States Congress,,2024,,,,,https://basicresearch.defense.gov/Portals/61/Documents/Academic%20Research%20Security%20Page/FY24%20Section%201286%20List%20for%20public%20release_V2.pdf?ver=KqtK4tL1wLDoUwe2yxWHSw%3D%3D
Company,ATR Defense S&T Key Laboratory of Intelligent Information Processing at Shenzhen University,,debarment,Section 1286 of the John S. McCain National Defense Authorization Act for Fiscal Year 2019 (Public Law 115 - 232),United States Congress,,2023,,,,,https://rt.cto.mil/wp-content/uploads/2024/07/FY23-Lists-Published-in-Response-to-Section-1286-of-NDAA-2019_clearedv2.pdf
Company,ATR Defense S&T Key Laboratory of Intelligent Information Processing at Shenzhen University,,debarment,Section 1286 of the John S. McCain National Defense Authorization Act for Fiscal Year 2019 (Public Law 115 - 232),United States Congress,,2025,,,China,,https://www.cto.mil/wp-content/uploads/2026/07/FY25-Section-1286-List.pdf
Person,Audelia Rodriguez Rodrigo,,,Section 353(b) of the United States - Northern Triangle Enhanced Engagement Act,United States Department of State,"current member of congress, engaged in significant corruption by misappropriating funds from the publicly funded Limpieza de Solares y Calles development project to her personal accounts.",2021,,December 2023,HONDURAS,,https://www.state.gov/reports/section-353-corrupt-and-undemocratic-actors-report/
Person,Augusto Domingo Cruz Asensio,,,Section 353(b) of the United States - Northern Triangle Enhanced Engagement Act,United States Department of State,"former member of congress, engaged in significant corruption by misappropriating funds from the public Generacion employment program to personal accounts.",2021,,December 2023,HONDURAS,,https://www.state.gov/reports/section-353-corrupt-and-undemocratic-actors-report/
Person,Auxiliadora del Carmen Sequeira Suazo,,,Section 353(b) of the United States - Northern Triangle Enhanced Engagement Act,United States Department of State,"a prosecutor in Esteli, undermined democratic processes or institutions by bringing the regime’s case against pro-democracy activist and political prisoner Alexis Peralta and by pursuing spurious charges, convictions, and harsh sentences against regime opponents.",2022,,December 2023,NICARAGUA,,https://www.state.gov/reports/section-353-corrupt-and-undemocratic-actors-report-2022/
Person,Axel Arturo Samayoa Camacho,,,Section 353(b) of the United States - Northern Triangle Enhanced Engagement Act,United States Department of State,"the owner of several trucking and shipping companies operating in the government-run EMPORNAC (Atlantic) and EPQ (Pacific) ports, engaged in significant corruption by improperly colluding with public officials and paying bribes to ensure his companies won lucrative port contracts.",2022,,December 2023,GUATEMALA,,https://www.state.gov/reports/section-353-corrupt-and-undemocratic-actors-report-2022/
Company,Baqiyatallah University of Medical Sciences,Baghyatollah Medical Sciences University,debarment,Section 1286 of the John S. McCain National Defense Authorization Act for Fiscal Year 2019 (Public Law 115 - 232),United States Congress,,2025,,,Iran,,https://www.cto.mil/wp-content/uploads/2026/07/FY25-Section-1286-List.pdf
Company,Bauman Moscow State Technical University,,debarment,Section 1286 of the John S. McCain National Defense Authorization Act for Fiscal Year 2019 (Public Law 115 - 232),United States Congress,,2024,,,,,https://basicresearch.defense.gov/Portals/61/Documents/Academic%20Research%20Security%20Page/FY24%20Section%201286%20List%20for%20public%20release_V2.pdf?ver=KqtK4tL1wLDoUwe2yxWHSw%3D%3D
Company,Bauman Moscow State Technical University,,debarment,Section 1286 of the John S. McCain National Defense Authorization Act for Fiscal Year 2019 (Public Law 115 - 232),United States Congress,,2025,,,Russia,,https://www.cto.mil/wp-content/uploads/2026/07/FY25-Section-1286-List.pdf
Company,Beihang University,Beijing University of Aeronautics and Astronautics,debarment,Section 1286 of the John S. McCain National Defense Authorization Act for Fiscal Year 2019 (Public Law 115 - 232),United States Congress,,2025,,,China,,https://www.cto.mil/wp-content/uploads/2026/07/FY25-Section-1286-List.pdf
Company,Beijing Academy of Quantum Information Sciences,,debarment,Section 1286 of the John S. McCain National Defense Authorization Act for Fiscal Year 2019 (Public Law 115 - 232),United States Congress,,2024,,,,,https://basicresearch.defense.gov/Portals/61/Documents/Academic%20Research%20Security%20Page/FY24%20Section%201286%20List%20for%20public%20release_V2.pdf?ver=KqtK4tL1wLDoUwe2yxWHSw%3D%3D
Company,Beijing Academy of Quantum Information Sciences,,debarment,Section 1286 of the John S. McCain National Defense Authorization Act for Fiscal Year 2019 (Public Law 115 - 232),United States Congress,,2025,,,China,,https://www.cto.mil/wp-content/uploads/2026/07/FY25-Section-1286-List.pdf
Company,Beijing Aeronautical Manufacturing Technology Research Institute,Aviation Industry Corporation of China’s Institute 625,debarment,Section 1286 of the John S. McCain National Defense Authorization Act for Fiscal Year 2019 (Public Law 115 - 232),United States Congress,,2024,,,,,https://basicresearch.defense.gov/Portals/61/Documents/Academic%20Research%20Security%20Page/FY24%20Section%201286%20List%20for%20public%20release_V2.pdf?ver=KqtK4tL1wLDoUwe2yxWHSw%3D%3D
Company,Beijing Aeronautical Manufacturing Technology Research Institute,Aviation Industry Corporation of China’s (AVIC) Institute 625; BAMTRI,debarment,Section 1286 of the John S. McCain National Defense Authorization Act for Fiscal Year 2019 (Public Law 115 - 232),United States Congress,,2023,,,,,https://rt.cto.mil/wp-content/uploads/2024/07/FY23-Lists-Published-in-Response-to-Section-1286-of-NDAA-2019_clearedv2.pdf
Company,Beijing Aeronautical Manufacturing Technology Research Institute,Aviation Industry Corporation of China's (AVIC) Institute 625; AVIC Beijing Aeronautical Manufacturing Technology Research Institute,debarment,Section 1286 of the John S. McCain National Defense Authorization Act for Fiscal Year 2019 (Public Law 115 - 232),United States Congress,,2025,,,China,,https://www.cto.mil/wp-content/uploads/2026/07/FY25-Section-1286-List.pdf
Company,Beijing Aeronautical Manufacturing Technology Research Institute (BAMTRI),Aviation Industry Corporation of China's (AVIC) Institute 625,debarment,Section 1286 of the John S. McCain National Defense Authorization Act for Fiscal Year 2019 (Public Law 115 - 232),United States Congress,,2022,,,,,https://media.defense.gov/2023/Jun/29/2003251160/-1/-1/1/COUNTERING-UNWANTED-INFLUENCE-IN-DEPARTMENT-FUNDED-RESEARCH-AT-INSTITUTIONS-OF-HIGHER-EDUCATION.PDF
Company,Beijing Computational Science Research Center,Beijing Computing Science Research Center; CSRC,debarment,Section 1286 of the John S. McCain National Defense Authorization Act for Fiscal Year 2019 (Public Law 115 - 232),United States Congress,,2024,,,,,https://basicresearch.defense.gov/Portals/61/Documents/Academic%20Research%20Security%20Page/FY24%20Section%201286%20List%20for%20public%20release_V2.pdf?ver=KqtK4tL1wLDoUwe2yxWHSw%3D%3D
Company,Beijing Computational Science Research Center,Beijing Computing Science Research Center,debarment,Section 1286 of the John S. McCain National Defense Authorization Act for Fiscal Year 2019 (Public Law 115 - 232),United States Congress,,2022,,,,,https://media.defense.gov/2023/Jun/29/2003251160/-1/-1/1/COUNTERING-UNWANTED-INFLUENCE-IN-DEPARTMENT-FUNDED-RESEARCH-AT-INSTITUTIONS-OF-HIGHER-EDUCATION.PDF
Company,Beijing Computational Science Research Center,BCSRC,debarment,Section 1286 of the John S. McCain National Defense Authorization Act for Fiscal Year 2019 (Public Law 115 - 232),United States Congress,,2022,,,,,https://media.defense.gov/2023/Jun/29/2003251160/-1/-1/1/COUNTERING-UNWANTED-INFLUENCE-IN-DEPARTMENT-FUNDED-RESEARCH-AT-INSTITUTIONS-OF-HIGHER-EDUCATION.PDF
Company,Beijing Computational Science Research Center,CSRC,debarment,Section 1286 of the John S. McCain National Defense Authorization Act for Fiscal Year 2019 (Public Law 115 - 232),United States Congress,,2022,,,,,https://media.defense.gov/2023/Jun/29/2003251160/-1/-1/1/COUNTERING-UNWANTED-INFLUENCE-IN-DEPARTMENT-FUNDED-RESEARCH-AT-INSTITUTIONS-OF-HIGHER-EDUCATION.PDF
Company,Beijing Computational Science Research Center,Beijing Computing Science Research Center; CSRC; BCSRC,debarment,Section 1286 of the John S. McCain National Defense Authorization Act for Fiscal Year 2019 (Public Law 115 - 232),United States Congress,,2023,,,,,https://rt.cto.mil/wp-content/uploads/2024/07/FY23-Lists-Published-in-Response-to-Section-1286-of-NDAA-2019_clearedv2.pdf
Company,Beijing Computational Science Research Center,Beijing Computing Science Research Center,debarment,Section 1286 of the John S. McCain National Defense Authorization Act for Fiscal Year 2019 (Public Law 115 - 232),United States Congress,,2025,,,China,,https://www.cto.mil/wp-content/uploads/2026/07/FY25-Section-1286-List.pdf
Company,Beijing Institute of Technology,,debarment,Section 1286 of the John S. McCain National Defense Authorization Act for Fiscal Year 2019 (Public Law 115 - 232),United States Congress,,2024,,,,,https://basicresearch.defense.gov/Portals/61/Documents/Academic%20Research%20Security%20Page/FY24%20Section%201286%20List%20for%20public%20release_V2.pdf?ver=KqtK4tL1wLDoUwe2yxWHSw%3D%3D
Company,Beijing Institute of Technology,,debarment,Section 1286 of the John S. McCain National Defense Authorization Act for Fiscal Year 2019 (Public Law 115 - 232),United States Congress,,2022,,,,,https://media.defense.gov/2023/Jun/29/2003251160/-1/-1/1/COUNTERING-UNWANTED-INFLUENCE-IN-DEPARTMENT-FUNDED-RESEARCH-AT-INSTITUTIONS-OF-HIGHER-EDUCATION.PDF
Company,Beijing Institute of Technology,,debarment,Section 1286 of the John S. McCain National Defense Authorization Act for Fiscal Year 2019 (Public Law 115 - 232),United States Congress,,2023,,,,,https://rt.cto.mil/wp-content/uploads/2024/07/FY23-Lists-Published-in-Response-to-Section-1286-of-NDAA-2019_clearedv2.pdf
Company,Beijing Institute of Technology,,debarment,Section 1286 of the John S. McCain National Defense Authorization Act for Fiscal Year 2019 (Public Law 115 - 232),United States Congress,,2025,,,China,,https://www.cto.mil/wp-content/uploads/2026/07/FY25-Section-1286-List.pdf
Company,Beijing University of Aeronautics and Astronautics,Beihang University,debarment,Section 1286 of the John S. McCain National Defense Authorization Act for Fiscal Year 2019 (Public Law 115 - 232),United States Congress,,2024,,,,,https://basicresearch.defense.gov/Portals/61/Documents/Academic%20Research%20Security%20Page/FY24%20Section%201286%20List%20for%20public%20release_V2.pdf?ver=KqtK4tL1wLDoUwe2yxWHSw%3D%3D
Company,Beijing University of Aeronautics and Astronautics,BUAA,debarment,Section 1286 of the John S. McCain National Defense Authorization Act for Fiscal Year 2019 (Public Law 115 - 232),United States Congress,,2022,,,,,https://media.defense.gov/2023/Jun/29/2003251160/-1/-1/1/COUNTERING-UNWANTED-INFLUENCE-IN-DEPARTMENT-FUNDED-RESEARCH-AT-INSTITUTIONS-OF-HIGHER-EDUCATION.PDF
Company,Beijing University of Aeronautics and Astronautics,Beihang University,debarment,Section 1286 of the John S. McCain National Defense Authorization Act for Fiscal Year 2019 (Public Law 115 - 232),United States Congress,,2022,,,,,https://media.defense.gov/2023/Jun/29/2003251160/-1/-1/1/COUNTERING-UNWANTED-INFLUENCE-IN-DEPARTMENT-FUNDED-RESEARCH-AT-INSTITUTIONS-OF-HIGHER-EDUCATION.PDF
Company,Beijing University of Aeronautics and Astronautics,Beihang University; BUAA,debarment,Section 1286 of the John S. McCain National Defense Authorization Act for Fiscal Year 2019 (Public Law 115 - 232),United States Congress,,2023,,,,,https://rt.cto.mil/wp-content/uploads/2024/07/FY23-Lists-Published-in-Response-to-Section-1286-of-NDAA-2019_clearedv2.pdf
Company,Beijing University of Posts and Telecommunications,,debarment,Section 1286 of the John S. McCain National Defense Authorization Act for Fiscal Year 2019 (Public Law 115 - 232),United States Congress,,2024,,,,,https://basicresearch.defense.gov/Portals/61/Documents/Academic%20Research%20Security%20Page/FY24%20Section%201286%20List%20for%20public%20release_V2.pdf?ver=KqtK4tL1wLDoUwe2yxWHSw%3D%3D
Company,Beijing University of Posts and Telecommunications,BUPT,debarment,Section 1286 of the John S. McCain National Defense Authorization Act for Fiscal Year 2019 (Public Law 115 - 232),United States Congress,,2022,,,,,https://media.defense.gov/2023/Jun/29/2003251160/-1/-1/1/COUNTERING-UNWANTED-INFLUENCE-IN-DEPARTMENT-FUNDED-RESEARCH-AT-INSTITUTIONS-OF-HIGHER-EDUCATION.PDF
Company,Beijing University of Posts and Telecommunications,BUPT,debarment,Section 1286 of the John S. McCain National Defense Authorization Act for Fiscal Year 2019 (Public Law 115 - 232),United States Congress,,2023,,,,,https://rt.cto.mil/wp-content/uploads/2024/07/FY23-Lists-Published-in-Response-to-Section-1286-of-NDAA-2019_clearedv2.pdf
Company,Beijing University of Posts and Telecommunications,,debarment,Section 1286 of the John S. McCain National Defense Authorization Act for Fiscal Year 2019 (Public Law 115 - 232),United States Congress,,2025,,,China,,https://www.cto.mil/wp-content/uploads/2026/07/FY25-Section-1286-List.pdf
Person,Blanca Aida Stalling Davila,,,Section 353(b) of the United States - Northern Triangle Enhanced Engagement Act,United States Department of State,"former Supreme Court Justice, engaged in significant corruption by participating in bribery schemes and inappropriately influencing the judicial branch. She is designated under Section 7031(c) for involvement in significant corruption.",2021,,December 2023,GUATEMALA,,https://www.state.gov/reports/section-353-corrupt-and-undemocratic-actors-report/
Person,Boris Roberto Espana Caceres,,,Section 353(b) of the United States - Northern Triangle Enhanced Engagement Act,United States Department of State,"current congressional representative in the Guatemalan Congress, engaged in significant corruption when he participated in influence peddling and bribery.",2021,,December 2023,GUATEMALA,,https://www.state.gov/reports/section-353-corrupt-and-undemocratic-actors-report/
Company,"BYD Company, Limited",,,Section 154 of the United States National Defense Authorization Act for Fiscal Year 2024,United States Congress,,2023-12-22,"October 1, 2027",,,"Beginning on October 1, 2027, none of the funds authorized to be appropriated or otherwise made available for the Department of Defense may be obligated or expended to procure a battery produced by the entity.",https://www.congress.gov/118/plaws/publ31/PLAW-118publ31.pdf
Person,Carlos Alberto Ortiz,,,Section 353(b) of the United States - Northern Triangle Enhanced Engagement Act,United States Department of State,"a former president of Banco Hipotecario, a state-owned bank, engaged in significant corruption by laundering $97 million in exchange for $72,000 in bribes.",2023,,December 2023,EL SALVADOR,,https://www.state.gov/reports/section-353-corrupt-and-undemocratic-actors-report-2023/
Person,Carlos Armando Reyes Ramos,,,Section 353(b) of the United States - Northern Triangle Enhanced Engagement Act,United States Department of State,"current member of the Legislative Assembly, obstructed investigations into corruption by inappropriately influencing the Supreme Court Magistrate selection process.",2021,,December 2023,EL SALVADOR,,https://www.state.gov/reports/section-353-corrupt-and-undemocratic-actors-report/
Person,Carlos Enrique Cruz Arana,,,Section 353(b) of the United States - Northern Triangle Enhanced Engagement Act,United States Department of State,"a former vice president of Banco Hipotecario, a state-owned bank, engaged in significant corruption by laundering $94.5 million in exchange for $64,500 in bribes.",2023,,December 2023,EL SALVADOR,,https://www.state.gov/reports/section-353-corrupt-and-undemocratic-actors-report-2023/
Person,Carlos Estuardo Galvez Barrios,,,Section 353(b) of the United States - Northern Triangle Enhanced Engagement Act,United States Department of State,"former Rector of the University of San Carlos (USAC), undermined the democratic process or institutions by using his standing in the legal community to influence members of the judicial nomination commission in the facilitation of the “Parallel Commissions 2020” scheme to stack the Supreme Court and Appellate Courts with corrupt judges.",2022,,December 2023,GUATEMALA,,https://www.state.gov/reports/section-353-corrupt-and-undemocratic-actors-report-2022/
Person,Carlos Josue Montes Rodriguez,,,Section 353(b) of the United States - Northern Triangle Enhanced Engagement Act,United States Department of State,"Vice Secretary of Labor in 2011, engaged in significant corruption by accepting bribes to improperly award contracts to political allies and to expedite payments.",2022,,December 2023,HONDURAS,,https://www.state.gov/reports/section-353-corrupt-and-undemocratic-actors-report-2022/
Person,Carlos Josué Romero Puerto,,,Section 353(b) of the United States - Northern Triangle Enhanced Engagement Act,United States Department of State,"Project Coordinator for Bono10 Mil, transferred proceeds of corruption when he aided the misappropriation of more than $500,000 from Bono 10 Mil, a presidential project aimed at reducing rural poverty.",2022,,December 2023,HONDURAS,,https://www.state.gov/reports/section-353-corrupt-and-undemocratic-actors-report-2022/
Person,Carlos Mauricio Funes Cartagena,,,Section 353(b) of the United States - Northern Triangle Enhanced Engagement Act,United States Department of State,"a former president of El Salvador, engaged in significant corruption by orchestrating and participating in several schemes involving bribery, embezzlement, and money laundering while president, pilfering hundreds of millions of dollars from state coffers.",2023,,December 2023,EL SALVADOR,,https://www.state.gov/reports/section-353-corrupt-and-undemocratic-actors-report-2023/
Person,Carlos Rafael Espinoza Castilla,,,Section 353(b) of the United States - Northern Triangle Enhanced Engagement Act,United States Department of State,"a prosecutor, undermined democratic processes or institutions by bringing spurious charges in order to jail regime opponents in the leadup to national elections.",2022,,December 2023,NICARAGUA,,https://www.state.gov/reports/section-353-corrupt-and-undemocratic-actors-report-2022/
Person,Carol Vanessa Alvarado Izaguirre,,,Section 353(b) of the United States - Northern Triangle Enhanced Engagement Act,United States Department of State,"Finance Manager at the Presidential Palace in 2014, transferred proceeds of corruption when she aided the misappropriation of more than $500,000 from Bono 10 Mil, a presidential project aimed at reducing rural poverty.",2022,,December 2023,HONDURAS,,https://www.state.gov/reports/section-353-corrupt-and-undemocratic-actors-report-2022/
Person,Cecilia Coronada Alvarenga de Figueroa,,,Section 353(b) of the United States - Northern Triangle Enhanced Engagement Act,United States Department of State,"spouse of former Public Security Minister Rene Mario Figueroa Figueroa, facilitated the transfer of proceeds of corruption when she assisted her husband in laundering over $3 million in public funds, while her husband was Minister of Public Security during the Saca administration.",2022,,December 2023,EL SALVADOR,,https://www.state.gov/reports/section-353-corrupt-and-undemocratic-actors-report-2022/
Company,Center for High Pressure Science and Technology Advanced Research,Beijing High Voltage Research Center,debarment,Section 1286 of the John S. McCain National Defense Authorization Act for Fiscal Year 2019 (Public Law 115 - 232),United States Congress,,2024,,,,,https://basicresearch.defense.gov/Portals/61/Documents/Academic%20Research%20Security%20Page/FY24%20Section%201286%20List%20for%20public%20release_V2.pdf?ver=KqtK4tL1wLDoUwe2yxWHSw%3D%3D
Company,Center for High Pressure Science and Technology Advanced Research,HPSTAR,debarment,Section 1286 of the John S. McCain National Defense Authorization Act for Fiscal Year 2019 (Public Law 115 - 232),United States Congress,,2022,,,,,https://media.defense.gov/2023/Jun/29/2003251160/-1/-1/1/COUNTERING-UNWANTED-INFLUENCE-IN-DEPARTMENT-FUNDED-RESEARCH-AT-INSTITUTIONS-OF-HIGHER-EDUCATION.PDF
Company,Center for High Pressure Science and Technology Advanced Research,Beijing High Voltage Research Center,debarment,Section 1286 of the John S. McCain National Defense Authorization Act for Fiscal Year 2019 (Public Law 115 - 232),United States Congress,,2022,,,,,https://media.defense.gov/2023/Jun/29/2003251160/-1/-1/1/COUNTERING-UNWANTED-INFLUENCE-IN-DEPARTMENT-FUNDED-RESEARCH-AT-INSTITUTIONS-OF-HIGHER-EDUCATION.PDF
Company,Center for High Pressure Science and Technology Advanced Research,Beijing High Voltage Research Center; HPSTAR,debarment,Section 1286 of the John S. McCain National Defense Authorization Act for Fiscal Year 2019 (Public Law 115 - 232),United States Congress,,2023,,,,,https://rt.cto.mil/wp-content/uploads/2024/07/FY23-Lists-Published-in-Response-to-Section-1286-of-NDAA-2019_clearedv2.pdf
Company,Center for High Pressure Science and Technology Advanced Research,Beijing High Voltage Research Center,debarment,Section 1286 of the John S. McCain National Defense Authorization Act for Fiscal Year 2019 (Public Law 115 - 232),United States Congress,,2025,,,China,,https://www.cto.mil/wp-content/uploads/2026/07/FY25-Section-1286-List.pdf
Company,Center for International Security and Strategy,,debarment,Section 1286 of the John S. McCain National Defense Authorization Act for Fiscal Year 2019 (Public Law 115 - 232),United States Congress,,2024,,,,affiliated with Tsinghua University,https://basicresearch.defense.gov/Portals/61/Documents/Academic%20Research%20Security%20Page/FY24%20Section%201286%20List%20for%20public%20release_V2.pdf?ver=KqtK4tL1wLDoUwe2yxWHSw%3D%3D
Company,Center for International Security and Strategy of Tsinghua University,CISS Tsinghua; Center for International Security and Strategy,debarment,Section 1286 of the John S. McCain National Defense Authorization Act for Fiscal Year 2019 (Public Law 115 - 232),United States Congress,,2025,,,China,,https://www.cto.mil/wp-content/uploads/2026/07/FY25-Section-1286-List.pdf
Person,Ch'oe Ch'o'l-min,,sanction,Nonproliferation Sanctions (ISN) - State Department,State Department,,2026-01-27,2026-01-22,2028-01-22,DPRK,,https://www.federalregister.gov/documents/2026/01/27/2026-01593/imposition-of-nonproliferation-measures-against-foreign-persons-including-a-ban-on-us-government
Company,Changchun University of Science and Technology,Changchun Institute of Optics and Fine Mechanics,debarment,Section 1286 of the John S. McCain National Defense Authorization Act for Fiscal Year 2019 (Public Law 115 - 232),United States Congress,,2024,,,,,https://basicresearch.defense.gov/Portals/61/Documents/Academic%20Research%20Security%20Page/FY24%20Section%201286%20List%20for%20public%20release_V2.pdf?ver=KqtK4tL1wLDoUwe2yxWHSw%3D%3D
Company,Changchung University of Science and Technology,Changchun Institute of Optics and Fine Mechanics; Changchun University of Science and Technology; Changchun University of Science and Technology,debarment,Section 1286 of the John S. McCain National Defense Authorization Act for Fiscal Year 2019 (Public Law 115 - 232),United States Congress,,2025,,,China,,https://www.cto.mil/wp-content/uploads/2026/07/FY25-Section-1286-List.pdf
Company,Changjiang Scholar Distinguished Professorship,,debarment,Section 1286 of the John S. McCain National Defense Authorization Act for Fiscal Year 2019 (Public Law 115 - 232),United States Congress,,2024,,,,,https://basicresearch.defense.gov/Portals/61/Documents/Academic%20Research%20Security%20Page/FY24%20Section%201286%20List%20for%20public%20release_V2.pdf?ver=KqtK4tL1wLDoUwe2yxWHSw%3D%3D
Company,Changjiang Scholar Distinguished Professorship,,debarment,Section 1286 of the John S. McCain National Defense Authorization Act for Fiscal Year 2019 (Public Law 115 - 232),United States Congress,,2022,,,,,https://media.defense.gov/2023/Jun/29/2003251160/-1/-1/1/COUNTERING-UNWANTED-INFLUENCE-IN-DEPARTMENT-FUNDED-RESEARCH-AT-INSTITUTIONS-OF-HIGHER-EDUCATION.PDF
Company,Changjiang Scholar Distinguished Professorship,,debarment,Section 1286 of the John S. McCain National Defense Authorization Act for Fiscal Year 2019 (Public Law 115 - 232),United States Congress,,2023,,,,,https://rt.cto.mil/wp-content/uploads/2024/07/FY23-Lists-Published-in-Response-to-Section-1286-of-NDAA-2019_clearedv2.pdf
Company,Changjiang Scholar Distinguished Professorship,,debarment,Section 1286 of the John S. McCain National Defense Authorization Act for Fiscal Year 2019 (Public Law 115 - 232),United States Congress,,2025,,,,,https://www.cto.mil/wp-content/uploads/2026/07/FY25-Section-1286-List.pdf
Company,ChangXin Memory Technologies,CXMT,debarment,Section 5949 of the James M. Inhofe National Defense Authorization Act for Fiscal Year 2023 (Public Law 117-263),United States Congress,,,,,,,https://www.congress.gov/117/bills/hr7776/BILLS-117hr7776enr.pdf
Company,China Academy of Engineering Physics,"Ninth Academy; Ninth Institute; Southwest Computing Center; Southwest Institute of Applied Electronics; Southwest Institute of Chemical Materials; Southwest Institute of Electronic Engineering; Southwest Institute of Environmental Testing; Southwest Institute of Explosives and Chemical Engineering; Southwest Institute of Fluid Physics; Southwest Institute General Designing and Assembly; Southwest Institute of Machining Technology; Southwest Institute of Materials; Southwest Institute of Nuclear Physics and Chemistry; Southwest Institute of Research and Applications of Special Materials Factory; Southwest Institute of Structural Materials; High Power Laser Laboratory, Shanghai; Institute of Applied Physics and Computational Mathematics, Beijing; Chinese Academy of Engineering Physics",debarment,Section 1286 of the John S. McCain National Defense Authorization Act for Fiscal Year 2019 (Public Law 115 - 232),United States Congress,,2025,,,China,and affiliates,https://www.cto.mil/wp-content/uploads/2026/07/FY25-Section-1286-List.pdf
Company,China Coast Guard Academy,China Maritime Police Academy; People’s Armed Police China Coast Guard Academy; PAP China Coast Guard Academy,debarment,Section 1286 of the John S. McCain National Defense Authorization Act for Fiscal Year 2019 (Public Law 115 - 232),United States Congress,,2024,,,,,https://basicresearch.defense.gov/Portals/61/Documents/Academic%20Research%20Security%20Page/FY24%20Section%201286%20List%20for%20public%20release_V2.pdf?ver=KqtK4tL1wLDoUwe2yxWHSw%3D%3D
Company,China Coast Guard Academy,People’s Armed Police China Coast Guard Academy,debarment,Section 1286 of the John S. McCain National Defense Authorization Act for Fiscal Year 2019 (Public Law 115 - 232),United States Congress,,2025,,,China,,https://www.cto.mil/wp-content/uploads/2026/07/FY25-Section-1286-List.pdf
Company,Chinese Academy of Engineering Physics,"Ninth Academy; Southwest Computing Center; Southwest Institute of Applied Electronics; Southwest Institute of Chemical Materials; Southwest Institute of Electronic Engineering; Southwest Institute of Environmental Testing; Southwest Institute of Explosives and Chemical Engineering; Southwest Institute of Fluid Physics; Southwest Institute of General Designing and Assembly; Southwest Institute of Machining Technology; Southwest Institute of Materials; Southwest Institute of Nuclear Physics and Chemistry; China Academy of Engineering Physics’ 902 Institute; Southwest Institute of Research and Applications of Special Materials Factory; Southwest Institute of Structural Mechanics; The High Power Laser Laboratory, Shanghai; The Institute of Applied Physics and Computational Mathematics, Beijing; 901 Institute",debarment,Section 1286 of the John S. McCain National Defense Authorization Act for Fiscal Year 2019 (Public Law 115 - 232),United States Congress,,2024,,,,,https://basicresearch.defense.gov/Portals/61/Documents/Academic%20Research%20Security%20Page/FY24%20Section%201286%20List%20for%20public%20release_V2.pdf?ver=KqtK4tL1wLDoUwe2yxWHSw%3D%3D
Company,Chinese Academy of Engineering Physics,CAEP,debarment,Section 1286 of the John S. McCain National Defense Authorization Act for Fiscal Year 2019 (Public Law 115 - 232),United States Congress,,2022,,,,,https://media.defense.gov/2023/Jun/29/2003251160/-1/-1/1/COUNTERING-UNWANTED-INFLUENCE-IN-DEPARTMENT-FUNDED-RESEARCH-AT-INSTITUTIONS-OF-HIGHER-EDUCATION.PDF
Company,Chinese Academy of Engineering Physics,Ninth Academy,debarment,Section 1286 of the John S. McCain National Defense Authorization Act for Fiscal Year 2019 (Public Law 115 - 232),United States Congress,,2022,,,,,https://media.defense.gov/2023/Jun/29/2003251160/-1/-1/1/COUNTERING-UNWANTED-INFLUENCE-IN-DEPARTMENT-FUNDED-RESEARCH-AT-INSTITUTIONS-OF-HIGHER-EDUCATION.PDF
Company,Chinese Academy of Engineering Physics,Southwest Computing Center,debarment,Section 1286 of the John S. McCain National Defense Authorization Act for Fiscal Year 2019 (Public Law 115 - 232),United States Congress,,2022,,,,,https://media.defense.gov/2023/Jun/29/2003251160/-1/-1/1/COUNTERING-UNWANTED-INFLUENCE-IN-DEPARTMENT-FUNDED-RESEARCH-AT-INSTITUTIONS-OF-HIGHER-EDUCATION.PDF
Company,Chinese Academy of Engineering Physics,Southwest Institute of Applied Electronics,debarment,Section 1286 of the John S. McCain National Defense Authorization Act for Fiscal Year 2019 (Public Law 115 - 232),United States Congress,,2022,,,,,https://media.defense.gov/2023/Jun/29/2003251160/-1/-1/1/COUNTERING-UNWANTED-INFLUENCE-IN-DEPARTMENT-FUNDED-RESEARCH-AT-INSTITUTIONS-OF-HIGHER-EDUCATION.PDF
Company,Chinese Academy of Engineering Physics,Southwest Institute of Chemical Materials,debarment,Section 1286 of the John S. McCain National Defense Authorization Act for Fiscal Year 2019 (Public Law 115 - 232),United States Congress,,2022,,,,,https://media.defense.gov/2023/Jun/29/2003251160/-1/-1/1/COUNTERING-UNWANTED-INFLUENCE-IN-DEPARTMENT-FUNDED-RESEARCH-AT-INSTITUTIONS-OF-HIGHER-EDUCATION.PDF
Company,Chinese Academy of Engineering Physics,Southwest Institute of Electronic Engineering,debarment,Section 1286 of the John S. McCain National Defense Authorization Act for Fiscal Year 2019 (Public Law 115 - 232),United States Congress,,2022,,,,,https://media.defense.gov/2023/Jun/29/2003251160/-1/-1/1/COUNTERING-UNWANTED-INFLUENCE-IN-DEPARTMENT-FUNDED-RESEARCH-AT-INSTITUTIONS-OF-HIGHER-EDUCATION.PDF
Company,Chinese Academy of Engineering Physics,Southwest Institute of Environmental Testing,debarment,Section 1286 of the John S. McCain National Defense Authorization Act for Fiscal Year 2019 (Public Law 115 - 232),United States Congress,,2022,,,,,https://media.defense.gov/2023/Jun/29/2003251160/-1/-1/1/COUNTERING-UNWANTED-INFLUENCE-IN-DEPARTMENT-FUNDED-RESEARCH-AT-INSTITUTIONS-OF-HIGHER-EDUCATION.PDF
Company,Chinese Academy of Engineering Physics,Southwest Institute of Explosives and Chemical Engineering,debarment,Section 1286 of the John S. McCain National Defense Authorization Act for Fiscal Year 2019 (Public Law 115 - 232),United States Congress,,2022,,,,,https://media.defense.gov/2023/Jun/29/2003251160/-1/-1/1/COUNTERING-UNWANTED-INFLUENCE-IN-DEPARTMENT-FUNDED-RESEARCH-AT-INSTITUTIONS-OF-HIGHER-EDUCATION.PDF
Company,Chinese Academy of Engineering Physics,Southwest Institute of Fluid Physics,debarment,Section 1286 of the John S. McCain National Defense Authorization Act for Fiscal Year 2019 (Public Law 115 - 232),United States Congress,,2022,,,,,https://media.defense.gov/2023/Jun/29/2003251160/-1/-1/1/COUNTERING-UNWANTED-INFLUENCE-IN-DEPARTMENT-FUNDED-RESEARCH-AT-INSTITUTIONS-OF-HIGHER-EDUCATION.PDF
Company,Chinese Academy of Engineering Physics,Southwest Institute of General Designing and Assembly,debarment,Section 1286 of the John S. McCain National Defense Authorization Act for Fiscal Year 2019 (Public Law 115 - 232),United States Congress,,2022,,,,,https://media.defense.gov/2023/Jun/29/2003251160/-1/-1/1/COUNTERING-UNWANTED-INFLUENCE-IN-DEPARTMENT-FUNDED-RESEARCH-AT-INSTITUTIONS-OF-HIGHER-EDUCATION.PDF
Company,Chinese Academy of Engineering Physics,Southwest Institute of Machining Technology,debarment,Section 1286 of the John S. McCain National Defense Authorization Act for Fiscal Year 2019 (Public Law 115 - 232),United States Congress,,2022,,,,,https://media.defense.gov/2023/Jun/29/2003251160/-1/-1/1/COUNTERING-UNWANTED-INFLUENCE-IN-DEPARTMENT-FUNDED-RESEARCH-AT-INSTITUTIONS-OF-HIGHER-EDUCATION.PDF
Company,Chinese Academy of Engineering Physics,Southwest Institute of Materials,debarment,Section 1286 of the John S. McCain National Defense Authorization Act for Fiscal Year 2019 (Public Law 115 - 232),United States Congress,,2022,,,,,https://media.defense.gov/2023/Jun/29/2003251160/-1/-1/1/COUNTERING-UNWANTED-INFLUENCE-IN-DEPARTMENT-FUNDED-RESEARCH-AT-INSTITUTIONS-OF-HIGHER-EDUCATION.PDF
Company,Chinese Academy of Engineering Physics,Southwest Institute of Nuclear Physics and Chemistry; China Academy of Engineering Physics (CAEP) 902 Institute,debarment,Section 1286 of the John S. McCain National Defense Authorization Act for Fiscal Year 2019 (Public Law 115 - 232),United States Congress,,2022,,,,,https://media.defense.gov/2023/Jun/29/2003251160/-1/-1/1/COUNTERING-UNWANTED-INFLUENCE-IN-DEPARTMENT-FUNDED-RESEARCH-AT-INSTITUTIONS-OF-HIGHER-EDUCATION.PDF
Company,Chinese Academy of Engineering Physics,Southwest Institute of Research and Applications of Special Materials Factory,debarment,Section 1286 of the John S. McCain National Defense Authorization Act for Fiscal Year 2019 (Public Law 115 - 232),United States Congress,,2022,,,,,https://media.defense.gov/2023/Jun/29/2003251160/-1/-1/1/COUNTERING-UNWANTED-INFLUENCE-IN-DEPARTMENT-FUNDED-RESEARCH-AT-INSTITUTIONS-OF-HIGHER-EDUCATION.PDF
Company,Chinese Academy of Engineering Physics,Southwest Institute of Structural Mechanics,debarment,Section 1286 of the John S. McCain National Defense Authorization Act for Fiscal Year 2019 (Public Law 115 - 232),United States Congress,,2022,,,,,https://media.defense.gov/2023/Jun/29/2003251160/-1/-1/1/COUNTERING-UNWANTED-INFLUENCE-IN-DEPARTMENT-FUNDED-RESEARCH-AT-INSTITUTIONS-OF-HIGHER-EDUCATION.PDF
Company,Chinese Academy of Engineering Physics,"The High Power Laser Laboratory, Shanghai",debarment,Section 1286 of the John S. McCain National Defense Authorization Act for Fiscal Year 2019 (Public Law 115 - 232),United States Congress,,2022,,,,,https://media.defense.gov/2023/Jun/29/2003251160/-1/-1/1/COUNTERING-UNWANTED-INFLUENCE-IN-DEPARTMENT-FUNDED-RESEARCH-AT-INSTITUTIONS-OF-HIGHER-EDUCATION.PDF
Company,Chinese Academy of Engineering Physics,"The Institute of Applied Physics and Computational Mathematics, Beijing",debarment,Section 1286 of the John S. McCain National Defense Authorization Act for Fiscal Year 2019 (Public Law 115 - 232),United States Congress,,2022,,,,,https://media.defense.gov/2023/Jun/29/2003251160/-1/-1/1/COUNTERING-UNWANTED-INFLUENCE-IN-DEPARTMENT-FUNDED-RESEARCH-AT-INSTITUTIONS-OF-HIGHER-EDUCATION.PDF
Company,Chinese Academy of Engineering Physics,901 Institute,debarment,Section 1286 of the John S. McCain National Defense Authorization Act for Fiscal Year 2019 (Public Law 115 - 232),United States Congress,,2022,,,,,https://media.defense.gov/2023/Jun/29/2003251160/-1/-1/1/COUNTERING-UNWANTED-INFLUENCE-IN-DEPARTMENT-FUNDED-RESEARCH-AT-INSTITUTIONS-OF-HIGHER-EDUCATION.PDF
Company,Chinese Academy of Engineering Physics (CAEP),"Ninth Academy; Southwest Computing Center; Southwest Institute of Applied Electronics; Southwest Institute of Chemical Materials; Southwest Institute of Electronic Engineering; Southwest Institute of Environmental Testing; Southwest Institute of Explosives and Chemical Engineering; Southwest Institute of Fluid Physics;Southwest Institute of General Designing and Assembly; Southwest Institute of Machining Technology; Southwest Institute of Materials; Southwest Institute of Nuclear Physics and Chemistry; China Academy of Engineering Physics’; CAEP; 902 Institute; Southwest Institute of Research and Applications of Special Materials Factory; Southwest Institute of Structural Mechanics; The High Power Laser Laboratory, Shanghai; The Institute of Applied Physics and Computational Mathematics, Beijing; 901 institute",debarment,Section 1286 of the John S. McCain National Defense Authorization Act for Fiscal Year 2019 (Public Law 115 - 232),United States Congress,,2023,,,,,https://rt.cto.mil/wp-content/uploads/2024/07/FY23-Lists-Published-in-Response-to-Section-1286-of-NDAA-2019_clearedv2.pdf
Company,Chinese Academy of Sciences - Shenyang Institute of Automation,,debarment,Section 1286 of the John S. McCain National Defense Authorization Act for Fiscal Year 2019 (Public Law 115 - 232),United States Congress,,2022,,,,,https://media.defense.gov/2023/Jun/29/2003251160/-1/-1/1/COUNTERING-UNWANTED-INFLUENCE-IN-DEPARTMENT-FUNDED-RESEARCH-AT-INSTITUTIONS-OF-HIGHER-EDUCATION.PDF
Company,Chinese Academy of Sciences - Shenyang Institute of Automation,,debarment,Section 1286 of the John S. McCain National Defense Authorization Act for Fiscal Year 2019 (Public Law 115 - 232),United States Congress,,2023,,,,,https://rt.cto.mil/wp-content/uploads/2024/07/FY23-Lists-Published-in-Response-to-Section-1286-of-NDAA-2019_clearedv2.pdf
Company,Chinese Academy of Sciences – Aerospace Information Research Institute,,debarment,Section 1286 of the John S. McCain National Defense Authorization Act for Fiscal Year 2019 (Public Law 115 - 232),United States Congress,,2025,,,China,,https://www.cto.mil/wp-content/uploads/2026/07/FY25-Section-1286-List.pdf
Company,Chinese Academy of Sciences – Center for Excellence in Quantum Information and Quantum Physics,,debarment,Section 1286 of the John S. McCain National Defense Authorization Act for Fiscal Year 2019 (Public Law 115 - 232),United States Congress,,2024,,,,,https://basicresearch.defense.gov/Portals/61/Documents/Academic%20Research%20Security%20Page/FY24%20Section%201286%20List%20for%20public%20release_V2.pdf?ver=KqtK4tL1wLDoUwe2yxWHSw%3D%3D
Company,Chinese Academy of Sciences – Center for Excellence in Quantum Information and Quantum Physics,,debarment,Section 1286 of the John S. McCain National Defense Authorization Act for Fiscal Year 2019 (Public Law 115 - 232),United States Congress,,2025,,,China,,https://www.cto.mil/wp-content/uploads/2026/07/FY25-Section-1286-List.pdf
Company,Chinese Academy of Sciences – Institute of Computing Technology,Institute of Computing Technology Chinese Academy of Sciences; Institute of Computing Technology; CAS ICT; ICT CAS,debarment,Section 1286 of the John S. McCain National Defense Authorization Act for Fiscal Year 2019 (Public Law 115 - 232),United States Congress,,2023,,,,,https://rt.cto.mil/wp-content/uploads/2024/07/FY23-Lists-Published-in-Response-to-Section-1286-of-NDAA-2019_clearedv2.pdf
Company,Chinese Academy of Sciences – Institute of Microelectronics,,debarment,Section 1286 of the John S. McCain National Defense Authorization Act for Fiscal Year 2019 (Public Law 115 - 232),United States Congress,,2025,,,China,,https://www.cto.mil/wp-content/uploads/2026/07/FY25-Section-1286-List.pdf
Company,Chinese Academy of Sciences – Institute of Physics,,debarment,Section 1286 of the John S. McCain National Defense Authorization Act for Fiscal Year 2019 (Public Law 115 - 232),United States Congress,,2024,,,,,https://basicresearch.defense.gov/Portals/61/Documents/Academic%20Research%20Security%20Page/FY24%20Section%201286%20List%20for%20public%20release_V2.pdf?ver=KqtK4tL1wLDoUwe2yxWHSw%3D%3D
Company,Chinese Academy of Sciences – Institute of Physics,,debarment,Section 1286 of the John S. McCain National Defense Authorization Act for Fiscal Year 2019 (Public Law 115 - 232),United States Congress,,2025,,,China,,https://www.cto.mil/wp-content/uploads/2026/07/FY25-Section-1286-List.pdf
Company,Chinese Academy of Sciences – Key Laboratory for Quantum Information,,debarment,Section 1286 of the John S. McCain National Defense Authorization Act for Fiscal Year 2019 (Public Law 115 - 232),United States Congress,,2024,,,,,https://basicresearch.defense.gov/Portals/61/Documents/Academic%20Research%20Security%20Page/FY24%20Section%201286%20List%20for%20public%20release_V2.pdf?ver=KqtK4tL1wLDoUwe2yxWHSw%3D%3D
Company,Chinese Academy of Sciences – Key Laboratory for Quantum Information,,debarment,Section 1286 of the John S. McCain National Defense Authorization Act for Fiscal Year 2019 (Public Law 115 - 232),United States Congress,,2025,,,China,,https://www.cto.mil/wp-content/uploads/2026/07/FY25-Section-1286-List.pdf
Company,Chinese Academy of Sciences – National Time Service Center,,debarment,Section 1286 of the John S. McCain National Defense Authorization Act for Fiscal Year 2019 (Public Law 115 - 232),United States Congress,,2025,,,China,,https://www.cto.mil/wp-content/uploads/2026/07/FY25-Section-1286-List.pdf
Company,Chinese Academy of Sciences – Shanghai Institute of Microsystem and Information Technology,,debarment,Section 1286 of the John S. McCain National Defense Authorization Act for Fiscal Year 2019 (Public Law 115 - 232),United States Congress,,2024,,,,,https://basicresearch.defense.gov/Portals/61/Documents/Academic%20Research%20Security%20Page/FY24%20Section%201286%20List%20for%20public%20release_V2.pdf?ver=KqtK4tL1wLDoUwe2yxWHSw%3D%3D
Company,Chinese Academy of Sciences – Shanghai Institute of Microsystem and Information Technology,,debarment,Section 1286 of the John S. McCain National Defense Authorization Act for Fiscal Year 2019 (Public Law 115 - 232),United States Congress,,2025,,,China,,https://www.cto.mil/wp-content/uploads/2026/07/FY25-Section-1286-List.pdf
Company,Chinese Academy of Sciences – Shenyang Institute of Automation,,debarment,Section 1286 of the John S. McCain National Defense Authorization Act for Fiscal Year 2019 (Public Law 115 - 232),United States Congress,,2024,,,,,https://basicresearch.defense.gov/Portals/61/Documents/Academic%20Research%20Security%20Page/FY24%20Section%201286%20List%20for%20public%20release_V2.pdf?ver=KqtK4tL1wLDoUwe2yxWHSw%3D%3D
Company,Chinese Academy of Sciences – Shenyang Institute of Automation,,debarment,Section 1286 of the John S. McCain National Defense Authorization Act for Fiscal Year 2019 (Public Law 115 - 232),United States Congress,,2025,,,China,,https://www.cto.mil/wp-content/uploads/2026/07/FY25-Section-1286-List.pdf
Company,Chinese Academy of Sciences – Technology and Engineering Center for Space Utilization,,debarment,Section 1286 of the John S. McCain National Defense Authorization Act for Fiscal Year 2019 (Public Law 115 - 232),United States Congress,,2025,,,China,,https://www.cto.mil/wp-content/uploads/2026/07/FY25-Section-1286-List.pdf
Company,Chinese Academy of Sciences (CAS) – Institute of Computing Technology (ICT),Institute of Computing Technology Chinese Academy of Sciences; Institute of Computing Technology; CAS ICT; ICT CAS,debarment,Section 1286 of the John S. McCain National Defense Authorization Act for Fiscal Year 2019 (Public Law 115 - 232),United States Congress,,2024,,,,,https://basicresearch.defense.gov/Portals/61/Documents/Academic%20Research%20Security%20Page/FY24%20Section%201286%20List%20for%20public%20release_V2.pdf?ver=KqtK4tL1wLDoUwe2yxWHSw%3D%3D
Company,Chinese Academy of Sciences (CAS) – Institute of Computing Technology (ICT),Institute of Computing Technology Chinese Academy of Sciences; Institute of Computing Technology; CAS ICT; ICT CAS,debarment,Section 1286 of the John S. McCain National Defense Authorization Act for Fiscal Year 2019 (Public Law 115 - 232),United States Congress,,2025,,,China,,https://www.cto.mil/wp-content/uploads/2026/07/FY25-Section-1286-List.pdf
Company,Chongqing University,,debarment,Section 1286 of the John S. McCain National Defense Authorization Act for Fiscal Year 2019 (Public Law 115 - 232),United States Congress,,2024,,,,,https://basicresearch.defense.gov/Portals/61/Documents/Academic%20Research%20Security%20Page/FY24%20Section%201286%20List%20for%20public%20release_V2.pdf?ver=KqtK4tL1wLDoUwe2yxWHSw%3D%3D
Company,Chongqing University,,debarment,Section 1286 of the John S. McCain National Defense Authorization Act for Fiscal Year 2019 (Public Law 115 - 232),United States Congress,,2025,,,China,,https://www.cto.mil/wp-content/uploads/2026/07/FY25-Section-1286-List.pdf
Company,Chongqing University of Technology,,debarment,Section 1286 of the John S. McCain National Defense Authorization Act for Fiscal Year 2019 (Public Law 115 - 232),United States Congress,,2025,,,China,,https://www.cto.mil/wp-content/uploads/2026/07/FY25-Section-1286-List.pdf
Person,Christian Reynaldo Guevara Guadron,,,Section 353(b) of the United States - Northern Triangle Enhanced Engagement Act,United States Department of State,"Legislative Assembly Deputy and Nuevas Ideas Party’s Chief of Faction, undermined democratic processes or institutions when he introduced a Gang Prohibition Law that will punish with up to 15 years in prison the dissemination of gang messages in the media, considered by many observers to be a clear attempt to censor the media.",2022,,December 2023,EL SALVADOR,,https://www.state.gov/reports/section-353-corrupt-and-undemocratic-actors-report-2022/
Person,Cinthia Edelmira Monterroso Gómez,,,Section 353(b) of the United States - Northern Triangle Enhanced Engagement Act,United States Department of State,"a current prosecutor, undermined democratic processes or institutions by bringing unsubstantiated, politically motivated criminal charges against journalists for exercising their freedom of expression as protected by Guatemalan law.",2023,,December 2023,GUATEMALA,,https://www.state.gov/reports/section-353-corrupt-and-undemocratic-actors-report-2023/
Person,Claudia Yamilia Noriega González,,,Section 353(b) of the United States - Northern Triangle Enhanced Engagement Act,United States Department of State,"Project Coordinator for the “Catracha Card” Program from 2010 to 2014, transferred proceeds of corruption when she aided the misappropriation of more than $500,000 from Bono 10 Mil, a presidential project aimed at reducing rural poverty.",2022,,December 2023,HONDURAS,,https://www.state.gov/reports/section-353-corrupt-and-undemocratic-actors-report-2022/
Person,Conan Tonathiu Castro Ramírez,,,Section 353(b) of the United States - Northern Triangle Enhanced Engagement Act,United States Department of State,"current Legal Advisor to the President, undermined democratic processes or institutions by assisting in the inappropriate removal of five Supreme Court Magistrates and the Attorney General.",2021,,December 2023,EL SALVADOR,,https://www.state.gov/reports/section-353-corrupt-and-undemocratic-actors-report/
Company,"Contemporary Amperex Technology Company, Limited",CATL,,Section 154 of the United States National Defense Authorization Act for Fiscal Year 2024,United States Congress,,2023-12-22,"October 1, 2027",,,"Beginning on October 1, 2027, none of the funds authorized to be appropriated or otherwise made available for the Department of Defense may be obligated or expended to procure a battery produced by the entity.",https://www.congress.gov/118/plaws/publ31/PLAW-118publ31.pdf
Person,Cristian Adolfo Sánchez,,,Section 353(b) of the United States - Northern Triangle Enhanced Engagement Act,United States Department of State,"engaged in significant corruption by participating in a scheme that defrauded the Honduran government of more than $300,000 and colluded with Ministry of Health officials to improperly award government contracts.",2023,,December 2023,HONDURAS,,https://www.state.gov/reports/section-353-corrupt-and-undemocratic-actors-report-2023/
Company,Dahua Technology Company,,debarment,Section 889 of the John S. McCain National Defense Authorization Act for Fiscal Year 2019 (Public Law 115 - 232),United States Congress,,,,,,,https://www.congress.gov/115/plaws/publ232/PLAW-115publ232.pdf
Company,Dalian Naval Academy,,debarment,Section 1286 of the John S. McCain National Defense Authorization Act for Fiscal Year 2019 (Public Law 115 - 232),United States Congress,,2024,,,,,https://basicresearch.defense.gov/Portals/61/Documents/Academic%20Research%20Security%20Page/FY24%20Section%201286%20List%20for%20public%20release_V2.pdf?ver=KqtK4tL1wLDoUwe2yxWHSw%3D%3D
Company,Dalian Naval Academy,,debarment,Section 1286 of the John S. McCain National Defense Authorization Act for Fiscal Year 2019 (Public Law 115 - 232),United States Congress,,2023,,,,,https://rt.cto.mil/wp-content/uploads/2024/07/FY23-Lists-Published-in-Response-to-Section-1286-of-NDAA-2019_clearedv2.pdf
Company,Dalian Naval Academy,,debarment,Section 1286 of the John S. McCain National Defense Authorization Act for Fiscal Year 2019 (Public Law 115 - 232),United States Congress,,2025,,,China,,https://www.cto.mil/wp-content/uploads/2026/07/FY25-Section-1286-List.pdf
Company,Dalian University of Technology,,debarment,Section 1286 of the John S. McCain National Defense Authorization Act for Fiscal Year 2019 (Public Law 115 - 232),United States Congress,,2024,,,,,https://basicresearch.defense.gov/Portals/61/Documents/Academic%20Research%20Security%20Page/FY24%20Section%201286%20List%20for%20public%20release_V2.pdf?ver=KqtK4tL1wLDoUwe2yxWHSw%3D%3D
Company,Dalian University of Technology,,debarment,Section 1286 of the John S. McCain National Defense Authorization Act for Fiscal Year 2019 (Public Law 115 - 232),United States Congress,,2025,,,China,,https://www.cto.mil/wp-content/uploads/2026/07/FY25-Section-1286-List.pdf
Company,Defense S&T Key Laboratory of Antennas and Microwave Technology at Xidian University,National Key Laboratory of Science and Technology on Antennas and Microwaves; (Xidian) Antenna Institute; Key Laboratory of Antenna and Microwave Technology; National Key Laboratory of Antenna and Microwave Technology; Antennas and Microwave Technology Key Laboratory of National Defense; Defense S&T Key Laboratory of Antennas and Microwave Technology; Science and Technology on Antenna and Microwave Laboratory; State Key Laboratory of Antennas and Microwave Technology; National Laboratory of Antennas and Microwave Technology; National Key Laboratory of Science and Technology on Antenna and Microwave,debarment,Section 1286 of the John S. McCain National Defense Authorization Act for Fiscal Year 2019 (Public Law 115 - 232),United States Congress,,2024,,,,,https://basicresearch.defense.gov/Portals/61/Documents/Academic%20Research%20Security%20Page/FY24%20Section%201286%20List%20for%20public%20release_V2.pdf?ver=KqtK4tL1wLDoUwe2yxWHSw%3D%3D
Company,Defense S&T Key Laboratory of Antennas and Microwave Technology at Xidian University,National Key Laboratory of Science and Technology on Antennas and Microwaves; (Xidian) Antenna Institute; Key Laboratory of Antenna and Microwave Technology; National Key Laboratory of Antenna and Microwave Technology; Antennas and Microwave Technology Key Laboratory of National Defense; Defense S&T Key Laboratory of Antennas and Microwave Technology; Science and Technology on Antenna and Microwave Laboratory; State Key Laboratory of Antennas and Microwave Technology; National Laboratory of Antennas and Microwave Technology; National Key Laboratory of Science and Technology on Antenna and Microwave,debarment,Section 1286 of the John S. McCain National Defense Authorization Act for Fiscal Year 2019 (Public Law 115 - 232),United States Congress,,2023,,,,,https://rt.cto.mil/wp-content/uploads/2024/07/FY23-Lists-Published-in-Response-to-Section-1286-of-NDAA-2019_clearedv2.pdf
Company,Defense S&T Key Laboratory of Antennas and Microwave Technology at Xidian University,Antenna Institute; Key Laboratory of Antenna and Microwave Technology; National Key Laboratory of Antenna and Microwave Technology; Antennas and Microwave Technology Key Laboratory of National Defense; Defense S&T Key Laboratory of Antennas and Microwave Technology; Science and Technology on Antenna and Microwave Laboratory; State Key Laboratory of Antennas and Microwave Technology; National Laboratory of Antennas and Microwave Technology,debarment,Section 1286 of the John S. McCain National Defense Authorization Act for Fiscal Year 2019 (Public Law 115 - 232),United States Congress,,2025,,,China,,https://www.cto.mil/wp-content/uploads/2026/07/FY25-Section-1286-List.pdf
Company,Defense S&T Key Laboratory of Electronic Measurement Technology at North University of China,"Defense S&T Key Laboratory of Signal Detection; Key Laboratory of Signal Detection; National Key Laboratory for Electronic Measurement Technology; State Key Laboratory for Electronic Measurement Technology; Key Laboratory for Electronic Measurement Technology; Defense Key Laboratory for Electronic Measurement Technology; China Electronics Technology Instruments Co., Ltd (CETI) Key Laboratory for Electronic Measurement Technology; CETI 41st RI Key Laboratory for Electronic Measurement Technology; North University of China Key Laboratory for Electronic Measurement Technology; North University of China School of Instrument and Electronics Key Laboratory for Electronic Measurement Technology; North University of China School of Electronics and Computer Science & Technology Key Laboratory for Electronic Measurement Technology",debarment,Section 1286 of the John S. McCain National Defense Authorization Act for Fiscal Year 2019 (Public Law 115 - 232),United States Congress,,2024,,,,,https://basicresearch.defense.gov/Portals/61/Documents/Academic%20Research%20Security%20Page/FY24%20Section%201286%20List%20for%20public%20release_V2.pdf?ver=KqtK4tL1wLDoUwe2yxWHSw%3D%3D
Company,Defense S&T Key Laboratory of Electronic Measurement Technology at North University of China,"Defense S&T Key Laboratory of Signal Detection; Key Laboratory of Signal Detection; National Key Laboratory for Electronic Measurement Technology; State Key Laboratory for Electronic Measurement Technology; Key Laboratory for Electronic Measurement Technology; Defense Key Laboratory for Electronic Measurement Technology; China Electronics Technology Instruments Co., Ltd (CETI) Key Laboratory for Electronic Measurement Technology; CETC 41st RI Key Laboratory for Electronic Measurement Technology; North University of China Key Laboratory for Electronic Measurement Technology; North University of China School of Instrument and Electronics Key Laboratory for Electronic Measurement Technology; North University of China School of Electronics and Computer Science & Technology Key Laboratory for Electronic Measurement Technology",debarment,Section 1286 of the John S. McCain National Defense Authorization Act for Fiscal Year 2019 (Public Law 115 - 232),United States Congress,,2023,,,,,https://rt.cto.mil/wp-content/uploads/2024/07/FY23-Lists-Published-in-Response-to-Section-1286-of-NDAA-2019_clearedv2.pdf
Company,Defense S&T Key Laboratory of Electronic Measurement Technology at North University of China,"National Key Laboratory for Electronic Measurement Technology; Key Laboratory for Electronic Measurement Technology; National Defense Key Laboratory for Electronic Measurement Technology; China Electronics Technology Instruments Co., Ltd (CETI) Key Laboratory for Electronic Measurement Technology; CETC 41st RI Key Laboratory for Electronic Measurement Technology; North University of China Key Laboratory for Electronic Measurement Technology; North University of China School of Instrument and Electronics Key Laboratory for Electronic Measurement Technology; Key Laboratory of Signal Detection",debarment,Section 1286 of the John S. McCain National Defense Authorization Act for Fiscal Year 2019 (Public Law 115 - 232),United States Congress,,2025,,,China,,https://www.cto.mil/wp-content/uploads/2026/07/FY25-Section-1286-List.pdf
Company,Defense S&T Key Laboratory of High-Power Semiconductor Lasers at Changchun University of Science and Technology,State Key Laboratory of High Power Semiconductor Laser of Changchun University of Science and Technology; State Key Laboratory on High-Power Semiconductor Lasers; National Key Laboratory on High Power Semiconductor Laser; Key Laboratory on High Power Semiconductor Laser; Defense Key Laboratory on High Power Semiconductor Laser,debarment,Section 1286 of the John S. McCain National Defense Authorization Act for Fiscal Year 2019 (Public Law 115 - 232),United States Congress,,2024,,,,,https://basicresearch.defense.gov/Portals/61/Documents/Academic%20Research%20Security%20Page/FY24%20Section%201286%20List%20for%20public%20release_V2.pdf?ver=KqtK4tL1wLDoUwe2yxWHSw%3D%3D
Company,Defense S&T Key Laboratory of High-Power Semiconductor Lasers at Changchun University of Science and Technology,State Key Laboratory of High Power Semiconductor Laser of Changchun University of Science and Technology; State Key Laboratory on High-Power Semiconductor Lasers; National Key Laboratory on High Power Semiconductor Laser; Key Laboratory on High Power Semiconductor Laser Defense Key Laboratory on High Power Semiconductor Laser ,debarment,Section 1286 of the John S. McCain National Defense Authorization Act for Fiscal Year 2019 (Public Law 115 - 232),United States Congress,,2023,,,,,https://rt.cto.mil/wp-content/uploads/2024/07/FY23-Lists-Published-in-Response-to-Section-1286-of-NDAA-2019_clearedv2.pdf
Company,Defense S&T Key Laboratory of High-Power Semiconductor Lasers at Changchun University of Science and Technology,State Key Laboratory of High Power Semiconductor Laser of Changchun University of Science and Technology; State Key Laboratory on High-Power Semiconductor Lasers; National Key Laboratory on High Power Semiconductor Laser,debarment,Section 1286 of the John S. McCain National Defense Authorization Act for Fiscal Year 2019 (Public Law 115 - 232),United States Congress,,2025,,,China,,https://www.cto.mil/wp-content/uploads/2026/07/FY25-Section-1286-List.pdf
Company,Defense S&T Key Laboratory of Information Systems Engineering,Key Laboratory of Information Systems Engineering,debarment,Section 1286 of the John S. McCain National Defense Authorization Act for Fiscal Year 2019 (Public Law 115 - 232),United States Congress,,2025,,,China,,https://www.cto.mil/wp-content/uploads/2026/07/FY25-Section-1286-List.pdf
Company,"Defense S&T Key Laboratory of Lightweight, High-strength Structural Materials at Central South University",State Key Laboratory for Light Weight and High Strength Structural Materials; (Central South University) National Key Laboratory for High-strength Structural Materials; National Key Laboratory of Science and Technology for National Defence on High-strength Structural Materials; National Key Laboratory of Science and Technology for National Defence on High-strength Lightweight Structural Materials; Key Laboratory on High-strength Lightweight Structural Materials,debarment,Section 1286 of the John S. McCain National Defense Authorization Act for Fiscal Year 2019 (Public Law 115 - 232),United States Congress,,2024,,,,,https://basicresearch.defense.gov/Portals/61/Documents/Academic%20Research%20Security%20Page/FY24%20Section%201286%20List%20for%20public%20release_V2.pdf?ver=KqtK4tL1wLDoUwe2yxWHSw%3D%3D
Company,"Defense S&T Key Laboratory of Lightweight, High-strength Structural Materials at Central South University",State Key Laboratory for Light Weight and High Strength Structural Materials; (Central South University) National Key Laboratory for High-strength Structural Materials; National Key Laboratory of Science and Technology for National Defence on High-strength Structural Materials; National Key Laboratory of Science and Technology for National Defence on High-strength Lightweight Structural Materials; Key Laboratory on High-strength Lightweight Structural Materials,debarment,Section 1286 of the John S. McCain National Defense Authorization Act for Fiscal Year 2019 (Public Law 115 - 232),United States Congress,,2023,,,,,https://rt.cto.mil/wp-content/uploads/2024/07/FY23-Lists-Published-in-Response-to-Section-1286-of-NDAA-2019_clearedv2.pdf
Company,"Defense S&T Key Laboratory of Lightweight, High-strength Structural Materials at Central South University",National Key Laboratory for High-strength Structural Materials; National Key Laboratory of Science and Technology for National Defence on High-strength Structural Materials; National Key Laboratory of Science and Technology for National Defence on High-strength Lightweight Structural Materials,debarment,Section 1286 of the John S. McCain National Defense Authorization Act for Fiscal Year 2019 (Public Law 115 - 232),United States Congress,,2025,,,China,,https://www.cto.mil/wp-content/uploads/2026/07/FY25-Section-1286-List.pdf
Company,Defense S&T Key Laboratory of Multi-spectral Information Processing Technology at Huazhong University of S&T,National Key Laboratory of Science and Technology on Multi-spectral Information Processing; National Key Laboratory of Multi-spectral Information Processing Technology; State Key Laboratory for Multispectral Information Processing Technologies,debarment,Section 1286 of the John S. McCain National Defense Authorization Act for Fiscal Year 2019 (Public Law 115 - 232),United States Congress,,2024,,,,,https://basicresearch.defense.gov/Portals/61/Documents/Academic%20Research%20Security%20Page/FY24%20Section%201286%20List%20for%20public%20release_V2.pdf?ver=KqtK4tL1wLDoUwe2yxWHSw%3D%3D
Company,Defense S&T Key Laboratory of Multi-spectral Information Processing Technology at Huazhong University of S&T,National Key Laboratory of Science and Technology on Multi-spectral Information Processing; National Key Laboratory of Multi-spectral Information Processing Technology; State Key Laboratory for Multispectral Information Processing Technologies,debarment,Section 1286 of the John S. McCain National Defense Authorization Act for Fiscal Year 2019 (Public Law 115 - 232),United States Congress,,2023,,,,,https://rt.cto.mil/wp-content/uploads/2024/07/FY23-Lists-Published-in-Response-to-Section-1286-of-NDAA-2019_clearedv2.pdf
Company,Defense S&T Key Laboratory of Multi-spectral Information Processing Technology at Huazhong University of S&T,National Key Laboratory of Science and Technology on Multi-spectral Information Processing; National Key Laboratory of Multi-spectral Information Processing Technology,debarment,Section 1286 of the John S. McCain National Defense Authorization Act for Fiscal Year 2019 (Public Law 115 - 232),United States Congress,,2025,,,China,,https://www.cto.mil/wp-content/uploads/2026/07/FY25-Section-1286-List.pdf
Company,Defense S&T Key Laboratory of Radar Signal Processing at Xidian University,National Key Laboratory of Science and Technology on Radar Signal Processing; National Lab of Radar Signal Processing; Xidian Electronics Research Institute; National Key Laboratory of Radar Signal Processing; Key Laboratory for Radar Signal Processing; State Laboratory of Radar Signal Processing; National Laboratory of Radar Signal Processing,debarment,Section 1286 of the John S. McCain National Defense Authorization Act for Fiscal Year 2019 (Public Law 115 - 232),United States Congress,,2024,,,,,https://basicresearch.defense.gov/Portals/61/Documents/Academic%20Research%20Security%20Page/FY24%20Section%201286%20List%20for%20public%20release_V2.pdf?ver=KqtK4tL1wLDoUwe2yxWHSw%3D%3D
Company,Defense S&T Key Laboratory of Radar Signal Processing at Xidian University,National Key Laboratory of Science and Technology on Radar Signal Processing; National Lab of Radar Signal Processing; Xidian Electronics Research Institute; National Key Laboratory of Radar Signal Processing; Key Laboratory for Radar Signal Processing; State Laboratory of Radar Signal Processing; National Laboratory of Radar Signal Processing,debarment,Section 1286 of the John S. McCain National Defense Authorization Act for Fiscal Year 2019 (Public Law 115 - 232),United States Congress,,2023,,,,,https://rt.cto.mil/wp-content/uploads/2024/07/FY23-Lists-Published-in-Response-to-Section-1286-of-NDAA-2019_clearedv2.pdf
Company,Defense S&T Key Laboratory of Radar Signal Processing at Xidian University,National Key Laboratory of Radar Signal Processing; Xidian Electronic Research Institute; Key Lab for Radar Signal Processing; State Lab of Radar Signal Processing,debarment,Section 1286 of the John S. McCain National Defense Authorization Act for Fiscal Year 2019 (Public Law 115 - 232),United States Congress,,2025,,,China,,https://www.cto.mil/wp-content/uploads/2026/07/FY25-Section-1286-List.pdf
Person,Delia Bac Alvarado,,,Section 353(b) of the United States - Northern Triangle Enhanced Engagement Act,United States Department of State,"former congressional representative, engaged in significant corruption through her misuse of public funds for personal benefit. She is designated under Section 7031(c) for involvement in significant corruption.",2021,,December 2023,GUATEMALA,,https://www.state.gov/reports/section-353-corrupt-and-undemocratic-actors-report/
Person,Denis Membreño Rivas,,,Section 353(b) of the United States - Northern Triangle Enhanced Engagement Act,United States Department of State,"the current director of the Financial Analysis Unit (UAF), the Nicaraguan government’s financial crimes unit, undermined democratic processes or institutions by taking part in a coordinated campaign to suppress dissent, using his position to facilitate asset seizures from 94 political dissidents in exile and 222 former political prisoners, without any legal basis.",2023,,December 2023,NICARAGUA,,https://www.state.gov/reports/section-353-corrupt-and-undemocratic-actors-report-2023/
Person,Dennis Billy Herrera Arita,,,Section 353(b) of the United States - Northern Triangle Enhanced Engagement Act,United States Department of State,"a Guatemalan lawyer, undermined the democratic process or institutions by participating in the “Parallel Commissions 2020” scheme to stack the Supreme and Appellate Courts with corrupt judges.",2022,,December 2023,GUATEMALA,,https://www.state.gov/reports/section-353-corrupt-and-undemocratic-actors-report-2022/
Person,Dennys Antonio Sanchez Fernandez,,,Section 353(b) of the United States - Northern Triangle Enhanced Engagement Act,United States Department of State,"current member of congress, engaged in significant corruption by misappropriating funds from a public pest control program in his home department of Santa Barbara to his personal accounts.",2021,,December 2023,HONDURAS,,https://www.state.gov/reports/section-353-corrupt-and-undemocratic-actors-report/
Person,Edgar Humberto Navarro Castro,,,Section 353(b) of the United States - Northern Triangle Enhanced Engagement Act,United States Department of State,"a former president of Guatemala’s energy wholesale market administrator, engaged in significant corruption by providing official benefits in exchange for bribes and kickbacks, at the expense of improving energy efficiency and taking effective action against climate change.",2023,,December 2023,GUATEMALA,,https://www.state.gov/reports/section-353-corrupt-and-undemocratic-actors-report-2023/
Person,Edgardo Antonio Casaña Mejia,,,Section 353(b) of the United States - Northern Triangle Enhanced Engagement Act,United States Department of State,"a current member of Congress, engaged in significant corruption by improperly restructuring the National Institute for Teachers’ Pensions to direct more than $5 million in benefits to political allies and constituents, in order to secure votes and maintain political power.",2022,,December 2023,HONDURAS,,https://www.state.gov/reports/section-353-corrupt-and-undemocratic-actors-report-2022/
Person,Edna Yolany Batres Cruz,,,Section 353(b) of the United States - Northern Triangle Enhanced Engagement Act,United States Department of State,"a former minister of health, engaged in significant corruption when she defrauded the Honduran government of more than $300,000 by colluding with Ministry of Health officials and private-sector businesspeople to improperly award government contracts.",2023,,December 2023,HONDURAS,,https://www.state.gov/reports/section-353-corrupt-and-undemocratic-actors-report-2023/
Person,Eduardo Celestino Ortega Roa,,,Section 353(b) of the United States - Northern Triangle Enhanced Engagement Act,United States Department of State,"a current deputy director of the DNR, undermined democratic processes or institutions by using his position and influence to facilitate a coordinated government effort to confiscate the property of political opponents.",2023,,December 2023,NICARAGUA,,https://www.state.gov/reports/section-353-corrupt-and-undemocratic-actors-report-2023/
Person,Elden Vasquez,,,Section 353(b) of the United States - Northern Triangle Enhanced Engagement Act,United States Department of State,"current congressional representative, engaged in significant corruption through the misappropriation of $12.5 million from the Secretariat of Agriculture to political campaigns for his personal gain. He was indicted in the Pandora MACCIH-investigated corruption case in June 2018.",2021,,December 2023,HONDURAS,,https://www.state.gov/reports/section-353-corrupt-and-undemocratic-actors-report/
Person,Elder de Jesús Súchite Vargas,,,Section 353(b) of the United States - Northern Triangle Enhanced Engagement Act,United States Department of State,"former Minister of Culture, engaged in significant corruption related to government contracts and influence peddling for personal gain.",2021,,December 2023,GUATEMALA,,https://www.state.gov/reports/section-353-corrupt-and-undemocratic-actors-report/
Person,Eleazar Alexander Juarez Sarabia,,,Section 353(b) of the United States - Northern Triangle Enhanced Engagement Act,United States Department of State,"former member of congress, engaged in significant corruption by misappropriating funds from a public pest control program in his home department of Valle to his personal accounts.",2021,,December 2023,HONDURAS,,https://www.state.gov/reports/section-353-corrupt-and-undemocratic-actors-report/
Person,Elmer Jeovanny Ordonez Espinal,,,Section 353(b) of the United States - Northern Triangle Enhanced Engagement Act,United States Department of State,"Internal Controls Supervisor of the National Bank for Agricultural Development from 2010 to 2014, transferred proceeds of corruption when he aided the misappropriation of more than $500,000 from Bono 10 Mil, a presidential project aimed at reducing rural poverty.",2022,,December 2023,HONDURAS,,https://www.state.gov/reports/section-353-corrupt-and-undemocratic-actors-report-2022/
Person,Elvin Ernesto Santos Ordonez,,,Section 353(b) of the United States - Northern Triangle Enhanced Engagement Act,United States Department of State,"current congressional representative, engaged in significant corruption when he misappropriated funds from the Secretariat of Agriculture to political campaigns.",2021,,December 2023,HONDURAS,,https://www.state.gov/reports/section-353-corrupt-and-undemocratic-actors-report/
Person,Enrique Alberto Flores Lanza,,,Section 353(b) of the United States - Northern Triangle Enhanced Engagement Act,United States Department of State,"Minister of Presidency from 2008 to 2009, engaged in significant corruption by receiving $2 million in public money from the Honduran Central Bank and improperly redistributing it to political allies.",2022,,December 2023,HONDURAS,,https://www.state.gov/reports/section-353-corrupt-and-undemocratic-actors-report-2022/
Company,"Envision Energy, Limited",,,Section 154 of the United States National Defense Authorization Act for Fiscal Year 2024,United States Congress,,2023-12-22,"October 1, 2027",,,"Beginning on October 1, 2027, none of the funds authorized to be appropriated or otherwise made available for the Department of Defense may be obligated or expended to procure a battery produced by the entity.",https://www.congress.gov/118/plaws/publ31/PLAW-118publ31.pdf
Person,Erick Gustavo Santiago de Leon,,,Section 353(b) of the United States - Northern Triangle Enhanced Engagement Act,United States Department of State,"a former judge and President of the Regional Appeal Civil Court, engaged in significant corruption and obstructed investigations into acts of corruption by soliciting bribes in return for favorable court rulings in cases before him.",2022,,December 2023,GUATEMALA,,https://www.state.gov/reports/section-353-corrupt-and-undemocratic-actors-report-2022/
Person,Erick Ramon Laguna Averruz,,,Section 353(b) of the United States - Northern Triangle Enhanced Engagement Act,United States Department of State,"a judge, undermined democratic processes or institutions when he convicted and sentenced prodemocracy leaders on vague, false charges of “undermining national integrity” in the sham trials of opposition activist Alexis Peralta and farmer without political affiliation Santos Camilo Bellorin.",2022,,December 2023,NICARAGUA,,https://www.state.gov/reports/section-353-corrupt-and-undemocratic-actors-report-2022/
Company,"EVE Energy Company, Limited",,,Section 154 of the United States National Defense Authorization Act for Fiscal Year 2024,United States Congress,,2023-12-22,"October 1, 2027",,,"Beginning on October 1, 2027, none of the funds authorized to be appropriated or otherwise made available for the Department of Defense may be obligated or expended to procure a battery produced by the entity.",https://www.congress.gov/118/plaws/publ31/PLAW-118publ31.pdf
Company,EXPTRANS GMBH S.A.R.L.,,sanction,Nonproliferation Sanctions (ISN) - State Department,State Department,,2026-01-27,2026-01-22,2028-01-22,Lebanon,"and any successor, sub-unit, or subsidiary thereof;",https://www.federalregister.gov/documents/2026/01/27/2026-01593/imposition-of-nonproliferation-measures-against-foreign-persons-including-a-ban-on-us-government
Person,Ezequiel Milla Guerra,,,Section 353(b) of the United States - Northern Triangle Enhanced Engagement Act,United States Department of State,"former mayor of La Union, engaged in significant corruption by abusing his authority as mayor in the sale of Perico Island to agents of the People’s Republic of China in exchange for personal benefit.",2021,,December 2023,EL SALVADOR,,https://www.state.gov/reports/section-353-corrupt-and-undemocratic-actors-report/
Company,Federal Autonomous Institution Central Institute of Engine-Building N.A. P.I. Baranov,Central Institute of Aviation Motors; CIAM,debarment,Section 1286 of the John S. McCain National Defense Authorization Act for Fiscal Year 2019 (Public Law 115 - 232),United States Congress,,2024,,,,,https://basicresearch.defense.gov/Portals/61/Documents/Academic%20Research%20Security%20Page/FY24%20Section%201286%20List%20for%20public%20release_V2.pdf?ver=KqtK4tL1wLDoUwe2yxWHSw%3D%3D
Company,Federal Autonomous Institution Central Institute of Engine-Building N.A. P.I. Baranov,Central Institute of Aviation Motors; CIAM,debarment,Section 1286 of the John S. McCain National Defense Authorization Act for Fiscal Year 2019 (Public Law 115 - 232),United States Congress,,2023,,,,,https://rt.cto.mil/wp-content/uploads/2024/07/FY23-Lists-Published-in-Response-to-Section-1286-of-NDAA-2019_clearedv2.pdf
Company,Federal Research Center Boreskov Institute of Catalysis,,debarment,Section 1286 of the John S. McCain National Defense Authorization Act for Fiscal Year 2019 (Public Law 115 - 232),United States Congress,,2024,,,,,https://basicresearch.defense.gov/Portals/61/Documents/Academic%20Research%20Security%20Page/FY24%20Section%201286%20List%20for%20public%20release_V2.pdf?ver=KqtK4tL1wLDoUwe2yxWHSw%3D%3D
Company,Federal Research Center Boreskov Institute of Catalysis,,debarment,Section 1286 of the John S. McCain National Defense Authorization Act for Fiscal Year 2019 (Public Law 115 - 232),United States Congress,,2022,,,,,https://media.defense.gov/2023/Jun/29/2003251160/-1/-1/1/COUNTERING-UNWANTED-INFLUENCE-IN-DEPARTMENT-FUNDED-RESEARCH-AT-INSTITUTIONS-OF-HIGHER-EDUCATION.PDF
Company,Federal Research Center Boreskov Institute of Catalysis,,debarment,Section 1286 of the John S. McCain National Defense Authorization Act for Fiscal Year 2019 (Public Law 115 - 232),United States Congress,,2023,,,,,https://rt.cto.mil/wp-content/uploads/2024/07/FY23-Lists-Published-in-Response-to-Section-1286-of-NDAA-2019_clearedv2.pdf
Company,Federal Research Center Boreskov Institute of Catalysis,,debarment,Section 1286 of the John S. McCain National Defense Authorization Act for Fiscal Year 2019 (Public Law 115 - 232),United States Congress,,2025,,,Russia,,https://www.cto.mil/wp-content/uploads/2026/07/FY25-Section-1286-List.pdf
Company,Federal State Budgetary Educational Institution of Higher Education,Russian Technological University; MIREA-Russian Technological University; RTU-MIREA,debarment,Section 1286 of the John S. McCain National Defense Authorization Act for Fiscal Year 2019 (Public Law 115 - 232),United States Congress,,2025,,,Russia,,https://www.cto.mil/wp-content/uploads/2026/07/FY25-Section-1286-List.pdf
Company,"Federal State Budgetary Institute A.V. Zhirmunskiy National Scientific Research Center of Marine Biology, Far East Branch, Russian Academy of Sciences",,debarment,Section 1286 of the John S. McCain National Defense Authorization Act for Fiscal Year 2019 (Public Law 115 - 232),United States Congress,,2024,,,,,https://basicresearch.defense.gov/Portals/61/Documents/Academic%20Research%20Security%20Page/FY24%20Section%201286%20List%20for%20public%20release_V2.pdf?ver=KqtK4tL1wLDoUwe2yxWHSw%3D%3D
Company,"Federal State Budgetary Institute A.V. Zhirmunskiy National Scientific Research Center of Marine Biology, Far East Branch, Russian Academy of Sciences",,debarment,Section 1286 of the John S. McCain National Defense Authorization Act for Fiscal Year 2019 (Public Law 115 - 232),United States Congress,,2025,,,Russia,,https://www.cto.mil/wp-content/uploads/2026/07/FY25-Section-1286-List.pdf
Company,"Federal State Budgetary Institution of Science Federal Research Center Pushchino Scientific Center for Biology, Russian Academy of Sciences",,debarment,Section 1286 of the John S. McCain National Defense Authorization Act for Fiscal Year 2019 (Public Law 115 - 232),United States Congress,,2024,,,,,https://basicresearch.defense.gov/Portals/61/Documents/Academic%20Research%20Security%20Page/FY24%20Section%201286%20List%20for%20public%20release_V2.pdf?ver=KqtK4tL1wLDoUwe2yxWHSw%3D%3D
Company,"Federal State Budgetary Institution of Science Federal Research Center Pushchino Scientific Center for Biology, Russian Academy of Sciences",,debarment,Section 1286 of the John S. McCain National Defense Authorization Act for Fiscal Year 2019 (Public Law 115 - 232),United States Congress,,2025,,,Russia,,https://www.cto.mil/wp-content/uploads/2026/07/FY25-Section-1286-List.pdf
Company,"Federal State Budgetary Institution of Science Institute of Bioorganic Chemistry named after Academicians M.M. Shemyakin and Yu.A. Ovchinnikov, Russian Academy of Sciences",,debarment,Section 1286 of the John S. McCain National Defense Authorization Act for Fiscal Year 2019 (Public Law 115 - 232),United States Congress,,2024,,,,,https://basicresearch.defense.gov/Portals/61/Documents/Academic%20Research%20Security%20Page/FY24%20Section%201286%20List%20for%20public%20release_V2.pdf?ver=KqtK4tL1wLDoUwe2yxWHSw%3D%3D
Company,"Federal State Budgetary Institution of Science Institute of Bioorganic Chemistry named after Academicians M.M. Shemyakin and Yu.A. Ovchinnikov, Russian Academy of Sciences",,debarment,Section 1286 of the John S. McCain National Defense Authorization Act for Fiscal Year 2019 (Public Law 115 - 232),United States Congress,,2025,,,Russia,,https://www.cto.mil/wp-content/uploads/2026/07/FY25-Section-1286-List.pdf
Company,"Federal State Budgetary Institution of Science Institute of Molecular and Cell Biology, Siberian Branch of the Russian Academy of Sciences",,debarment,Section 1286 of the John S. McCain National Defense Authorization Act for Fiscal Year 2019 (Public Law 115 - 232),United States Congress,,2024,,,,,https://basicresearch.defense.gov/Portals/61/Documents/Academic%20Research%20Security%20Page/FY24%20Section%201286%20List%20for%20public%20release_V2.pdf?ver=KqtK4tL1wLDoUwe2yxWHSw%3D%3D
Company,"Federal State Budgetary Institution of Science Institute of Molecular and Cell Biology, Siberian Branch of the Russian Academy of Sciences",,debarment,Section 1286 of the John S. McCain National Defense Authorization Act for Fiscal Year 2019 (Public Law 115 - 232),United States Congress,,2025,,,Russia,,https://www.cto.mil/wp-content/uploads/2026/07/FY25-Section-1286-List.pdf
Company,Federal State Budgetary Institution of Science P.I.K.A. Valiev RAS of the Ministry of Science and Higher Education of Russia,FTIAN IM K.A.Valiev RAS; FTI RAS; FTIAN,debarment,Section 1286 of the John S. McCain National Defense Authorization Act for Fiscal Year 2019 (Public Law 115 - 232),United States Congress,,2024,,,,,https://basicresearch.defense.gov/Portals/61/Documents/Academic%20Research%20Security%20Page/FY24%20Section%201286%20List%20for%20public%20release_V2.pdf?ver=KqtK4tL1wLDoUwe2yxWHSw%3D%3D
Company,Federal State Budgetary Institution of Science P.I.K.A. Valiev RAS of the Ministry of Science and Higher Education of Russia,,debarment,Section 1286 of the John S. McCain National Defense Authorization Act for Fiscal Year 2019 (Public Law 115 - 232),United States Congress,,2022,,,,,https://media.defense.gov/2023/Jun/29/2003251160/-1/-1/1/COUNTERING-UNWANTED-INFLUENCE-IN-DEPARTMENT-FUNDED-RESEARCH-AT-INSTITUTIONS-OF-HIGHER-EDUCATION.PDF
Company,Federal State Budgetary Institution of Science P.I.K.A. Valiev RAS of the Ministry of Science and Higher Education of Russia,FTIAN IM K.A.Valiev RAS,debarment,Section 1286 of the John S. McCain National Defense Authorization Act for Fiscal Year 2019 (Public Law 115 - 232),United States Congress,,2022,,,,,https://media.defense.gov/2023/Jun/29/2003251160/-1/-1/1/COUNTERING-UNWANTED-INFLUENCE-IN-DEPARTMENT-FUNDED-RESEARCH-AT-INSTITUTIONS-OF-HIGHER-EDUCATION.PDF
Company,Federal State Budgetary Institution of Science P.I.K.A. Valiev RAS of the Ministry of Science and Higher Education of Russia,FTI RAS,debarment,Section 1286 of the John S. McCain National Defense Authorization Act for Fiscal Year 2019 (Public Law 115 - 232),United States Congress,,2022,,,,,https://media.defense.gov/2023/Jun/29/2003251160/-1/-1/1/COUNTERING-UNWANTED-INFLUENCE-IN-DEPARTMENT-FUNDED-RESEARCH-AT-INSTITUTIONS-OF-HIGHER-EDUCATION.PDF
Company,Federal State Budgetary Institution of Science P.I.K.A. Valiev RAS of the Ministry of Science and Higher Education of Russia,FTIAN,debarment,Section 1286 of the John S. McCain National Defense Authorization Act for Fiscal Year 2019 (Public Law 115 - 232),United States Congress,,2022,,,,,https://media.defense.gov/2023/Jun/29/2003251160/-1/-1/1/COUNTERING-UNWANTED-INFLUENCE-IN-DEPARTMENT-FUNDED-RESEARCH-AT-INSTITUTIONS-OF-HIGHER-EDUCATION.PDF
Company,Federal State Budgetary Institution of Science P.I.K.A. Valiev RAS of the Ministry of Science and Higher Education of Russia,FTIAN IM K.A.Valiev RAS; FTI RAS ;FTIAN,debarment,Section 1286 of the John S. McCain National Defense Authorization Act for Fiscal Year 2019 (Public Law 115 - 232),United States Congress,,2023,,,,,https://rt.cto.mil/wp-content/uploads/2024/07/FY23-Lists-Published-in-Response-to-Section-1286-of-NDAA-2019_clearedv2.pdf
Company,Federal State Budgetary Institution of Science P.I.K.A. Valiev RAS of the Ministry of Science and Higher Education of Russia,,debarment,Section 1286 of the John S. McCain National Defense Authorization Act for Fiscal Year 2019 (Public Law 115 - 232),United States Congress,,2025,,,Russia,,https://www.cto.mil/wp-content/uploads/2026/07/FY25-Section-1286-List.pdf
Company,Federal State Budgetary Scientific Institution Research and Production Complex Technology Center,Federalnoe Gosudarstvennoe Byudzhetnoe Nauchnoe Uchrezhdenie Nauchno-Proizvodstvenny Kompleks Tekhnologicheskiy Tsentr - NPK Technological Center; NPKTS; Scientific Manufacturing Complex Technological Center; SMC Technological Center,debarment,Section 1286 of the John S. McCain National Defense Authorization Act for Fiscal Year 2019 (Public Law 115 - 232),United States Congress,,2024,,,,,https://basicresearch.defense.gov/Portals/61/Documents/Academic%20Research%20Security%20Page/FY24%20Section%201286%20List%20for%20public%20release_V2.pdf?ver=KqtK4tL1wLDoUwe2yxWHSw%3D%3D
Company,Federal State Budgetary Scientific Institution Research and Production Complex Technology Center,Federalnoe Gosudarstvennoe Byudzhetnoe Nauchnoe Uchrezhdenie Nauchno-Proizvodstvenny Kompleks Tekhnologicheskiy Tsentr - NPK Technological Center; NPKTS; Scientific Manufacturing Complex Technological Center; SMC Technological Center,debarment,Section 1286 of the John S. McCain National Defense Authorization Act for Fiscal Year 2019 (Public Law 115 - 232),United States Congress,,2023,,,,,https://rt.cto.mil/wp-content/uploads/2024/07/FY23-Lists-Published-in-Response-to-Section-1286-of-NDAA-2019_clearedv2.pdf
Company,Federal State Budgetary Scientific Institution Research and Production Complex Technology Center,SMC Technological Centre; Scientific Manufacturing Complex Technological Center; NPK Technological Center,debarment,Section 1286 of the John S. McCain National Defense Authorization Act for Fiscal Year 2019 (Public Law 115 - 232),United States Congress,,2025,,,Russia,,https://www.cto.mil/wp-content/uploads/2026/07/FY25-Section-1286-List.pdf
Company,Federal State Institution Federal Scientific Center Scientific Research Institute for System Analysis of the Russian Academy of Sciences,"Federalnoe Gosudarstvennoe Uchrezhdenie Federalnyy Nauchnyy Tsentr Nauchno-Issledovatelskiy Institut Sistemnykh Issledovaniy Rossiyskoy Akademii Nauk; FGU FNTS NIISI RAN; FSI FSC SRISA RAS; Scientific Research Institute of System Analysis, Russian Academy of Sciences",debarment,Section 1286 of the John S. McCain National Defense Authorization Act for Fiscal Year 2019 (Public Law 115 - 232),United States Congress,,2024,,,,,https://basicresearch.defense.gov/Portals/61/Documents/Academic%20Research%20Security%20Page/FY24%20Section%201286%20List%20for%20public%20release_V2.pdf?ver=KqtK4tL1wLDoUwe2yxWHSw%3D%3D
Company,Federal State Institution Federal Scientific Center Scientific Research Institute for System Analysis of the Russian Academy of Sciences,"Federalnoe Gosudarstvennoe Uchrezhdenie Federalnyy Nauchnyy Tsentr Nauchno-Issledovatelskiy Institut Sistemnykh Issledovaniy Rossiyskoy Akademii Nauk; FGU FNTS NIISI RAN; FSI FSC SRISA RAS; Scientific Research Institute of System Analysis, Russian Academy of Sciences",debarment,Section 1286 of the John S. McCain National Defense Authorization Act for Fiscal Year 2019 (Public Law 115 - 232),United States Congress,,2023,,,,,https://rt.cto.mil/wp-content/uploads/2024/07/FY23-Lists-Published-in-Response-to-Section-1286-of-NDAA-2019_clearedv2.pdf
Company,Federal State Institution Federal Scientific Center Scientific Research Institute for System Analysis of the Russian Academy of Sciences,"Federalnoe Gosudarstvennoe Uchrezhdenie Federalnyy Nauchnyy Tsentr NauchnoIssledovatelskiy Institut Sistemnykh Issledovaniy Rossiyskoy Akademii Nauk; FGU FNTS NIISI RAN; FSI FSC SRISA RAS; Scientific Research Institute of System Analysis, Russian Academy of Sciences",debarment,Section 1286 of the John S. McCain National Defense Authorization Act for Fiscal Year 2019 (Public Law 115 - 232),United States Congress,,2025,,,Russia,,https://www.cto.mil/wp-content/uploads/2026/07/FY25-Section-1286-List.pdf
Company,"Federal State Unitary Enterprise All-Russian Research Institute of Physical, Technical and Radio Engineering Measurements",VNIIFTRI,debarment,Section 1286 of the John S. McCain National Defense Authorization Act for Fiscal Year 2019 (Public Law 115 - 232),United States Congress,,2024,,,,,https://basicresearch.defense.gov/Portals/61/Documents/Academic%20Research%20Security%20Page/FY24%20Section%201286%20List%20for%20public%20release_V2.pdf?ver=KqtK4tL1wLDoUwe2yxWHSw%3D%3D
Company,"Federal State Unitary Enterprise All-Russian Research Institute of Physical, Technical and Radio Engineering Measurements",VNIIFTRI,debarment,Section 1286 of the John S. McCain National Defense Authorization Act for Fiscal Year 2019 (Public Law 115 - 232),United States Congress,,2023,,,,,https://rt.cto.mil/wp-content/uploads/2024/07/FY23-Lists-Published-in-Response-to-Section-1286-of-NDAA-2019_clearedv2.pdf
Company,"Federal State Unitary Enterprise All-Russian Research Institute of Physical, Technical and Radio Engineering Measurements",FGUP VNIIFTRI,debarment,Section 1286 of the John S. McCain National Defense Authorization Act for Fiscal Year 2019 (Public Law 115 - 232),United States Congress,,2025,,,Russia,,https://www.cto.mil/wp-content/uploads/2026/07/FY25-Section-1286-List.pdf
Company,Federal State Unitary Enterprise Central Scientific Research Institute of Chemistry and Mechanics,"CNIIHM; Federalnoe Gosudarstvennoe Unitarnoe Predpriyatie Tsentralny Nauchno-Issledovatelski Institut Khimii I Mekhaniki; FGUP CNIIXM; FGUP TSNIIKHM; FSUE CNIIHM; FSUE TSNIIKHM; GNTS RF FGUP TSNIIKHM; State Research Center of the Russian Federation FGUP Central Scientific Research Institute of Chemistry and Mechanics; Tsentralny Naucho-Issledovatelsky Institut Khimii I Mekhaniki, FGUP; TSNIIKHM",debarment,Section 1286 of the John S. McCain National Defense Authorization Act for Fiscal Year 2019 (Public Law 115 - 232),United States Congress,,2024,,,,,https://basicresearch.defense.gov/Portals/61/Documents/Academic%20Research%20Security%20Page/FY24%20Section%201286%20List%20for%20public%20release_V2.pdf?ver=KqtK4tL1wLDoUwe2yxWHSw%3D%3D
Company,Federal State Unitary Enterprise Central Scientific Research Institute of Chemistry and Mechanics,"CNIIHM; Federalnoe Gosudarstvennoe Unitarnoe Predpriyatie Tsentralny Nauchno-Issledovatelski Institut Khimii I Mekhaniki; FGUP CNIIXM; FGUP TSNIIKHM; FSUE CNIIHM; FSUE TSNIIKHM; GNTS RF FGUP TSNIIKHM; State Research Center of the Russian Federation FGUP Central Scientific Research Institute of Chemistry and Mechanics; Tsentralny Naucho-Issledovatelsky Institut Khimii I Mekhaniki, FGUP; TSNIIKHM",debarment,Section 1286 of the John S. McCain National Defense Authorization Act for Fiscal Year 2019 (Public Law 115 - 232),United States Congress,,2023,,,,,https://rt.cto.mil/wp-content/uploads/2024/07/FY23-Lists-Published-in-Response-to-Section-1286-of-NDAA-2019_clearedv2.pdf
Company,Federal State Unitary Enterprise Central Scientific Research Institute of Chemistry and Mechanics,"CNIIHM; Federalnoe Gosudarstvennoe Unitarnoe Predpriyatie Tsentralny NauchnoIssledovatelski Institut Khimii I Mekhaniki; FGUP CNIIXM; FGUP TSNIIKHM; FSUE CNIIHM; FSUE TSNIIKHM; GNTS RF FGUP TSNIIKHM; State Research Center of the Russian Federation FGUP Central Scientific Research Institute of Chemistry and Mechanics; Tsentralny Naucho-Issledovatelsky Institut Khimii I Mekhaniki, FGUP; TSNIIKHM",debarment,Section 1286 of the John S. McCain National Defense Authorization Act for Fiscal Year 2019 (Public Law 115 - 232),United States Congress,,2025,,,Russia,,https://www.cto.mil/wp-content/uploads/2026/07/FY25-Section-1286-List.pdf
Person,Felipe Alejos Lorenzana,,,Section 353(b) of the United States - Northern Triangle Enhanced Engagement Act,United States Department of State,"former first secretary of the Guatemalan Congress, has engaged in significant corruption. While acting in his official capacity, Mr. Alejos was involved in corrupt acts to enrich himself, while also seriously harming U.S. businesses’ international economic activity. He is designated under the Global Magnitsky sanctions program and Section 7031(c) for involvement in significant corruption.",2021,,December 2023,GUATEMALA,,https://www.state.gov/reports/section-353-corrupt-and-undemocratic-actors-report/
Person,Felix Ernesto Salmeron Moreno,,,Section 353(b) of the United States - Northern Triangle Enhanced Engagement Act,United States Department of State,"a judge, undermined democratic processes or institutions when he convicted and sentenced prodemocracy leaders on vague, false charges of “undermining national integrity” in the sham trials of former presidential candidates Juan Sebastian Chamorro, Felix Maradiaga, Arturo Cruz, and Medardo Mairena; civic leaders Pedro Mena, Jose Pallais, Violeta Granera, Tamara Davila, Jose Quintanilla Hernandez, Roger Reyes; and business leader Jose Adan Aguerri.",2022,,December 2023,NICARAGUA,,https://www.state.gov/reports/section-353-corrupt-and-undemocratic-actors-report-2022/
Person,Florencio Carrascoza Gamez,,,Section 353(b) of the United States - Northern Triangle Enhanced Engagement Act,United States Department of State,"current mayor of Joyabaj, undermined democratic processes or institutions by intimidating and unjustly imprisoning political opponents.",2021,,December 2023,GUATEMALA,,https://www.state.gov/reports/section-353-corrupt-and-undemocratic-actors-report/
Person,Francisco Javier Argueta Gomez,,,Section 353(b) of the United States - Northern Triangle Enhanced Engagement Act,United States Department of State,"current Presidential Legal Advisor, undermined democratic processes or institutions by masterminding the removal of five Supreme Court Magistrates and the Attorney General in an unusual process in apparent contravention of the processes set out in Article 186 of the Constitution, which requires the selection of such Magistrates from a list of candidates drafted by the National Council of the Judiciary.",2022,,December 2023,EL SALVADOR,,https://www.state.gov/reports/section-353-corrupt-and-undemocratic-actors-report-2022/
Person,Fredy Raul Orellana Letona,,,Section 353(b) of the United States - Northern Triangle Enhanced Engagement Act,United States Department of State,"a current judge, undermined democratic processes or institutions by authorizing unsubstantiated, politically motivated criminal charges against journalists who were exercising their freedom of expression as protected by Guatemalan law.",2023,,December 2023,GUATEMALA,,https://www.state.gov/reports/section-353-corrupt-and-undemocratic-actors-report-2023/
Company,Fudan University,,debarment,Section 1286 of the John S. McCain National Defense Authorization Act for Fiscal Year 2019 (Public Law 115 - 232),United States Congress,,2025,,,China,,https://www.cto.mil/wp-content/uploads/2026/07/FY25-Section-1286-List.pdf
Company,Futech Co. Ltd,,sanction,Nonproliferation Sanctions (ISN) - State Department,State Department,,2026-01-27,2026-01-22,2028-01-22,China,"and any successor, sub-unit, or subsidiary thereof;",https://www.federalregister.gov/documents/2026/01/27/2026-01593/imposition-of-nonproliferation-measures-against-foreign-persons-including-a-ban-on-us-government
Person,Geisler Smaille Perez Dominguez,,,Section 353(b) of the United States - Northern Triangle Enhanced Engagement Act,United States Department of State,"a current judge for the Third Criminal Court, undermined democratic processes by obstructing prosecutions of proponents of the “Parallel Commissions 2020” scheme to stack the Supreme Court and Appellate Courts with corrupt judges.",2022,,December 2023,GUATEMALA,,https://www.state.gov/reports/section-353-corrupt-and-undemocratic-actors-report-2022/
Person,Gendri Rocael Reyes Mazariegos,,,Section 353(b) of the United States - Northern Triangle Enhanced Engagement Act,United States Department of State,"a former minister of interior, engaged in significant corruption.",2023,,December 2023,GUATEMALA,,https://www.state.gov/reports/section-353-corrupt-and-undemocratic-actors-report-2023/
Person,Gerardo Guerrero,,,Section 353(b) of the United States - Northern Triangle Enhanced Engagement Act,United States Department of State,"commissioner of the Institute for Access to Public Information, undermined democratic processes or institutions by purposefully and wrongfully blocking access to public information through his position as a commissioner.",2023,,December 2023,EL SALVADOR,,https://www.state.gov/reports/section-353-corrupt-and-undemocratic-actors-report-2023/
Person,Gladis de los Angeles Baez,,,Section 353(b) of the United States - Northern Triangle Enhanced Engagement Act,United States Department of State,"the current second vice president of the National Assembly, undermined democratic processes or institutions by taking part in coordinated government retaliation to strip Nicaraguan citizenship from political opponents and critics of the Ortega-Murillo regime.",2023,,December 2023,NICARAGUA,,https://www.state.gov/reports/section-353-corrupt-and-undemocratic-actors-report-2023/
Person,Gladys Aurora Lopez,,,Section 353(b) of the United States - Northern Triangle Enhanced Engagement Act,United States Department of State,"member of the Honduran National Congress Executive Board, engaged in significant corruption. He was indicted in the Arca Abierta MACCIH-investigated corruption case for embezzling $800,000 from various government agencies.",2021,,December 2023,HONDURAS,,https://www.state.gov/reports/section-353-corrupt-and-undemocratic-actors-report/
Person,Gloria Maria Saavedra Corrales,,,Section 353(b) of the United States - Northern Triangle Enhanced Engagement Act,United States Department of State,"judge in the tenth criminal district court of Managua, undermined democratic processes or institutions by using her position and authority within the Nicaraguan judicial system to knowingly facilitate a coordinated campaign to suppress dissent by confiscating property from the Jesuit Central American University without a legal basis, in order to install a regime-friendly administration.",2023,,December 2023,NICARAGUA,,https://www.state.gov/reports/section-353-corrupt-and-undemocratic-actors-report-2023/
Person,Gonzalo Molina Solorzano,,,Section 353(b) of the United States - Northern Triangle Enhanced Engagement Act,United States Department of State,"Chief of Supply for the National Bank for Agricultural Development from 2010 to 2014, transferred proceeds of corruption when he aided the misappropriation of more than $500,000 from Bono 10 Mil, a presidential project aimed at reducing rural poverty.",2022,,December 2023,HONDURAS,,https://www.state.gov/reports/section-353-corrupt-and-undemocratic-actors-report-2022/
Company,"Gotion High tech Company, Limited",,,Section 154 of the United States National Defense Authorization Act for Fiscal Year 2024,United States Congress,,2023-12-22,"October 1, 2027",,,"Beginning on October 1, 2027, none of the funds authorized to be appropriated or otherwise made available for the Department of Defense may be obligated or expended to procure a battery produced by the entity.",https://www.congress.gov/118/plaws/publ31/PLAW-118publ31.pdf
Company,Ground Force Command College,Army Command College,debarment,Section 1286 of the John S. McCain National Defense Authorization Act for Fiscal Year 2019 (Public Law 115 - 232),United States Congress,,2025,,,China,,https://www.cto.mil/wp-content/uploads/2026/07/FY25-Section-1286-List.pdf
Company,Guilin University of Electronic Technology,,debarment,Section 1286 of the John S. McCain National Defense Authorization Act for Fiscal Year 2019 (Public Law 115 - 232),United States Congress,,2024,,,,,https://basicresearch.defense.gov/Portals/61/Documents/Academic%20Research%20Security%20Page/FY24%20Section%201286%20List%20for%20public%20release_V2.pdf?ver=KqtK4tL1wLDoUwe2yxWHSw%3D%3D
Company,Guilin University of Electronic Technology,,debarment,Section 1286 of the John S. McCain National Defense Authorization Act for Fiscal Year 2019 (Public Law 115 - 232),United States Congress,,2025,,,China,,https://www.cto.mil/wp-content/uploads/2026/07/FY25-Section-1286-List.pdf
Person,Guillermo Estuardo de Jesus Sosa Rodriguez,,,Section 353(b) of the United States - Northern Triangle Enhanced Engagement Act,United States Department of State,"former Vice Minister of Communications, engaged in significant corruption when he participated in bribery schemes, including involvement in a criminal structure that pressured, collected, and deposited bribes from state contractors in exchange for personal benefits.",2021,,December 2023,GUATEMALA,,https://www.state.gov/reports/section-353-corrupt-and-undemocratic-actors-report/
Person,Gustavo Adolfo Alejos Cambara,,,Section 353(b) of the United States - Northern Triangle Enhanced Engagement Act,United States Department of State,"former Guatemalan Presidential Chief of Staff, engaged in significant corruption by facilitating payments to congressional representatives and judges on Guatemala’s Supreme Court of Justice (CSJ) in order to inappropriately influence the judicial selection process for magistrates to the CSJ and Court of Appeals and secure his future release from prison and the dismissal of corruption charges. He is designated under the Global Magnitsky sanctions program and Section 7031(c) for involvement in sig",2021,,December 2023,GUATEMALA,,https://www.state.gov/reports/section-353-corrupt-and-undemocratic-actors-report/
Person,Gustavo Adolfo Herrera Castillo,,,Section 353(b) of the United States - Northern Triangle Enhanced Engagement Act,United States Department of State,"political operative and businessman, undermined democratic processes or institutions by abusing his authority to inappropriately influence and manipulate the appointment of judges to high court positions.",2021,,December 2023,GUATEMALA,,https://www.state.gov/reports/section-353-corrupt-and-undemocratic-actors-report/
Person,Gustavo Alberto Perez,,,Section 353(b) of the United States - Northern Triangle Enhanced Engagement Act,United States Department of State,"current congressional representative, has engaged in significant corruption. He was indicted in the Arca Abierta MACCIH-investigated corruption case for embezzling $800,000 from various government agencies.",2021,,December 2023,HONDURAS,,https://www.state.gov/reports/section-353-corrupt-and-undemocratic-actors-report/
Company,Hangzhao Dianzi University,Hangzhou Electronic Science and Technology University; Hangzhou Dianzi University,debarment,Section 1286 of the John S. McCain National Defense Authorization Act for Fiscal Year 2019 (Public Law 115 - 232),United States Congress,,2025,,,China,,https://www.cto.mil/wp-content/uploads/2026/07/FY25-Section-1286-List.pdf
Company,Hangzhou Hikvision Digital Technology Company,,debarment,Section 889 of the John S. McCain National Defense Authorization Act for Fiscal Year 2019 (Public Law 115 - 232),United States Congress,,,,,,,https://www.congress.gov/115/plaws/publ232/PLAW-115publ232.pdf
Company,Harbin Engineering University,,debarment,Section 1286 of the John S. McCain National Defense Authorization Act for Fiscal Year 2019 (Public Law 115 - 232),United States Congress,,2024,,,,,https://basicresearch.defense.gov/Portals/61/Documents/Academic%20Research%20Security%20Page/FY24%20Section%201286%20List%20for%20public%20release_V2.pdf?ver=KqtK4tL1wLDoUwe2yxWHSw%3D%3D
Company,Harbin Engineering University,,debarment,Section 1286 of the John S. McCain National Defense Authorization Act for Fiscal Year 2019 (Public Law 115 - 232),United States Congress,,2022,,,,,https://media.defense.gov/2023/Jun/29/2003251160/-1/-1/1/COUNTERING-UNWANTED-INFLUENCE-IN-DEPARTMENT-FUNDED-RESEARCH-AT-INSTITUTIONS-OF-HIGHER-EDUCATION.PDF
Company,Harbin Engineering University,,debarment,Section 1286 of the John S. McCain National Defense Authorization Act for Fiscal Year 2019 (Public Law 115 - 232),United States Congress,,2023,,,,,https://rt.cto.mil/wp-content/uploads/2024/07/FY23-Lists-Published-in-Response-to-Section-1286-of-NDAA-2019_clearedv2.pdf
Company,Harbin Engineering University,,debarment,Section 1286 of the John S. McCain National Defense Authorization Act for Fiscal Year 2019 (Public Law 115 - 232),United States Congress,,2025,,,China,,https://www.cto.mil/wp-content/uploads/2026/07/FY25-Section-1286-List.pdf
Company,Harbin Institute of Technology,,debarment,Section 1286 of the John S. McCain National Defense Authorization Act for Fiscal Year 2019 (Public Law 115 - 232),United States Congress,,2024,,,,,https://basicresearch.defense.gov/Portals/61/Documents/Academic%20Research%20Security%20Page/FY24%20Section%201286%20List%20for%20public%20release_V2.pdf?ver=KqtK4tL1wLDoUwe2yxWHSw%3D%3D
Company,Harbin Institute of Technology,,debarment,Section 1286 of the John S. McCain National Defense Authorization Act for Fiscal Year 2019 (Public Law 115 - 232),United States Congress,,2022,,,,,https://media.defense.gov/2023/Jun/29/2003251160/-1/-1/1/COUNTERING-UNWANTED-INFLUENCE-IN-DEPARTMENT-FUNDED-RESEARCH-AT-INSTITUTIONS-OF-HIGHER-EDUCATION.PDF
Company,Harbin Institute of Technology,,debarment,Section 1286 of the John S. McCain National Defense Authorization Act for Fiscal Year 2019 (Public Law 115 - 232),United States Congress,,2023,,,,,https://rt.cto.mil/wp-content/uploads/2024/07/FY23-Lists-Published-in-Response-to-Section-1286-of-NDAA-2019_clearedv2.pdf
Company,Harbin Institute of Technology,,debarment,Section 1286 of the John S. McCain National Defense Authorization Act for Fiscal Year 2019 (Public Law 115 - 232),United States Congress,,2025,,,China,,https://www.cto.mil/wp-content/uploads/2026/07/FY25-Section-1286-List.pdf
Person,Harvis Edulfo Herrera Carballo,,,Section 353(b) of the United States - Northern Triangle Enhanced Engagement Act,United States Department of State,"General Manager at the Presidential Palace from 2010 to 2014, transferred proceeds of corruption when he aided the misappropriation of more than $500,000 from Bono 10 Mil, a presidential project aimed at reducing rural poverty.",2022,,December 2023,HONDURAS,,https://www.state.gov/reports/section-353-corrupt-and-undemocratic-actors-report-2022/
Person,Hector Enrique Padilla Hernandez,,,Section 353(b) of the United States - Northern Triangle Enhanced Engagement Act,United States Department of State,"former member of congress, engaged in significant corruption by misappropriating funds from the publicly funded Limpieza de Solares y Calles development project in his home department of Choluteca to his personal accounts.",2021,,December 2023,HONDURAS,,https://www.state.gov/reports/section-353-corrupt-and-undemocratic-actors-report/
Company,Hefei National Laboratory for Physical Sciences at the Microscale,,debarment,Section 1286 of the John S. McCain National Defense Authorization Act for Fiscal Year 2019 (Public Law 115 - 232),United States Congress,,2024,,,,,https://basicresearch.defense.gov/Portals/61/Documents/Academic%20Research%20Security%20Page/FY24%20Section%201286%20List%20for%20public%20release_V2.pdf?ver=KqtK4tL1wLDoUwe2yxWHSw%3D%3D
Company,Hefei National Laboratory for Physical Sciences at the Microscale,,debarment,Section 1286 of the John S. McCain National Defense Authorization Act for Fiscal Year 2019 (Public Law 115 - 232),United States Congress,,2022,,,,,https://media.defense.gov/2023/Jun/29/2003251160/-1/-1/1/COUNTERING-UNWANTED-INFLUENCE-IN-DEPARTMENT-FUNDED-RESEARCH-AT-INSTITUTIONS-OF-HIGHER-EDUCATION.PDF
Company,Hefei National Laboratory for Physical Sciences at the Microscale,,debarment,Section 1286 of the John S. McCain National Defense Authorization Act for Fiscal Year 2019 (Public Law 115 - 232),United States Congress,,2023,,,,,https://rt.cto.mil/wp-content/uploads/2024/07/FY23-Lists-Published-in-Response-to-Section-1286-of-NDAA-2019_clearedv2.pdf
Company,Hefei National Laboratory for Physical Sciences at the Microscale,,debarment,Section 1286 of the John S. McCain National Defense Authorization Act for Fiscal Year 2019 (Public Law 115 - 232),United States Congress,,2025,,,China,,https://www.cto.mil/wp-content/uploads/2026/07/FY25-Section-1286-List.pdf
Company,"Hithium Energy Storage Technology company, Limited",,,Section 154 of the United States National Defense Authorization Act for Fiscal Year 2024,United States Congress,,2023-12-22,"October 1, 2027",,,"Beginning on October 1, 2027, none of the funds authorized to be appropriated or otherwise made available for the Department of Defense may be obligated or expended to procure a battery produced by the entity.",https://www.congress.gov/118/plaws/publ31/PLAW-118publ31.pdf
Company,Huawei Technologies Company,,debarment,Section 889 of the John S. McCain National Defense Authorization Act for Fiscal Year 2019 (Public Law 115 - 232),United States Congress,,,,,,,https://www.congress.gov/115/plaws/publ232/PLAW-115publ232.pdf
Company,Hundred Talents Plan,,debarment,Section 1286 of the John S. McCain National Defense Authorization Act for Fiscal Year 2019 (Public Law 115 - 232),United States Congress,,2024,,,,,https://basicresearch.defense.gov/Portals/61/Documents/Academic%20Research%20Security%20Page/FY24%20Section%201286%20List%20for%20public%20release_V2.pdf?ver=KqtK4tL1wLDoUwe2yxWHSw%3D%3D
Company,Hundred Talents Plan,,debarment,Section 1286 of the John S. McCain National Defense Authorization Act for Fiscal Year 2019 (Public Law 115 - 232),United States Congress,,2022,,,,,https://media.defense.gov/2023/Jun/29/2003251160/-1/-1/1/COUNTERING-UNWANTED-INFLUENCE-IN-DEPARTMENT-FUNDED-RESEARCH-AT-INSTITUTIONS-OF-HIGHER-EDUCATION.PDF
Company,Hundred Talents Plan,,debarment,Section 1286 of the John S. McCain National Defense Authorization Act for Fiscal Year 2019 (Public Law 115 - 232),United States Congress,,2023,,,,,https://rt.cto.mil/wp-content/uploads/2024/07/FY23-Lists-Published-in-Response-to-Section-1286-of-NDAA-2019_clearedv2.pdf
Company,Hundred Talents Plan,,debarment,Section 1286 of the John S. McCain National Defense Authorization Act for Fiscal Year 2019 (Public Law 115 - 232),United States Congress,,2025,,,,,https://www.cto.mil/wp-content/uploads/2026/07/FY25-Section-1286-List.pdf
Company,Hytera Communications Corporation,,debarment,Section 889 of the John S. McCain National Defense Authorization Act for Fiscal Year 2019 (Public Law 115 - 232),United States Congress,,,,,,,https://www.congress.gov/115/plaws/publ232/PLAW-115publ232.pdf
Company,Imam Baqir University,,debarment,Section 1286 of the John S. McCain National Defense Authorization Act for Fiscal Year 2019 (Public Law 115 - 232),United States Congress,,2025,,,Iran,,https://www.cto.mil/wp-content/uploads/2026/07/FY25-Section-1286-List.pdf
Company,Imam Hussein University,"Imam Hossein University; IHU; Imam Hussein University of the Revolutionary Guards""",debarment,Section 1286 of the John S. McCain National Defense Authorization Act for Fiscal Year 2019 (Public Law 115 - 232),United States Congress,,2024,,,,,https://basicresearch.defense.gov/Portals/61/Documents/Academic%20Research%20Security%20Page/FY24%20Section%201286%20List%20for%20public%20release_V2.pdf?ver=KqtK4tL1wLDoUwe2yxWHSw%3D%3D
Company,Imam Hussein University,Imam Hossein University; Imam Hossein Comprehensive University; Imam Hussein Military University; Imam Hussein University of the Revolutionary Guards,debarment,Section 1286 of the John S. McCain National Defense Authorization Act for Fiscal Year 2019 (Public Law 115 - 232),United States Congress,,2025,,,Iran,,https://www.cto.mil/wp-content/uploads/2026/07/FY25-Section-1286-List.pdf
Company,Information Engineering University,,debarment,Section 1286 of the John S. McCain National Defense Authorization Act for Fiscal Year 2019 (Public Law 115 - 232),United States Congress,,2024,,,,,https://basicresearch.defense.gov/Portals/61/Documents/Academic%20Research%20Security%20Page/FY24%20Section%201286%20List%20for%20public%20release_V2.pdf?ver=KqtK4tL1wLDoUwe2yxWHSw%3D%3D
Company,Information Engineering University,,debarment,Section 1286 of the John S. McCain National Defense Authorization Act for Fiscal Year 2019 (Public Law 115 - 232),United States Congress,,2023,,,,,https://rt.cto.mil/wp-content/uploads/2024/07/FY23-Lists-Published-in-Response-to-Section-1286-of-NDAA-2019_clearedv2.pdf
Company,Institute of High Energy Physics,Kurchatovskiy Institute ITEF,debarment,Section 1286 of the John S. McCain National Defense Authorization Act for Fiscal Year 2019 (Public Law 115 - 232),United States Congress,,2024,,2026-07-23,,,https://basicresearch.defense.gov/Portals/61/Documents/Academic%20Research%20Security%20Page/FY24%20Section%201286%20List%20for%20public%20release_V2.pdf?ver=KqtK4tL1wLDoUwe2yxWHSw%3D%3D
Company,Institute of High Energy Physics,Kurchatovskiy Institute ITEF,debarment,Section 1286 of the John S. McCain National Defense Authorization Act for Fiscal Year 2019 (Public Law 115 - 232),United States Congress,,2024,,2026-07-23,,,https://basicresearch.defense.gov/Portals/61/Documents/Academic%20Research%20Security%20Page/FY24%20Section%201286%20List%20for%20public%20release_V2.pdf?ver=KqtK4tL1wLDoUwe2yxWHSw%3D%3D
Company,Institute of High Energy Physics,IHEP,debarment,Section 1286 of the John S. McCain National Defense Authorization Act for Fiscal Year 2019 (Public Law 115 - 232),United States Congress,,2022,,,,,https://media.defense.gov/2023/Jun/29/2003251160/-1/-1/1/COUNTERING-UNWANTED-INFLUENCE-IN-DEPARTMENT-FUNDED-RESEARCH-AT-INSTITUTIONS-OF-HIGHER-EDUCATION.PDF
Company,Institute of High Energy Physics,Kurchatovskiy Institute ITEF,debarment,Section 1286 of the John S. McCain National Defense Authorization Act for Fiscal Year 2019 (Public Law 115 - 232),United States Congress,,2022,,,,,https://media.defense.gov/2023/Jun/29/2003251160/-1/-1/1/COUNTERING-UNWANTED-INFLUENCE-IN-DEPARTMENT-FUNDED-RESEARCH-AT-INSTITUTIONS-OF-HIGHER-EDUCATION.PDF
Company,Institute of High Energy Physics,Kurchatovskiy Institute ITEF; IHEP,debarment,Section 1286 of the John S. McCain National Defense Authorization Act for Fiscal Year 2019 (Public Law 115 - 232),United States Congress,,2023,,,,,https://rt.cto.mil/wp-content/uploads/2024/07/FY23-Lists-Published-in-Response-to-Section-1286-of-NDAA-2019_clearedv2.pdf
Company,Institute of Physics Named After P.N. Lebedev of the Russian Academy of Sciences,Lebedev Physical Institute; LPI RAS; FIAN,debarment,Section 1286 of the John S. McCain National Defense Authorization Act for Fiscal Year 2019 (Public Law 115 - 232),United States Congress,,2024,,,,,https://basicresearch.defense.gov/Portals/61/Documents/Academic%20Research%20Security%20Page/FY24%20Section%201286%20List%20for%20public%20release_V2.pdf?ver=KqtK4tL1wLDoUwe2yxWHSw%3D%3D
Company,Institute of Physics Named After P.N. Lebedev of the Russian Academy of Sciences,Lebedev Physical Institute; LPI RAS; FIAN,debarment,Section 1286 of the John S. McCain National Defense Authorization Act for Fiscal Year 2019 (Public Law 115 - 232),United States Congress,,2023,,,,,https://rt.cto.mil/wp-content/uploads/2024/07/FY23-Lists-Published-in-Response-to-Section-1286-of-NDAA-2019_clearedv2.pdf
Company,Institute of Radio-Engineering and Electronics,,debarment,Section 1286 of the John S. McCain National Defense Authorization Act for Fiscal Year 2019 (Public Law 115 - 232),United States Congress,,2025,,,Russia,,https://www.cto.mil/wp-content/uploads/2026/07/FY25-Section-1286-List.pdf
Company,Institute of Solid State Physics of the Russian Academy of Sciences,Institute of Solid State Physics; Osipyan Institute of Solid State Physics; Institute of Solid-State Physics of the Russian Academy of Sciences,debarment,Section 1286 of the John S. McCain National Defense Authorization Act for Fiscal Year 2019 (Public Law 115 - 232),United States Congress,,2025,,,Russia,,https://www.cto.mil/wp-content/uploads/2026/07/FY25-Section-1286-List.pdf
Company,Institute of Solid-State Physics of the Russian Academy of Sciences,Institute of Solid-State Physics of the Academy of Sciences SSSR; Federal State Budgetary Institution of Science Institute of Solid-State Physics N.A. Yu. A. Osipyan of the Russian Academy of Sciences,debarment,Section 1286 of the John S. McCain National Defense Authorization Act for Fiscal Year 2019 (Public Law 115 - 232),United States Congress,,2024,,,,,https://basicresearch.defense.gov/Portals/61/Documents/Academic%20Research%20Security%20Page/FY24%20Section%201286%20List%20for%20public%20release_V2.pdf?ver=KqtK4tL1wLDoUwe2yxWHSw%3D%3D
Company,Institute of Solid-State Physics of the Russian Academy of Sciences (ISSP),Institute of Solid-State Physics of the Academy of Sciences SSSR,debarment,Section 1286 of the John S. McCain National Defense Authorization Act for Fiscal Year 2019 (Public Law 115 - 232),United States Congress,,2022,,,,,https://media.defense.gov/2023/Jun/29/2003251160/-1/-1/1/COUNTERING-UNWANTED-INFLUENCE-IN-DEPARTMENT-FUNDED-RESEARCH-AT-INSTITUTIONS-OF-HIGHER-EDUCATION.PDF
Company,Institute of Solid-State Physics of the Russian Academy of Sciences (ISSP),Federal State Budgetary Institution of Science Institute of Solid-State Physics N.A. Yu. A. Osipyanof the Russian Academy of Sciences,debarment,Section 1286 of the John S. McCain National Defense Authorization Act for Fiscal Year 2019 (Public Law 115 - 232),United States Congress,,2022,,,,,https://media.defense.gov/2023/Jun/29/2003251160/-1/-1/1/COUNTERING-UNWANTED-INFLUENCE-IN-DEPARTMENT-FUNDED-RESEARCH-AT-INSTITUTIONS-OF-HIGHER-EDUCATION.PDF
Company,Institute of Solid-State Physics of the Russian Academy of Sciences (ISSP),Institute of Solid-State Physics of the Academy of Sciences SSSR; Federal State Budgetary Institution of Science Institute of Solid-State Physics N.A. Yu. A. Osipyanof the Russian Academy of Sciences,debarment,Section 1286 of the John S. McCain National Defense Authorization Act for Fiscal Year 2019 (Public Law 115 - 232),United States Congress,,2023,,,,,https://rt.cto.mil/wp-content/uploads/2024/07/FY23-Lists-Published-in-Response-to-Section-1286-of-NDAA-2019_clearedv2.pdf
Company,International Biotechnology Services FZC,,sanction,Nonproliferation Sanctions (ISN) - State Department,State Department,,2026-01-27,2026-01-22,2028-01-22,UAE,"and any successor, sub-unit, or subsidiary thereof;",https://www.federalregister.gov/documents/2026/01/27/2026-01593/imposition-of-nonproliferation-measures-against-foreign-persons-including-a-ban-on-us-government
Person,Irma Oralya Laguna Cruz,,,Section 353(b) of the United States - Northern Triangle Enhanced Engagement Act,United States Department of State,"a judge, undermined democratic processes or institutions when she convicted and sentenced a prodemocracy leader on vague, false charges of “undermining national integrity” in the sham trial of opposition activist Evelyn Pinto.",2022,,December 2023,NICARAGUA,,https://www.state.gov/reports/section-353-corrupt-and-undemocratic-actors-report-2022/
Person,Javier Rodolfo Pastor Vasquez,,,Section 353(b) of the United States - Northern Triangle Enhanced Engagement Act,United States Department of State,"Vice Minister of Health in 2011, engaged in significant corruption by accepting $235,000 in bribes to interfere in public procurement procedures to improperly award contracts to political allies and to expedite payments.",2022,,December 2023,HONDURAS,,https://www.state.gov/reports/section-353-corrupt-and-undemocratic-actors-report-2022/
Person,Jesus Arturo Mejia Arita,,,Section 353(b) of the United States - Northern Triangle Enhanced Engagement Act,United States Department of State,"a former general manager of the Honduran National Electric Energy Company (ENEE), engaged in significant corruption by awarding non-competitive or overpriced contracts for the generation of electricity and other energy-related services in exchange for bribes, and by facilitating corrupt schemes related to the hiring and firing of ENEE employees in exchange for kickbacks.",2023,,December 2023,HONDURAS,,https://www.state.gov/reports/section-353-corrupt-and-undemocratic-actors-report-2023/
Person,Jimi Rodolfo Bremer Ramírez,,,Section 353(b) of the United States - Northern Triangle Enhanced Engagement Act,United States Department of State,"a current judge, undermined democratic processes or institutions by authorizing politically motivated criminal charges against journalists for exercising their freedom of expression as protected by Guatemalan law.",2023,,December 2023,GUATEMALA,,https://www.state.gov/reports/section-353-corrupt-and-undemocratic-actors-report-2023/
Company,Joint Logistics Support Force Engineering University,,debarment,Section 1286 of the John S. McCain National Defense Authorization Act for Fiscal Year 2019 (Public Law 115 - 232),United States Congress,,2025,,,China,,https://www.cto.mil/wp-content/uploads/2026/07/FY25-Section-1286-List.pdf
Person,Jolman Alexander Ayala,,,Section 353(b) of the United States - Northern Triangle Enhanced Engagement Act,United States Department of State,"a former compliance officer of Banco Hipotecario, a state-owned bank, engaged in significant corruption by laundering $177 million in exchange for $78,000 in bribes.",2023,,December 2023,EL SALVADOR,,https://www.state.gov/reports/section-353-corrupt-and-undemocratic-actors-report-2023/
Person,Jorge Estuardo Vargas Morales,,,Section 353(b) of the United States - Northern Triangle Enhanced Engagement Act,United States Department of State,"current congressional representative, engaged in significant corruption and undermined democratic processes or institutions when he engaged in bribery, coercion, and influence peddling.",2021,,December 2023,GUATEMALA,,https://www.state.gov/reports/section-353-corrupt-and-undemocratic-actors-report/
Person,Jorge Luis Arias Jarquin,,,Section 353(b) of the United States - Northern Triangle Enhanced Engagement Act,United States Department of State,"a prosecutor in the Public Prosecutor’s Office headquarters in Managua, undermined democratic processes or institutions by bringing spurious charges in order to jail regime opponents in the leadup to national elections.",2022,,December 2023,NICARAGUA,,https://www.state.gov/reports/section-353-corrupt-and-undemocratic-actors-report-2022/
Person,José Aquiles Enrique Rais López,,,Section 353(b) of the United States - Northern Triangle Enhanced Engagement Act,United States Department of State,engaged in significant corruption and undermined democratic processes or institutions by bribing public officials.,2021,,December 2023,EL SALVADOR,,https://www.state.gov/reports/section-353-corrupt-and-undemocratic-actors-report/
Person,Jose Celin Discua Elvir,,,Section 353(b) of the United States - Northern Triangle Enhanced Engagement Act,United States Department of State,"current congressional representative, engaged in significant corruption when he misappropriated funds from the Secretariat of Agriculture to political campaigns.",2021,,December 2023,HONDURAS,,https://www.state.gov/reports/section-353-corrupt-and-undemocratic-actors-report/
Person,Jose Ernesto Sanabria,,,Section 353(b) of the United States - Northern Triangle Enhanced Engagement Act,United States Department of State,"current Presidential Press Secretary, undermined democratic processes or institutions by using his position and wielding the Presidency’s influence to inappropriately pressure officials in opposition political parties to resign on threat of being charged with criminal offenses.",2022,,December 2023,EL SALVADOR,,https://www.state.gov/reports/section-353-corrupt-and-undemocratic-actors-report-2022/
Person,José Luis Benito Ruiz,,,Section 353(b) of the United States - Northern Triangle Enhanced Engagement Act,United States Department of State,"the former Minister of Communications and Infrastructure from 2018-2020, engaged in significant corruption when he solicited, accepted, and offered bribes in order to maintain his official position and receive kickbacks from contractors, and facilitated the transfer of proceeds of corruption.",2022,,December 2023,GUATEMALA,,https://www.state.gov/reports/section-353-corrupt-and-undemocratic-actors-report-2022/
Person,José Luis Merino,,,Section 353(b) of the United States - Northern Triangle Enhanced Engagement Act,United States Department of State,"former Vice Minister for Foreign Investment and Development Financing, engaged in significant corruption during his term in office through bribery. He also participated in a money laundering scheme.",2021,,December 2023,EL SALVADOR,,https://www.state.gov/reports/section-353-corrupt-and-undemocratic-actors-report/
Person,Jose Miguel “Mecafe” Antonio Menendez Avelar,,,Section 353(b) of the United States - Northern Triangle Enhanced Engagement Act,United States Department of State,"a former president of the Center for Fairs and Conventions, engaged in significant corruption by steering an $8.4 million Ministry of Public Works contract for the construction of a bridge in Chalatenango Department, El Salvador, to a Guatemalan businessman. In return, Menendez illegally received a small plane, a Beechcraft King Air 90, as a gift.",2023,,December 2023,EL SALVADOR,,https://www.state.gov/reports/section-353-corrupt-and-undemocratic-actors-report-2023/
Person,Jose Porfirio “Pepe” Lobo Sosa,,,Section 353(b) of the United States - Northern Triangle Enhanced Engagement Act,United States Department of State,"former president of Honduras, engaged in significant corruption while president when he accepted bribes from the narco-trafficking organization Los Cachiros in exchange for political favors.",2021,,December 2023,HONDURAS,,https://www.state.gov/reports/section-353-corrupt-and-undemocratic-actors-report/
Person,Jose Rafael Curruchiche Cacul (Rafael Curruchiche),,,Section 353(b) of the United States - Northern Triangle Enhanced Engagement Act,United States Department of State,"the current chief of the Public Ministry’s Office of the Special Prosecutor Against Impunity (FECI), obstructed investigations into acts of corruption by disrupting high-profile corruption cases against government officials and raising apparently spurious claims against FECI prosecutors, private attorneys, and former International Commission Against Impunity in Guatemala (CICIG) prosecutors.",2022,,December 2023,GUATEMALA,,https://www.state.gov/reports/section-353-corrupt-and-undemocratic-actors-report-2022/
Person,Jose Wilfredo Salgado Garcia,,,Section 353(b) of the United States - Northern Triangle Enhanced Engagement Act,United States Department of State,"Mayor of San Miguel, undermined democratic processes or institutions when he used his official position to participate in drug trafficking and money laundering while mayor of San Miguel, El Salvador’s second largest city. Salgado used his connections with city law enforcement to intimidate his electoral opponent’s family.",2022,,December 2023,EL SALVADOR,,https://www.state.gov/reports/section-353-corrupt-and-undemocratic-actors-report-2022/
Person,Joviel Acevedo Ayala,,,Section 353(b) of the United States - Northern Triangle Enhanced Engagement Act,United States Department of State,"the current head of Guatemalan Education Workers Union (STEG), engaged in significant corruption by providing STEG’s political support in exchange for bribes from public officials.",2023,,December 2023,GUATEMALA,,https://www.state.gov/reports/section-353-corrupt-and-undemocratic-actors-report-2023/
Company,JS Research Inc.,,sanction,Nonproliferation Sanctions (ISN) - State Department,State Department,,2026-01-27,2026-01-22,2028-01-22,ROK,"and any successor, sub-unit, or subsidiary thereof;",https://www.federalregister.gov/documents/2026/01/27/2026-01593/imposition-of-nonproliferation-measures-against-foreign-persons-including-a-ban-on-us-government
Person,Juan Carlos “El Tigre” Bonilla Valladares,,,Section 353(b) of the United States - Northern Triangle Enhanced Engagement Act,United States Department of State,"Director of the National Police from 2012 to 2013, engaged in significant corruption when he used his position as Director of the National Police to facilitate movement of cocaine through Honduras in exchange for bribes.",2022,,December 2023,HONDURAS,,https://www.state.gov/reports/section-353-corrupt-and-undemocratic-actors-report-2022/
Person,Juan Carlos Godinez Rodriguez,,,Section 353(b) of the United States - Northern Triangle Enhanced Engagement Act,United States Department of State,"lawyer and former member of a congressional commission in charge of selecting Supreme Court magistrates, undermined democratic processes or institutions by abusing his authority to inappropriately influence and manipulate the appointment of judges to high court positions.",2021,,December 2023,GUATEMALA,,https://www.state.gov/reports/section-353-corrupt-and-undemocratic-actors-report/
Person,Juan Carlos Valenzuela Molina,,,Section 353(b) of the United States - Northern Triangle Enhanced Engagement Act,United States Department of State,"current congressional representative. He was indicted in the Arca Abierta MACCIH-investigated corruption case for embezzling $800,000 from various government agencies.",2021,,December 2023,HONDURAS,,https://www.state.gov/reports/section-353-corrupt-and-undemocratic-actors-report/
Person,Juan Ramon Maradiaga,,,Section 353(b) of the United States - Northern Triangle Enhanced Engagement Act,United States Department of State,"General Manager of the National Bank for Agricultural Development (BANADESA) from 2010 to 2014, transferred proceeds of corruption when he aided the misappropriation of more than $500,000 from Bono 10 Mil, a presidential project aimed at reducing rural poverty.",2022,,December 2023,HONDURAS,,https://www.state.gov/reports/section-353-corrupt-and-undemocratic-actors-report-2022/
Company,Kazan National Research Technical University named after A.N. Tupolev-KAI,Kazan National Technical Research University; Kazan Aviation Institute,debarment,Section 1286 of the John S. McCain National Defense Authorization Act for Fiscal Year 2019 (Public Law 115 - 232),United States Congress,,2025,,,Russia,,https://www.cto.mil/wp-content/uploads/2026/07/FY25-Section-1286-List.pdf
Company,Keldysh Institute of Applied Mathematics,"Institute of Applied Mathematics, M.V. Keldysha; Keldysh Institute of Applied Mathematics of the Russian Academy of Sciences",debarment,Section 1286 of the John S. McCain National Defense Authorization Act for Fiscal Year 2019 (Public Law 115 - 232),United States Congress,,2025,,,Russia,,https://www.cto.mil/wp-content/uploads/2026/07/FY25-Section-1286-List.pdf
Company,Keldysh Institute of Applied Mathematics of the Russian Academy of Sciences,Federalnoe Gosudarstvennoe Uchrezhdenie Federalny Issledovatelski Tsentr Institut Prikladnoi Metematiki I.M. Keldysha Rossiiskoi Akademii Nauk; IPM IM. M.V. Keldisha RAN; KIAM RAS,debarment,Section 1286 of the John S. McCain National Defense Authorization Act for Fiscal Year 2019 (Public Law 115 - 232),United States Congress,,2024,,,,,https://basicresearch.defense.gov/Portals/61/Documents/Academic%20Research%20Security%20Page/FY24%20Section%201286%20List%20for%20public%20release_V2.pdf?ver=KqtK4tL1wLDoUwe2yxWHSw%3D%3D
Company,Keldysh Institute of Applied Mathematics of the Russian Academy of Sciences,Federalnoe Gosudarstvennoe Uchrezhdenie Federalny Issledovatelski Tsentr Institut Prikladnoi Metematiki I.M. Keldysha Rossiiskoi Akademii Nauk; IPM IM. M.V. Keldisha RAN; KIAM RAS,debarment,Section 1286 of the John S. McCain National Defense Authorization Act for Fiscal Year 2019 (Public Law 115 - 232),United States Congress,,2023,,,,,https://rt.cto.mil/wp-content/uploads/2024/07/FY23-Lists-Published-in-Response-to-Section-1286-of-NDAA-2019_clearedv2.pdf
Company,Key Laboratory of Information Systems Engineering,KLISE,debarment,Section 1286 of the John S. McCain National Defense Authorization Act for Fiscal Year 2019 (Public Law 115 - 232),United States Congress,,2024,,,,,https://basicresearch.defense.gov/Portals/61/Documents/Academic%20Research%20Security%20Page/FY24%20Section%201286%20List%20for%20public%20release_V2.pdf?ver=KqtK4tL1wLDoUwe2yxWHSw%3D%3D
Company,Key Laboratory of Information Systems Engineering,KLISE,debarment,Section 1286 of the John S. McCain National Defense Authorization Act for Fiscal Year 2019 (Public Law 115 - 232),United States Congress,,2023,,,,,https://rt.cto.mil/wp-content/uploads/2024/07/FY23-Lists-Published-in-Response-to-Section-1286-of-NDAA-2019_clearedv2.pdf
Company,Kuznetsov Naval Academy,,debarment,Section 1286 of the John S. McCain National Defense Authorization Act for Fiscal Year 2019 (Public Law 115 - 232),United States Congress,,2025,,,Russia,,https://www.cto.mil/wp-content/uploads/2026/07/FY25-Section-1286-List.pdf
Person,Leonor Eugenia Morales Lazo,,,Section 353(b) of the United States - Northern Triangle Enhanced Engagement Act,United States Department of State,"current prosecutor, undermined democratic processes or institutions by leading a politically motivated investigation to cast doubt on certified election results to disrupt the presidential transition.",2023,,December 2023,GUATEMALA,,https://www.state.gov/reports/section-353-corrupt-and-undemocratic-actors-report-2023/
Person,Lesther Castellanos Rodas,,,Section 353(b) of the United States - Northern Triangle Enhanced Engagement Act,United States Department of State,"a former judge and current Guatemalan Rapporteur against Torture, undermined democratic processes or institutions by retaliating against an anticorruption prosecutor for filing administrative complaints concerning Castellanos’s handling of a criminal case.",2023,,December 2023,GUATEMALA,,https://www.state.gov/reports/section-353-corrupt-and-undemocratic-actors-report-2023/
Company,Lobachevsky State University of Nizhny Novgorod,National Research State University of Nizhny Novgorod Named after N.I. Lobachevsky; Nizhny Novgorod National Research State University Named after N.I. Lobachevsky,debarment,Section 1286 of the John S. McCain National Defense Authorization Act for Fiscal Year 2019 (Public Law 115 - 232),United States Congress,,2025,,,Russia,,https://www.cto.mil/wp-content/uploads/2026/07/FY25-Section-1286-List.pdf
Company,Lomonosov Moscow State University,,debarment,Section 1286 of the John S. McCain National Defense Authorization Act for Fiscal Year 2019 (Public Law 115 - 232),United States Congress,,2024,,,,,https://basicresearch.defense.gov/Portals/61/Documents/Academic%20Research%20Security%20Page/FY24%20Section%201286%20List%20for%20public%20release_V2.pdf?ver=KqtK4tL1wLDoUwe2yxWHSw%3D%3D
Company,Lomonosov Moscow State University,,debarment,Section 1286 of the John S. McCain National Defense Authorization Act for Fiscal Year 2019 (Public Law 115 - 232),United States Congress,,2024,,2026-07-23,,,https://basicresearch.defense.gov/Portals/61/Documents/Academic%20Research%20Security%20Page/FY24%20Section%201286%20List%20for%20public%20release_V2.pdf?ver=KqtK4tL1wLDoUwe2yxWHSw%3D%3D
Person,Loria Raquel Dixon Brautigam,,,Section 353(b) of the United States - Northern Triangle Enhanced Engagement Act,United States Department of State,"the current first secretary of the National Assembly, undermined democratic processes or institutions by taking part in coordinated government retaliation to strip Nicaraguan citizenship from political opponents and critics of the Ortega-Murillo regime.",2023,,December 2023,NICARAGUA,,https://www.state.gov/reports/section-353-corrupt-and-undemocratic-actors-report-2023/
Person,Luden Martin Quiroz Garcia,,,Section 353(b) of the United States - Northern Triangle Enhanced Engagement Act,United States Department of State,"a judge, undermined democratic processes or institutions when he convicted and sentenced prodemocracy leaders on vague, false charges of “undermining national integrity” in the sham trials of opposition leader Ana Margarita Vijil, journalist Miguel Mendoza, former Foreign Minister Mauricio Diaz, former presidential candidate Cristiana Chamorro, opposition member Pedro Joaquin Chamorro, employees of the Violeta Barrios de Chamorro Foundation (FVBCH) Pedro Vasquez, Walter Gomez, and Marcos Fletes;",2022,,December 2023,NICARAGUA,,https://www.state.gov/reports/section-353-corrupt-and-undemocratic-actors-report-2022/
Person,Luis Alberto Mena Gamez,,,Section 353(b) of the United States - Northern Triangle Enhanced Engagement Act,United States Department of State,"a prosecutor in Nueva Segovia, undermined democratic processes or institutions by bringing the regime’s case against political prisoner Douglas Cerros and by pursuing spurious charges, convictions, and harsh sentences against private citizens who are critical of the government.",2022,,December 2023,NICARAGUA,,https://www.state.gov/reports/section-353-corrupt-and-undemocratic-actors-report-2022/
Person,Luis Guillermo Wellman Carpio,,,Section 353(b) of the United States - Northern Triangle Enhanced Engagement Act,United States Department of State,"current Magistrate of Supreme Electoral Tribunal, undermined democratic processes or institutions by causing serious and unnecessary delays in election preparations and results tabulation for his personal benefit and allowing Chinese malign influence during the Salvadoran elections.",2021,,December 2023,EL SALVADOR,,https://www.state.gov/reports/section-353-corrupt-and-undemocratic-actors-report/
Company,Luoyang Institute of Science and Technology,Luoyang Institute of Technology,debarment,Section 1286 of the John S. McCain National Defense Authorization Act for Fiscal Year 2019 (Public Law 115 - 232),United States Congress,,2024,,,,,https://basicresearch.defense.gov/Portals/61/Documents/Academic%20Research%20Security%20Page/FY24%20Section%201286%20List%20for%20public%20release_V2.pdf?ver=KqtK4tL1wLDoUwe2yxWHSw%3D%3D
Company,Luoyang Institute of Science and Technology,Luoyang Institute of Technology,debarment,Section 1286 of the John S. McCain National Defense Authorization Act for Fiscal Year 2019 (Public Law 115 - 232),United States Congress,,2023,,,,,https://rt.cto.mil/wp-content/uploads/2024/07/FY23-Lists-Published-in-Response-to-Section-1286-of-NDAA-2019_clearedv2.pdf
Company,Luoyang Institute of Science and Technology,Luoyang Institute of Technology,debarment,Section 1286 of the John S. McCain National Defense Authorization Act for Fiscal Year 2019 (Public Law 115 - 232),United States Congress,,2025,,,China,,https://www.cto.mil/wp-content/uploads/2026/07/FY25-Section-1286-List.pdf
Company,Mabna Institute,,debarment,Section 1286 of the John S. McCain National Defense Authorization Act for Fiscal Year 2019 (Public Law 115 - 232),United States Congress,,2024,,2026-07-23,,,https://basicresearch.defense.gov/Portals/61/Documents/Academic%20Research%20Security%20Page/FY24%20Section%201286%20List%20for%20public%20release_V2.pdf?ver=KqtK4tL1wLDoUwe2yxWHSw%3D%3D
Company,Mabna Institute,,debarment,Section 1286 of the John S. McCain National Defense Authorization Act for Fiscal Year 2019 (Public Law 115 - 232),United States Congress,,2024,,2026-07-23,,,https://basicresearch.defense.gov/Portals/61/Documents/Academic%20Research%20Security%20Page/FY24%20Section%201286%20List%20for%20public%20release_V2.pdf?ver=KqtK4tL1wLDoUwe2yxWHSw%3D%3D
Company,Mabna Institute,,debarment,Section 1286 of the John S. McCain National Defense Authorization Act for Fiscal Year 2019 (Public Law 115 - 232),United States Congress,,2022,,2026-07-23,,,https://media.defense.gov/2023/Jun/29/2003251160/-1/-1/1/COUNTERING-UNWANTED-INFLUENCE-IN-DEPARTMENT-FUNDED-RESEARCH-AT-INSTITUTIONS-OF-HIGHER-EDUCATION.PDF
Company,Mabna Institute,,debarment,Section 1286 of the John S. McCain National Defense Authorization Act for Fiscal Year 2019 (Public Law 115 - 232),United States Congress,,2023,,2026-07-23,,,https://rt.cto.mil/wp-content/uploads/2024/07/FY23-Lists-Published-in-Response-to-Section-1286-of-NDAA-2019_clearedv2.pdf
Company,Malek Ashtar University,Malek Ashtar University of Technology; Malik Ashtar University of Technology; Malek Ashtar Technical University; Malek Ashtar Aviation University Complex; Malek Ashtar University of Defense Technology,debarment,Section 1286 of the John S. McCain National Defense Authorization Act for Fiscal Year 2019 (Public Law 115 - 232),United States Congress,,2025,,,Iran,,https://www.cto.mil/wp-content/uploads/2026/07/FY25-Section-1286-List.pdf
Person,Manuel Duarte Barrera,,,Section 353(b) of the United States - Northern Triangle Enhanced Engagement Act,United States Department of State,"currently on the Supreme Court, has undermined democratic processes or institutions by abusing his authority to inappropriately influence and manipulate the appointment of judges to high court positions.",2021,,December 2023,GUATEMALA,,https://www.state.gov/reports/section-353-corrupt-and-undemocratic-actors-report/
Person,Marcelo Antonio Chimirri Castro,,,Section 353(b) of the United States - Northern Triangle Enhanced Engagement Act,United States Department of State,"the former director of the Honduran Telecommunications Company, engaged in significant corruption by committing fraud to improperly keep a telecommunications agreement in place in exchange for bribes and obstructed investigations into his corrupt acts by intimidating journalists.",2023,,December 2023,HONDURAS,,https://www.state.gov/reports/section-353-corrupt-and-undemocratic-actors-report-2023/
Person,Marco Antonio Bogran Corrales,,,Section 353(b) of the United States - Northern Triangle Enhanced Engagement Act,United States Department of State,"former director of INVEST-H, engaged in significant corruption by misappropriating public funds during the COVID-19 pandemic.",2021,,December 2023,HONDURAS,,https://www.state.gov/reports/section-353-corrupt-and-undemocratic-actors-report/
Person,Maria Francis Perez Mojica,,,Section 353(b) of the United States - Northern Triangle Enhanced Engagement Act,United States Department of State,"a prosecutor in Nueva Segovia, undermined democratic processes or institutions when she led the regime’s case against pro-democracy activist and political prisoner Donald Alvarenga and pursued spurious charges, convictions, and harsh sentences against the regime’s prodemocracy opponents.",2022,,December 2023,NICARAGUA,,https://www.state.gov/reports/section-353-corrupt-and-undemocratic-actors-report-2022/
Person,Maribel del Socorro Duriez González,,,Section 353(b) of the United States - Northern Triangle Enhanced Engagement Act,United States Department of State,"president of Nicaragua’s National Council for Evaluation and Accreditation, undermined democratic processes or institutions by taking part in a coordinated campaign to suppress dissent by confiscating property from the government’s political opponents, including the Central American University and at least 25 other private Nicaraguan universities, without a legal basis, in order to install a regimefriendly administration.",2023,,December 2023,NICARAGUA,,https://www.state.gov/reports/section-353-corrupt-and-undemocratic-actors-report-2023/
Person,Mario Amilcar Estrada Orellana,,,Section 353(b) of the United States - Northern Triangle Enhanced Engagement Act,United States Department of State,"former congressional representative, engaged in significant corruption and was sentenced by U.S. courts for seeking millions from Mexico’s Sinaloa Cartel to finance political campaigns.",2021,,December 2023,GUATEMALA,,https://www.state.gov/reports/section-353-corrupt-and-undemocratic-actors-report/
Person,Marling de Jesus Castro Rodriguez,,,Section 353(b) of the United States - Northern Triangle Enhanced Engagement Act,United States Department of State,"a prosecutor in the Public Prosecutor’s Office headquarters in Managua, undermined democratic processes or institutions by bringing spurious charges in order to jail regime opponents in the leadup to national elections.",2022,,December 2023,NICARAGUA,,https://www.state.gov/reports/section-353-corrupt-and-undemocratic-actors-report-2022/
Person,Marta Mayela Diaz Ortiz,,,Section 353(b) of the United States - Northern Triangle Enhanced Engagement Act,United States Department of State,"a current vice superintendent of banks and other financial institutions (SIBOIF), undermined democratic processes or institutions by using SIBOIF to provide the financial information of political dissidents in exile and former political prisoners to officials in the Nicaraguan judiciary as part of a coordinated government effort to suppress dissent by seizing the assets of political adversaries without a legal basis.",2023,,December 2023,NICARAGUA,,https://www.state.gov/reports/section-353-corrupt-and-undemocratic-actors-report-2023/
Person,Martha Carolina Recinos de Bernal,,,Section 353(b) of the United States - Northern Triangle Enhanced Engagement Act,United States Department of State,"current Chief of Cabinet, engaged in significant corruption by misusing public funds for personal benefit. She also participated in a significant money laundering scheme.",2021,,December 2023,EL SALVADOR,,https://www.state.gov/reports/section-353-corrupt-and-undemocratic-actors-report/
Person,Martha Ileana Morales Mendoza,,,Section 353(b) of the United States - Northern Triangle Enhanced Engagement Act,United States Department of State,"a prosecutor and the Director of Planning at the Public Prosecutor’s Office headquarters in Managua, undermined democratic processes or institutions by bringing spurious charges in order to jail regime opponents in the leadup to national elections.",2022,,December 2023,NICARAGUA,,https://www.state.gov/reports/section-353-corrupt-and-undemocratic-actors-report-2022/
Person,Mauricio Lopez Oliva,,,Section 353(b) of the United States - Northern Triangle Enhanced Engagement Act,United States Department of State,"the current co-owner of construction company Asfaltos y Petróleos S.A. (Aspetro), engaged in significant corruption by paying bribes to receive government construction contracts.",2022,,December 2023,GUATEMALA,,https://www.state.gov/reports/section-353-corrupt-and-undemocratic-actors-report-2022/
Person,Mayra Alejandra Carrillo de Leon (Alejandra Carrillo),,,Section 353(b) of the United States - Northern Triangle Enhanced Engagement Act,United States Department of State,"current Director of the Victim’s Institute, undermined the democratic process or institutions by using her official position to facilitate the “Parallel Commissions 2020” scheme to stack the Supreme Court and Appellate Courts with corrupt judges.",2022,,December 2023,GUATEMALA,,https://www.state.gov/reports/section-353-corrupt-and-undemocratic-actors-report-2022/
Person,Melvin Leopoldo Vargas Garcia,,,Section 353(b) of the United States - Northern Triangle Enhanced Engagement Act,United States Department of State,"a judge, undermined democratic processes or institutions when he convicted and sentenced a prodemocracy leader on vague, false charges of “undermining national integrity” in the sham trial of opposition activist Samantha Jiron.",2022,,December 2023,NICARAGUA,,https://www.state.gov/reports/section-353-corrupt-and-undemocratic-actors-report-2022/
Person,Melvin Quijivix Vega,,,Section 353(b) of the United States - Northern Triangle Enhanced Engagement Act,United States Department of State,"the current president of the National Electrification Institute, engaged in significant corruption by using his position and connections to improperly and unlawfully direct government procurement contracts to specific companies, in several cases to a company he privately owns.",2023,,December 2023,GUATEMALA,,https://www.state.gov/reports/section-353-corrupt-and-undemocratic-actors-report-2023/
Person,Miguel Edgardo Martinez Pineda,,,Section 353(b) of the United States - Northern Triangle Enhanced Engagement Act,United States Department of State,current congressional representative engaged in significant corruption. He was indicted in the Pandora MACCIH corruption case in June 2018 for misappropriating $12.5 million in public funds from the Secretariat of Agriculture to political campaigns for personal gain.,2021,,December 2023,HONDURAS,,https://www.state.gov/reports/section-353-corrupt-and-undemocratic-actors-report/
Person,Miguel Rodrigo Pastor Mejia,,,Section 353(b) of the United States - Northern Triangle Enhanced Engagement Act,United States Department of State,"a former director of the now-defunct Secretariat of Public Works, Transport, and Housing, engaged in significant corruption, laundering money on behalf of the Los Cachiros drug trafficking organization, by awarding $2.76 million in Honduran government contracts to a Cachiros-controlled construction firm.",2023,,December 2023,HONDURAS,,https://www.state.gov/reports/section-353-corrupt-and-undemocratic-actors-report-2023/
Person,Milton Jesus Puerto Oseguera,,,Section 353(b) of the United States - Northern Triangle Enhanced Engagement Act,United States Department of State,"current congressional representative, engaged in significant corruption. He was indicted in the Arca Abierta MACCIH-investigated corruption case for embezzling $800,000 from various government agencies.",2021,,December 2023,HONDURAS,,https://www.state.gov/reports/section-353-corrupt-and-undemocratic-actors-report/
Person,Mohammad Yusuf Amdani Bai,,,Section 353(b) of the United States - Northern Triangle Enhanced Engagement Act,United States Department of State,"a private businessman, engaged in significant corruption by bribing Honduran Supreme Court officials to rule in favor of his business in a private lawsuit.",2023,,December 2023,HONDURAS,,https://www.state.gov/reports/section-353-corrupt-and-undemocratic-actors-report-2023/
Person,Moises Eduardo Galindo Ruiz,,,Section 353(b) of the United States - Northern Triangle Enhanced Engagement Act,United States Department of State,"an attorney with the NGO FCT, attempted to delay or obstruct criminal proceedings against former military officials who had committed acts of violence, harassment, or intimidation against governmental and nongovernmental corruption investigators, as well as the work of the Special Prosecutor’s Office Against Impunity (FECI).",2021,,December 2023,GUATEMALA,,https://www.state.gov/reports/section-353-corrupt-and-undemocratic-actors-report/
Company,Moscow Aviation Institute,MAI,debarment,Section 1286 of the John S. McCain National Defense Authorization Act for Fiscal Year 2019 (Public Law 115 - 232),United States Congress,,2024,,,,,https://basicresearch.defense.gov/Portals/61/Documents/Academic%20Research%20Security%20Page/FY24%20Section%201286%20List%20for%20public%20release_V2.pdf?ver=KqtK4tL1wLDoUwe2yxWHSw%3D%3D
Company,Moscow Aviation Institute,MAI,debarment,Section 1286 of the John S. McCain National Defense Authorization Act for Fiscal Year 2019 (Public Law 115 - 232),United States Congress,,2023,,,,,https://rt.cto.mil/wp-content/uploads/2024/07/FY23-Lists-Published-in-Response-to-Section-1286-of-NDAA-2019_clearedv2.pdf
Company,Moscow Aviation Institute,,debarment,Section 1286 of the John S. McCain National Defense Authorization Act for Fiscal Year 2019 (Public Law 115 - 232),United States Congress,,2025,,,Russia,,https://www.cto.mil/wp-content/uploads/2026/07/FY25-Section-1286-List.pdf
Company,Moscow Institute of Physics and Technology,MFTI,debarment,Section 1286 of the John S. McCain National Defense Authorization Act for Fiscal Year 2019 (Public Law 115 - 232),United States Congress,,2024,,,,,https://basicresearch.defense.gov/Portals/61/Documents/Academic%20Research%20Security%20Page/FY24%20Section%201286%20List%20for%20public%20release_V2.pdf?ver=KqtK4tL1wLDoUwe2yxWHSw%3D%3D
Company,Moscow Institute of Physics and Technology,MIPT,debarment,Section 1286 of the John S. McCain National Defense Authorization Act for Fiscal Year 2019 (Public Law 115 - 232),United States Congress,,2022,,,,,https://media.defense.gov/2023/Jun/29/2003251160/-1/-1/1/COUNTERING-UNWANTED-INFLUENCE-IN-DEPARTMENT-FUNDED-RESEARCH-AT-INSTITUTIONS-OF-HIGHER-EDUCATION.PDF
Company,Moscow Institute of Physics and Technology,MFTI,debarment,Section 1286 of the John S. McCain National Defense Authorization Act for Fiscal Year 2019 (Public Law 115 - 232),United States Congress,,2022,,,,,https://media.defense.gov/2023/Jun/29/2003251160/-1/-1/1/COUNTERING-UNWANTED-INFLUENCE-IN-DEPARTMENT-FUNDED-RESEARCH-AT-INSTITUTIONS-OF-HIGHER-EDUCATION.PDF
Company,Moscow Institute of Physics and Technology,MFTI; Phys Tech,debarment,Section 1286 of the John S. McCain National Defense Authorization Act for Fiscal Year 2019 (Public Law 115 - 232),United States Congress,,2025,,,Russia,,https://www.cto.mil/wp-content/uploads/2026/07/FY25-Section-1286-List.pdf
Company,Moscow Institute of Physics and Technology (MIPT) ,MFTI,debarment,Section 1286 of the John S. McCain National Defense Authorization Act for Fiscal Year 2019 (Public Law 115 - 232),United States Congress,,2023,,,,,https://rt.cto.mil/wp-content/uploads/2024/07/FY23-Lists-Published-in-Response-to-Section-1286-of-NDAA-2019_clearedv2.pdf
Company,Moscow Order of the Red Banner of Labor Research Radio Engineering Institute JSC,MNIRTI JSC,debarment,Section 1286 of the John S. McCain National Defense Authorization Act for Fiscal Year 2019 (Public Law 115 - 232),United States Congress,,2024,,2026-07-23,,,https://basicresearch.defense.gov/Portals/61/Documents/Academic%20Research%20Security%20Page/FY24%20Section%201286%20List%20for%20public%20release_V2.pdf?ver=KqtK4tL1wLDoUwe2yxWHSw%3D%3D
Company,Moscow Order of the Red Banner of Labor Research Radio Engineering Institute JSC,MNIRTI JSC,debarment,Section 1286 of the John S. McCain National Defense Authorization Act for Fiscal Year 2019 (Public Law 115 - 232),United States Congress,,2024,,2026-07-23,,,https://basicresearch.defense.gov/Portals/61/Documents/Academic%20Research%20Security%20Page/FY24%20Section%201286%20List%20for%20public%20release_V2.pdf?ver=KqtK4tL1wLDoUwe2yxWHSw%3D%3D
Company,Moscow Order of the Red Banner of Labor Research Radio Engineering Institute JSC,,debarment,Section 1286 of the John S. McCain National Defense Authorization Act for Fiscal Year 2019 (Public Law 115 - 232),United States Congress,,2022,,,,,https://media.defense.gov/2023/Jun/29/2003251160/-1/-1/1/COUNTERING-UNWANTED-INFLUENCE-IN-DEPARTMENT-FUNDED-RESEARCH-AT-INSTITUTIONS-OF-HIGHER-EDUCATION.PDF
Company,Moscow Order of the Red Banner of Labor Research Radio Engineering Institute JSC,MNIRTI JSC,debarment,Section 1286 of the John S. McCain National Defense Authorization Act for Fiscal Year 2019 (Public Law 115 - 232),United States Congress,,2022,,,,,https://media.defense.gov/2023/Jun/29/2003251160/-1/-1/1/COUNTERING-UNWANTED-INFLUENCE-IN-DEPARTMENT-FUNDED-RESEARCH-AT-INSTITUTIONS-OF-HIGHER-EDUCATION.PDF
Company,Moscow Order of the Red Banner of Labor Research Radio Engineering Institute JSC ,MNIRTI JSC,debarment,Section 1286 of the John S. McCain National Defense Authorization Act for Fiscal Year 2019 (Public Law 115 - 232),United States Congress,,2023,,,,,https://rt.cto.mil/wp-content/uploads/2024/07/FY23-Lists-Published-in-Response-to-Section-1286-of-NDAA-2019_clearedv2.pdf
Company,Moscow State University,,debarment,Section 1286 of the John S. McCain National Defense Authorization Act for Fiscal Year 2019 (Public Law 115 - 232),United States Congress,,2024,,,,,https://basicresearch.defense.gov/Portals/61/Documents/Academic%20Research%20Security%20Page/FY24%20Section%201286%20List%20for%20public%20release_V2.pdf?ver=KqtK4tL1wLDoUwe2yxWHSw%3D%3D
Company,Moscow State University,M.V. Lomonosov Moscow State University; Lomonosov Moscow State University,debarment,Section 1286 of the John S. McCain National Defense Authorization Act for Fiscal Year 2019 (Public Law 115 - 232),United States Congress,,2025,,,Russia,,https://www.cto.mil/wp-content/uploads/2026/07/FY25-Section-1286-List.pdf
Company,Moscow’s Higher School of Economics,,debarment,Section 1286 of the John S. McCain National Defense Authorization Act for Fiscal Year 2019 (Public Law 115 - 232),United States Congress,,2024,,,,,https://basicresearch.defense.gov/Portals/61/Documents/Academic%20Research%20Security%20Page/FY24%20Section%201286%20List%20for%20public%20release_V2.pdf?ver=KqtK4tL1wLDoUwe2yxWHSw%3D%3D
Company,Moscow’s Higher School of Economics,National Research University Higher School of Economics,debarment,Section 1286 of the John S. McCain National Defense Authorization Act for Fiscal Year 2019 (Public Law 115 - 232),United States Congress,,2025,,,Russia,,https://www.cto.mil/wp-content/uploads/2026/07/FY25-Section-1286-List.pdf
Person,Mynor Mauricio Moto Morataya,,,Section 353(b) of the United States - Northern Triangle Enhanced Engagement Act,United States Department of State,"selected in January 2021 to fill a vacant seat on the country’s Constitutional Court, undermined processes or institutions and engaged in significant corruption when he obstructed justice and received bribes in return for a favorable legal decision.",2021,,December 2023,GUATEMALA,,https://www.state.gov/reports/section-353-corrupt-and-undemocratic-actors-report/
Person,Nadia Camila Tardencilla Rodriguez,,,Section 353(b) of the United States - Northern Triangle Enhanced Engagement Act,United States Department of State,"a judge, undermined democratic processes or institutions when she convicted and sentenced prodemocracy leaders on vague, false charges of “undermining national integrity” in the sham trials of student leaders Lesther Aleman and Max Jerez, former presidential candidate Miguel Mora, political analyst Edgar Parrales, Director of La Prensa newspaper Juan Lorenzo Holmann, and electoral expert Harry Chavez.",2022,,December 2023,NICARAGUA,,https://www.state.gov/reports/section-353-corrupt-and-undemocratic-actors-report-2022/
Person,Nancy Del Carmen Aguirre Gudiel,,,Section 353(b) of the United States - Northern Triangle Enhanced Engagement Act,United States Department of State,"a judge, undermined democratic processes or institutions when she convicted and sentenced a prodemocracy leader on vague, false charges of “undermining national integrity” in the sham trial of opposition activist Irving Larios.",2022,,December 2023,NICARAGUA,,https://www.state.gov/reports/section-353-corrupt-and-undemocratic-actors-report-2022/
Company,Nanjing Institute of Astronomical Optics and Technology,NIAOT,debarment,Section 1286 of the John S. McCain National Defense Authorization Act for Fiscal Year 2019 (Public Law 115 - 232),United States Congress,,2024,,,,,https://basicresearch.defense.gov/Portals/61/Documents/Academic%20Research%20Security%20Page/FY24%20Section%201286%20List%20for%20public%20release_V2.pdf?ver=KqtK4tL1wLDoUwe2yxWHSw%3D%3D
Company,Nanjing Institute of Astronomical Optics and Technology,NIAOT,debarment,Section 1286 of the John S. McCain National Defense Authorization Act for Fiscal Year 2019 (Public Law 115 - 232),United States Congress,,2023,,,,,https://rt.cto.mil/wp-content/uploads/2024/07/FY23-Lists-Published-in-Response-to-Section-1286-of-NDAA-2019_clearedv2.pdf
Company,Nanjing Institute of Astronomical Optics and Technology,,debarment,Section 1286 of the John S. McCain National Defense Authorization Act for Fiscal Year 2019 (Public Law 115 - 232),United States Congress,,2025,,,China,,https://www.cto.mil/wp-content/uploads/2026/07/FY25-Section-1286-List.pdf
Company,Nanjing University of Aeronautics and Astronautics,,debarment,Section 1286 of the John S. McCain National Defense Authorization Act for Fiscal Year 2019 (Public Law 115 - 232),United States Congress,,2024,,,,,https://basicresearch.defense.gov/Portals/61/Documents/Academic%20Research%20Security%20Page/FY24%20Section%201286%20List%20for%20public%20release_V2.pdf?ver=KqtK4tL1wLDoUwe2yxWHSw%3D%3D
Company,Nanjing University of Aeronautics and Astronautics,,debarment,Section 1286 of the John S. McCain National Defense Authorization Act for Fiscal Year 2019 (Public Law 115 - 232),United States Congress,,2022,,,,,https://media.defense.gov/2023/Jun/29/2003251160/-1/-1/1/COUNTERING-UNWANTED-INFLUENCE-IN-DEPARTMENT-FUNDED-RESEARCH-AT-INSTITUTIONS-OF-HIGHER-EDUCATION.PDF
Company,Nanjing University of Aeronautics and Astronautics,,debarment,Section 1286 of the John S. McCain National Defense Authorization Act for Fiscal Year 2019 (Public Law 115 - 232),United States Congress,,2023,,,,,https://rt.cto.mil/wp-content/uploads/2024/07/FY23-Lists-Published-in-Response-to-Section-1286-of-NDAA-2019_clearedv2.pdf
Company,Nanjing University of Aeronautics and Astronautics,,debarment,Section 1286 of the John S. McCain National Defense Authorization Act for Fiscal Year 2019 (Public Law 115 - 232),United States Congress,,2025,,,China,,https://www.cto.mil/wp-content/uploads/2026/07/FY25-Section-1286-List.pdf
Company,Nanjing University of Science and Technology,,debarment,Section 1286 of the John S. McCain National Defense Authorization Act for Fiscal Year 2019 (Public Law 115 - 232),United States Congress,,2024,,,,,https://basicresearch.defense.gov/Portals/61/Documents/Academic%20Research%20Security%20Page/FY24%20Section%201286%20List%20for%20public%20release_V2.pdf?ver=KqtK4tL1wLDoUwe2yxWHSw%3D%3D
Company,Nanjing University of Science and Technology,,debarment,Section 1286 of the John S. McCain National Defense Authorization Act for Fiscal Year 2019 (Public Law 115 - 232),United States Congress,,2022,,,,,https://media.defense.gov/2023/Jun/29/2003251160/-1/-1/1/COUNTERING-UNWANTED-INFLUENCE-IN-DEPARTMENT-FUNDED-RESEARCH-AT-INSTITUTIONS-OF-HIGHER-EDUCATION.PDF
Company,Nanjing University of Science and Technology,,debarment,Section 1286 of the John S. McCain National Defense Authorization Act for Fiscal Year 2019 (Public Law 115 - 232),United States Congress,,2023,,,,,https://rt.cto.mil/wp-content/uploads/2024/07/FY23-Lists-Published-in-Response-to-Section-1286-of-NDAA-2019_clearedv2.pdf
Company,Nanjing University of Science and Technology,,debarment,Section 1286 of the John S. McCain National Defense Authorization Act for Fiscal Year 2019 (Public Law 115 - 232),United States Congress,,2025,,,China,,https://www.cto.mil/wp-content/uploads/2026/07/FY25-Section-1286-List.pdf
Company,National Defense University,,debarment,Section 1286 of the John S. McCain National Defense Authorization Act for Fiscal Year 2019 (Public Law 115 - 232),United States Congress,,2024,,,,,https://basicresearch.defense.gov/Portals/61/Documents/Academic%20Research%20Security%20Page/FY24%20Section%201286%20List%20for%20public%20release_V2.pdf?ver=KqtK4tL1wLDoUwe2yxWHSw%3D%3D
Company,National Defense University,,debarment,Section 1286 of the John S. McCain National Defense Authorization Act for Fiscal Year 2019 (Public Law 115 - 232),United States Congress,,2023,,,,,https://rt.cto.mil/wp-content/uploads/2024/07/FY23-Lists-Published-in-Response-to-Section-1286-of-NDAA-2019_clearedv2.pdf
Company,National Defense University,,debarment,Section 1286 of the John S. McCain National Defense Authorization Act for Fiscal Year 2019 (Public Law 115 - 232),United States Congress,,2025,,,China,,https://www.cto.mil/wp-content/uploads/2026/07/FY25-Section-1286-List.pdf
Company,National Research Centre “Kurchatov Institute”,Kurchatov Institute,debarment,Section 1286 of the John S. McCain National Defense Authorization Act for Fiscal Year 2019 (Public Law 115 - 232),United States Congress,,2025,,,Russia,,https://www.cto.mil/wp-content/uploads/2026/07/FY25-Section-1286-List.pdf
Company,National University of Defense Technology,Central South CAD Center; CSCC; Hunan Guofang Keji University,debarment,Section 1286 of the John S. McCain National Defense Authorization Act for Fiscal Year 2019 (Public Law 115 - 232),United States Congress,,2024,,,,,https://basicresearch.defense.gov/Portals/61/Documents/Academic%20Research%20Security%20Page/FY24%20Section%201286%20List%20for%20public%20release_V2.pdf?ver=KqtK4tL1wLDoUwe2yxWHSw%3D%3D
Company,National University of Defense Technology,NUDT,debarment,Section 1286 of the John S. McCain National Defense Authorization Act for Fiscal Year 2019 (Public Law 115 - 232),United States Congress,,2022,,,,,https://media.defense.gov/2023/Jun/29/2003251160/-1/-1/1/COUNTERING-UNWANTED-INFLUENCE-IN-DEPARTMENT-FUNDED-RESEARCH-AT-INSTITUTIONS-OF-HIGHER-EDUCATION.PDF
Company,National University of Defense Technology,Central South CAD Center,debarment,Section 1286 of the John S. McCain National Defense Authorization Act for Fiscal Year 2019 (Public Law 115 - 232),United States Congress,,2022,,,,,https://media.defense.gov/2023/Jun/29/2003251160/-1/-1/1/COUNTERING-UNWANTED-INFLUENCE-IN-DEPARTMENT-FUNDED-RESEARCH-AT-INSTITUTIONS-OF-HIGHER-EDUCATION.PDF
Company,National University of Defense Technology,CSCC,debarment,Section 1286 of the John S. McCain National Defense Authorization Act for Fiscal Year 2019 (Public Law 115 - 232),United States Congress,,2022,,,,,https://media.defense.gov/2023/Jun/29/2003251160/-1/-1/1/COUNTERING-UNWANTED-INFLUENCE-IN-DEPARTMENT-FUNDED-RESEARCH-AT-INSTITUTIONS-OF-HIGHER-EDUCATION.PDF
Company,National University of Defense Technology,Hunan Guofang Keji University,debarment,Section 1286 of the John S. McCain National Defense Authorization Act for Fiscal Year 2019 (Public Law 115 - 232),United States Congress,,2022,,,,,https://media.defense.gov/2023/Jun/29/2003251160/-1/-1/1/COUNTERING-UNWANTED-INFLUENCE-IN-DEPARTMENT-FUNDED-RESEARCH-AT-INSTITUTIONS-OF-HIGHER-EDUCATION.PDF
Company,National University of Defense Technology,Central South CAD Center; CSCC; Hunan Guofang Keji University,debarment,Section 1286 of the John S. McCain National Defense Authorization Act for Fiscal Year 2019 (Public Law 115 - 232),United States Congress,,2025,,,China,,https://www.cto.mil/wp-content/uploads/2026/07/FY25-Section-1286-List.pdf
Company,National University of Defense Technology,Central South CAD Center; CSCC; Hunan Guofang Keji University,debarment,Section 1286 of the John S. McCain National Defense Authorization Act for Fiscal Year 2019 (Public Law 115 - 232),United States Congress,,2023,,,,,https://rt.cto.mil/wp-content/uploads/2024/07/FY23-Lists-Published-in-Response-to-Section-1286-of-NDAA-2019_clearedv2.pdf
Company,Naval Aviation University,,debarment,Section 1286 of the John S. McCain National Defense Authorization Act for Fiscal Year 2019 (Public Law 115 - 232),United States Congress,,2024,,,,,https://basicresearch.defense.gov/Portals/61/Documents/Academic%20Research%20Security%20Page/FY24%20Section%201286%20List%20for%20public%20release_V2.pdf?ver=KqtK4tL1wLDoUwe2yxWHSw%3D%3D
Company,Naval Aviation University,,debarment,Section 1286 of the John S. McCain National Defense Authorization Act for Fiscal Year 2019 (Public Law 115 - 232),United States Congress,,2023,,,,,https://rt.cto.mil/wp-content/uploads/2024/07/FY23-Lists-Published-in-Response-to-Section-1286-of-NDAA-2019_clearedv2.pdf
Company,Naval Aviation University,,debarment,Section 1286 of the John S. McCain National Defense Authorization Act for Fiscal Year 2019 (Public Law 115 - 232),United States Congress,,2025,,,China,,https://www.cto.mil/wp-content/uploads/2026/07/FY25-Section-1286-List.pdf
Company,Naval Command College,,debarment,Section 1286 of the John S. McCain National Defense Authorization Act for Fiscal Year 2019 (Public Law 115 - 232),United States Congress,,2024,,,,,https://basicresearch.defense.gov/Portals/61/Documents/Academic%20Research%20Security%20Page/FY24%20Section%201286%20List%20for%20public%20release_V2.pdf?ver=KqtK4tL1wLDoUwe2yxWHSw%3D%3D
Company,Naval Command College,,debarment,Section 1286 of the John S. McCain National Defense Authorization Act for Fiscal Year 2019 (Public Law 115 - 232),United States Congress,,2023,,,,,https://rt.cto.mil/wp-content/uploads/2024/07/FY23-Lists-Published-in-Response-to-Section-1286-of-NDAA-2019_clearedv2.pdf
Company,Naval Command College,,debarment,Section 1286 of the John S. McCain National Defense Authorization Act for Fiscal Year 2019 (Public Law 115 - 232),United States Congress,,2025,,,China,,https://www.cto.mil/wp-content/uploads/2026/07/FY25-Section-1286-List.pdf
Company,Naval Engineering University,,debarment,Section 1286 of the John S. McCain National Defense Authorization Act for Fiscal Year 2019 (Public Law 115 - 232),United States Congress,,2024,,,,,https://basicresearch.defense.gov/Portals/61/Documents/Academic%20Research%20Security%20Page/FY24%20Section%201286%20List%20for%20public%20release_V2.pdf?ver=KqtK4tL1wLDoUwe2yxWHSw%3D%3D
Company,Naval Engineering University,,debarment,Section 1286 of the John S. McCain National Defense Authorization Act for Fiscal Year 2019 (Public Law 115 - 232),United States Congress,,2023,,,,,https://rt.cto.mil/wp-content/uploads/2024/07/FY23-Lists-Published-in-Response-to-Section-1286-of-NDAA-2019_clearedv2.pdf
Company,Naval Medical University,,debarment,Section 1286 of the John S. McCain National Defense Authorization Act for Fiscal Year 2019 (Public Law 115 - 232),United States Congress,,2024,,,,,https://basicresearch.defense.gov/Portals/61/Documents/Academic%20Research%20Security%20Page/FY24%20Section%201286%20List%20for%20public%20release_V2.pdf?ver=KqtK4tL1wLDoUwe2yxWHSw%3D%3D
Company,Naval Medical University,,debarment,Section 1286 of the John S. McCain National Defense Authorization Act for Fiscal Year 2019 (Public Law 115 - 232),United States Congress,,2023,,,,,https://rt.cto.mil/wp-content/uploads/2024/07/FY23-Lists-Published-in-Response-to-Section-1286-of-NDAA-2019_clearedv2.pdf
Company,Naval Medical University,,debarment,Section 1286 of the John S. McCain National Defense Authorization Act for Fiscal Year 2019 (Public Law 115 - 232),United States Congress,,2025,,,China,,https://www.cto.mil/wp-content/uploads/2026/07/FY25-Section-1286-List.pdf
Company,Naval NCO School,,debarment,Section 1286 of the John S. McCain National Defense Authorization Act for Fiscal Year 2019 (Public Law 115 - 232),United States Congress,,2024,,,,,https://basicresearch.defense.gov/Portals/61/Documents/Academic%20Research%20Security%20Page/FY24%20Section%201286%20List%20for%20public%20release_V2.pdf?ver=KqtK4tL1wLDoUwe2yxWHSw%3D%3D
Company,Naval NCO School,,debarment,Section 1286 of the John S. McCain National Defense Authorization Act for Fiscal Year 2019 (Public Law 115 - 232),United States Congress,,2023,,,,,https://rt.cto.mil/wp-content/uploads/2024/07/FY23-Lists-Published-in-Response-to-Section-1286-of-NDAA-2019_clearedv2.pdf
Company,Naval Non-Commissioned Officer School,Naval NCO School,debarment,Section 1286 of the John S. McCain National Defense Authorization Act for Fiscal Year 2019 (Public Law 115 - 232),United States Congress,,2025,,,China,,https://www.cto.mil/wp-content/uploads/2026/07/FY25-Section-1286-List.pdf
Company,Naval Service Academy,,debarment,Section 1286 of the John S. McCain National Defense Authorization Act for Fiscal Year 2019 (Public Law 115 - 232),United States Congress,,2024,,,,,https://basicresearch.defense.gov/Portals/61/Documents/Academic%20Research%20Security%20Page/FY24%20Section%201286%20List%20for%20public%20release_V2.pdf?ver=KqtK4tL1wLDoUwe2yxWHSw%3D%3D
Company,Naval Service Academy,,debarment,Section 1286 of the John S. McCain National Defense Authorization Act for Fiscal Year 2019 (Public Law 115 - 232),United States Congress,,2024,,2026,,,https://basicresearch.defense.gov/Portals/61/Documents/Academic%20Research%20Security%20Page/FY24%20Section%201286%20List%20for%20public%20release_V2.pdf?ver=KqtK4tL1wLDoUwe2yxWHSw%3D%3D
Company,Naval Service Academy,,debarment,Section 1286 of the John S. McCain National Defense Authorization Act for Fiscal Year 2019 (Public Law 115 - 232),United States Congress,,2023,,,,,https://rt.cto.mil/wp-content/uploads/2024/07/FY23-Lists-Published-in-Response-to-Section-1286-of-NDAA-2019_clearedv2.pdf
Company,Naval Submarine Academy,Navy Submarine Academy,debarment,Section 1286 of the John S. McCain National Defense Authorization Act for Fiscal Year 2019 (Public Law 115 - 232),United States Congress,,2025,,,China,,https://www.cto.mil/wp-content/uploads/2026/07/FY25-Section-1286-List.pdf
Company,Naval University of Engineering,Naval Engineering University,debarment,Section 1286 of the John S. McCain National Defense Authorization Act for Fiscal Year 2019 (Public Law 115 - 232),United States Congress,,2025,,,China,,https://www.cto.mil/wp-content/uploads/2026/07/FY25-Section-1286-List.pdf
Company,Naval University of Imam Khomeini,Imam Khomeini Maritime University; Imam Khomeini Naval Academy; Imam Khomeini Naval University of Noshahr; Imam Khomeini University of Marine Sciences and Technologies,debarment,Section 1286 of the John S. McCain National Defense Authorization Act for Fiscal Year 2019 (Public Law 115 - 232),United States Congress,,2025,,,Iran,,https://www.cto.mil/wp-content/uploads/2026/07/FY25-Section-1286-List.pdf
Company,Navy Submarine Academy,,debarment,Section 1286 of the John S. McCain National Defense Authorization Act for Fiscal Year 2019 (Public Law 115 - 232),United States Congress,,2024,,,,,https://basicresearch.defense.gov/Portals/61/Documents/Academic%20Research%20Security%20Page/FY24%20Section%201286%20List%20for%20public%20release_V2.pdf?ver=KqtK4tL1wLDoUwe2yxWHSw%3D%3D
Company,Navy Submarine Academy,,debarment,Section 1286 of the John S. McCain National Defense Authorization Act for Fiscal Year 2019 (Public Law 115 - 232),United States Congress,,2023,,,,,https://rt.cto.mil/wp-content/uploads/2024/07/FY23-Lists-Published-in-Response-to-Section-1286-of-NDAA-2019_clearedv2.pdf
Person,Nery Oswaldo Medina Mendez,,,Section 353(b) of the United States - Northern Triangle Enhanced Engagement Act,United States Department of State,"a current Supreme Court of Justice magistrate, undermined the democratic process or institutions by participating in the “Parallel Commissions 2020” scheme to stack the Supreme Court and Appellate Courts with corrupt judges.",2022,,December 2023,GUATEMALA,,https://www.state.gov/reports/section-353-corrupt-and-undemocratic-actors-report-2022/
Person,Nester Mauricio Vasquez Pimentel,,,Section 353(b) of the United States - Northern Triangle Enhanced Engagement Act,United States Department of State,"currently on the Supreme Court, has undermined democratic processes or institutions by abusing his authority to inappropriately influence and manipulate the appointment of judges to high court positions.",2021,,December 2023,GUATEMALA,,https://www.state.gov/reports/section-353-corrupt-and-undemocratic-actors-report/
Person,Noe Nehemías Rivera Vasquez,,,Section 353(b) of the United States - Northern Triangle Enhanced Engagement Act,United States Department of State,"current prosecutor, undermined democratic processes or institutions by bringing politically motivated charges against justice actors fighting corruption and impunity.",2023,,December 2023,GUATEMALA,,https://www.state.gov/reports/section-353-corrupt-and-undemocratic-actors-report-2023/
Company,North University of China,,debarment,Section 1286 of the John S. McCain National Defense Authorization Act for Fiscal Year 2019 (Public Law 115 - 232),United States Congress,,2024,,,,,https://basicresearch.defense.gov/Portals/61/Documents/Academic%20Research%20Security%20Page/FY24%20Section%201286%20List%20for%20public%20release_V2.pdf?ver=KqtK4tL1wLDoUwe2yxWHSw%3D%3D
Company,North University of China,Zhongbei University,debarment,Section 1286 of the John S. McCain National Defense Authorization Act for Fiscal Year 2019 (Public Law 115 - 232),United States Congress,,2025,,,China,,https://www.cto.mil/wp-content/uploads/2026/07/FY25-Section-1286-List.pdf
Company,Northwestern Polytechnical University,Northwestern Polytechnic University; Northwest Polytechnic University; Northwest Polytechnical University,debarment,Section 1286 of the John S. McCain National Defense Authorization Act for Fiscal Year 2019 (Public Law 115 - 232),United States Congress,,2024,,,,,https://basicresearch.defense.gov/Portals/61/Documents/Academic%20Research%20Security%20Page/FY24%20Section%201286%20List%20for%20public%20release_V2.pdf?ver=KqtK4tL1wLDoUwe2yxWHSw%3D%3D
Company,Northwestern Polytechnical University,Northwestern Polytechnic University,debarment,Section 1286 of the John S. McCain National Defense Authorization Act for Fiscal Year 2019 (Public Law 115 - 232),United States Congress,,2022,,,,,https://media.defense.gov/2023/Jun/29/2003251160/-1/-1/1/COUNTERING-UNWANTED-INFLUENCE-IN-DEPARTMENT-FUNDED-RESEARCH-AT-INSTITUTIONS-OF-HIGHER-EDUCATION.PDF
Company,Northwestern Polytechnical University,Northwest Polytechnic University,debarment,Section 1286 of the John S. McCain National Defense Authorization Act for Fiscal Year 2019 (Public Law 115 - 232),United States Congress,,2022,,,,,https://media.defense.gov/2023/Jun/29/2003251160/-1/-1/1/COUNTERING-UNWANTED-INFLUENCE-IN-DEPARTMENT-FUNDED-RESEARCH-AT-INSTITUTIONS-OF-HIGHER-EDUCATION.PDF
Company,Northwestern Polytechnical University,Northwest Polytechnical University,debarment,Section 1286 of the John S. McCain National Defense Authorization Act for Fiscal Year 2019 (Public Law 115 - 232),United States Congress,,2022,,,,,https://media.defense.gov/2023/Jun/29/2003251160/-1/-1/1/COUNTERING-UNWANTED-INFLUENCE-IN-DEPARTMENT-FUNDED-RESEARCH-AT-INSTITUTIONS-OF-HIGHER-EDUCATION.PDF
Company,Northwestern Polytechnical University,Northwestern Polytechnic University; Northwest Polytechnic University; Northwest Polytechnical University,debarment,Section 1286 of the John S. McCain National Defense Authorization Act for Fiscal Year 2019 (Public Law 115 - 232),United States Congress,,2025,,,China,,https://www.cto.mil/wp-content/uploads/2026/07/FY25-Section-1286-List.pdf
Company,Northwestern Polytechnical University ,Northwestern Polytechnic University; Northwest Polytechnic University; Northwest Polytechnical University,debarment,Section 1286 of the John S. McCain National Defense Authorization Act for Fiscal Year 2019 (Public Law 115 - 232),United States Congress,,2023,,,,,https://rt.cto.mil/wp-content/uploads/2024/07/FY23-Lists-Published-in-Response-to-Section-1286-of-NDAA-2019_clearedv2.pdf
Company,Ocean University of China,,debarment,Section 1286 of the John S. McCain National Defense Authorization Act for Fiscal Year 2019 (Public Law 115 - 232),United States Congress,,2024,,,,,https://basicresearch.defense.gov/Portals/61/Documents/Academic%20Research%20Security%20Page/FY24%20Section%201286%20List%20for%20public%20release_V2.pdf?ver=KqtK4tL1wLDoUwe2yxWHSw%3D%3D
Company,Ocean University of China,,debarment,Section 1286 of the John S. McCain National Defense Authorization Act for Fiscal Year 2019 (Public Law 115 - 232),United States Congress,,2022,,,,,https://media.defense.gov/2023/Jun/29/2003251160/-1/-1/1/COUNTERING-UNWANTED-INFLUENCE-IN-DEPARTMENT-FUNDED-RESEARCH-AT-INSTITUTIONS-OF-HIGHER-EDUCATION.PDF
Company,Ocean University of China,,debarment,Section 1286 of the John S. McCain National Defense Authorization Act for Fiscal Year 2019 (Public Law 115 - 232),United States Congress,,2023,,,,,https://rt.cto.mil/wp-content/uploads/2024/07/FY23-Lists-Published-in-Response-to-Section-1286-of-NDAA-2019_clearedv2.pdf
Company,Ocean University of China,,debarment,Section 1286 of the John S. McCain National Defense Authorization Act for Fiscal Year 2019 (Public Law 115 - 232),United States Congress,,2025,,,China,,https://www.cto.mil/wp-content/uploads/2026/07/FY25-Section-1286-List.pdf
Person,Omar Ricardo Barrios Osorio,,,Section 353(b) of the United States - Northern Triangle Enhanced Engagement Act,United States Department of State,"the current president of the board of directors of the National Port Commission, undermined democratic processes or institutions by conspiring to intimidate and harass an anticorruption prosecutor for denouncing corrupt activity.",2023,,December 2023,GUATEMALA,,https://www.state.gov/reports/section-353-corrupt-and-undemocratic-actors-report-2023/
Person,Oscar Najera,,,Section 353(b) of the United States - Northern Triangle Enhanced Engagement Act,United States Department of State,"current congressional representative, engaged in significant corruption related to the Cachiros narcotrafficking organization. He was designated under Section 7031(c) for involvement in significant corruption.",2021,,December 2023,HONDURAS,,https://www.state.gov/reports/section-353-corrupt-and-undemocratic-actors-report/
Person,Óscar Rolando Castro,,,Section 353(b) of the United States - Northern Triangle Enhanced Engagement Act,United States Department of State,"Minister of Labor, obstructed investigations into corruption and undermined democratic processes or institutions in efforts to damage his political opponents.",2021,,December 2023,EL SALVADOR,,https://www.state.gov/reports/section-353-corrupt-and-undemocratic-actors-report/
Person,Osiris Luna Meza,,,Section 353(b) of the United States - Northern Triangle Enhanced Engagement Act,United States Department of State,"Vice Minister of Security and Director of Prisons, has engaged in significant corruption related to government contracts and bribery during his term in office.",2021,,December 2023,EL SALVADOR,,https://www.state.gov/reports/section-353-corrupt-and-undemocratic-actors-report/
Person,Othon Sigfrido Reyes Morales,,,Section 353(b) of the United States - Northern Triangle Enhanced Engagement Act,United States Department of State,"former legislator from the FMLN party of El Salvador, engaged in significant corruption during his term in office through fraud and misuse of public funds.",2021,,December 2023,EL SALVADOR,,https://www.state.gov/reports/section-353-corrupt-and-undemocratic-actors-report/
Company,P. I. Baranov Central Institute of Aviation Motor Development,Central Institute for Aviation Motor Development named after P. I. Baranov; Central Institute of Aviation Motors; Federal Autonomous Institution Central Institute of Engine-Building N.A. P.I. Baranov,debarment,Section 1286 of the John S. McCain National Defense Authorization Act for Fiscal Year 2019 (Public Law 115 - 232),United States Congress,,2025,,,Russia,,https://www.cto.mil/wp-content/uploads/2026/07/FY25-Section-1286-List.pdf
Company,P.N. Lebedev Physical Institute of the Russian Academy of Sciences,Lebedev Physical Institute; P.N. Lebedev Institute of Physics; Lebedev Institute; Institute of Physics Named After P.N. Lebedev of the Russian Academy of Sciences,debarment,Section 1286 of the John S. McCain National Defense Authorization Act for Fiscal Year 2019 (Public Law 115 - 232),United States Congress,,2025,,,Russia,,https://www.cto.mil/wp-content/uploads/2026/07/FY25-Section-1286-List.pdf
Person,Pablo Salvador Anliker Infante,,,Section 353(b) of the United States - Northern Triangle Enhanced Engagement Act,United States Department of State,"former Minister of Agriculture, engaged in significant corruption by misappropriating public funds for his personal benefit.",2021,,December 2023,EL SALVADOR,,https://www.state.gov/reports/section-353-corrupt-and-undemocratic-actors-report/
Company,Pearl River Talent Program,,debarment,Section 1286 of the John S. McCain National Defense Authorization Act for Fiscal Year 2019 (Public Law 115 - 232),United States Congress,,2024,,,,,https://basicresearch.defense.gov/Portals/61/Documents/Academic%20Research%20Security%20Page/FY24%20Section%201286%20List%20for%20public%20release_V2.pdf?ver=KqtK4tL1wLDoUwe2yxWHSw%3D%3D
Company,Pearl River Talent Program,,debarment,Section 1286 of the John S. McCain National Defense Authorization Act for Fiscal Year 2019 (Public Law 115 - 232),United States Congress,,2022,,,,,https://media.defense.gov/2023/Jun/29/2003251160/-1/-1/1/COUNTERING-UNWANTED-INFLUENCE-IN-DEPARTMENT-FUNDED-RESEARCH-AT-INSTITUTIONS-OF-HIGHER-EDUCATION.PDF
Company,Pearl River Talent Program,,debarment,Section 1286 of the John S. McCain National Defense Authorization Act for Fiscal Year 2019 (Public Law 115 - 232),United States Congress,,2023,,,,,https://rt.cto.mil/wp-content/uploads/2024/07/FY23-Lists-Published-in-Response-to-Section-1286-of-NDAA-2019_clearedv2.pdf
Company,Pearl River Talent Program,,debarment,Section 1286 of the John S. McCain National Defense Authorization Act for Fiscal Year 2019 (Public Law 115 - 232),United States Congress,,2025,,,,,https://www.cto.mil/wp-content/uploads/2026/07/FY25-Section-1286-List.pdf
Person,Pedro Otto Hernandez Gonzalez,,,Section 353(b) of the United States - Northern Triangle Enhanced Engagement Act,United States Department of State,"current prosecutor, undermined democratic processes or institutions by participating in a politically motivated investigation to cast doubt on certified election results to disrupt the presidential transition.",2023,,December 2023,GUATEMALA,,https://www.state.gov/reports/section-353-corrupt-and-undemocratic-actors-report-2023/
Person,Perla de los Angeles Baca,,,Section 353(b) of the United States - Northern Triangle Enhanced Engagement Act,United States Department of State,"a Chief Prosecutor in Chinandega Department, undermined democratic processes or institutions by bringing spurious charges in order to jail regime opponents in the leadup to national elections.",2022,,December 2023,NICARAGUA,,https://www.state.gov/reports/section-353-corrupt-and-undemocratic-actors-report-2022/
Company,Project 5-100,,debarment,Section 1286 of the John S. McCain National Defense Authorization Act for Fiscal Year 2019 (Public Law 115 - 232),United States Congress,,2024,,,,,https://basicresearch.defense.gov/Portals/61/Documents/Academic%20Research%20Security%20Page/FY24%20Section%201286%20List%20for%20public%20release_V2.pdf?ver=KqtK4tL1wLDoUwe2yxWHSw%3D%3D
Company,Project 5-100,,debarment,Section 1286 of the John S. McCain National Defense Authorization Act for Fiscal Year 2019 (Public Law 115 - 232),United States Congress,,2022,,,,,https://media.defense.gov/2023/Jun/29/2003251160/-1/-1/1/COUNTERING-UNWANTED-INFLUENCE-IN-DEPARTMENT-FUNDED-RESEARCH-AT-INSTITUTIONS-OF-HIGHER-EDUCATION.PDF
Company,Project 5-100,,debarment,Section 1286 of the John S. McCain National Defense Authorization Act for Fiscal Year 2019 (Public Law 115 - 232),United States Congress,,2023,,,,,https://rt.cto.mil/wp-content/uploads/2024/07/FY23-Lists-Published-in-Response-to-Section-1286-of-NDAA-2019_clearedv2.pdf
Company,Project 5-100,,debarment,Section 1286 of the John S. McCain National Defense Authorization Act for Fiscal Year 2019 (Public Law 115 - 232),United States Congress,,2025,,,,,https://www.cto.mil/wp-content/uploads/2026/07/FY25-Section-1286-List.pdf
Person,Ramiro Mauricio Lopez Camey,,,Section 353(b) of the United States - Northern Triangle Enhanced Engagement Act,United States Department of State,"the current co-owner of construction company Asfaltos y Petróleos S.A. (Aspetro), engaged in significant corruption by paying bribes to receive government construction contracts.",2022,,December 2023,GUATEMALA,,https://www.state.gov/reports/section-353-corrupt-and-undemocratic-actors-report-2022/
Person,Ramon “Moncho” Campollo Codina,,,Section 353(b) of the United States - Northern Triangle Enhanced Engagement Act,United States Department of State,"a current owner of Corporacion Energias de Guatemala, engaged in significant corruption by bribing public officials and in a manner that harmed U.S. commercial and policy goals to improve energy efficiency.",2022,,December 2023,GUATEMALA,,https://www.state.gov/reports/section-353-corrupt-and-undemocratic-actors-report-2022/
Person,Ramona Rodriguez Perez,,,Section 353(b) of the United States - Northern Triangle Enhanced Engagement Act,United States Department of State,"president of Nicaragua’s National Council of Universities, undermined democratic processes or institutions by taking part in a coordinated campaign to suppress dissent by confiscating property from the government’s political opponents, including Central American University and at least 25 other private Nicaraguan universities, without a legal basis, in order to install a regime-friendly administrations.",2023,,December 2023,NICARAGUA,,https://www.state.gov/reports/section-353-corrupt-and-undemocratic-actors-report-2023/
Person,Rasel Antonio Tome Flores,,,Section 353(b) of the United States - Northern Triangle Enhanced Engagement Act,United States Department of State,"Vice President of Congress, engaged in significant corruption when he used his position as President of the National Telecommunications Commission to misappropriate approximately $327,000 in public funds.",2022,,December 2023,HONDURAS,,https://www.state.gov/reports/section-353-corrupt-and-undemocratic-actors-report-2022/
Person,Raul Amilcar Falla Ovalle,,,Section 353(b) of the United States - Northern Triangle Enhanced Engagement Act,United States Department of State,"a lawyer for the NGO Fundacion Contra el Terrorismo (Foundation Against Terrorism – FCT), attempted to delay or obstruct criminal proceedings against former military officials who had committed acts of violence, harassment, or intimidation against governmental and nongovernmental corruption investigators.",2021,,December 2023,GUATEMALA,,https://www.state.gov/reports/section-353-corrupt-and-undemocratic-actors-report/
Person,Rene Mario Figueroa Figueroa,,,Section 353(b) of the United States - Northern Triangle Enhanced Engagement Act,United States Department of State,"former Public Security Minister under the Saca Administration, during his time as Minister engaged in significant corruption when he converted $3 million in public funds for his and his wife’s personal use and, with his wife, laundered those funds.",2022,,December 2023,EL SALVADOR,,https://www.state.gov/reports/section-353-corrupt-and-undemocratic-actors-report-2022/
Person,Ricardo Arturo Salgado Bonilla,,,Section 353(b) of the United States - Northern Triangle Enhanced Engagement Act,United States Department of State,"the current Minister of Strategic Planning, undermined democratic processes or institutions by directing the LIBRE party’s coordinated efforts through party loyalist groups (“colectivos”) to suppress dissent by violently intimidating opposition legislators calling for a legislative session on October 31, 2023.",2023,,December 2023,HONDURAS,,https://www.state.gov/reports/section-353-corrupt-and-undemocratic-actors-report-2023/
Person,Ricardo Gomez,,,Section 353(b) of the United States - Northern Triangle Enhanced Engagement Act,United States Department of State,"president commissioner of the Institute for Access to Public Information, undermined democratic processes or institutions by purposefully and wrongfully blocking access to public information through his position as president commissioner.",2023,,December 2023,EL SALVADOR,,https://www.state.gov/reports/section-353-corrupt-and-undemocratic-actors-report-2023/
Person,Ricardo Rafael Mendez Ruiz Valdez,,,Section 353(b) of the United States - Northern Triangle Enhanced Engagement Act,United States Department of State,"the founder and legal representative of the NGO FCT, attempted to delay or obstruct criminal proceedings against former military officials who had committed acts of violence, harassment, or intimidation against governmental and nongovernmental corruption investigators.",2021,,December 2023,GUATEMALA,,https://www.state.gov/reports/section-353-corrupt-and-undemocratic-actors-report/
Company,River Talents Plan,,debarment,Section 1286 of the John S. McCain National Defense Authorization Act for Fiscal Year 2019 (Public Law 115 - 232),United States Congress,,2024,,,,,https://basicresearch.defense.gov/Portals/61/Documents/Academic%20Research%20Security%20Page/FY24%20Section%201286%20List%20for%20public%20release_V2.pdf?ver=KqtK4tL1wLDoUwe2yxWHSw%3D%3D
Company,River Talents Plan,,debarment,Section 1286 of the John S. McCain National Defense Authorization Act for Fiscal Year 2019 (Public Law 115 - 232),United States Congress,,2022,,,,,https://media.defense.gov/2023/Jun/29/2003251160/-1/-1/1/COUNTERING-UNWANTED-INFLUENCE-IN-DEPARTMENT-FUNDED-RESEARCH-AT-INSTITUTIONS-OF-HIGHER-EDUCATION.PDF
Company,River Talents Plan,,debarment,Section 1286 of the John S. McCain National Defense Authorization Act for Fiscal Year 2019 (Public Law 115 - 232),United States Congress,,2023,,,,,https://rt.cto.mil/wp-content/uploads/2024/07/FY23-Lists-Published-in-Response-to-Section-1286-of-NDAA-2019_clearedv2.pdf
Company,River Talents Plan,,debarment,Section 1286 of the John S. McCain National Defense Authorization Act for Fiscal Year 2019 (Public Law 115 - 232),United States Congress,,2025,,,,,https://www.cto.mil/wp-content/uploads/2026/07/FY25-Section-1286-List.pdf
Person,Roberto Antonio Ordonez Wolfovich,,,Section 353(b) of the United States - Northern Triangle Enhanced Engagement Act,United States Department of State,"a former minister of infrastructure and public services, former minister of energy, and former presidential advisor to President Juan Orlando Hernandez, engaged in significant corruption by embezzling state funds through the overvaluation of public works projects.",2023,,December 2023,HONDURAS,,https://www.state.gov/reports/section-353-corrupt-and-undemocratic-actors-report-2023/
Person,Roberto David Castillo Mejia,,,Section 353(b) of the United States - Northern Triangle Enhanced Engagement Act,United States Department of State,"member of the Executive Committee of the Honduran Electrical Company (ENEE) from 2006 to 2009, engaged in corruption related to government contracts when he used his position on the ENEE Executive Committee to interfere in the public procurement process and steer contracts to a company in which he had a financial interest.",2022,,December 2023,HONDURAS,,https://www.state.gov/reports/section-353-corrupt-and-undemocratic-actors-report-2022/
Company,Rocket Force Command College,,debarment,Section 1286 of the John S. McCain National Defense Authorization Act for Fiscal Year 2019 (Public Law 115 - 232),United States Congress,,2024,,,,,https://basicresearch.defense.gov/Portals/61/Documents/Academic%20Research%20Security%20Page/FY24%20Section%201286%20List%20for%20public%20release_V2.pdf?ver=KqtK4tL1wLDoUwe2yxWHSw%3D%3D
Company,Rocket Force Command College,,debarment,Section 1286 of the John S. McCain National Defense Authorization Act for Fiscal Year 2019 (Public Law 115 - 232),United States Congress,,2023,,,,,https://rt.cto.mil/wp-content/uploads/2024/07/FY23-Lists-Published-in-Response-to-Section-1286-of-NDAA-2019_clearedv2.pdf
Company,Rocket Force Command College,,debarment,Section 1286 of the John S. McCain National Defense Authorization Act for Fiscal Year 2019 (Public Law 115 - 232),United States Congress,,2025,,,China,,https://www.cto.mil/wp-content/uploads/2026/07/FY25-Section-1286-List.pdf
Company,Rocket Force Engineering University,,debarment,Section 1286 of the John S. McCain National Defense Authorization Act for Fiscal Year 2019 (Public Law 115 - 232),United States Congress,,2024,,,,,https://basicresearch.defense.gov/Portals/61/Documents/Academic%20Research%20Security%20Page/FY24%20Section%201286%20List%20for%20public%20release_V2.pdf?ver=KqtK4tL1wLDoUwe2yxWHSw%3D%3D
Company,Rocket Force Engineering University,,debarment,Section 1286 of the John S. McCain National Defense Authorization Act for Fiscal Year 2019 (Public Law 115 - 232),United States Congress,,2023,,,,,https://rt.cto.mil/wp-content/uploads/2024/07/FY23-Lists-Published-in-Response-to-Section-1286-of-NDAA-2019_clearedv2.pdf
Company,Rocket Force Engineering University,,debarment,Section 1286 of the John S. McCain National Defense Authorization Act for Fiscal Year 2019 (Public Law 115 - 232),United States Congress,,2025,,,China,,https://www.cto.mil/wp-content/uploads/2026/07/FY25-Section-1286-List.pdf
Company,Rocket Force NCO School,,debarment,Section 1286 of the John S. McCain National Defense Authorization Act for Fiscal Year 2019 (Public Law 115 - 232),United States Congress,,2024,,,,,https://basicresearch.defense.gov/Portals/61/Documents/Academic%20Research%20Security%20Page/FY24%20Section%201286%20List%20for%20public%20release_V2.pdf?ver=KqtK4tL1wLDoUwe2yxWHSw%3D%3D
Company,Rocket Force NCO School,,debarment,Section 1286 of the John S. McCain National Defense Authorization Act for Fiscal Year 2019 (Public Law 115 - 232),United States Congress,,2023,,,,,https://rt.cto.mil/wp-content/uploads/2024/07/FY23-Lists-Published-in-Response-to-Section-1286-of-NDAA-2019_clearedv2.pdf
Company,Rocket Force Non-Commissioned Officer School,Rocket Force NCO School,debarment,Section 1286 of the John S. McCain National Defense Authorization Act for Fiscal Year 2019 (Public Law 115 - 232),United States Congress,,2025,,,China,,https://www.cto.mil/wp-content/uploads/2026/07/FY25-Section-1286-List.pdf
Person,Rodolfo Irias Navas,,,Section 353(b) of the United States - Northern Triangle Enhanced Engagement Act,United States Department of State,"current congressional representative, engaged in significant corruption when he misappropriated funds from the Secretariat of Agriculture to political campaigns.",2021,,December 2023,HONDURAS,,https://www.state.gov/reports/section-353-corrupt-and-undemocratic-actors-report/
Person,Rogelio Eduardo Rivas Polanco,,,Section 353(b) of the United States - Northern Triangle Enhanced Engagement Act,United States Department of State,"former Minister of Security and Justice, engaged in significant corruption by misappropriating public funds for personal benefit.",2021,,December 2023,EL SALVADOR,,https://www.state.gov/reports/section-353-corrupt-and-undemocratic-actors-report/
Person,Rolando Salvador Sanarrusia Munguia,,,Section 353(b) of the United States - Northern Triangle Enhanced Engagement Act,United States Department of State,"a judge, undermined democratic processes or institutions when he convicted and sentenced prodemocracy leaders on vague, false charges of “undermining national integrity” in the sham trial of opposition activist Yoel Sandino.",2022,,December 2023,NICARAGUA,,https://www.state.gov/reports/section-353-corrupt-and-undemocratic-actors-report-2022/
Person,Roman Villeda Aguilar,,,Section 353(b) of the United States - Northern Triangle Enhanced Engagement Act,United States Department of State,"member of congress, obstructed investigations into corruption, which resulted in the dismissal of an embezzlement case against several congressman who were under investigation for redirecting money to a fake NGO.",2021,,December 2023,HONDURAS,,https://www.state.gov/reports/section-353-corrupt-and-undemocratic-actors-report/
Person,Rosa Argentina Solís Davila,,,Section 353(b) of the United States - Northern Triangle Enhanced Engagement Act,United States Department of State,"an appeals court judge in the Criminal Appeals Court of Managua, undermined democratic processes or institutions by using the Appeals Court to facilitate a coordinated government campaign to retaliate against critics of the Ortega-Murillo regime and suppress dissent by stripping Nicaraguan citizenship from political opponents and critics of the Ortega-Murillo regime.",2023,,December 2023,NICARAGUA,,https://www.state.gov/reports/section-353-corrupt-and-undemocratic-actors-report-2023/
Person,Rosa Elena Bonilla de Lobo,,,Section 353(b) of the United States - Northern Triangle Enhanced Engagement Act,United States Department of State,"former first lady, engaged in significant corruption through fraud and misappropriation of public funds.",2021,,December 2023,HONDURAS,,https://www.state.gov/reports/section-353-corrupt-and-undemocratic-actors-report/
Person,Rosa Velia Baca Cardoza,,,Section 353(b) of the United States - Northern Triangle Enhanced Engagement Act,United States Department of State,"a judge, undermined democratic processes or institutions when she convicted and sentenced a prodemocracy leader on vague, false charges of “undermining national integrity” in the sham trial of opposition activist Donald Alvarenga.",2022,,December 2023,NICARAGUA,,https://www.state.gov/reports/section-353-corrupt-and-undemocratic-actors-report-2022/
Company,Rzhanov Institute of Semiconductor Physics of the Siberian Branch of the RAS,"ISP SB RAS; Institute of Semiconductor Physics IM A.V. Rzhanov; Rzhanov Institute of Semiconductor Physics, Siberian Branch of Russian Academy of Sciences",debarment,Section 1286 of the John S. McCain National Defense Authorization Act for Fiscal Year 2019 (Public Law 115 - 232),United States Congress,,2025,,,Russia,,https://www.cto.mil/wp-content/uploads/2026/07/FY25-Section-1286-List.pdf
Company,"Rzhanov Institute of Semiconductor Physics, Siberian Branch of Russian Academy of Sciences",IPP SB RAS; Institute of Semiconductor Physics IM A.V. Rzhanov,debarment,Section 1286 of the John S. McCain National Defense Authorization Act for Fiscal Year 2019 (Public Law 115 - 232),United States Congress,,2024,,,,,https://basicresearch.defense.gov/Portals/61/Documents/Academic%20Research%20Security%20Page/FY24%20Section%201286%20List%20for%20public%20release_V2.pdf?ver=KqtK4tL1wLDoUwe2yxWHSw%3D%3D
Company,"Rzhanov Institute of Semiconductor Physics, Siberian Branch of Russian Academy of Sciences",IPP SB RAS,debarment,Section 1286 of the John S. McCain National Defense Authorization Act for Fiscal Year 2019 (Public Law 115 - 232),United States Congress,,2022,,,,,https://media.defense.gov/2023/Jun/29/2003251160/-1/-1/1/COUNTERING-UNWANTED-INFLUENCE-IN-DEPARTMENT-FUNDED-RESEARCH-AT-INSTITUTIONS-OF-HIGHER-EDUCATION.PDF
Company,"Rzhanov Institute of Semiconductor Physics, Siberian Branch of Russian Academy of Sciences",Institute of Semiconductor Physics IM A.V. Rzhanov,debarment,Section 1286 of the John S. McCain National Defense Authorization Act for Fiscal Year 2019 (Public Law 115 - 232),United States Congress,,2022,,,,,https://media.defense.gov/2023/Jun/29/2003251160/-1/-1/1/COUNTERING-UNWANTED-INFLUENCE-IN-DEPARTMENT-FUNDED-RESEARCH-AT-INSTITUTIONS-OF-HIGHER-EDUCATION.PDF
Company,"Rzhanov Institute of Semiconductor Physics, Siberian Branch of Russian Academy of Sciences",IPP SB RAS; Institute of Semiconductor Physics IM A.V. Rzhanov,debarment,Section 1286 of the John S. McCain National Defense Authorization Act for Fiscal Year 2019 (Public Law 115 - 232),United States Congress,,2023,,,,,https://rt.cto.mil/wp-content/uploads/2024/07/FY23-Lists-Published-in-Response-to-Section-1286-of-NDAA-2019_clearedv2.pdf
Person,Sagrario de Fatima Benavides Lanuza,,,Section 353(b) of the United States - Northern Triangle Enhanced Engagement Act,United States Department of State,"a vice director of the Nicaraguan Social Security Institute, undermined democratic processes or institutions by using her position and influence to facilitate a coordinated, politically motivated government campaign to terminate and seize pensions from political adversaries without a legal basis.",2023,,December 2023,NICARAGUA,,https://www.state.gov/reports/section-353-corrupt-and-undemocratic-actors-report-2023/
Person,Salvador Sanchez Ceren,,,Section 353(b) of the United States - Northern Triangle Enhanced Engagement Act,United States Department of State,"a former president and vice president of El Salvador, engaged in significant corruption by laundering money during his tenure as vice president, personally receiving more than $1.3 million in public funds in exchange, and participated in a scheme to divert $183 million in public funds away from public accounts and oversight into personal accounts while serving as president.",2023,,December 2023,EL SALVADOR,,https://www.state.gov/reports/section-353-corrupt-and-undemocratic-actors-report-2023/
Person,Samuel Garcia Salgado,,,Section 353(b) of the United States - Northern Triangle Enhanced Engagement Act,United States Department of State,"a current member of the Honduran National Congress from the Liberal Party, undermined democratic processes or institutions by manipulating the outcome of the Supreme Court of Justice election in 2023 for his personal and political gain.",2023,,December 2023,HONDURAS,,https://www.state.gov/reports/section-353-corrupt-and-undemocratic-actors-report-2023/
Person,Sara Ismela Medina Galo,,,Section 353(b) of the United States - Northern Triangle Enhanced Engagement Act,United States Department of State,"member of congress, obstructed investigations into corruption in her role as Secretary of Congress.",2021,,December 2023,HONDURAS,,https://www.state.gov/reports/section-353-corrupt-and-undemocratic-actors-report/
Company,Second Academy of Natural Science Foreign Affairs Bureau,SANS FAB,sanction,Nonproliferation Sanctions (ISN) - State Department,State Department,,2026-01-27,2026-01-22,2028-01-22,DPRK,"and any successor, sub-unit, or subsidiary thereof;",https://www.federalregister.gov/documents/2026/01/27/2026-01593/imposition-of-nonproliferation-measures-against-foreign-persons-including-a-ban-on-us-government
Company,Semiconductor Manufacturing International Corporation,SMIC,debarment,Section 5949 of the James M. Inhofe National Defense Authorization Act for Fiscal Year 2023 (Public Law 117-263),United States Congress,,,,,,,https://www.congress.gov/117/bills/hr7776/BILLS-117hr7776enr.pdf
Company,Shahid Sattari Air Force University,Shahid Sattari University of Aeronautical Engineering; Shahid Sattari Air Academy; Shahid Sattari University of Aeronautical Sciences and Technologies,debarment,Section 1286 of the John S. McCain National Defense Authorization Act for Fiscal Year 2019 (Public Law 115 - 232),United States Congress,,2025,,,Iran,,https://www.cto.mil/wp-content/uploads/2026/07/FY25-Section-1286-List.pdf
Company,Shandong University,,debarment,Section 1286 of the John S. McCain National Defense Authorization Act for Fiscal Year 2019 (Public Law 115 - 232),United States Congress,,2025,,,China,,https://www.cto.mil/wp-content/uploads/2026/07/FY25-Section-1286-List.pdf
Company,Shanghai Jiao Tong University,,debarment,Section 1286 of the John S. McCain National Defense Authorization Act for Fiscal Year 2019 (Public Law 115 - 232),United States Congress,,2025,,,China,,https://www.cto.mil/wp-content/uploads/2026/07/FY25-Section-1286-List.pdf
Company,Sharif University of Technology,Arya Mehr University of Technology; SHFT; SUT; Sharif Technical University,debarment,Section 1286 of the John S. McCain National Defense Authorization Act for Fiscal Year 2019 (Public Law 115 - 232),United States Congress,,2024,,,,,https://basicresearch.defense.gov/Portals/61/Documents/Academic%20Research%20Security%20Page/FY24%20Section%201286%20List%20for%20public%20release_V2.pdf?ver=KqtK4tL1wLDoUwe2yxWHSw%3D%3D
Company,Sharif University of Technology,SHFT; SUT; Sharif Technical University,debarment,Section 1286 of the John S. McCain National Defense Authorization Act for Fiscal Year 2019 (Public Law 115 - 232),United States Congress,,2025,,,Iran,,https://www.cto.mil/wp-content/uploads/2026/07/FY25-Section-1286-List.pdf
Company,Shenyang Aerospace University,Shenyang Institute of Aeronautical Engineering,debarment,Section 1286 of the John S. McCain National Defense Authorization Act for Fiscal Year 2019 (Public Law 115 - 232),United States Congress,,2025,,,China,,https://www.cto.mil/wp-content/uploads/2026/07/FY25-Section-1286-List.pdf
Company,Shenyang Ligong University,,debarment,Section 1286 of the John S. McCain National Defense Authorization Act for Fiscal Year 2019 (Public Law 115 - 232),United States Congress,,2024,,,,,https://basicresearch.defense.gov/Portals/61/Documents/Academic%20Research%20Security%20Page/FY24%20Section%201286%20List%20for%20public%20release_V2.pdf?ver=KqtK4tL1wLDoUwe2yxWHSw%3D%3D
Company,Shenyang Ligong University,Shenyang Institute of Technology,debarment,Section 1286 of the John S. McCain National Defense Authorization Act for Fiscal Year 2019 (Public Law 115 - 232),United States Congress,,2025,,,China,,https://www.cto.mil/wp-content/uploads/2026/07/FY25-Section-1286-List.pdf
Company,Siberian Scientific-Research Institute of Aviation,Chaplygin Siberian Scientific Research Institute Of Aviation; SibNIA; Siberian Scientific-Research Institute of Aviation N.A. S.A. Chaplygin ,debarment,Section 1286 of the John S. McCain National Defense Authorization Act for Fiscal Year 2019 (Public Law 115 - 232),United States Congress,,2025,,,Russia,,https://www.cto.mil/wp-content/uploads/2026/07/FY25-Section-1286-List.pdf
Company,Siberian Scientific-Research Institute of Aviation N.A. S.A. Chaplygin,SibNIA,debarment,Section 1286 of the John S. McCain National Defense Authorization Act for Fiscal Year 2019 (Public Law 115 - 232),United States Congress,,2024,,,,,https://basicresearch.defense.gov/Portals/61/Documents/Academic%20Research%20Security%20Page/FY24%20Section%201286%20List%20for%20public%20release_V2.pdf?ver=KqtK4tL1wLDoUwe2yxWHSw%3D%3D
Company,Siberian Scientific-Research Institute of Aviation N.A. S.A. Chaplygin,SibNIA,debarment,Section 1286 of the John S. McCain National Defense Authorization Act for Fiscal Year 2019 (Public Law 115 - 232),United States Congress,,2023,,,,,https://rt.cto.mil/wp-content/uploads/2024/07/FY23-Lists-Published-in-Response-to-Section-1286-of-NDAA-2019_clearedv2.pdf
Company,Sichuan University,,debarment,Section 1286 of the John S. McCain National Defense Authorization Act for Fiscal Year 2019 (Public Law 115 - 232),United States Congress,,2024,,,,,https://basicresearch.defense.gov/Portals/61/Documents/Academic%20Research%20Security%20Page/FY24%20Section%201286%20List%20for%20public%20release_V2.pdf?ver=KqtK4tL1wLDoUwe2yxWHSw%3D%3D
Company,Sichuan University,,debarment,Section 1286 of the John S. McCain National Defense Authorization Act for Fiscal Year 2019 (Public Law 115 - 232),United States Congress,,2022,,,,,https://media.defense.gov/2023/Jun/29/2003251160/-1/-1/1/COUNTERING-UNWANTED-INFLUENCE-IN-DEPARTMENT-FUNDED-RESEARCH-AT-INSTITUTIONS-OF-HIGHER-EDUCATION.PDF
Company,Sichuan University,,debarment,Section 1286 of the John S. McCain National Defense Authorization Act for Fiscal Year 2019 (Public Law 115 - 232),United States Congress,,2023,,,,,https://rt.cto.mil/wp-content/uploads/2024/07/FY23-Lists-Published-in-Response-to-Section-1286-of-NDAA-2019_clearedv2.pdf
Company,Sichuan University,,debarment,Section 1286 of the John S. McCain National Defense Authorization Act for Fiscal Year 2019 (Public Law 115 - 232),United States Congress,,2025,,,China,,https://www.cto.mil/wp-content/uploads/2026/07/FY25-Section-1286-List.pdf
Person,Silvia Patricia Valdes Quezada,,,Section 353(b) of the United States - Northern Triangle Enhanced Engagement Act,United States Department of State,"a former Supreme Court magistrate, undermined democratic processes or institutions by participating in a scheme to stack the Supreme Court and appellate courts with corrupt judges.",2023,,December 2023,GUATEMALA,,https://www.state.gov/reports/section-353-corrupt-and-undemocratic-actors-report-2023/
Company,Skolkovo Institute of Science and Technology,Autonomous Non-Profit Organization for Higher Education Skolkovo Institute of Science and Technology; Skolkovskiy Institut Nauki I Tekhnologii; Skoltech,debarment,Section 1286 of the John S. McCain National Defense Authorization Act for Fiscal Year 2019 (Public Law 115 - 232),United States Congress,,2024,,,,,https://basicresearch.defense.gov/Portals/61/Documents/Academic%20Research%20Security%20Page/FY24%20Section%201286%20List%20for%20public%20release_V2.pdf?ver=KqtK4tL1wLDoUwe2yxWHSw%3D%3D
Company,Skolkovo Institute of Science and Technology,Autonomous Non-Profit Organization for Higher Education Skolkovo Institute of Science and Technology; Skolkovskiy Institut Nauki I Tekhnologii; Skoltech,debarment,Section 1286 of the John S. McCain National Defense Authorization Act for Fiscal Year 2019 (Public Law 115 - 232),United States Congress,,2023,,,,,https://rt.cto.mil/wp-content/uploads/2024/07/FY23-Lists-Published-in-Response-to-Section-1286-of-NDAA-2019_clearedv2.pdf
Company,Skolkovo Institute of Science and Technology,Skoltech,debarment,Section 1286 of the John S. McCain National Defense Authorization Act for Fiscal Year 2019 (Public Law 115 - 232),United States Congress,,2025,,,Russia,,https://www.cto.mil/wp-content/uploads/2026/07/FY25-Section-1286-List.pdf
Person,Sofia Janeth Hernandez Herrera,,,Section 353(b) of the United States - Northern Triangle Enhanced Engagement Act,United States Department of State,"the current congressional representative for the Union del Cambio Nacional (UCN) party, undermined the democratic process or institutions by misusing her official powers to intimidate her political opponents. She also solicited bribes and threatened to weaponize the legitimate purposes of Guatemala’s congress to retaliate against her enemies for personal benefit.",2022,,December 2023,GUATEMALA,,https://www.state.gov/reports/section-353-corrupt-and-undemocratic-actors-report-2022/
Company,Space Engineering University,,debarment,Section 1286 of the John S. McCain National Defense Authorization Act for Fiscal Year 2019 (Public Law 115 - 232),United States Congress,,2024,,,,,https://basicresearch.defense.gov/Portals/61/Documents/Academic%20Research%20Security%20Page/FY24%20Section%201286%20List%20for%20public%20release_V2.pdf?ver=KqtK4tL1wLDoUwe2yxWHSw%3D%3D
Company,Space Engineering University,,debarment,Section 1286 of the John S. McCain National Defense Authorization Act for Fiscal Year 2019 (Public Law 115 - 232),United States Congress,,2023,,,,,https://rt.cto.mil/wp-content/uploads/2024/07/FY23-Lists-Published-in-Response-to-Section-1286-of-NDAA-2019_clearedv2.pdf
Company,Space Engineering University,Aerospace Engineering University of the People’s Liberation Army Strategic Support Force; Strategic Support Force Space Engineering University,debarment,Section 1286 of the John S. McCain National Defense Authorization Act for Fiscal Year 2019 (Public Law 115 - 232),United States Congress,,2025,,,China,,https://www.cto.mil/wp-content/uploads/2026/07/FY25-Section-1286-List.pdf
Person,Steffan Christian Emanuel Lehnhoff Hernandez,,,Section 353(b) of the United States - Northern Triangle Enhanced Engagement Act,United States Department of State,"a current owner of Corporacion Energias de Guatemala, engaged in significant corruption by bribing public officials and in a manner that harmed U.S. commercial and policy goals to improve energy efficiency.",2022,,December 2023,GUATEMALA,,https://www.state.gov/reports/section-353-corrupt-and-undemocratic-actors-report-2022/
Company,Strategic Support Force Information Engineering University,Zhengzhou Information Science and Technology Institute; Information Engineering University,debarment,Section 1286 of the John S. McCain National Defense Authorization Act for Fiscal Year 2019 (Public Law 115 - 232),United States Congress,,2025,,,China,,https://www.cto.mil/wp-content/uploads/2026/07/FY25-Section-1286-List.pdf
Company,Sun Yat-Sen University,,debarment,Section 1286 of the John S. McCain National Defense Authorization Act for Fiscal Year 2019 (Public Law 115 - 232),United States Congress,,2024,,,,,https://basicresearch.defense.gov/Portals/61/Documents/Academic%20Research%20Security%20Page/FY24%20Section%201286%20List%20for%20public%20release_V2.pdf?ver=KqtK4tL1wLDoUwe2yxWHSw%3D%3D
Company,Sun Yat-Sen University,,debarment,Section 1286 of the John S. McCain National Defense Authorization Act for Fiscal Year 2019 (Public Law 115 - 232),United States Congress,,2022,,,,,https://media.defense.gov/2023/Jun/29/2003251160/-1/-1/1/COUNTERING-UNWANTED-INFLUENCE-IN-DEPARTMENT-FUNDED-RESEARCH-AT-INSTITUTIONS-OF-HIGHER-EDUCATION.PDF
Company,Sun Yat-Sen University,,debarment,Section 1286 of the John S. McCain National Defense Authorization Act for Fiscal Year 2019 (Public Law 115 - 232),United States Congress,,2023,,,,,https://rt.cto.mil/wp-content/uploads/2024/07/FY23-Lists-Published-in-Response-to-Section-1286-of-NDAA-2019_clearedv2.pdf
Company,Sun Yat-sen University,Zhongshan University,debarment,Section 1286 of the John S. McCain National Defense Authorization Act for Fiscal Year 2019 (Public Law 115 - 232),United States Congress,,2025,,,China,,https://www.cto.mil/wp-content/uploads/2026/07/FY25-Section-1286-List.pdf
Company,Supreme National Defense University,National Defense University and Institute for Strategic Research; University and Higher Research Institute for National Defense and Strategic Research,debarment,Section 1286 of the John S. McCain National Defense Authorization Act for Fiscal Year 2019 (Public Law 115 - 232),United States Congress,,2025,,,Iran,,https://www.cto.mil/wp-content/uploads/2026/07/FY25-Section-1286-List.pdf
Company,"Tactical Missile Corporation, Concern “MPO—Gidropribor”",Joint Stock Company Concern Sea Underwater Weapons Gidropribor; Research Institute “Gidpropridor”,debarment,Section 1286 of the John S. McCain National Defense Authorization Act for Fiscal Year 2019 (Public Law 115 - 232),United States Congress,,2024,,,,,https://basicresearch.defense.gov/Portals/61/Documents/Academic%20Research%20Security%20Page/FY24%20Section%201286%20List%20for%20public%20release_V2.pdf?ver=KqtK4tL1wLDoUwe2yxWHSw%3D%3D
Company,"Tactical Missile Corporation, Concern “MPO—Gidropribor”",Joint Stock Company Concern Sea Underwater Weapons Gidropribor,debarment,Section 1286 of the John S. McCain National Defense Authorization Act for Fiscal Year 2019 (Public Law 115 - 232),United States Congress,,2022,,,,,https://media.defense.gov/2023/Jun/29/2003251160/-1/-1/1/COUNTERING-UNWANTED-INFLUENCE-IN-DEPARTMENT-FUNDED-RESEARCH-AT-INSTITUTIONS-OF-HIGHER-EDUCATION.PDF
Company,"Tactical Missile Corporation, Concern “MPO—Gidropribor”",Research Institute “Gidpropridor”,debarment,Section 1286 of the John S. McCain National Defense Authorization Act for Fiscal Year 2019 (Public Law 115 - 232),United States Congress,,2022,,,,,https://media.defense.gov/2023/Jun/29/2003251160/-1/-1/1/COUNTERING-UNWANTED-INFLUENCE-IN-DEPARTMENT-FUNDED-RESEARCH-AT-INSTITUTIONS-OF-HIGHER-EDUCATION.PDF
Company,"Tactical Missile Corporation, Concern “MPO—Gidropribor”",Joint Stock Company Concern Sea Underwater Weapons Gidropribor; Research Institute “Gidpropridor”,debarment,Section 1286 of the John S. McCain National Defense Authorization Act for Fiscal Year 2019 (Public Law 115 - 232),United States Congress,,2025,,,Russia,,https://www.cto.mil/wp-content/uploads/2026/07/FY25-Section-1286-List.pdf
Company,"Tactical Missile Corporation, Concern “MPO—Gidropribor” ",Joint Stock Company Concern Sea Underwater Weapons Gidropribor; Research Institute “Gidpropridor”,debarment,Section 1286 of the John S. McCain National Defense Authorization Act for Fiscal Year 2019 (Public Law 115 - 232),United States Congress,,2023,,,,,https://rt.cto.mil/wp-content/uploads/2024/07/FY23-Lists-Published-in-Response-to-Section-1286-of-NDAA-2019_clearedv2.pdf
Company,"Tactical Missile Corporation, Joint Stock Company GosNIIMash",PPORosprofprom V “GOSNIIMASH”; State Research Institute of Mechanical Engineering; Pervichnaya Profsoyuznaya Organizatsiya Rossiskogo Profsoyuza Rabotnikov Promyshlennosti V; “GOSNIIMASH”; Joint Stock Company “State Research Institute of Mechanical Engineering” named after V.V.Bakhirev”; SKB DNIKhTI,debarment,Section 1286 of the John S. McCain National Defense Authorization Act for Fiscal Year 2019 (Public Law 115 - 232),United States Congress,,2024,,,,,https://basicresearch.defense.gov/Portals/61/Documents/Academic%20Research%20Security%20Page/FY24%20Section%201286%20List%20for%20public%20release_V2.pdf?ver=KqtK4tL1wLDoUwe2yxWHSw%3D%3D
Company,"Tactical Missile Corporation, Joint Stock Company GosNIIMash",“GOSNIIMASH”,debarment,Section 1286 of the John S. McCain National Defense Authorization Act for Fiscal Year 2019 (Public Law 115 - 232),United States Congress,,2022,,,,,https://media.defense.gov/2023/Jun/29/2003251160/-1/-1/1/COUNTERING-UNWANTED-INFLUENCE-IN-DEPARTMENT-FUNDED-RESEARCH-AT-INSTITUTIONS-OF-HIGHER-EDUCATION.PDF
Company,"Tactical Missile Corporation, Joint Stock Company GosNIIMash",PPORosprofprom V “GOSNIIMASH”,debarment,Section 1286 of the John S. McCain National Defense Authorization Act for Fiscal Year 2019 (Public Law 115 - 232),United States Congress,,2022,,,,,https://media.defense.gov/2023/Jun/29/2003251160/-1/-1/1/COUNTERING-UNWANTED-INFLUENCE-IN-DEPARTMENT-FUNDED-RESEARCH-AT-INSTITUTIONS-OF-HIGHER-EDUCATION.PDF
Company,"Tactical Missile Corporation, Joint Stock Company GosNIIMash",State Research Institute of Mechanical Engineering,debarment,Section 1286 of the John S. McCain National Defense Authorization Act for Fiscal Year 2019 (Public Law 115 - 232),United States Congress,,2022,,,,,https://media.defense.gov/2023/Jun/29/2003251160/-1/-1/1/COUNTERING-UNWANTED-INFLUENCE-IN-DEPARTMENT-FUNDED-RESEARCH-AT-INSTITUTIONS-OF-HIGHER-EDUCATION.PDF
Company,"Tactical Missile Corporation, Joint Stock Company GosNIIMash",Pervichnaya Profsoyuznaya Organizatsiya Rossiskogo Profsoyuza Rabotnikov Promyshlennosti V,debarment,Section 1286 of the John S. McCain National Defense Authorization Act for Fiscal Year 2019 (Public Law 115 - 232),United States Congress,,2022,,,,,https://media.defense.gov/2023/Jun/29/2003251160/-1/-1/1/COUNTERING-UNWANTED-INFLUENCE-IN-DEPARTMENT-FUNDED-RESEARCH-AT-INSTITUTIONS-OF-HIGHER-EDUCATION.PDF
Company,"Tactical Missile Corporation, Joint Stock Company GosNIIMash",Joint Stock Company “State Research Institute of Mechanical Engineering” named after “V.V.Bakhirev”,debarment,Section 1286 of the John S. McCain National Defense Authorization Act for Fiscal Year 2019 (Public Law 115 - 232),United States Congress,,2022,,,,,https://media.defense.gov/2023/Jun/29/2003251160/-1/-1/1/COUNTERING-UNWANTED-INFLUENCE-IN-DEPARTMENT-FUNDED-RESEARCH-AT-INSTITUTIONS-OF-HIGHER-EDUCATION.PDF
Company,"Tactical Missile Corporation, Joint Stock Company GosNIIMash",SKB DNIKhTI,debarment,Section 1286 of the John S. McCain National Defense Authorization Act for Fiscal Year 2019 (Public Law 115 - 232),United States Congress,,2022,,,,,https://media.defense.gov/2023/Jun/29/2003251160/-1/-1/1/COUNTERING-UNWANTED-INFLUENCE-IN-DEPARTMENT-FUNDED-RESEARCH-AT-INSTITUTIONS-OF-HIGHER-EDUCATION.PDF
Company,"Tactical Missile Corporation, Joint Stock Company GosNIIMash",PPORosprofprom V “GOSNIIMASH”; State Research Institute of Mechanical Engineering; Pervichnaya Profsoyuznaya Organizatsiya Rossiskogo Profsoyuza Rabotnikov Promyshlennosti V; “GOSNIIMASH”; Joint Stock Company “State Research Institute of Mechanical Engineering” named after V.V.Bakhirev”; SKB DNIKhTI,debarment,Section 1286 of the John S. McCain National Defense Authorization Act for Fiscal Year 2019 (Public Law 115 - 232),United States Congress,,2023,,,,,https://rt.cto.mil/wp-content/uploads/2024/07/FY23-Lists-Published-in-Response-to-Section-1286-of-NDAA-2019_clearedv2.pdf
Company,"Tactical Missile Corporation, Joint Stock Company GosNIIMash",PPORosprofprom V “GOSNIIMASH”; State Research Institute of Mechanical Engineering; Pervichnaya Profsoyuznaya Organizatsiya Rossiskogo Profsoyuza Rabotnikov Promyshlennosti V; “GOSNIIMASH”; Joint Stock Company “State Research Institute of Mechanical Engineering” named after V.V.Bakhirev”,debarment,Section 1286 of the John S. McCain National Defense Authorization Act for Fiscal Year 2019 (Public Law 115 - 232),United States Congress,,2025,,,Russia,,https://www.cto.mil/wp-content/uploads/2026/07/FY25-Section-1286-List.pdf
Company,Thousand Talents Plan,,debarment,Section 1286 of the John S. McCain National Defense Authorization Act for Fiscal Year 2019 (Public Law 115 - 232),United States Congress,,2024,,,,,https://basicresearch.defense.gov/Portals/61/Documents/Academic%20Research%20Security%20Page/FY24%20Section%201286%20List%20for%20public%20release_V2.pdf?ver=KqtK4tL1wLDoUwe2yxWHSw%3D%3D
Company,Thousand Talents Plan,,debarment,Section 1286 of the John S. McCain National Defense Authorization Act for Fiscal Year 2019 (Public Law 115 - 232),United States Congress,,2022,,,,,https://media.defense.gov/2023/Jun/29/2003251160/-1/-1/1/COUNTERING-UNWANTED-INFLUENCE-IN-DEPARTMENT-FUNDED-RESEARCH-AT-INSTITUTIONS-OF-HIGHER-EDUCATION.PDF
Company,Thousand Talents Plan,,debarment,Section 1286 of the John S. McCain National Defense Authorization Act for Fiscal Year 2019 (Public Law 115 - 232),United States Congress,,2023,,,,,https://rt.cto.mil/wp-content/uploads/2024/07/FY23-Lists-Published-in-Response-to-Section-1286-of-NDAA-2019_clearedv2.pdf
Company,Thousand Talents Plan,,debarment,Section 1286 of the John S. McCain National Defense Authorization Act for Fiscal Year 2019 (Public Law 115 - 232),United States Congress,,2025,,,,,https://www.cto.mil/wp-content/uploads/2026/07/FY25-Section-1286-List.pdf
Company,Tianjin University,,debarment,Section 1286 of the John S. McCain National Defense Authorization Act for Fiscal Year 2019 (Public Law 115 - 232),United States Congress,,2024,,,,,https://basicresearch.defense.gov/Portals/61/Documents/Academic%20Research%20Security%20Page/FY24%20Section%201286%20List%20for%20public%20release_V2.pdf?ver=KqtK4tL1wLDoUwe2yxWHSw%3D%3D
Company,Tianjin University,,debarment,Section 1286 of the John S. McCain National Defense Authorization Act for Fiscal Year 2019 (Public Law 115 - 232),United States Congress,,2022,,,,,https://media.defense.gov/2023/Jun/29/2003251160/-1/-1/1/COUNTERING-UNWANTED-INFLUENCE-IN-DEPARTMENT-FUNDED-RESEARCH-AT-INSTITUTIONS-OF-HIGHER-EDUCATION.PDF
Company,Tianjin University,,debarment,Section 1286 of the John S. McCain National Defense Authorization Act for Fiscal Year 2019 (Public Law 115 - 232),United States Congress,,2023,,,,,https://rt.cto.mil/wp-content/uploads/2024/07/FY23-Lists-Published-in-Response-to-Section-1286-of-NDAA-2019_clearedv2.pdf
Company,Tianjin University,,debarment,Section 1286 of the John S. McCain National Defense Authorization Act for Fiscal Year 2019 (Public Law 115 - 232),United States Congress,,2025,,,China,,https://www.cto.mil/wp-content/uploads/2026/07/FY25-Section-1286-List.pdf
Company,Tomsk Polytechnic University,National Research Tomsk Polytechnic University,debarment,Section 1286 of the John S. McCain National Defense Authorization Act for Fiscal Year 2019 (Public Law 115 - 232),United States Congress,,2025,,,Russia,,https://www.cto.mil/wp-content/uploads/2026/07/FY25-Section-1286-List.pdf
Person,Ulisa Yahoska Tapia Silva,,,Section 353(b) of the United States - Northern Triangle Enhanced Engagement Act,United States Department of State,"a judge, undermined democratic processes or institutions when she convicted and sentenced prodemocracy leaders on vague, false charges of “undermining national integrity” in the sham trials of opposition activists Yaser Vado and Yader Parajon, former Foreign Minister Francisco Aguirre Sacasa, opposition leader Suyen Barahona, civic leader Freddy Navas, human rights lawyer Maria Oviedo, former presidential candidate Noel Vidaurre, and political commentator Jaime Arellano.",2022,,December 2023,NICARAGUA,,https://www.state.gov/reports/section-353-corrupt-and-undemocratic-actors-report-2022/
Company,University of Electronic Science and Technology of China,,debarment,Section 1286 of the John S. McCain National Defense Authorization Act for Fiscal Year 2019 (Public Law 115 - 232),United States Congress,,2024,,,,,https://basicresearch.defense.gov/Portals/61/Documents/Academic%20Research%20Security%20Page/FY24%20Section%201286%20List%20for%20public%20release_V2.pdf?ver=KqtK4tL1wLDoUwe2yxWHSw%3D%3D
Company,University of Electronic Science and Technology of China,,debarment,Section 1286 of the John S. McCain National Defense Authorization Act for Fiscal Year 2019 (Public Law 115 - 232),United States Congress,,2022,,,,,https://media.defense.gov/2023/Jun/29/2003251160/-1/-1/1/COUNTERING-UNWANTED-INFLUENCE-IN-DEPARTMENT-FUNDED-RESEARCH-AT-INSTITUTIONS-OF-HIGHER-EDUCATION.PDF
Company,University of Electronic Science and Technology of China,,debarment,Section 1286 of the John S. McCain National Defense Authorization Act for Fiscal Year 2019 (Public Law 115 - 232),United States Congress,,2023,,,,,https://rt.cto.mil/wp-content/uploads/2024/07/FY23-Lists-Published-in-Response-to-Section-1286-of-NDAA-2019_clearedv2.pdf
Company,University of Electronic Science and Technology of China,,debarment,Section 1286 of the John S. McCain National Defense Authorization Act for Fiscal Year 2019 (Public Law 115 - 232),United States Congress,,2025,,,China,,https://www.cto.mil/wp-content/uploads/2026/07/FY25-Section-1286-List.pdf
Company,University of International Relations,School of International Relations; Institute of International Relations,debarment,Section 1286 of the John S. McCain National Defense Authorization Act for Fiscal Year 2019 (Public Law 115 - 232),United States Congress,,2025,,,China,,https://www.cto.mil/wp-content/uploads/2026/07/FY25-Section-1286-List.pdf
Company,University of Science and Technology of China,,debarment,Section 1286 of the John S. McCain National Defense Authorization Act for Fiscal Year 2019 (Public Law 115 - 232),United States Congress,,2024,,,,,https://basicresearch.defense.gov/Portals/61/Documents/Academic%20Research%20Security%20Page/FY24%20Section%201286%20List%20for%20public%20release_V2.pdf?ver=KqtK4tL1wLDoUwe2yxWHSw%3D%3D
Company,University of Science and Technology of China,,debarment,Section 1286 of the John S. McCain National Defense Authorization Act for Fiscal Year 2019 (Public Law 115 - 232),United States Congress,,2025,,,China,,https://www.cto.mil/wp-content/uploads/2026/07/FY25-Section-1286-List.pdf
Company,"Ural Federal University named after B.N. Yeltsin, the First President of Russia",UrFU; Ural Federal University Named After First President of Russia B.N. Yeltsin,debarment,Section 1286 of the John S. McCain National Defense Authorization Act for Fiscal Year 2019 (Public Law 115 - 232),United States Congress,,2025,,,Russia,,https://www.cto.mil/wp-content/uploads/2026/07/FY25-Section-1286-List.pdf
Company,Ural Federal University Named After First President of Russia B.N. Yeltsin,UrFu,debarment,Section 1286 of the John S. McCain National Defense Authorization Act for Fiscal Year 2019 (Public Law 115 - 232),United States Congress,,2024,,,,,https://basicresearch.defense.gov/Portals/61/Documents/Academic%20Research%20Security%20Page/FY24%20Section%201286%20List%20for%20public%20release_V2.pdf?ver=KqtK4tL1wLDoUwe2yxWHSw%3D%3D
Person,Valeria Maritza Halleslevens Centeno,,,Section 353(b) of the United States - Northern Triangle Enhanced Engagement Act,United States Department of State,"the current director of the National Directorate of Property Registrar Offices (DNR), undermined democratic processes or institutions by using her position and influence to facilitate a coordinated government effort to confiscate the property of political opponents.",2023,,December 2023,NICARAGUA,,https://www.state.gov/reports/section-353-corrupt-and-undemocratic-actors-report-2023/
Person,Veronica Fiallos Moncada,,,Section 353(b) of the United States - Northern Triangle Enhanced Engagement Act,United States Department of State,"a judge, undermined democratic processes or institutions when she convicted and sentenced a prodemocracy leader on vague, false charges of “undermining national integrity” in the sham trial of political prisoner Douglas Cerros.",2022,,December 2023,NICARAGUA,,https://www.state.gov/reports/section-353-corrupt-and-undemocratic-actors-report-2022/
Person,Victor Elias Bendeck Ramirez,,,Section 353(b) of the United States - Northern Triangle Enhanced Engagement Act,United States Department of State,"a private businessman and former member of the Central American Parliament, engaged in significant corruption through a series of fraudulent business activities in the banking, real estate, and other sectors and by using his influence with government officials for his personal gain.",2023,,December 2023,HONDURAS,,https://www.state.gov/reports/section-353-corrupt-and-undemocratic-actors-report-2023/
Person,Victor Manuel Cruz Rivera,,,Section 353(b) of the United States - Northern Triangle Enhanced Engagement Act,United States Department of State,"a current Criminal Court Judge, obstructed investigations into acts of corruption by improperly delaying court proceedings.",2022,,December 2023,GUATEMALA,,https://www.state.gov/reports/section-353-corrupt-and-undemocratic-actors-report-2022/
Person,Vitalina Orellana y Orellana,,,Section 353(b) of the United States - Northern Triangle Enhanced Engagement Act,United States Department of State,"a current Supreme Court of Justice magistrate, undermined the democratic process or institutions by participating in the “Parallel Commissions 2020” scheme to stack the Supreme Court and Appellate Courts with corrupt judges.",2022,,December 2023,GUATEMALA,,https://www.state.gov/reports/section-353-corrupt-and-undemocratic-actors-report-2022/
Person,Walter Ramiro Mazariegos Biolis,,,Section 353(b) of the United States - Northern Triangle Enhanced Engagement Act,United States Department of State,"the Rector of the San Carlos University, undermined democratic processes or institutions by accepting the position of rector of the public education institution in July 2022 following a fraudulent selection process.",2023,,December 2023,GUATEMALA,,https://www.state.gov/reports/section-353-corrupt-and-undemocratic-actors-report-2023/
Person,Walter René Araujo Morales,,,Section 353(b) of the United States - Northern Triangle Enhanced Engagement Act,United States Department of State,"former member and president of the Supreme Electoral Tribunal, undermined democratic processes or institutions by calling for insurrection against the Legislative Assembly and repeatedly threatening political candidates.",2021,,December 2023,EL SALVADOR,,https://www.state.gov/reports/section-353-corrupt-and-undemocratic-actors-report/
Person,Welsy Milena Vasquez Lopez,,,Section 353(b) of the United States - Northern Triangle Enhanced Engagement Act,United States Department of State,"current congressional representative, engaged in significant corruption including embezzlement and misappropriation of public funds for personal gain. He was indicted in the Arca Abierta MACCIH-investigated corruption case for embezzling $800,000 from various government agencies.",2021,,December 2023,HONDURAS,,https://www.state.gov/reports/section-353-corrupt-and-undemocratic-actors-report/
Person,Wendy Carolina Morales Urbina,,,Section 353(b) of the United States - Northern Triangle Enhanced Engagement Act,United States Department of State,"the current Nicaraguan attorney general, undermined democratic processes or institutions, using the office of the attorney general to facilitate a coordinated campaign to suppress dissent, by confiscating property from the government’s political opponents without a legal basis. Urbina has also seized property from thousands of nongovernmental organizations under laws explicitly designed to suppress freedom of association.",2023,,December 2023,NICARAGUA,,https://www.state.gov/reports/section-353-corrupt-and-undemocratic-actors-report-2023/
Person,William Irving Howard Lopez,,,Section 353(b) of the United States - Northern Triangle Enhanced Engagement Act,United States Department of State,"a judge, undermined democratic processes or institutions when he convicted and sentenced a prodemocracy leader on vague, false charges of “undermining national integrity” in the sham trial of opposition activist Nidia Barbosa.",2022,,December 2023,NICARAGUA,,https://www.state.gov/reports/section-353-corrupt-and-undemocratic-actors-report-2022/
Company,Xi’an Jiatong University,,debarment,Section 1286 of the John S. McCain National Defense Authorization Act for Fiscal Year 2019 (Public Law 115 - 232),United States Congress,,2024,,,,,https://basicresearch.defense.gov/Portals/61/Documents/Academic%20Research%20Security%20Page/FY24%20Section%201286%20List%20for%20public%20release_V2.pdf?ver=KqtK4tL1wLDoUwe2yxWHSw%3D%3D
Company,Xi’an Jiatong University,Xi’an Jiaotong University,debarment,Section 1286 of the John S. McCain National Defense Authorization Act for Fiscal Year 2019 (Public Law 115 - 232),United States Congress,,2025,,,China,,https://www.cto.mil/wp-content/uploads/2026/07/FY25-Section-1286-List.pdf
Company,Xi’an Technological University,,debarment,Section 1286 of the John S. McCain National Defense Authorization Act for Fiscal Year 2019 (Public Law 115 - 232),United States Congress,,2024,,,,,https://basicresearch.defense.gov/Portals/61/Documents/Academic%20Research%20Security%20Page/FY24%20Section%201286%20List%20for%20public%20release_V2.pdf?ver=KqtK4tL1wLDoUwe2yxWHSw%3D%3D
Company,Xi’an Technological University,Xi’an University of Technology,debarment,Section 1286 of the John S. McCain National Defense Authorization Act for Fiscal Year 2019 (Public Law 115 - 232),United States Congress,,2025,,,China,,https://www.cto.mil/wp-content/uploads/2026/07/FY25-Section-1286-List.pdf
Company,Xidian University,Xi’an Electronic Science and Technology University,debarment,Section 1286 of the John S. McCain National Defense Authorization Act for Fiscal Year 2019 (Public Law 115 - 232),United States Congress,,2025,,,China,,https://www.cto.mil/wp-content/uploads/2026/07/FY25-Section-1286-List.pdf
Company,Yangtze Memory Technologies Corp,YMTC,debarment,Section 5949 of the James M. Inhofe National Defense Authorization Act for Fiscal Year 2023 (Public Law 117-263),United States Congress,,,,,,,https://www.congress.gov/117/bills/hr7776/BILLS-117hr7776enr.pdf
Person,Yani Benjamin Rosenthal Hidalgo,,,Section 353(b) of the United States - Northern Triangle Enhanced Engagement Act,United States Department of State,"the current president of the Liberal Party in Honduras, undermined democratic processes or institutions by manipulating the outcome of the Supreme Court of Justice election in 2023 for his personal and political gain. Rosenthal also used his influence with government officials to escape accountability for apparent violations of Honduran law by his family-owned cable company.",2023,,December 2023,HONDURAS,,https://www.state.gov/reports/section-353-corrupt-and-undemocratic-actors-report-2023/
Person,Yubelca del Carmen Perez Alvarado,,,Section 353(b) of the United States - Northern Triangle Enhanced Engagement Act,United States Department of State,"a prosecutor in the Public Prosecutor’s Office headquarters in Managua, undermined democratic processes or institutions by bringing spurious charges in order to jail regime opponents in the leadup to national elections.",2022,,December 2023,NICARAGUA,,https://www.state.gov/reports/section-353-corrupt-and-undemocratic-actors-report-2022/
Company,ZTE Corporation,,debarment,Section 889 of the John S. McCain National Defense Authorization Act for Fiscal Year 2019 (Public Law 115 - 232),United States Congress,,,,,,,https://www.congress.gov/115/plaws/publ232/PLAW-115publ232.pdf
Company,1061st Material-Technical Support Center,MTSC,sanction,Nonproliferation Sanctions (ISN) - State Department,State Department,,2026-08-04,2026-07-24,,Russia,"and any successor, sub-unit, or subsidiary thereof;",https://www.federalregister.gov/documents/2026/08/04/2026-15759/imposition-of-nonproliferation-measures-against-foreign-persons-including-a-ban-on-us-government
Person,Abdullah Hammam bin Mustafar,,sanction,Nonproliferation Sanctions (ISN) - State Department,State Department,,2026-08-04,2026-07-24,,Malaysia,,https://www.federalregister.gov/documents/2026/08/04/2026-15759/imposition-of-nonproliferation-measures-against-foreign-persons-including-a-ban-on-us-government
Person,Aleksandr Ivanovich Prikhodko,,sanction,Nonproliferation Sanctions (ISN) - State Department,State Department,,2026-08-04,2026-07-24,,Russian,,https://www.federalregister.gov/documents/2026/08/04/2026-15759/imposition-of-nonproliferation-measures-against-foreign-persons-including-a-ban-on-us-government
Person,Andrei Gusev,,sanction,Nonproliferation Sanctions (ISN) - State Department,State Department,,2026-08-04,2026-07-24,,Russian,,https://www.federalregister.gov/documents/2026/08/04/2026-15759/imposition-of-nonproliferation-measures-against-foreign-persons-including-a-ban-on-us-government
Person,Andrey Vladimirovich Kosolapov,,sanction,Nonproliferation Sanctions (ISN) - State Department,State Department,,2026-08-04,2026-07-24,,Russian,,https://www.federalregister.gov/documents/2026/08/04/2026-15759/imposition-of-nonproliferation-measures-against-foreign-persons-including-a-ban-on-us-government
Person,Ellengo Lori,,sanction,Nonproliferation Sanctions (ISN) - State Department,State Department,,2026-08-04,2026-07-24,,Malaysia,,https://www.federalregister.gov/documents/2026/08/04/2026-15759/imposition-of-nonproliferation-measures-against-foreign-persons-including-a-ban-on-us-government
Company,Gedion Alpha Company LLC,,sanction,Nonproliferation Sanctions (ISN) - State Department,State Department,,2026-08-04,2026-07-24,,Russia,"and any successor, sub-unit, or subsidiary thereof;",https://www.federalregister.gov/documents/2026/08/04/2026-15759/imposition-of-nonproliferation-measures-against-foreign-persons-including-a-ban-on-us-government
Person,Huang Chin Hsin,Huang Jinxing,sanction,Nonproliferation Sanctions (ISN) - State Department,State Department,,2026-08-04,2026-07-24,,Taiwan,,https://www.federalregister.gov/documents/2026/08/04/2026-15759/imposition-of-nonproliferation-measures-against-foreign-persons-including-a-ban-on-us-government
Company,International Invest Company,IIC,sanction,Nonproliferation Sanctions (ISN) - State Department,State Department,,2026-08-04,2026-07-24,,Russia,"and any successor, sub-unit, or subsidiary thereof;",https://www.federalregister.gov/documents/2026/08/04/2026-15759/imposition-of-nonproliferation-measures-against-foreign-persons-including-a-ban-on-us-government
Company,Kala Gozar Pars Shipping and Logistics Company,,sanction,Nonproliferation Sanctions (ISN) - State Department,State Department,,2026-08-04,2026-07-24,,Iran,"and any successor, sub-unit, or subsidiary thereof;",https://www.federalregister.gov/documents/2026/08/04/2026-15759/imposition-of-nonproliferation-measures-against-foreign-persons-including-a-ban-on-us-government
Person,Kang T'ae-so'ng,Kang Thae Song,sanction,Nonproliferation Sanctions (ISN) - State Department,State Department,,2026-08-04,2026-07-24,,DPRK,,https://www.federalregister.gov/documents/2026/08/04/2026-15759/imposition-of-nonproliferation-measures-against-foreign-persons-including-a-ban-on-us-government
Person,Mehdi Ghasemi,,sanction,Nonproliferation Sanctions (ISN) - State Department,State Department,,2026-08-04,2026-07-24,,Malaysia,,https://www.federalregister.gov/documents/2026/08/04/2026-15759/imposition-of-nonproliferation-measures-against-foreign-persons-including-a-ban-on-us-government
Person,Mohammad Ejen,,sanction,Nonproliferation Sanctions (ISN) - State Department,State Department,,2026-08-04,2026-07-24,,Malaysia,,https://www.federalregister.gov/documents/2026/08/04/2026-15759/imposition-of-nonproliferation-measures-against-foreign-persons-including-a-ban-on-us-government
Person,Morozik Vladislav Antonovich,,sanction,Nonproliferation Sanctions (ISN) - State Department,State Department,,2026-08-04,2026-07-24,,Russian,,https://www.federalregister.gov/documents/2026/08/04/2026-15759/imposition-of-nonproliferation-measures-against-foreign-persons-including-a-ban-on-us-government
Company,NS Global Logistics,,sanction,Nonproliferation Sanctions (ISN) - State Department,State Department,,2026-08-04,2026-07-24,,Malaysia,"and any successor, sub-unit, or subsidiary thereof;",https://www.federalregister.gov/documents/2026/08/04/2026-15759/imposition-of-nonproliferation-measures-against-foreign-persons-including-a-ban-on-us-government
Person,Rabi' Madkhanah,,sanction,Nonproliferation Sanctions (ISN) - State Department,State Department,,2026-08-04,2026-07-24,,Syrian,,https://www.federalregister.gov/documents/2026/08/04/2026-15759/imposition-of-nonproliferation-measures-against-foreign-persons-including-a-ban-on-us-government
Person,Ruhollah Katebi,,sanction,Nonproliferation Sanctions (ISN) - State Department,State Department,,2026-08-04,2026-07-24,,Iranian,,https://www.federalregister.gov/documents/2026/08/04/2026-15759/imposition-of-nonproliferation-measures-against-foreign-persons-including-a-ban-on-us-government
Company,Russian Ground Forces ,RGF,sanction,Nonproliferation Sanctions (ISN) - State Department,State Department,,2026-08-04,2026-07-24,,Russia,"and any successor, sub-unit, or subsidiary thereof;",https://www.federalregister.gov/documents/2026/08/04/2026-15759/imposition-of-nonproliferation-measures-against-foreign-persons-including-a-ban-on-us-government
Company,Russian Main Missile and Artillery Directorate,,sanction,Nonproliferation Sanctions (ISN) - State Department,State Department,,2026-08-04,2026-07-24,,Russia,"and any successor, sub-unit, or subsidiary thereof;",https://www.federalregister.gov/documents/2026/08/04/2026-15759/imposition-of-nonproliferation-measures-against-foreign-persons-including-a-ban-on-us-government
Company,Russian Ministry of Defense Directorate for Advanced Inter-Service Research and Special Projects,UPMLiSP,sanction,Nonproliferation Sanctions (ISN) - State Department,State Department,,2026-08-04,2026-07-24,,Russia,"and any successor, sub-unit, or subsidiary thereof;",https://www.federalregister.gov/documents/2026/08/04/2026-15759/imposition-of-nonproliferation-measures-against-foreign-persons-including-a-ban-on-us-government
Person,Sergey Nikolayevich Tsibarev,,sanction,Nonproliferation Sanctions (ISN) - State Department,State Department,,2026-08-04,2026-07-24,,Russia,,https://www.federalregister.gov/documents/2026/08/04/2026-15759/imposition-of-nonproliferation-measures-against-foreign-persons-including-a-ban-on-us-government
Company,Yixing Ruibang High Performance Carbon Fiber Products Co. Ltd,Yixing Ruibang,sanction,Nonproliferation Sanctions (ISN) - State Department,State Department,,2026-08-04,2026-07-24,,China,"and any successor, sub-unit, or subsidiary thereof;",https://www.federalregister.gov/documents/2026/08/04/2026-15759/imposition-of-nonproliferation-measures-against-foreign-persons-including-a-ban-on-us-government
