Name,Clean Name,Alias,Previous Name,Parent Name,Note,Start date,End date,Source Url
360 Security Technology Inc. (Qihoo 360)*,360 Security Technology Inc.,Qihoo 360,,,,2022-10-05,,
Advanced Micro-Fabrication Equipment Inc. China (AMEC),Advanced Micro-Fabrication Equipment Inc. China,AMEC,,,,2024-01-31,,
"Aerospace CH UAV Co., Ltd (S-SEA)*","Aerospace CH UAV Co., Ltd",S-SEA,,,,2021-06-03,,
Aviation Industry Corporation of China Ltd. (AVIC)*,Aviation Industry Corporation of China Ltd.,AVIC,,,,2021-06-03,,
AVIC Aviation High-Technology Company Limited (AVIC Aviation Hi-Tech)*,AVIC Aviation High-Technology Company Limited,AVIC Aviation Hi-Tech,,Aviation Industry Corporation of China Ltd.,,2021-06-03,,
AVIC Heavy Machinery Company Limited (AVIC Heavy Machinery)*,AVIC Heavy Machinery Company Limited,AVIC Heavy Machinery,,Aviation Industry Corporation of China Ltd.,,2021-06-03,,
"AVIC Jonhon Optronic Technology Co., Ltd. (AVIC Jonhon)*","AVIC Jonhon Optronic Technology Co., Ltd.",AVIC Jonhon,,Aviation Industry Corporation of China Ltd.,,2021-06-03,,
AVIC Shenyang Aircraft Company Limited (AVIC Shenyang)*,AVIC Shenyang Aircraft Company Limited,AVIC Shenyang,,Aviation Industry Corporation of China Ltd.,,2021-06-03,,
AVIC Xi’an Aircraft Industry Group Company Ltd. (AVIC Xi’an)*,AVIC Xi’an Aircraft Industry Group Company Ltd.,AVIC Xi’an,,Aviation Industry Corporation of China Ltd.,,2021-06-03,,
"Jiangxi Hongdu Aviation Industry Co., Ltd. (Hongdu Aviation)*","Jiangxi Hongdu Aviation Industry Co., Ltd.",Hongdu Aviation,,Aviation Industry Corporation of China Ltd.,,2021-06-03,,
Zhonghang Electronic Measuring Instruments Company Limited (ZEMIC)*,Zhonghang Electronic Measuring Instruments Company Limited,ZEMIC,,Aviation Industry Corporation of China Ltd.,,2021-06-03,,
"Beijing Megvii Technology Co., Ltd. (Megvii)","Beijing Megvii Technology Co., Ltd.",Megvii,,,,2024-01-31,2025-01-07,
"Beijing Zhidao Chuangyu Information Technology Co., Ltd. (Knownsec)*","Beijing Zhidao Chuangyu Information Technology Co., Ltd.","Knownsec,Beijing Kownsec",,,,2022-10-05,,
"BGI Genomics Co., Ltd. (BGI)*","BGI Genomics Co., Ltd.",BGI,,BGI Group,,2022-10-05,,
"Chengdu JOUAV Automation Tech Co., Ltd. (JOUAV)","Chengdu JOUAV Automation Tech Co., Ltd.",JOUAV,,,,2024-01-31,,
"Chengdu M&S Electronics Technology Co., Ltd. (M&S Electronics)","Chengdu M&S Electronics Technology Co., Ltd.",M&S Electronics,,,,2024-01-31,,
China Aerospace Science and Industry Corporation Limited (CASIC)*,China Aerospace Science and Industry Corporation Limited,CASIC,,,,2021-06-03,,
Aerosun Corporation (Aerosun)*,Aerosun Corporation,Aerosun,,China Aerospace Science and Industry Corporation Limited,,2021-06-03,,
China Communications Construction Group (Limited) (CCCG)*,China Communications Construction Group Limited,CCCG,,,,2021-06-03,,
China Communications Construction Company Limited (CCCC)*,China Communications Construction Company Limited,CCCC,,China Communications Construction Group Limited,,2021-06-03,,
"China Construction Technology Co., Ltd. (CCTC)","China Construction Technology Co., Ltd.",CCTC,,,,2024-01-31,,
China Electronics Corporation (CEC)*,China Electronics Corporation,CEC,,,,2021-06-03,,
China Electronics Technology Group Corporation (CETC)*,China Electronics Technology Group Corporation,CETC,,,,2021-06-03,,
"Hangzhou Hikvision Digital Technology Co., Ltd. (Hikvision)*","Hangzhou Hikvision Digital Technology Co., Ltd.",Hikvision,,China Electronics Technology Group Corporation,,2021-06-03,,
China General Nuclear Power Corporation (CGN)*,China General Nuclear Power Corporation,CGN,,,,2021-06-03,,
"China Mobile Communications Group Co., Ltd. (China Mobile Comm)*","China Mobile Communications Group Co., Ltd.",China Mobile Comm,,,,2021-06-03,,
China Mobile Limited (China Mobile)*,China Mobile Limited,China Mobile,,"China Mobile Communications Group Co., Ltd.",,2021-06-03,,
China National Chemical Corporation Ltd. (ChemChina)*,China National Chemical Corporation Ltd.,ChemChina,,,,2022-10-05,,
China National Chemical Engineering Group Corporation (CNCEC),China National Chemical Engineering Group Corporation,CNCEC,,,,2022-10-05,,
China National Nuclear Corporation (CNNC)*,China National Nuclear Corporation,CNNC,,,,2021-06-03,,
China National Offshore Oil Corporation (CNOOC)*,China National Offshore Oil Corporation,CNOOC,,,,2021-06-03,,
CNOOC Limited*,CNOOC Limited,,,China National Offshore Oil Corporation,,2021-06-03,,
China North Industries Group Corporation Limited (Norinco Group)*,China North Industries Group Corporation Limited,Norinco Group,,,,2021-06-03,,
"Inner Mongolia First Machinery Group Co., Ltd. (Inner Mongolia)*","Inner Mongolia First Machinery Group Co., Ltd.",Inner Monoglia,,China North Industries Group Corporation Limited,,2021-06-03,,
China Railway Construction Corporation Limited (CRCC)*,China Railway Construction Corporation Limited,CRCC,,,,2021-06-03,2025-01-07,
China South Industries Group Corporation (CSGC)*,China South Industries Group Corporation,CSGC,,,,2021-06-03,,
"Costar Group Co., Ltd. (Costar)*","Costar Group Co., Ltd.",Costar,,China South Industries Group Corporation,,2021-06-03,,
China SpaceSat Co.,China SpaceSat Co.,,,,,2021-06-03,,
China State Construction Engineering Corporation Limited (CSCEC),China State Construction Engineering Corporation Limited,CSCEC,,,,2024-01-31,,
China State Construction Group Co.*,China State Construction Group Co.,,,China State Construction Engineering Corporation Limited,,2022-10-05,2025-01-07,
China State Shipbuilding Corporation Limited (CSSC)*,China State Shipbuilding Corporation Limited,CSSC,,,,2021-06-03,,
China Marine Information Electronics Company Limited (China Marine Info Elec)*,China Marine Information Electronics Company Limited,China Marine Info Elec,,China State Shipbuilding Corporation Limited,,2021-06-03,2025-01-07,
"China Telecom Group Co., Ltd.","China Telecom Group Co., Ltd.",China Telecom,,,,2024-01-31,,
China Telecom Corporation Limited*,China Telecom Corporation Limited,,,"China Telecom Group Co., Ltd.",,2021-06-03,,
China Telecommunications Corporation*,China Telecommunications Corporation,,,"China Telecom Group Co., Ltd.",,2021-06-03,2025-01-07,
China Three Gorges Corporation (CTG),China Three Gorges Corporation,CTG,,,,2024-01-31,,
"China United Network Communications Group Co., Ltd. (China Unicom)","China United Network Communications Group Co., Ltd.",China Unicom,,,,2021-06-03,,
China Unicom (Hong Kong) Limited (China Unicom HK)*,China Unicom (Hong Kong) Limited,China Unicom HK,,"China United Network Communications Group Co., Ltd.",,2021-06-03,,
"CloudWalk Technology Co., Ltd (CloudWalk)*","CloudWalk Technology Co., Ltd",CloudWalk,,,,2022-10-05,,
CRRC Corporation Limited (CRRC)*,CRRC Corporation Limited,CRRC,,,,2022-10-05,,
"Dawning Information Industry Co., Ltd. (Sugon)*","Dawning Information Industry Co., Ltd.",Sugon,,,,2022-10-05,,
Global Tone Communication Technology Co Ltd. (GTCOM)*,Global Tone Communication Technology Co Ltd.,GTCOM,,,,2022-10-05,,
"Guizhou Aviation Technical Development Co., Ltd. (Guizhou Aviation Tech)","Guizhou Aviation Technical Development Co., Ltd.",Guizhou Aviation Tech,,,,2024-01-31,,
"Hesai Technology Co., Ltd. (Hesai)","Hesai Technology Co., Ltd.",Hesai,,,"Hesai Technology Co., Ltd. was previously identified as and remains a Chinese military company operating in the United States in accordance with Section 1260H of the William M. (“Mac”) Thornberry National Defense Authorization Act for Fiscal Year 2021 (Pub. L. 116-283) as reported in 89 FR 86230 (October 29, 2024).",2024-01-31,,
"Huawei Investment & Holding Co., Ltd. (Huawei Holding)*","Huawei Investment & Holding Co., Ltd.",Huawei Holding,,,,2021-06-03,,
"Huawei Technologies Co., Ltd. (Huawei)*","Huawei Technologies Co., Ltd.",Huawei,,"Huawei Investment & Holding Co., Ltd.",,2021-06-03,,
"IDG Capital Partners Co., Ltd. (IDG Capital)","IDG Capital Partners Co., Ltd.",IDG Capital,,,,2024-01-31,,
"Inspur Group Co., Ltd. (Inspur)*","Inspur Group Co., Ltd.",Inspur,,,,2021-06-03,,
"NetPosa Technologies, Ltd. (NetPosa)","NetPosa Technologies, Ltd.",NetPosa,,,,2024-01-31,,
Semiconductor Manufacturing International Corporation (SMIC)*,Semiconductor Manufacturing International Corporation,SMIC,,,,2021-06-03,,
Semiconductor Manufacturing International (Beijing) Corporation (SMIC Beijing)*,Semiconductor Manufacturing International (Beijing) Corporation,SMIC Beijing,,Semiconductor Manufacturing International Corporation,,2021-06-03,,
Semiconductor Manufacturing International (Shenzhen) Corporation (SMIC Shenzhen)*,Semiconductor Manufacturing International (Shenzhen) Corporation,SMIC Shenzhen,,Semiconductor Manufacturing International Corporation,,2021-06-03,,
Semiconductor Manufacturing International (Tianjin) Corporation (SMIC Tianjin)*,Semiconductor Manufacturing International (Tianjin) Corporation,SMIC Tianjin,,Semiconductor Manufacturing International Corporation,,2021-06-03,,
Semiconductor Manufacturing South China Corporation (SMIC South China)*,Semiconductor Manufacturing South China Corporation,SMIC South China,,Semiconductor Manufacturing International Corporation,,2021-06-03,,
SMIC Holdings Limited (SMIC Holdings)*,SMIC Holdings Limited,SMIC Holdings,,Semiconductor Manufacturing International Corporation,,2021-06-03,,
"SMIC Northern Integrated Circuit Manufacturing (Beijing) Co., Ltd (SMIC NICM)*","SMIC Northern Integrated Circuit Manufacturing (Beijing) Co., Ltd",SMIC NICM,,Semiconductor Manufacturing International Corporation,,2021-06-03,,
"SMIC Semiconductor Manufacturing (Shanghai) Co., Ltd (SMIC Shanghai)*","SMIC Semiconductor Manufacturing (Shanghai) Co., Ltd",SMIC Shanghai,,Semiconductor Manufacturing International Corporation,,2021-06-03,,
"Shanghai Yitu Network Technology Co., Ltd. (Yitu)","Shanghai Yitu Network Technology Co., Ltd.",Yitu,,,,2024-01-31,,
"ShenZhen Consys Science & Technology Co., Ltd. (Consys)","ShenZhen Consys Science & Technology Co., Ltd.",Consys,,,,2024-01-31,2025-01-07,
"Shenzhen DJI Innovation Technology Co., Ltd. (DJI)","Shenzhen DJI Innovation Technology Co., Ltd.",DJI,,,,2022-10-05,,
"Wuhan Geosun Navigation Technology Co., Ltd. (Geosun)","Wuhan Geosun Navigation Technology Co., Ltd.",Geosun,,,,2024-01-31,,
"Yangtze Memory Technologies Co., Ltd. (YMTC)","Yangtze Memory Technologies Co., Ltd.",YMTC,,,,2024-01-31,,
"Zhejiang Dahua Technology Co., Ltd. (Dahua)*","Zhejiang Dahua Technology Co., Ltd.",Dahua,,,,2022-10-05,,
China International Engineering Consulting Corporation (CIECC),China International Engineering Consulting Corporation,CIECC,,,No apparent U.S. nexus,2022-10-05,2024-01-31,
SMIC Hong Kong International Company Limited (SMIC HK),SMIC Hong Kong International Company Limited,SMIC HK,,,No longer owned by SMIC,2021-06-03,2024-01-31,
"Fujian Torch Electron Technology Co., Ltd. (Torch Electron)","Fujian Torch Electron Technology Co., Ltd.",Torch Electron,,,No apparent U.S. nexus,2021-06-03,2024-01-31,
360 Security Technology Inc. (Qihoo 360).,360 Security Technology Inc.,Qihoo 360,,,,2025-01-07,,https://media.defense.gov/2025/Jan/07/2003625471/-1/-1/1/ENTITIES-IDENTIFIED-AS-CHINESE-MILITARY-COMPANIES-OPERATING-IN-THE-UNITED-STATES.PDF
"Addsino Co., Ltd.",Addsino Co. Ltd.,,,China Aerospace Science and Industry Corporation Limited (CASIC),,2025-01-07,,https://media.defense.gov/2025/Jan/07/2003625471/-1/-1/1/ENTITIES-IDENTIFIED-AS-CHINESE-MILITARY-COMPANIES-OPERATING-IN-THE-UNITED-STATES.PDF
"Aerospace CH UAV Co., Ltd (CH UAV)","Aerospace CH UAV Co., Ltd (CH UAV)",,,,,2025-01-07,,https://media.defense.gov/2025/Jan/07/2003625471/-1/-1/1/ENTITIES-IDENTIFIED-AS-CHINESE-MILITARY-COMPANIES-OPERATING-IN-THE-UNITED-STATES.PDF
"Aerospace Precision Products Co., Ltd.","Aerospace Precision Products Co., Ltd.",,,China Aerospace Science and Industry Corporation Limited (CASIC),,2025-01-07,,https://media.defense.gov/2025/Jan/07/2003625471/-1/-1/1/ENTITIES-IDENTIFIED-AS-CHINESE-MILITARY-COMPANIES-OPERATING-IN-THE-UNITED-STATES.PDF
Aerosun Corporation (Aerosun),Aerosun Corporation,Aerosun,,China Aerospace Science and Industry Corporation Limited (CASIC),,2025-01-07,,https://media.defense.gov/2025/Jan/07/2003625471/-1/-1/1/ENTITIES-IDENTIFIED-AS-CHINESE-MILITARY-COMPANIES-OPERATING-IN-THE-UNITED-STATES.PDF
Aisino Corporation,Aisino Corporation,,,China Aerospace Science and Industry Corporation Limited (CASIC),,2025-01-07,,https://media.defense.gov/2025/Jan/07/2003625471/-1/-1/1/ENTITIES-IDENTIFIED-AS-CHINESE-MILITARY-COMPANIES-OPERATING-IN-THE-UNITED-STATES.PDF
"Anhui Sun Create Electronics Co., Ltd.","Anhui Sun Create Electronics Co., Ltd.",,,China Electronics Technology Group Corporation,,2025-01-07,2026-02-17,https://media.defense.gov/2025/Jan/07/2003625471/-1/-1/1/ENTITIES-IDENTIFIED-AS-CHINESE-MILITARY-COMPANIES-OPERATING-IN-THE-UNITED-STATES.PDF
"Autel Robotics Co., Ltd.","Autel Robotics Co., Ltd.",,,,,2025-01-07,,https://media.defense.gov/2025/Jan/07/2003625471/-1/-1/1/ENTITIES-IDENTIFIED-AS-CHINESE-MILITARY-COMPANIES-OPERATING-IN-THE-UNITED-STATES.PDF
Aviation Industry Corporation of China Ltd. (AVIC),Aviation Industry Corporation of China Ltd.,AVIC,,,,2025-01-07,,https://media.defense.gov/2025/Jan/07/2003625471/-1/-1/1/ENTITIES-IDENTIFIED-AS-CHINESE-MILITARY-COMPANIES-OPERATING-IN-THE-UNITED-STATES.PDF
"AVIC Aerospace Systems Co., Ltd.","AVIC Aerospace Systems Co., Ltd.",,,Aviation Industry Corporation of China Ltd,,2025-01-07,,https://media.defense.gov/2025/Jan/07/2003625471/-1/-1/1/ENTITIES-IDENTIFIED-AS-CHINESE-MILITARY-COMPANIES-OPERATING-IN-THE-UNITED-STATES.PDF
"AVIC Airborne Systems Co., Ltd. (formerly China Avionics Systems Co., Ltd.)","AVIC Airborne Systems Co., Ltd.","China Avionics Systems Co., Ltd.",,Aviation Industry Corporation of China Ltd,,2025-01-07,,https://media.defense.gov/2025/Jan/07/2003625471/-1/-1/1/ENTITIES-IDENTIFIED-AS-CHINESE-MILITARY-COMPANIES-OPERATING-IN-THE-UNITED-STATES.PDF
AVIC Asset Management Corporation Ltd.,AVIC Asset Management Corporation Ltd.,,,Aviation Industry Corporation of China Ltd,,2025-01-07,,https://media.defense.gov/2025/Jan/07/2003625471/-1/-1/1/ENTITIES-IDENTIFIED-AS-CHINESE-MILITARY-COMPANIES-OPERATING-IN-THE-UNITED-STATES.PDF
AVIC Aviation High-Technology Company Limited (AVIC Aviation Hi-Tech),AVIC Aviation High-Technology Company Limited,AVIC Aviation Hi-Tech,,,,2025-01-07,,https://media.defense.gov/2025/Jan/07/2003625471/-1/-1/1/ENTITIES-IDENTIFIED-AS-CHINESE-MILITARY-COMPANIES-OPERATING-IN-THE-UNITED-STATES.PDF
AVIC Electromechanical Systems Co. Ltd.,AVIC Electromechanical Systems Co. Ltd.,,,Aviation Industry Corporation of China Ltd,,2025-01-07,,https://media.defense.gov/2025/Jan/07/2003625471/-1/-1/1/ENTITIES-IDENTIFIED-AS-CHINESE-MILITARY-COMPANIES-OPERATING-IN-THE-UNITED-STATES.PDF
AVIC Heavy Machinery Company Limited (AVIC Heavy Machinery),AVIC Heavy Machinery Company Limited,AVIC Heavy Machinery,,,,2025-01-07,,https://media.defense.gov/2025/Jan/07/2003625471/-1/-1/1/ENTITIES-IDENTIFIED-AS-CHINESE-MILITARY-COMPANIES-OPERATING-IN-THE-UNITED-STATES.PDF
"AVIC JONHON Optronic Technology Co., Ltd. (AVIC Jonhon)","AVIC JONHON Optronic Technology Co., Ltd.",AVIC Jonhon,,,,2025-01-07,,https://media.defense.gov/2025/Jan/07/2003625471/-1/-1/1/ENTITIES-IDENTIFIED-AS-CHINESE-MILITARY-COMPANIES-OPERATING-IN-THE-UNITED-STATES.PDF
AVIC Shenyang Aircraft Company Limited (AVIC Shenyang),AVIC Shenyang Aircraft Company Limited,AVIC Shenyang,,,,2025-01-07,,https://media.defense.gov/2025/Jan/07/2003625471/-1/-1/1/ENTITIES-IDENTIFIED-AS-CHINESE-MILITARY-COMPANIES-OPERATING-IN-THE-UNITED-STATES.PDF
AVIC Xi'an Aircraft Industry Group Company Ltd. (AVIC Xi'an),AVIC Xi'an Aircraft Industry Group Company Ltd.,AVIC Xi'an,,Aviation Industry Corporation of China Ltd,,2025-01-07,,https://media.defense.gov/2025/Jan/07/2003625471/-1/-1/1/ENTITIES-IDENTIFIED-AS-CHINESE-MILITARY-COMPANIES-OPERATING-IN-THE-UNITED-STATES.PDF
"Baicells Technologies Co., Ltd.","Baicells Technologies Co., Ltd.",,,,,2025-01-07,,https://media.defense.gov/2025/Jan/07/2003625471/-1/-1/1/ENTITIES-IDENTIFIED-AS-CHINESE-MILITARY-COMPANIES-OPERATING-IN-THE-UNITED-STATES.PDF
Beijing Aeronautical Science & Technology Research Institute (Beijing Research Center),Beijing Aeronautical Science & Technology Research Institute,Beijing Research Center,,Commercial Aircraft Corporation of China Limited,,2025-01-07,,https://media.defense.gov/2025/Jan/07/2003625471/-1/-1/1/ENTITIES-IDENTIFIED-AS-CHINESE-MILITARY-COMPANIES-OPERATING-IN-THE-UNITED-STATES.PDF
"Beijing Zhidao Chuangyu Information Technology Co., Ltd. (Knownsec)","Beijing Zhidao Chuangyu Information Technology Co., Ltd.",Knownsec,,,,2025-01-07,,https://media.defense.gov/2025/Jan/07/2003625471/-1/-1/1/ENTITIES-IDENTIFIED-AS-CHINESE-MILITARY-COMPANIES-OPERATING-IN-THE-UNITED-STATES.PDF
Better Way Enterprises Limited,Better Way Enterprises Limited,,,Semiconductor Manufacturing International Corporation,,2025-01-07,,https://media.defense.gov/2025/Jan/07/2003625471/-1/-1/1/ENTITIES-IDENTIFIED-AS-CHINESE-MILITARY-COMPANIES-OPERATING-IN-THE-UNITED-STATES.PDF
"BGI Genomics Co., Ltd. (BGI)","BGI Genomics Co., Ltd.",BGI,,,,2025-01-07,,https://media.defense.gov/2025/Jan/07/2003625471/-1/-1/1/ENTITIES-IDENTIFIED-AS-CHINESE-MILITARY-COMPANIES-OPERATING-IN-THE-UNITED-STATES.PDF
BGI Group,BGI Group,,,,,2025-01-07,,https://media.defense.gov/2025/Jan/07/2003625471/-1/-1/1/ENTITIES-IDENTIFIED-AS-CHINESE-MILITARY-COMPANIES-OPERATING-IN-THE-UNITED-STATES.PDF
"Changhe Aircraft Industries (Group) Co., Ltd.","Changhe Aircraft Industries (Group) Co., Ltd.",,,Aviation Industry Corporation of China Ltd.,,2025-01-07,,https://media.defense.gov/2025/Jan/07/2003625471/-1/-1/1/ENTITIES-IDENTIFIED-AS-CHINESE-MILITARY-COMPANIES-OPERATING-IN-THE-UNITED-STATES.PDF
"ChangXin Memory Technologies, Inc. (CXMT)","ChangXin Memory Technologies, Inc.",CXMT,,,,2025-01-07,2026-02-17,https://media.defense.gov/2025/Jan/07/2003625471/-1/-1/1/ENTITIES-IDENTIFIED-AS-CHINESE-MILITARY-COMPANIES-OPERATING-IN-THE-UNITED-STATES.PDF
"Cheng Du Westone Information Industry Co., Ltd.","Cheng Du Westone Information Industry Co., Ltd.",,,China Electronics Technology Group Corporation,,2025-01-07,,https://media.defense.gov/2025/Jan/07/2003625471/-1/-1/1/ENTITIES-IDENTIFIED-AS-CHINESE-MILITARY-COMPANIES-OPERATING-IN-THE-UNITED-STATES.PDF
"Chengdu Dahua Wisdom Information Technology Co., Ltd.","Chengdu Dahua Wisdom Information Technology Co., Ltd.",,,"Zhejiang Dahua Technology Co., Ltd",,2025-01-07,,https://media.defense.gov/2025/Jan/07/2003625471/-1/-1/1/ENTITIES-IDENTIFIED-AS-CHINESE-MILITARY-COMPANIES-OPERATING-IN-THE-UNITED-STATES.PDF
"Chengdu JOUAV Automation Tech Co., Ltd. (JOUAV)","Chengdu JOUAV Automation Tech Co., Ltd.",JOUAV,,,,2025-01-07,,https://media.defense.gov/2025/Jan/07/2003625471/-1/-1/1/ENTITIES-IDENTIFIED-AS-CHINESE-MILITARY-COMPANIES-OPERATING-IN-THE-UNITED-STATES.PDF
"Chengdu M&S Electronics Technology Co., Ltd. (M&S Electronics)","Chengdu M&S Electronics Technology Co., Ltd.",M&S Electronics,,,,2025-01-07,,https://media.defense.gov/2025/Jan/07/2003625471/-1/-1/1/ENTITIES-IDENTIFIED-AS-CHINESE-MILITARY-COMPANIES-OPERATING-IN-THE-UNITED-STATES.PDF
"China Aerospace Automotive Co., Ltd.","China Aerospace Automotive Co., Ltd.",,,China Aerospace Science and Industry Corporation Limited (CASIC),,2025-01-07,,https://media.defense.gov/2025/Jan/07/2003625471/-1/-1/1/ENTITIES-IDENTIFIED-AS-CHINESE-MILITARY-COMPANIES-OPERATING-IN-THE-UNITED-STATES.PDF
China Aerospace Science and Industry Corporation Limited (CASIC),China Aerospace Science and Industry Corporation Limited,CASIC,,,,2025-01-07,,https://media.defense.gov/2025/Jan/07/2003625471/-1/-1/1/ENTITIES-IDENTIFIED-AS-CHINESE-MILITARY-COMPANIES-OPERATING-IN-THE-UNITED-STATES.PDF
China Airport Construction Group Corporation,China Airport Construction Group Corporation,,,China Communications Construction Group Limited,,2025-01-07,,https://media.defense.gov/2025/Jan/07/2003625471/-1/-1/1/ENTITIES-IDENTIFIED-AS-CHINESE-MILITARY-COMPANIES-OPERATING-IN-THE-UNITED-STATES.PDF
"China Cargo Airlines Co., Ltd.","China Cargo Airlines Co., Ltd.",,,,,2025-01-07,,https://media.defense.gov/2025/Jan/07/2003625471/-1/-1/1/ENTITIES-IDENTIFIED-AS-CHINESE-MILITARY-COMPANIES-OPERATING-IN-THE-UNITED-STATES.PDF
China Communications Construction Company Limited (CCCC),China Communications Construction Company Limited,CCCC,,China Communications Construction Group Limited,,2025-01-07,,https://media.defense.gov/2025/Jan/07/2003625471/-1/-1/1/ENTITIES-IDENTIFIED-AS-CHINESE-MILITARY-COMPANIES-OPERATING-IN-THE-UNITED-STATES.PDF
China Communications Construction Group (Limited) (CCCG),China Communications Construction Group (Limited),CCCG,,,,2025-01-07,,https://media.defense.gov/2025/Jan/07/2003625471/-1/-1/1/ENTITIES-IDENTIFIED-AS-CHINESE-MILITARY-COMPANIES-OPERATING-IN-THE-UNITED-STATES.PDF
"China Communications Constructions USA, Inc.","China Communications Constructions USA, Inc.",,,China Communications Construction Group Limited,,2025-01-07,,https://media.defense.gov/2025/Jan/07/2003625471/-1/-1/1/ENTITIES-IDENTIFIED-AS-CHINESE-MILITARY-COMPANIES-OPERATING-IN-THE-UNITED-STATES.PDF
"China Construction America, Inc.","China Construction America, Inc.",,,China State Construction Engineering Corporation Limited,,2025-01-07,,https://media.defense.gov/2025/Jan/07/2003625471/-1/-1/1/ENTITIES-IDENTIFIED-AS-CHINESE-MILITARY-COMPANIES-OPERATING-IN-THE-UNITED-STATES.PDF
"China Construction Technology Co., Ltd. (CCTC)","China Construction Technology Co., Ltd.",CCTC,,,,2025-01-07,,https://media.defense.gov/2025/Jan/07/2003625471/-1/-1/1/ENTITIES-IDENTIFIED-AS-CHINESE-MILITARY-COMPANIES-OPERATING-IN-THE-UNITED-STATES.PDF
China COSCO SHIPPING Corporation Limited (COSCO SHIPPING),China COSCO SHIPPING Corporation Limited,COSCO SHIPPING,,,,2025-01-07,,https://media.defense.gov/2025/Jan/07/2003625471/-1/-1/1/ENTITIES-IDENTIFIED-AS-CHINESE-MILITARY-COMPANIES-OPERATING-IN-THE-UNITED-STATES.PDF
China Electronics Corporation (CEC),China Electronics Corporation,CEC,,,,2025-01-07,,https://media.defense.gov/2025/Jan/07/2003625471/-1/-1/1/ENTITIES-IDENTIFIED-AS-CHINESE-MILITARY-COMPANIES-OPERATING-IN-THE-UNITED-STATES.PDF
China Electronics Technology Group Corporation (CETC),China Electronics Technology Group Corporation,CETC,,,,2025-01-07,,https://media.defense.gov/2025/Jan/07/2003625471/-1/-1/1/ENTITIES-IDENTIFIED-AS-CHINESE-MILITARY-COMPANIES-OPERATING-IN-THE-UNITED-STATES.PDF
China General Nuclear Power Corporation (CGN),China General Nuclear Power Corporation,CGN,,,,2025-01-07,,https://media.defense.gov/2025/Jan/07/2003625471/-1/-1/1/ENTITIES-IDENTIFIED-AS-CHINESE-MILITARY-COMPANIES-OPERATING-IN-THE-UNITED-STATES.PDF
"China IC Capital Co., Ltd.","China IC Capital Co., Ltd.",,,Semiconductor Manufacturing International Corporation,,2025-01-07,,https://media.defense.gov/2025/Jan/07/2003625471/-1/-1/1/ENTITIES-IDENTIFIED-AS-CHINESE-MILITARY-COMPANIES-OPERATING-IN-THE-UNITED-STATES.PDF
China International Information Services Ltd.,China International Information Services Ltd.,,,China Electronics Corporation,,2025-01-07,2026-02-17,https://media.defense.gov/2025/Jan/07/2003625471/-1/-1/1/ENTITIES-IDENTIFIED-AS-CHINESE-MILITARY-COMPANIES-OPERATING-IN-THE-UNITED-STATES.PDF
"China International Marine Containers (Group) Co., Ltd. (CIMC)","China International Marine Containers (Group) Co., Ltd.",CIMC,,,,2025-01-07,,https://media.defense.gov/2025/Jan/07/2003625471/-1/-1/1/ENTITIES-IDENTIFIED-AS-CHINESE-MILITARY-COMPANIES-OPERATING-IN-THE-UNITED-STATES.PDF
"China Mobile Communications Group Co., Ltd. (China Mobile Comm)","China Mobile Communications Group Co., Ltd.",China Mobile Comm,,,,2025-01-07,,https://media.defense.gov/2025/Jan/07/2003625471/-1/-1/1/ENTITIES-IDENTIFIED-AS-CHINESE-MILITARY-COMPANIES-OPERATING-IN-THE-UNITED-STATES.PDF
China Mobile Limited (China Mobile),China Mobile Limited,China Mobile,,"China Mobile Communications Group Co., Ltd.",,2025-01-07,,https://media.defense.gov/2025/Jan/07/2003625471/-1/-1/1/ENTITIES-IDENTIFIED-AS-CHINESE-MILITARY-COMPANIES-OPERATING-IN-THE-UNITED-STATES.PDF
China National Chemical Corporation Ltd. (ChemChina),China National Chemical Corporation Ltd.,ChemChina,,,,2025-01-07,,https://media.defense.gov/2025/Jan/07/2003625471/-1/-1/1/ENTITIES-IDENTIFIED-AS-CHINESE-MILITARY-COMPANIES-OPERATING-IN-THE-UNITED-STATES.PDF
"China National Chemical Engineering Co., Ltd.","China National Chemical Engineering Co., Ltd.",,,China National Chemical Engineering Group Corporation,,2025-01-07,2026-02-17,https://media.defense.gov/2025/Jan/07/2003625471/-1/-1/1/ENTITIES-IDENTIFIED-AS-CHINESE-MILITARY-COMPANIES-OPERATING-IN-THE-UNITED-STATES.PDF
China National Chemical Engineering Group Corporation (CNCEC),China National Chemical Engineering Group Corporation,CNCEC,,,,2025-01-07,,https://media.defense.gov/2025/Jan/07/2003625471/-1/-1/1/ENTITIES-IDENTIFIED-AS-CHINESE-MILITARY-COMPANIES-OPERATING-IN-THE-UNITED-STATES.PDF
China National Nuclear Corporation (CNNC),China National Nuclear Corporation,CNNC,,,,2025-01-07,,https://media.defense.gov/2025/Jan/07/2003625471/-1/-1/1/ENTITIES-IDENTIFIED-AS-CHINESE-MILITARY-COMPANIES-OPERATING-IN-THE-UNITED-STATES.PDF
China National Offshore Oil Corporation (CNOOC),China National Offshore Oil Corporation,CNOOC,,,,2025-01-07,,https://media.defense.gov/2025/Jan/07/2003625471/-1/-1/1/ENTITIES-IDENTIFIED-AS-CHINESE-MILITARY-COMPANIES-OPERATING-IN-THE-UNITED-STATES.PDF
China North Industries Group Corporation Limited (Norinco Group),China North Industries Group Corporation Limited,Norinco Group,,,,2025-01-07,,https://media.defense.gov/2025/Jan/07/2003625471/-1/-1/1/ENTITIES-IDENTIFIED-AS-CHINESE-MILITARY-COMPANIES-OPERATING-IN-THE-UNITED-STATES.PDF
"China Shipbuilding Trading Co., Ltd. (CSTC)","China Shipbuilding Trading Co., Ltd.",CSTC,,,,2025-01-07,,https://media.defense.gov/2025/Jan/07/2003625471/-1/-1/1/ENTITIES-IDENTIFIED-AS-CHINESE-MILITARY-COMPANIES-OPERATING-IN-THE-UNITED-STATES.PDF
China South Industries Group Corporation (CSGC),China South Industries Group Corporation,CSGC,,,,2025-01-07,,https://media.defense.gov/2025/Jan/07/2003625471/-1/-1/1/ENTITIES-IDENTIFIED-AS-CHINESE-MILITARY-COMPANIES-OPERATING-IN-THE-UNITED-STATES.PDF
"China SpaceSat Co., Ltd. (China SpaceSat)","China SpaceSat Co., Ltd.",China SpaceSat,,,,2025-01-07,,https://media.defense.gov/2025/Jan/07/2003625471/-1/-1/1/ENTITIES-IDENTIFIED-AS-CHINESE-MILITARY-COMPANIES-OPERATING-IN-THE-UNITED-STATES.PDF
China State Construction Engineering Corporation Limited (CSCEC),China State Construction Engineering Corporation Limited,CSCEC,,,,2025-01-07,,https://media.defense.gov/2025/Jan/07/2003625471/-1/-1/1/ENTITIES-IDENTIFIED-AS-CHINESE-MILITARY-COMPANIES-OPERATING-IN-THE-UNITED-STATES.PDF
China State Shipbuilding Corporation Limited (CSSC),China State Shipbuilding Corporation Limited,CSSC,,,,2025-01-07,,https://media.defense.gov/2025/Jan/07/2003625471/-1/-1/1/ENTITIES-IDENTIFIED-AS-CHINESE-MILITARY-COMPANIES-OPERATING-IN-THE-UNITED-STATES.PDF
China Telecom Corporation Limited,China Telecom Corporation Limited,,,,,2025-01-07,,https://media.defense.gov/2025/Jan/07/2003625471/-1/-1/1/ENTITIES-IDENTIFIED-AS-CHINESE-MILITARY-COMPANIES-OPERATING-IN-THE-UNITED-STATES.PDF
"China Telecom Group Co., Ltd. (China Telecom)","China Telecom Group Co., Ltd.",China Telecom,,,,2025-01-07,,https://media.defense.gov/2025/Jan/07/2003625471/-1/-1/1/ENTITIES-IDENTIFIED-AS-CHINESE-MILITARY-COMPANIES-OPERATING-IN-THE-UNITED-STATES.PDF
China Three Gorges Corporation (CTG),China Three Gorges Corporation,CTG,,,,2025-01-07,,https://media.defense.gov/2025/Jan/07/2003625471/-1/-1/1/ENTITIES-IDENTIFIED-AS-CHINESE-MILITARY-COMPANIES-OPERATING-IN-THE-UNITED-STATES.PDF
"China Traffic Construction USA, Inc.","China Traffic Construction USA, Inc.",,,China Communications Construction Group Limited,,2025-01-07,2026-02-17,https://media.defense.gov/2025/Jan/07/2003625471/-1/-1/1/ENTITIES-IDENTIFIED-AS-CHINESE-MILITARY-COMPANIES-OPERATING-IN-THE-UNITED-STATES.PDF
"China Unicom (BVI) Co., Ltd.","China Unicom (BVI) Co., Ltd.",,,"China United Network Communications Group Co., Ltd.",,2025-01-07,,https://media.defense.gov/2025/Jan/07/2003625471/-1/-1/1/ENTITIES-IDENTIFIED-AS-CHINESE-MILITARY-COMPANIES-OPERATING-IN-THE-UNITED-STATES.PDF
China Unicom (Hong Kong) Limited (China Unicom HK),China Unicom (Hong Kong) Limited,China Unicom HK,,"China United Network Communications Group Co., Ltd.",,2025-01-07,,https://media.defense.gov/2025/Jan/07/2003625471/-1/-1/1/ENTITIES-IDENTIFIED-AS-CHINESE-MILITARY-COMPANIES-OPERATING-IN-THE-UNITED-STATES.PDF
"China Unicom Group (BVI) Co., Ltd.","China Unicom Group (BVI) Co., Ltd.",,,"China United Network Communications Group Co., Ltd.",,2025-01-07,,https://media.defense.gov/2025/Jan/07/2003625471/-1/-1/1/ENTITIES-IDENTIFIED-AS-CHINESE-MILITARY-COMPANIES-OPERATING-IN-THE-UNITED-STATES.PDF
"China United Network Communications Co., Ltd.","China United Network Communications Co., Ltd.",,,"China United Network Communications Group Co., Ltd.",,2025-01-07,,https://media.defense.gov/2025/Jan/07/2003625471/-1/-1/1/ENTITIES-IDENTIFIED-AS-CHINESE-MILITARY-COMPANIES-OPERATING-IN-THE-UNITED-STATES.PDF
"China United Network Communications Group Co., Ltd. (China Unicom)","China United Network Communications Group Co., Ltd.",China Unicom,,,,2025-01-07,,https://media.defense.gov/2025/Jan/07/2003625471/-1/-1/1/ENTITIES-IDENTIFIED-AS-CHINESE-MILITARY-COMPANIES-OPERATING-IN-THE-UNITED-STATES.PDF
"CloudWalk Technology Co., Ltd. (CloudWalk)","CloudWalk Technology Co., Ltd.",CloudWalk,,,,2025-01-07,,https://media.defense.gov/2025/Jan/07/2003625471/-1/-1/1/ENTITIES-IDENTIFIED-AS-CHINESE-MILITARY-COMPANIES-OPERATING-IN-THE-UNITED-STATES.PDF
CNOOC China Limited (CNOOC China Ltd.),CNOOC China Limited,CNOOC China Ltd.,,China National Offshore Oil Corporation,,2025-01-07,2026-02-17,https://media.defense.gov/2025/Jan/07/2003625471/-1/-1/1/ENTITIES-IDENTIFIED-AS-CHINESE-MILITARY-COMPANIES-OPERATING-IN-THE-UNITED-STATES.PDF
"CNOOC International Trading Co., Ltd. (CNOOC International Trading)","CNOOC International Trading Co., Ltd.",CNOOC International Trading,,China National Offshore Oil Corporation,,2025-01-07,2026-02-17,https://media.defense.gov/2025/Jan/07/2003625471/-1/-1/1/ENTITIES-IDENTIFIED-AS-CHINESE-MILITARY-COMPANIES-OPERATING-IN-THE-UNITED-STATES.PDF
COMAC America Corporation (CAC),COMAC America Corporation,CAC,,Commercial Aircraft Corporation of China Limited,,2025-01-07,,https://media.defense.gov/2025/Jan/07/2003625471/-1/-1/1/ENTITIES-IDENTIFIED-AS-CHINESE-MILITARY-COMPANIES-OPERATING-IN-THE-UNITED-STATES.PDF
Commercial Aircraft Corporation of China Limited (COMAC),Commercial Aircraft Corporation of China Limited,COMAC,,,,2025-01-07,,https://media.defense.gov/2025/Jan/07/2003625471/-1/-1/1/ENTITIES-IDENTIFIED-AS-CHINESE-MILITARY-COMPANIES-OPERATING-IN-THE-UNITED-STATES.PDF
"Contemporary Amperex Technology Co., Ltd. (CATL)","Contemporary Amperex Technology Co., Ltd.",CATL,,,,2025-01-07,,https://media.defense.gov/2025/Jan/07/2003625471/-1/-1/1/ENTITIES-IDENTIFIED-AS-CHINESE-MILITARY-COMPANIES-OPERATING-IN-THE-UNITED-STATES.PDF
COSCO SHIPPING (North America) Inc.,COSCO SHIPPING (North America) Inc.,,,China COSCO SHIPPING Corporation Limited,,2025-01-07,,https://media.defense.gov/2025/Jan/07/2003625471/-1/-1/1/ENTITIES-IDENTIFIED-AS-CHINESE-MILITARY-COMPANIES-OPERATING-IN-THE-UNITED-STATES.PDF
"COSCO SHIPPING Finance Co., Ltd.","COSCO SHIPPING Finance Co., Ltd.",,,China COSCO SHIPPING Corporation Limited,,2025-01-07,2026-02-17,https://media.defense.gov/2025/Jan/07/2003625471/-1/-1/1/ENTITIES-IDENTIFIED-AS-CHINESE-MILITARY-COMPANIES-OPERATING-IN-THE-UNITED-STATES.PDF
"Costar Group Co., Ltd. (Costar)","Costar Group Co., Ltd.",Costar,,,,2025-01-07,2026-02-17,https://media.defense.gov/2025/Jan/07/2003625471/-1/-1/1/ENTITIES-IDENTIFIED-AS-CHINESE-MILITARY-COMPANIES-OPERATING-IN-THE-UNITED-STATES.PDF
CRRC Corporation Limited (CRRC),CRRC Corporation Limited,CRRC,,,,2025-01-07,,https://media.defense.gov/2025/Jan/07/2003625471/-1/-1/1/ENTITIES-IDENTIFIED-AS-CHINESE-MILITARY-COMPANIES-OPERATING-IN-THE-UNITED-STATES.PDF
CSSC Offshore & Marine Engineering (Group) Company Limited (COMEC),CSSC Offshore & Marine Engineering (Group) Company Limited,COMEC,,,,2025-01-07,,https://media.defense.gov/2025/Jan/07/2003625471/-1/-1/1/ENTITIES-IDENTIFIED-AS-CHINESE-MILITARY-COMPANIES-OPERATING-IN-THE-UNITED-STATES.PDF
"Dawning Information Industry Co., Ltd. (Sugon)","Dawning Information Industry Co., Ltd. (Sugon)",,,,,2025-01-07,,https://media.defense.gov/2025/Jan/07/2003625471/-1/-1/1/ENTITIES-IDENTIFIED-AS-CHINESE-MILITARY-COMPANIES-OPERATING-IN-THE-UNITED-STATES.PDF
Forensic Genomics International (FGI),Forensic Genomics International,FGI,,BGI Group,,2025-01-07,,https://media.defense.gov/2025/Jan/07/2003625471/-1/-1/1/ENTITIES-IDENTIFIED-AS-CHINESE-MILITARY-COMPANIES-OPERATING-IN-THE-UNITED-STATES.PDF
"GLARUN Technology Co., Ltd.","GLARUN Technology Co., Ltd.",,,China Electronics Technology Group Corporation,,2025-01-07,2026-02-17,https://media.defense.gov/2025/Jan/07/2003625471/-1/-1/1/ENTITIES-IDENTIFIED-AS-CHINESE-MILITARY-COMPANIES-OPERATING-IN-THE-UNITED-STATES.PDF
"Global Tone Communication Technology Co., Ltd. (GTCOM)","Global Tone Communication Technology Co., Ltd.",GTCOM,,,,2025-01-07,,https://media.defense.gov/2025/Jan/07/2003625471/-1/-1/1/ENTITIES-IDENTIFIED-AS-CHINESE-MILITARY-COMPANIES-OPERATING-IN-THE-UNITED-STATES.PDF
GTCOM Technology Corporation (GTCOM-US),GTCOM Technology Corporation,GTCOM-US,,"Global Tone Communication Technology Co., Ltd",,2025-01-07,,https://media.defense.gov/2025/Jan/07/2003625471/-1/-1/1/ENTITIES-IDENTIFIED-AS-CHINESE-MILITARY-COMPANIES-OPERATING-IN-THE-UNITED-STATES.PDF
"Guangzhou GCI Science & Technology Co., Ltd.","Guangzhou GCI Science & Technology Co., Ltd.",,,China Electronics Technology Group Corporation,,2025-01-07,,https://media.defense.gov/2025/Jan/07/2003625471/-1/-1/1/ENTITIES-IDENTIFIED-AS-CHINESE-MILITARY-COMPANIES-OPERATING-IN-THE-UNITED-STATES.PDF
"Guangzhou Wenchong Shipyard Co., Ltd.","Guangzhou Wenchong Shipyard Co., Ltd.",,,CSSC Offshore & Marine Engineering (Group) Company Limited,,2025-01-07,,https://media.defense.gov/2025/Jan/07/2003625471/-1/-1/1/ENTITIES-IDENTIFIED-AS-CHINESE-MILITARY-COMPANIES-OPERATING-IN-THE-UNITED-STATES.PDF
"Guizhou Aviation Technical Development Co., Ltd. (Guizhou Aviation Tech)","Guizhou Aviation Technical Development Co., Ltd.",Guizhou Aviation Tech,,,,2025-01-07,,https://media.defense.gov/2025/Jan/07/2003625471/-1/-1/1/ENTITIES-IDENTIFIED-AS-CHINESE-MILITARY-COMPANIES-OPERATING-IN-THE-UNITED-STATES.PDF
"Hangzhou Hikvision Digital Technology Co., Ltd. (Hikvision)","Hangzhou Hikvision Digital Technology Co., Ltd.",Hikvision,,China Electronics Technology Group Corporation,,2025-01-07,,https://media.defense.gov/2025/Jan/07/2003625471/-1/-1/1/ENTITIES-IDENTIFIED-AS-CHINESE-MILITARY-COMPANIES-OPERATING-IN-THE-UNITED-STATES.PDF
Harbin First Machinery Group Ltd.,Harbin First Machinery Group Ltd.,,,China North Industries Group Corporation Limited,,2025-01-07,,https://media.defense.gov/2025/Jan/07/2003625471/-1/-1/1/ENTITIES-IDENTIFIED-AS-CHINESE-MILITARY-COMPANIES-OPERATING-IN-THE-UNITED-STATES.PDF
"Heilongjiang Northern Tools Co., Ltd.","Heilongjiang Northern Tools Co., Ltd.",,,China South Industries Group Corporation,,2025-01-07,,https://media.defense.gov/2025/Jan/07/2003625471/-1/-1/1/ENTITIES-IDENTIFIED-AS-CHINESE-MILITARY-COMPANIES-OPERATING-IN-THE-UNITED-STATES.PDF
"Huacheng (Tianjin) Ship Leasing Co., Ltd.","Huacheng (Tianjin) Ship Leasing Co., Ltd.",,,CSSC Offshore & Marine Engineering (Group) Company Limited,,2025-01-07,,https://media.defense.gov/2025/Jan/07/2003625471/-1/-1/1/ENTITIES-IDENTIFIED-AS-CHINESE-MILITARY-COMPANIES-OPERATING-IN-THE-UNITED-STATES.PDF
"Huawei Investment & Holding Co., Ltd. (Huawei Holding)","Huawei Investment & Holding Co., Ltd.",Huawei Holding,,,,2025-01-07,,https://media.defense.gov/2025/Jan/07/2003625471/-1/-1/1/ENTITIES-IDENTIFIED-AS-CHINESE-MILITARY-COMPANIES-OPERATING-IN-THE-UNITED-STATES.PDF
"Huawei Technologies Co., Ltd. (Huawei)","Huawei Technologies Co., Ltd.",Huawei,,,,2025-01-07,,https://media.defense.gov/2025/Jan/07/2003625471/-1/-1/1/ENTITIES-IDENTIFIED-AS-CHINESE-MILITARY-COMPANIES-OPERATING-IN-THE-UNITED-STATES.PDF
"Inner Mongolia First Machinery Group Co., Ltd. (Inner Mongolia)","Inner Mongolia First Machinery Group Co., Ltd. (Inner Mongolia)",,,,,2025-01-07,,https://media.defense.gov/2025/Jan/07/2003625471/-1/-1/1/ENTITIES-IDENTIFIED-AS-CHINESE-MILITARY-COMPANIES-OPERATING-IN-THE-UNITED-STATES.PDF
"Inspur Group Co., Ltd. (Inspur)","Inspur Group Co., Ltd.",Inspur,,,,2025-01-07,,https://media.defense.gov/2025/Jan/07/2003625471/-1/-1/1/ENTITIES-IDENTIFIED-AS-CHINESE-MILITARY-COMPANIES-OPERATING-IN-THE-UNITED-STATES.PDF
"Jiangxi Hongdu Aviation Industry Co., Ltd. (Hongdu Aviation)","Jiangxi Hongdu Aviation Industry Co., Ltd.",Hongdu Aviation,,Aviation Industry Corporation of China Ltd.,,2025-01-07,,https://media.defense.gov/2025/Jan/07/2003625471/-1/-1/1/ENTITIES-IDENTIFIED-AS-CHINESE-MILITARY-COMPANIES-OPERATING-IN-THE-UNITED-STATES.PDF
John Holland Group Pty Ltd.,John Holland Group Pty Ltd.,,,China Communications Construction Group Limited,,2025-01-07,,https://media.defense.gov/2025/Jan/07/2003625471/-1/-1/1/ENTITIES-IDENTIFIED-AS-CHINESE-MILITARY-COMPANIES-OPERATING-IN-THE-UNITED-STATES.PDF
John Holland Services Pty Ltd.,John Holland Services Pty Ltd.,,,China Communications Construction Group Limited,,2025-01-07,,https://media.defense.gov/2025/Jan/07/2003625471/-1/-1/1/ENTITIES-IDENTIFIED-AS-CHINESE-MILITARY-COMPANIES-OPERATING-IN-THE-UNITED-STATES.PDF
Magnificent Tower Limited,Magnificent Tower Limited,,,Semiconductor Manufacturing International Corporation,,2025-01-07,,https://media.defense.gov/2025/Jan/07/2003625471/-1/-1/1/ENTITIES-IDENTIFIED-AS-CHINESE-MILITARY-COMPANIES-OPERATING-IN-THE-UNITED-STATES.PDF
"MGI Tech Co., Ltd. (MGI)","MGI Tech Co., Ltd. (MGI)",,,BGI Group,,2025-01-07,,https://media.defense.gov/2025/Jan/07/2003625471/-1/-1/1/ENTITIES-IDENTIFIED-AS-CHINESE-MILITARY-COMPANIES-OPERATING-IN-THE-UNITED-STATES.PDF
"NetPosa Technologies, Ltd. (NetPosa)","NetPosa Technologies, Ltd.",NetPosa,,,,2025-01-07,,https://media.defense.gov/2025/Jan/07/2003625471/-1/-1/1/ENTITIES-IDENTIFIED-AS-CHINESE-MILITARY-COMPANIES-OPERATING-IN-THE-UNITED-STATES.PDF
"Oriental Blue Sky Titanium Technology Co., Ltd.","Oriental Blue Sky Titanium Technology Co., Ltd.",,,"China SpaceSat Co., Ltd.",,2025-01-07,,https://media.defense.gov/2025/Jan/07/2003625471/-1/-1/1/ENTITIES-IDENTIFIED-AS-CHINESE-MILITARY-COMPANIES-OPERATING-IN-THE-UNITED-STATES.PDF
"Origincell Technology Co., Ltd.","Origincell Technology Co., Ltd.",,,,,2025-01-07,,https://media.defense.gov/2025/Jan/07/2003625471/-1/-1/1/ENTITIES-IDENTIFIED-AS-CHINESE-MILITARY-COMPANIES-OPERATING-IN-THE-UNITED-STATES.PDF
Phoenix Optics Company Limited,Phoenix Optics Company Limited,,,China Electronics Technology Group Corporation,,2025-01-07,,https://media.defense.gov/2025/Jan/07/2003625471/-1/-1/1/ENTITIES-IDENTIFIED-AS-CHINESE-MILITARY-COMPANIES-OPERATING-IN-THE-UNITED-STATES.PDF
"Quectel Wireless Solutions Co., Ltd.","Quectel Wireless Solutions Co., Ltd.",,,,,2025-01-07,,https://media.defense.gov/2025/Jan/07/2003625471/-1/-1/1/ENTITIES-IDENTIFIED-AS-CHINESE-MILITARY-COMPANIES-OPERATING-IN-THE-UNITED-STATES.PDF
"SDIC Intelligence (Xiamen) Information Co., Ltd.","SDIC Intelligence (Xiamen) Information Co., Ltd.",,,,,2025-01-07,,https://media.defense.gov/2025/Jan/07/2003625471/-1/-1/1/ENTITIES-IDENTIFIED-AS-CHINESE-MILITARY-COMPANIES-OPERATING-IN-THE-UNITED-STATES.PDF
Semiconductor Manufacturing International (Beijing) Corporation (SMIC Beijing),Semiconductor Manufacturing International (Beijing) Corporation,SMIC Beijing,,,,2025-01-07,,https://media.defense.gov/2025/Jan/07/2003625471/-1/-1/1/ENTITIES-IDENTIFIED-AS-CHINESE-MILITARY-COMPANIES-OPERATING-IN-THE-UNITED-STATES.PDF
Semiconductor Manufacturing International (Shenzhen) Corporation (SMIC Shenzhen),Semiconductor Manufacturing International (Shenzhen) Corporation,SMIC Shenzhen,,,,2025-01-07,,https://media.defense.gov/2025/Jan/07/2003625471/-1/-1/1/ENTITIES-IDENTIFIED-AS-CHINESE-MILITARY-COMPANIES-OPERATING-IN-THE-UNITED-STATES.PDF
Semiconductor Manufacturing International (Tianjin) Corporation (SMIC Tianjin],Semiconductor Manufacturing International (Tianjin) Corporation,SMIC Tianjin,,,,2025-01-07,,https://media.defense.gov/2025/Jan/07/2003625471/-1/-1/1/ENTITIES-IDENTIFIED-AS-CHINESE-MILITARY-COMPANIES-OPERATING-IN-THE-UNITED-STATES.PDF
Semiconductor Manufacturing International Corporation (SMIC),Semiconductor Manufacturing International Corporation,SMIC,,,,2025-01-07,,https://media.defense.gov/2025/Jan/07/2003625471/-1/-1/1/ENTITIES-IDENTIFIED-AS-CHINESE-MILITARY-COMPANIES-OPERATING-IN-THE-UNITED-STATES.PDF
Semiconductor Manufacturing North China (Beijing) Corporation,Semiconductor Manufacturing North China (Beijing) Corporation,,,Semiconductor Manufacturing International Corporation,,2025-01-07,,https://media.defense.gov/2025/Jan/07/2003625471/-1/-1/1/ENTITIES-IDENTIFIED-AS-CHINESE-MILITARY-COMPANIES-OPERATING-IN-THE-UNITED-STATES.PDF
Semiconductor Manufacturing South China Corporation (SMIC South China),Semiconductor Manufacturing South China Corporation,SMIC South China,,,,2025-01-07,,https://media.defense.gov/2025/Jan/07/2003625471/-1/-1/1/ENTITIES-IDENTIFIED-AS-CHINESE-MILITARY-COMPANIES-OPERATING-IN-THE-UNITED-STATES.PDF
"SenseTime Group, Inc.","SenseTime Group, Inc.",,,,,2025-01-07,,https://media.defense.gov/2025/Jan/07/2003625471/-1/-1/1/ENTITIES-IDENTIFIED-AS-CHINESE-MILITARY-COMPANIES-OPERATING-IN-THE-UNITED-STATES.PDF
"Shanghai Aircraft Manufacturing Co., Ltd. (Assembly Manufacturing Center)","Shanghai Aircraft Manufacturing Co., Ltd.",Assembly Manufacturing Center,,Commercial Aircraft Corporation of China Limited,,2025-01-07,,https://media.defense.gov/2025/Jan/07/2003625471/-1/-1/1/ENTITIES-IDENTIFIED-AS-CHINESE-MILITARY-COMPANIES-OPERATING-IN-THE-UNITED-STATES.PDF
"Shanghai East China Computer Co., Ltd.","Shanghai East China Computer Co., Ltd.",,,China Electronics Technology Group Corporation,,2025-01-07,,https://media.defense.gov/2025/Jan/07/2003625471/-1/-1/1/ENTITIES-IDENTIFIED-AS-CHINESE-MILITARY-COMPANIES-OPERATING-IN-THE-UNITED-STATES.PDF
"Shanghai Yitu Network Technology Co., Ltd. (Yitu)","Shanghai Yitu Network Technology Co., Ltd.",Yitu,,,,2025-01-07,,https://media.defense.gov/2025/Jan/07/2003625471/-1/-1/1/ENTITIES-IDENTIFIED-AS-CHINESE-MILITARY-COMPANIES-OPERATING-IN-THE-UNITED-STATES.PDF
Shenyang Aircraft Design Institute,Shenyang Aircraft Design Institute,,,Aviation Industry Corporation of China Ltd.,,2025-01-07,,https://media.defense.gov/2025/Jan/07/2003625471/-1/-1/1/ENTITIES-IDENTIFIED-AS-CHINESE-MILITARY-COMPANIES-OPERATING-IN-THE-UNITED-STATES.PDF
"Shenzhen Dajiang Baiwang Technology Co., Ltd.","Shenzhen Dajiang Baiwang Technology Co., Ltd.",,,"Shenzhen DJI Innovation Technology Co., Ltd.",,2025-01-07,,https://media.defense.gov/2025/Jan/07/2003625471/-1/-1/1/ENTITIES-IDENTIFIED-AS-CHINESE-MILITARY-COMPANIES-OPERATING-IN-THE-UNITED-STATES.PDF
"Shenzhen DJI Innovation Technology Co., Ltd. (DJI)","Shenzhen DJI Innovation Technology Co., Ltd.",DJI,,,,2025-01-07,,https://media.defense.gov/2025/Jan/07/2003625471/-1/-1/1/ENTITIES-IDENTIFIED-AS-CHINESE-MILITARY-COMPANIES-OPERATING-IN-THE-UNITED-STATES.PDF
SilTech Semiconductor Corporation,SilTech Semiconductor Corporation,,,Semiconductor Manufacturing International Corporation,,2025-01-07,,https://media.defense.gov/2025/Jan/07/2003625471/-1/-1/1/ENTITIES-IDENTIFIED-AS-CHINESE-MILITARY-COMPANIES-OPERATING-IN-THE-UNITED-STATES.PDF
"Sinotrans & CSC Holdings Co., Ltd.","Sinotrans & CSC Holdings Co., Ltd.",,,,,2025-01-07,,https://media.defense.gov/2025/Jan/07/2003625471/-1/-1/1/ENTITIES-IDENTIFIED-AS-CHINESE-MILITARY-COMPANIES-OPERATING-IN-THE-UNITED-STATES.PDF
SMIC Holdings Limited (SMIC Holdings),SMIC Holdings Limited,SMIC Holdings,,,,2025-01-07,,https://media.defense.gov/2025/Jan/07/2003625471/-1/-1/1/ENTITIES-IDENTIFIED-AS-CHINESE-MILITARY-COMPANIES-OPERATING-IN-THE-UNITED-STATES.PDF
"SMIC Semiconductor Manufacturing (Shanghai) Co., Ltd (SMIC Shanghai)","SMIC Semiconductor Manufacturing (Shanghai) Co., Ltd",SMIC Shanghai,,,,2025-01-07,,https://media.defense.gov/2025/Jan/07/2003625471/-1/-1/1/ENTITIES-IDENTIFIED-AS-CHINESE-MILITARY-COMPANIES-OPERATING-IN-THE-UNITED-STATES.PDF
"SMIC, Americas","SMIC, Americas",,,Semiconductor Manufacturing International Corporation,,2025-01-07,,https://media.defense.gov/2025/Jan/07/2003625471/-1/-1/1/ENTITIES-IDENTIFIED-AS-CHINESE-MILITARY-COMPANIES-OPERATING-IN-THE-UNITED-STATES.PDF
"Taiji Computer Co., Ltd.","Taiji Computer Co., Ltd.",,,China Electronics Technology Group Corporation,,2025-01-07,2026-02-17,https://media.defense.gov/2025/Jan/07/2003625471/-1/-1/1/ENTITIES-IDENTIFIED-AS-CHINESE-MILITARY-COMPANIES-OPERATING-IN-THE-UNITED-STATES.PDF
Tencent Holdings Limited,Tencent Holdings Limited,,,,,2025-01-07,,https://media.defense.gov/2025/Jan/07/2003625471/-1/-1/1/ENTITIES-IDENTIFIED-AS-CHINESE-MILITARY-COMPANIES-OPERATING-IN-THE-UNITED-STATES.PDF
"Wuhan Geosun Navigation Technology Co., Ltd. (Geosun)","Wuhan Geosun Navigation Technology Co., Ltd.",Geosun,,,,2025-01-07,,https://media.defense.gov/2025/Jan/07/2003625471/-1/-1/1/ENTITIES-IDENTIFIED-AS-CHINESE-MILITARY-COMPANIES-OPERATING-IN-THE-UNITED-STATES.PDF
"Xi'an Aerospace Tianhua Data Technology Co., Ltd.","Xi'an Aerospace Tianhua Data Technology Co., Ltd.",,,"China SpaceSat Co., Ltd.",,2025-01-07,,https://media.defense.gov/2025/Jan/07/2003625471/-1/-1/1/ENTITIES-IDENTIFIED-AS-CHINESE-MILITARY-COMPANIES-OPERATING-IN-THE-UNITED-STATES.PDF
"Xi'an Aircraft Industry Group Co., Ltd.","Xi'an Aircraft Industry Group Co., Ltd.",,,Aviation Industry Corporation of China Ltd.,,2025-01-07,,https://media.defense.gov/2025/Jan/07/2003625471/-1/-1/1/ENTITIES-IDENTIFIED-AS-CHINESE-MILITARY-COMPANIES-OPERATING-IN-THE-UNITED-STATES.PDF
"Xiamen Meiya Zhongmin Electronic Technology Co., Ltd.","Xiamen Meiya Zhongmin Electronic Technology Co., Ltd.",,,"SDIC Intelligence (Xiamen) Information Co., Ltd",,2025-01-07,,https://media.defense.gov/2025/Jan/07/2003625471/-1/-1/1/ENTITIES-IDENTIFIED-AS-CHINESE-MILITARY-COMPANIES-OPERATING-IN-THE-UNITED-STATES.PDF
"Yangtze Memory Technologies Co., Ltd. (YMTC)","Yangtze Memory Technologies Co., Ltd.",YMTC,,,,2025-01-07,2026-02-17,https://media.defense.gov/2025/Jan/07/2003625471/-1/-1/1/ENTITIES-IDENTIFIED-AS-CHINESE-MILITARY-COMPANIES-OPERATING-IN-THE-UNITED-STATES.PDF
"Zhejiang Dahua Technology Co., Ltd. (Dahua)","Zhejiang Dahua Technology Co., Ltd.",Dahua,,,,2025-01-07,,https://media.defense.gov/2025/Jan/07/2003625471/-1/-1/1/ENTITIES-IDENTIFIED-AS-CHINESE-MILITARY-COMPANIES-OPERATING-IN-THE-UNITED-STATES.PDF
Zhonghang Electronic Measuring Instruments Company Limited (ZEMIC),Zhonghang Electronic Measuring Instruments Company Limited,ZEMIC,,,,2025-01-07,,https://media.defense.gov/2025/Jan/07/2003625471/-1/-1/1/ENTITIES-IDENTIFIED-AS-CHINESE-MILITARY-COMPANIES-OPERATING-IN-THE-UNITED-STATES.PDF
360 Security Technology Inc. (Qihoo 360),360 Security Technology Inc.,Qihoo 360,,,"Qihoo 360 is directly and indirectly affiliated with the Ministry of Industry and
Information Technology (MIIT) and the Ministry of State Security (Section
1260H(g)(2)(B)(i)(I)). Qihoo 360 is a military civil fusion contributor to the Chinese
defense industrial base because it is affiliated with the MIIT and with MSS (Sections
1260H(g)(3)(B)(i) and (g)(3)(B)(iv)).",2026-06-08,,https://media.defense.gov/2026/Jun/08/2003945537/-1/-1/1/ENTITIES-IDENTIFIED-AS-CHINESE-MILITARY-COMPANIES-OPERATING-IN-THE-UNITED-STATES-IN-ACCORDANCE-WITH-SECTION-1260H.PDF
"Aerospace CH UAV Co., Ltd (CH UAV)","Aerospace CH UAV Co., Ltd",CH UAV,,,"CH UAV is indirectly owned by the State-Owned Assets Supervision and Administration
Commission of the State Council (SASAC) and is directly affiliated with the People’s
Liberation Army (PLA) (Section 1260H(g)(2)(B)(i)(I)). CH UAV is a military-civil
fusion contributor to the Chinese defense industrial base because it is affiliated with the
People’s Liberation Army (PLA) (Section 1260H(g)(3)(B)(v)).",2026-06-08,,https://media.defense.gov/2026/Jun/08/2003945537/-1/-1/1/ENTITIES-IDENTIFIED-AS-CHINESE-MILITARY-COMPANIES-OPERATING-IN-THE-UNITED-STATES-IN-ACCORDANCE-WITH-SECTION-1260H.PDF
Aerosun Corporation (Aerosun),Aerosun Corporation,Aerosun,,,"Aerosun is indirectly owned by the SASAC and is indirectly affiliated with SASAC
(Section 1260H(g)(2)(B)(i)(I)).",2026-06-08,,https://media.defense.gov/2026/Jun/08/2003945537/-1/-1/1/ENTITIES-IDENTIFIED-AS-CHINESE-MILITARY-COMPANIES-OPERATING-IN-THE-UNITED-STATES-IN-ACCORDANCE-WITH-SECTION-1260H.PDF
Alibaba Group Holding Limited (Alibaba),Alibaba Group Holding Limited,Alibaba,,,"Alibaba is indirectly affiliated with SASAC (Section 1260H(g)(2)(B)(i)(I)). Alibaba is a
military-civil fusion contributor to the Chinese defense industrial base because it is
affiliated with MIIT (Section 1260H(g)(3)(B)(i)).",2026-06-08,,https://media.defense.gov/2026/Jun/08/2003945537/-1/-1/1/ENTITIES-IDENTIFIED-AS-CHINESE-MILITARY-COMPANIES-OPERATING-IN-THE-UNITED-STATES-IN-ACCORDANCE-WITH-SECTION-1260H.PDF
"Autel Intelligent Technology Corp., Ltd. (Autel Technology)","Autel Intelligent Technology Corp., Ltd.",Autel Technology,,,"Autel Technology is a military-civil fusion contributor to the Chinese defense industrial
base because it knowingly received assistance from the Government of China through
science, technology, or industrial efforts initiated, granted, or created by, or provided
under, or related to, the Chinese military planning apparatus or in furtherance of Chinese
military industrial planning objectives through its designation as a “Little Giant” and
because it is affiliated with MIIT (Sections 1260H(g)(3)(A) and (g)(3)(B)(i)).",2026-06-08,,https://media.defense.gov/2026/Jun/08/2003945537/-1/-1/1/ENTITIES-IDENTIFIED-AS-CHINESE-MILITARY-COMPANIES-OPERATING-IN-THE-UNITED-STATES-IN-ACCORDANCE-WITH-SECTION-1260H.PDF
"Autel Robotics Co., Ltd. (Autel Robotics)","Autel Robotics Co., Ltd.",Autel Robotics,,,"Autel Robotics is a military-civil fusion contributor to the Chinese defense industrial base
because it knowingly received assistance from the Government of China through science,
technology, or industrial efforts initiated, granted, or created by, or provided under, or
related to, the Chinese military planning apparatus or in furtherance of Chinese military
industrial planning objectives through its designation as a “Little Giant” (Section
1260H(g)(3)(A)).",2026-06-08,,https://media.defense.gov/2026/Jun/08/2003945537/-1/-1/1/ENTITIES-IDENTIFIED-AS-CHINESE-MILITARY-COMPANIES-OPERATING-IN-THE-UNITED-STATES-IN-ACCORDANCE-WITH-SECTION-1260H.PDF
Aviation Industry Corporation of China Ltd. (AVIC),Aviation Industry Corporation of China Ltd.,AVIC,,,"AVIC is directly owned and controlled by SASAC (Section 1260H(g)(2)(B)(i)(I)). AVIC
is a military-civil fusion contributors to the Chinese defense industrial base because it is
affiliated with SASAC and State Administration of Science, Technology and Industry for
National Defense (SASTIND) (Section 1260H(g)(3)(B)).",2026-06-08,,https://media.defense.gov/2026/Jun/08/2003945537/-1/-1/1/ENTITIES-IDENTIFIED-AS-CHINESE-MILITARY-COMPANIES-OPERATING-IN-THE-UNITED-STATES-IN-ACCORDANCE-WITH-SECTION-1260H.PDF
Align Aerospace LLC,Align Aerospace LLC,,,"Aviation Industry Corporation of China, Ltd.",,2026-06-08,,https://media.defense.gov/2026/Jun/08/2003945537/-1/-1/1/ENTITIES-IDENTIFIED-AS-CHINESE-MILITARY-COMPANIES-OPERATING-IN-THE-UNITED-STATES-IN-ACCORDANCE-WITH-SECTION-1260H.PDF
Avicopter PLC,Avicopter PLC,,,"Aviation Industry Corporation of China, Ltd.",,2026-06-08,,https://media.defense.gov/2026/Jun/08/2003945537/-1/-1/1/ENTITIES-IDENTIFIED-AS-CHINESE-MILITARY-COMPANIES-OPERATING-IN-THE-UNITED-STATES-IN-ACCORDANCE-WITH-SECTION-1260H.PDF
"AVIC Aerospace Systems Co., Ltd.","AVIC Aerospace Systems Co., Ltd.",,,"Aviation Industry Corporation of China, Ltd.",,2026-06-08,,https://media.defense.gov/2026/Jun/08/2003945537/-1/-1/1/ENTITIES-IDENTIFIED-AS-CHINESE-MILITARY-COMPANIES-OPERATING-IN-THE-UNITED-STATES-IN-ACCORDANCE-WITH-SECTION-1260H.PDF
"AVIC Airborne Systems Co., Ltd.","AVIC Airborne Systems Co., Ltd.",,,"Aviation Industry Corporation of China, Ltd.",,2026-06-08,,https://media.defense.gov/2026/Jun/08/2003945537/-1/-1/1/ENTITIES-IDENTIFIED-AS-CHINESE-MILITARY-COMPANIES-OPERATING-IN-THE-UNITED-STATES-IN-ACCORDANCE-WITH-SECTION-1260H.PDF
AVIC Asset Management Corporation Ltd.,AVIC Asset Management Corporation Ltd.,,,"Aviation Industry Corporation of China, Ltd.",,2026-06-08,,https://media.defense.gov/2026/Jun/08/2003945537/-1/-1/1/ENTITIES-IDENTIFIED-AS-CHINESE-MILITARY-COMPANIES-OPERATING-IN-THE-UNITED-STATES-IN-ACCORDANCE-WITH-SECTION-1260H.PDF
AVIC Aviation High-Technology Company Limited (AVIC Aviation Hi-Tech),AVIC Aviation High-Technology Company Limited,AVIC Aviation Hi-Tech,,"Aviation Industry Corporation of China, Ltd.",,2026-06-08,,https://media.defense.gov/2026/Jun/08/2003945537/-1/-1/1/ENTITIES-IDENTIFIED-AS-CHINESE-MILITARY-COMPANIES-OPERATING-IN-THE-UNITED-STATES-IN-ACCORDANCE-WITH-SECTION-1260H.PDF
"AVIC Chengdu Aircraft Co., Ltd. (formerly Zhonghang Electronic Measuring Instruments Company Limited (ZEMIC))","AVIC Chengdu Aircraft Co., Ltd.",,Zhonghang Electronic Measuring Instruments Company Limited; ZEMIC,"Aviation Industry Corporation of China, Ltd.",,2026-06-08,,https://media.defense.gov/2026/Jun/08/2003945537/-1/-1/1/ENTITIES-IDENTIFIED-AS-CHINESE-MILITARY-COMPANIES-OPERATING-IN-THE-UNITED-STATES-IN-ACCORDANCE-WITH-SECTION-1260H.PDF
AVIC Electromechanical Systems Co. Ltd.,AVIC Electromechanical Systems Co. Ltd.,,,"Aviation Industry Corporation of China, Ltd.",,2026-06-08,,https://media.defense.gov/2026/Jun/08/2003945537/-1/-1/1/ENTITIES-IDENTIFIED-AS-CHINESE-MILITARY-COMPANIES-OPERATING-IN-THE-UNITED-STATES-IN-ACCORDANCE-WITH-SECTION-1260H.PDF
AVIC Heavy Machinery Company Limited (AVIC Heavy Machinery),AVIC Heavy Machinery Company Limited,AVIC Heavy Machinery,,"Aviation Industry Corporation of China, Ltd.",,2026-06-08,,https://media.defense.gov/2026/Jun/08/2003945537/-1/-1/1/ENTITIES-IDENTIFIED-AS-CHINESE-MILITARY-COMPANIES-OPERATING-IN-THE-UNITED-STATES-IN-ACCORDANCE-WITH-SECTION-1260H.PDF
"AVIC JONHON Optronic Technology Co., Ltd. (AVIC Jonhon)","AVIC JONHON Optronic Technology Co., Ltd.",AVIC Jonhon,,"Aviation Industry Corporation of China, Ltd.",,2026-06-08,,https://media.defense.gov/2026/Jun/08/2003945537/-1/-1/1/ENTITIES-IDENTIFIED-AS-CHINESE-MILITARY-COMPANIES-OPERATING-IN-THE-UNITED-STATES-IN-ACCORDANCE-WITH-SECTION-1260H.PDF
AVIC Shenyang Aircraft Company Limited (AVIC Shenyang),AVIC Shenyang Aircraft Company Limited,AVIC Shenyang,,"Aviation Industry Corporation of China, Ltd.",,2026-06-08,,https://media.defense.gov/2026/Jun/08/2003945537/-1/-1/1/ENTITIES-IDENTIFIED-AS-CHINESE-MILITARY-COMPANIES-OPERATING-IN-THE-UNITED-STATES-IN-ACCORDANCE-WITH-SECTION-1260H.PDF
"AVIC Xi’an Aircraft Industry Group Company Ltd. (formerly Xi’an Aircraft Industry Group Co., Ltd.)",AVIC Xi’an Aircraft Industry Group Company Ltd.,,"Xi’an Aircraft Industry Group Co., Ltd.","Aviation Industry Corporation of China, Ltd.",,2026-06-08,,https://media.defense.gov/2026/Jun/08/2003945537/-1/-1/1/ENTITIES-IDENTIFIED-AS-CHINESE-MILITARY-COMPANIES-OPERATING-IN-THE-UNITED-STATES-IN-ACCORDANCE-WITH-SECTION-1260H.PDF
"Changhe Aircraft Industries (Group) Co., Ltd.","Changhe Aircraft Industries (Group) Co., Ltd.",,,"Aviation Industry Corporation of China, Ltd.",,2026-06-08,,https://media.defense.gov/2026/Jun/08/2003945537/-1/-1/1/ENTITIES-IDENTIFIED-AS-CHINESE-MILITARY-COMPANIES-OPERATING-IN-THE-UNITED-STATES-IN-ACCORDANCE-WITH-SECTION-1260H.PDF
Cirrus Design Corporation,Cirrus Design Corporation,,,"Aviation Industry Corporation of China, Ltd.",,2026-06-08,,https://media.defense.gov/2026/Jun/08/2003945537/-1/-1/1/ENTITIES-IDENTIFIED-AS-CHINESE-MILITARY-COMPANIES-OPERATING-IN-THE-UNITED-STATES-IN-ACCORDANCE-WITH-SECTION-1260H.PDF
"Continental Aerospace Technologies, Inc.","Continental Aerospace Technologies, Inc.",,,"Aviation Industry Corporation of China, Ltd.",,2026-06-08,,https://media.defense.gov/2026/Jun/08/2003945537/-1/-1/1/ENTITIES-IDENTIFIED-AS-CHINESE-MILITARY-COMPANIES-OPERATING-IN-THE-UNITED-STATES-IN-ACCORDANCE-WITH-SECTION-1260H.PDF
"Jiangxi Hongdu Aviation Industry Co., Ltd. (Hongdu Aviation)","Jiangxi Hongdu Aviation Industry Co., Ltd. ",Hongdu Aviation,,"Aviation Industry Corporation of China, Ltd.",,2026-06-08,,https://media.defense.gov/2026/Jun/08/2003945537/-1/-1/1/ENTITIES-IDENTIFIED-AS-CHINESE-MILITARY-COMPANIES-OPERATING-IN-THE-UNITED-STATES-IN-ACCORDANCE-WITH-SECTION-1260H.PDF
Shenyang Aircraft Design Institute,Shenyang Aircraft Design Institute,,,"Aviation Industry Corporation of China, Ltd.",,2026-06-08,,https://media.defense.gov/2026/Jun/08/2003945537/-1/-1/1/ENTITIES-IDENTIFIED-AS-CHINESE-MILITARY-COMPANIES-OPERATING-IN-THE-UNITED-STATES-IN-ACCORDANCE-WITH-SECTION-1260H.PDF
"Baicells Technologies Co., Ltd. (Baicells)","Baicells Technologies Co., Ltd.",Baicells,,,"Baicells is indirectly affiliated with SASAC and MIIT (Section 1260H(g)(2)(B)(i)(I)).
Baicells is a military-civil fusion contributor to the Chinese defense industrial base
because it knowingly received assistance from the Government of China through science,
technology, or industrial efforts initiated, granted, or created by, or provided under, or
related to, the Chinese military planning apparatus or in furtherance of Chinese military
industrial planning objectives through its designation as a “Little Giant” and because it is
affiliated with MIIT (Sections 1260H(g)(3)(A) and (g)(3)(B)(i)).",2026-06-08,,https://media.defense.gov/2026/Jun/08/2003945537/-1/-1/1/ENTITIES-IDENTIFIED-AS-CHINESE-MILITARY-COMPANIES-OPERATING-IN-THE-UNITED-STATES-IN-ACCORDANCE-WITH-SECTION-1260H.PDF
"Baidu, Inc. (Baidu)","Baidu, Inc.",Baidu,,,"Baidu is indirectly affiliated with SASAC (Section 1260H(g)(2)(B)(i)(I)). Baidu is a
military-civil fusion contributor to the Chinese defense industrial base because it is
affiliated with MIIT (Section 1260H(g)(3)(B)(i)).",2026-06-08,,https://media.defense.gov/2026/Jun/08/2003945537/-1/-1/1/ENTITIES-IDENTIFIED-AS-CHINESE-MILITARY-COMPANIES-OPERATING-IN-THE-UNITED-STATES-IN-ACCORDANCE-WITH-SECTION-1260H.PDF
"Beijing Zhidao Chuangyu Information Technology Co., Ltd. (Knownsec)","Beijing Zhidao Chuangyu Information Technology Co., Ltd.",Knownsec,,,"Knownsec is directly affiliated with MIIT and indirectly affiliated with SASAC and MIIT
(Section 1260H(g)(2)(i)(I)). Knownsec is a military-civil fusion contributor to the
Chinese defense industrial base because it knowingly received assistance from the
Government of China through science, technology, or industrial efforts initiated, granted,
or created by, or provided under, or related to, the Chinese military planning apparatus or
in furtherance of Chinese military industrial planning objectives through its designation
as a “Little Giant” and because it is affiliated with MIIT (Sections 1260H(g)(3)(A) and
(g)(3)(B)(i)).",2026-06-08,,https://media.defense.gov/2026/Jun/08/2003945537/-1/-1/1/ENTITIES-IDENTIFIED-AS-CHINESE-MILITARY-COMPANIES-OPERATING-IN-THE-UNITED-STATES-IN-ACCORDANCE-WITH-SECTION-1260H.PDF
BGI Group,BGI Group,,,,"BGI Group is directly with the PLA and indirectly affiliated with MIIT and the PLA
(Section 1260H(g)(2)(B)(i)(I)). BGI Group is a military-civil fusion contributor to the
Chinese defense industrial base because it knowingly received assistance from the
Government of China through science, technology, research, and industrial efforts
initiated, granted, or created by, or provided under, or related to the Chinese military
planning apparatus, or in furtherance of Chinese military industrial planning objectives
and because it is affiliated with MIIT and the PLA (Sections 1260H(g)(3)(A),
(g)(3)(B)(i), and (g)(3)(B)(v)).",2026-06-08,,https://media.defense.gov/2026/Jun/08/2003945537/-1/-1/1/ENTITIES-IDENTIFIED-AS-CHINESE-MILITARY-COMPANIES-OPERATING-IN-THE-UNITED-STATES-IN-ACCORDANCE-WITH-SECTION-1260H.PDF
BGI Americas Corporation,BGI Americas Corporation,,,BGI Group,,2026-06-08,,https://media.defense.gov/2026/Jun/08/2003945537/-1/-1/1/ENTITIES-IDENTIFIED-AS-CHINESE-MILITARY-COMPANIES-OPERATING-IN-THE-UNITED-STATES-IN-ACCORDANCE-WITH-SECTION-1260H.PDF
"BGI Genomics Co., Ltd. (BGI)","BGI Genomics Co., Ltd.",BGI,,BGI Group,,2026-06-08,,https://media.defense.gov/2026/Jun/08/2003945537/-1/-1/1/ENTITIES-IDENTIFIED-AS-CHINESE-MILITARY-COMPANIES-OPERATING-IN-THE-UNITED-STATES-IN-ACCORDANCE-WITH-SECTION-1260H.PDF
"Complete Genomics, Inc.","Complete Genomics, Inc.",,,BGI Group,,2026-06-08,,https://media.defense.gov/2026/Jun/08/2003945537/-1/-1/1/ENTITIES-IDENTIFIED-AS-CHINESE-MILITARY-COMPANIES-OPERATING-IN-THE-UNITED-STATES-IN-ACCORDANCE-WITH-SECTION-1260H.PDF
Forensic Genomics International (FGI),Forensic Genomics International,FGI,,BGI Group,,2026-06-08,,https://media.defense.gov/2026/Jun/08/2003945537/-1/-1/1/ENTITIES-IDENTIFIED-AS-CHINESE-MILITARY-COMPANIES-OPERATING-IN-THE-UNITED-STATES-IN-ACCORDANCE-WITH-SECTION-1260H.PDF
"GBI Diagnostics, Inc.","GBI Diagnostics, Inc.",,,BGI Group,,2026-06-08,,https://media.defense.gov/2026/Jun/08/2003945537/-1/-1/1/ENTITIES-IDENTIFIED-AS-CHINESE-MILITARY-COMPANIES-OPERATING-IN-THE-UNITED-STATES-IN-ACCORDANCE-WITH-SECTION-1260H.PDF
Innomics Inc.,Innomics Inc.,,,BGI Group,,2026-06-08,,https://media.defense.gov/2026/Jun/08/2003945537/-1/-1/1/ENTITIES-IDENTIFIED-AS-CHINESE-MILITARY-COMPANIES-OPERATING-IN-THE-UNITED-STATES-IN-ACCORDANCE-WITH-SECTION-1260H.PDF
STOmics Americas Ltd.,STOmics Americas Ltd.,,,BGI Group,,2026-06-08,,https://media.defense.gov/2026/Jun/08/2003945537/-1/-1/1/ENTITIES-IDENTIFIED-AS-CHINESE-MILITARY-COMPANIES-OPERATING-IN-THE-UNITED-STATES-IN-ACCORDANCE-WITH-SECTION-1260H.PDF
BOE Technology Group Company Limited (BOE),BOE Technology Group Company Limited,BOE,,,"BOE is indirectly affiliated with MIIT (Section 1260H(g)(2)(B)(i)(I)). BOE is a military-
civil fusion contributor to the Chinese defense industrial base because it is affiliated with
the PLA and because it resides in a military-civil fusion enterprise zone (Sections
1260H(g)(3)(B)(v) and (g)(3)(E)).",2026-06-08,,https://media.defense.gov/2026/Jun/08/2003945537/-1/-1/1/ENTITIES-IDENTIFIED-AS-CHINESE-MILITARY-COMPANIES-OPERATING-IN-THE-UNITED-STATES-IN-ACCORDANCE-WITH-SECTION-1260H.PDF
BYD Company Limited (BYD),BYD Company Limited,BYD,,,"BYD is directly and indirectly affiliated with SASAC and is indirectly affiliated with
MIIT (Section 1260H(g)(2)(B)(i)(I)). BYD is a military-civil fusion contributor to the
Chinese defense industrial base because it is affiliated with MIIT and because it resides in
or is affiliated with a military-civil fusion enterprise zone (Sections 1260H(g)(3)(B)(i)
and (g)(3)(E)).",2026-06-08,,https://media.defense.gov/2026/Jun/08/2003945537/-1/-1/1/ENTITIES-IDENTIFIED-AS-CHINESE-MILITARY-COMPANIES-OPERATING-IN-THE-UNITED-STATES-IN-ACCORDANCE-WITH-SECTION-1260H.PDF
"CALB Group Co., Ltd. (CALB)","CALB Group Co., Ltd.",CALB,,,"CALB is indirectly owned by SASAC and is directly and indirectly affiliated with
SASAC (Section 1260H(g)(2)(B)(i)(I)).",2026-06-08,,https://media.defense.gov/2026/Jun/08/2003945537/-1/-1/1/ENTITIES-IDENTIFIED-AS-CHINESE-MILITARY-COMPANIES-OPERATING-IN-THE-UNITED-STATES-IN-ACCORDANCE-WITH-SECTION-1260H.PDF
"CETC Cyberspace Security Technology Co., Ltd. (formerly Chen Du Westone Information
Industry Co., Ltd.)","CETC Cyberspace Security Technology Co., Ltd.",,"Chen Du Westone Information Industry Co., Ltd.",,"CETC Cyberspace Security Technology Co., Ltd. is indirectly owned by SASAC and is
directly affiliated with MIIT (Section 1260H(g)(2)(B)(i)(I)).",2026-06-08,,https://media.defense.gov/2026/Jun/08/2003945537/-1/-1/1/ENTITIES-IDENTIFIED-AS-CHINESE-MILITARY-COMPANIES-OPERATING-IN-THE-UNITED-STATES-IN-ACCORDANCE-WITH-SECTION-1260H.PDF
"CETC Digital Technology Co., Ltd. (formerly Shanghai East China Computer Co., Ltd.)","CETC Digital Technology Co., Ltd.",,"Shanghai East China Computer Co., Ltd.",,"CETC Digital Technology Co., Ltd. is indirectly owned by SASAC (Section
1260H(g)(2)(B)(i)(I)).",2026-06-08,,https://media.defense.gov/2026/Jun/08/2003945537/-1/-1/1/ENTITIES-IDENTIFIED-AS-CHINESE-MILITARY-COMPANIES-OPERATING-IN-THE-UNITED-STATES-IN-ACCORDANCE-WITH-SECTION-1260H.PDF
"CETC Potevio Science & Technology Co., Ltd (formerly Guangzhou GCI Science &
Technology Co., Ltd.)","CETC Potevio Science & Technology Co., Ltd",,"Guangzhou GCI Science &
Technology Co., Ltd.",,"CETC Potevio Science & Technology Co., Ltd. is indirectly owned by SASAC (Section
1260H(g)(2)(B)(i)(I)).",2026-06-08,,https://media.defense.gov/2026/Jun/08/2003945537/-1/-1/1/ENTITIES-IDENTIFIED-AS-CHINESE-MILITARY-COMPANIES-OPERATING-IN-THE-UNITED-STATES-IN-ACCORDANCE-WITH-SECTION-1260H.PDF
"ChangXin Memory Technologies, Inc. (CXMT)","ChangXin Memory Technologies, Inc.",CXMT,,,"CXMT is directly affiliated with MIIT and indirectly affiliated with SASAC and MIIT
(Section 1260H(g)(2)(B)(i)(I)).",2026-06-08,,https://media.defense.gov/2026/Jun/08/2003945537/-1/-1/1/ENTITIES-IDENTIFIED-AS-CHINESE-MILITARY-COMPANIES-OPERATING-IN-THE-UNITED-STATES-IN-ACCORDANCE-WITH-SECTION-1260H.PDF
"Chengdu JOUAV Automation Tech Co., Ltd. (JOUAV)","Chengdu JOUAV Automation Tech Co., Ltd.",JOUAV,,,"JOUAV is directly affiliated with MIIT and the PLA (Section 1260H(g)(2)(B)(i)(I)).
JOUAV is a military-civil fusion contributor to the Chinese defense industrial base
because it knowingly received assistance from the Government of China through science,
technology, or industrial efforts initiated, granted, or created by, or provided under, or
related to, the Chinese military planning apparatus or in furtherance of Chinese military
industrial planning objectives through its designation as a “Little Giant;” it is affiliated
with MIIT; it is affiliated with the PLA, and it resides in a military-civil fusion enterprise
zone (Sections 1260H(g)(3)(A), (g)(3)(B)(i) and (v), and (g)(3)(E)).",2026-06-08,,https://media.defense.gov/2026/Jun/08/2003945537/-1/-1/1/ENTITIES-IDENTIFIED-AS-CHINESE-MILITARY-COMPANIES-OPERATING-IN-THE-UNITED-STATES-IN-ACCORDANCE-WITH-SECTION-1260H.PDF
"Chengdu M&S Electronics Technology Co., Ltd. (M&S Electronics)","Chengdu M&S Electronics Technology Co., Ltd.",M&S Electronics,,,"M&S Electronics is indirectly affiliated with SASAC and SASTIND (Section
1260H(g)(2)(B)(i)(I)). M&S Electronics is a military-civil fusion contributor to the
Chinese defense industrial base because it knowingly received assistance from the
Government of China through science, technology, or industrial efforts initiated, granted,
or created by, or provided under, or related to, the Chinese military planning apparatus or
in furtherance of Chinese military industrial planning objectives through its designation
as a “Little Giant” (Section 1260H(g)(3)(A)).",2026-06-08,,https://media.defense.gov/2026/Jun/08/2003945537/-1/-1/1/ENTITIES-IDENTIFIED-AS-CHINESE-MILITARY-COMPANIES-OPERATING-IN-THE-UNITED-STATES-IN-ACCORDANCE-WITH-SECTION-1260H.PDF
China Aerospace Science and Industry Corporation Limited (CASIC),China Aerospace Science and Industry Corporation Limited,CASIC,,,"CASIC is directly owned and controlled by SASAC (Section 1260H(g)(2)(B)(i)(I)).
CASIC is a military-civil fusion contributor to the Chinese defense industrial base
because it is affiliated with the PLA and SASTIND (Sections 1260H(g)(3)(B)(iii) and
(v)).",2026-06-08,,https://media.defense.gov/2026/Jun/08/2003945537/-1/-1/1/ENTITIES-IDENTIFIED-AS-CHINESE-MILITARY-COMPANIES-OPERATING-IN-THE-UNITED-STATES-IN-ACCORDANCE-WITH-SECTION-1260H.PDF
"Addsino Co., Ltd.","Addsino Co., Ltd.",,,China Aerospace Science and Industry Corporation Limited,,2026-06-08,,https://media.defense.gov/2026/Jun/08/2003945537/-1/-1/1/ENTITIES-IDENTIFIED-AS-CHINESE-MILITARY-COMPANIES-OPERATING-IN-THE-UNITED-STATES-IN-ACCORDANCE-WITH-SECTION-1260H.PDF
"Aerospace Precision Products Co., Ltd.","Aerospace Precision Products Co., Ltd.",,,China Aerospace Science and Industry Corporation Limited,,2026-06-08,,https://media.defense.gov/2026/Jun/08/2003945537/-1/-1/1/ENTITIES-IDENTIFIED-AS-CHINESE-MILITARY-COMPANIES-OPERATING-IN-THE-UNITED-STATES-IN-ACCORDANCE-WITH-SECTION-1260H.PDF
Aisino Corporation,Aisino Corporation,,,China Aerospace Science and Industry Corporation Limited,,2026-06-08,,https://media.defense.gov/2026/Jun/08/2003945537/-1/-1/1/ENTITIES-IDENTIFIED-AS-CHINESE-MILITARY-COMPANIES-OPERATING-IN-THE-UNITED-STATES-IN-ACCORDANCE-WITH-SECTION-1260H.PDF
"China Aerospace Automotive Co., Ltd.","China Aerospace Automotive Co., Ltd.",,,China Aerospace Science and Industry Corporation Limited,,2026-06-08,,https://media.defense.gov/2026/Jun/08/2003945537/-1/-1/1/ENTITIES-IDENTIFIED-AS-CHINESE-MILITARY-COMPANIES-OPERATING-IN-THE-UNITED-STATES-IN-ACCORDANCE-WITH-SECTION-1260H.PDF
"China Cargo Airlines Co., Ltd. (CCA)","China Cargo Airlines Co., Ltd.",CCA,,,"CCA is indirectly owned by SASAC and it is indirectly affiliated with SASAC (Section
1260H(g)(2)(B)(i)(I)).",2026-06-08,,https://media.defense.gov/2026/Jun/08/2003945537/-1/-1/1/ENTITIES-IDENTIFIED-AS-CHINESE-MILITARY-COMPANIES-OPERATING-IN-THE-UNITED-STATES-IN-ACCORDANCE-WITH-SECTION-1260H.PDF
China Communications Construction Group (Limited) (CCCG),China Communications Construction Group (Limited),CCCG,,,CCCG is directly owned and controlled by SASAC (Section 1260H(g)(2)(B)(i)(I)).,2026-06-08,,https://media.defense.gov/2026/Jun/08/2003945537/-1/-1/1/ENTITIES-IDENTIFIED-AS-CHINESE-MILITARY-COMPANIES-OPERATING-IN-THE-UNITED-STATES-IN-ACCORDANCE-WITH-SECTION-1260H.PDF
"CCCC Design and Consulting Group Co., Ltd.","CCCC Design and Consulting Group Co., Ltd.",,,China Communications Construction Group (Limited) ,,2026-06-08,,https://media.defense.gov/2026/Jun/08/2003945537/-1/-1/1/ENTITIES-IDENTIFIED-AS-CHINESE-MILITARY-COMPANIES-OPERATING-IN-THE-UNITED-STATES-IN-ACCORDANCE-WITH-SECTION-1260H.PDF
CCCC First Harbor Engineering Bureau Co. Ltd.,CCCC First Harbor Engineering Bureau Co. Ltd.,,,China Communications Construction Group (Limited) ,,2026-06-08,,https://media.defense.gov/2026/Jun/08/2003945537/-1/-1/1/ENTITIES-IDENTIFIED-AS-CHINESE-MILITARY-COMPANIES-OPERATING-IN-THE-UNITED-STATES-IN-ACCORDANCE-WITH-SECTION-1260H.PDF
"CCCC Second Navigation Engineering Bureau Co., Ltd.","CCCC Second Navigation Engineering Bureau Co., Ltd.",,,China Communications Construction Group (Limited) ,,2026-06-08,,https://media.defense.gov/2026/Jun/08/2003945537/-1/-1/1/ENTITIES-IDENTIFIED-AS-CHINESE-MILITARY-COMPANIES-OPERATING-IN-THE-UNITED-STATES-IN-ACCORDANCE-WITH-SECTION-1260H.PDF
"CCCC Third Navigation Engineering Bureau Co., Ltd.","CCCC Third Navigation Engineering Bureau Co., Ltd.",,,China Communications Construction Group (Limited) ,,2026-06-08,,https://media.defense.gov/2026/Jun/08/2003945537/-1/-1/1/ENTITIES-IDENTIFIED-AS-CHINESE-MILITARY-COMPANIES-OPERATING-IN-THE-UNITED-STATES-IN-ACCORDANCE-WITH-SECTION-1260H.PDF
China Airport Construction Group Corporation,China Airport Construction Group Corporation,,,China Communications Construction Group (Limited) ,,2026-06-08,,https://media.defense.gov/2026/Jun/08/2003945537/-1/-1/1/ENTITIES-IDENTIFIED-AS-CHINESE-MILITARY-COMPANIES-OPERATING-IN-THE-UNITED-STATES-IN-ACCORDANCE-WITH-SECTION-1260H.PDF
"China Communications Construction (USA) Co., Ltd.","China Communications Construction (USA) Co., Ltd.",,,China Communications Construction Group (Limited) ,,2026-06-08,,https://media.defense.gov/2026/Jun/08/2003945537/-1/-1/1/ENTITIES-IDENTIFIED-AS-CHINESE-MILITARY-COMPANIES-OPERATING-IN-THE-UNITED-STATES-IN-ACCORDANCE-WITH-SECTION-1260H.PDF
China Communications Construction Company Limited (CCCC),China Communications Construction Company Limited,CCCC,,China Communications Construction Group (Limited) ,,2026-06-08,,https://media.defense.gov/2026/Jun/08/2003945537/-1/-1/1/ENTITIES-IDENTIFIED-AS-CHINESE-MILITARY-COMPANIES-OPERATING-IN-THE-UNITED-STATES-IN-ACCORDANCE-WITH-SECTION-1260H.PDF
"China Transportation Materials Co., Ltd.","China Transportation Materials Co., Ltd.",,,China Communications Construction Group (Limited) ,,2026-06-08,,https://media.defense.gov/2026/Jun/08/2003945537/-1/-1/1/ENTITIES-IDENTIFIED-AS-CHINESE-MILITARY-COMPANIES-OPERATING-IN-THE-UNITED-STATES-IN-ACCORDANCE-WITH-SECTION-1260H.PDF
John Holland Group Pty Ltd.,John Holland Group Pty Ltd.,,,China Communications Construction Group (Limited) ,,2026-06-08,,https://media.defense.gov/2026/Jun/08/2003945537/-1/-1/1/ENTITIES-IDENTIFIED-AS-CHINESE-MILITARY-COMPANIES-OPERATING-IN-THE-UNITED-STATES-IN-ACCORDANCE-WITH-SECTION-1260H.PDF
John Holland Services Pty Ltd.,John Holland Services Pty Ltd.,,,China Communications Construction Group (Limited) ,,2026-06-08,,https://media.defense.gov/2026/Jun/08/2003945537/-1/-1/1/ENTITIES-IDENTIFIED-AS-CHINESE-MILITARY-COMPANIES-OPERATING-IN-THE-UNITED-STATES-IN-ACCORDANCE-WITH-SECTION-1260H.PDF
Shanghai Zhenhua Shipping Co. Ltd.,Shanghai Zhenhua Shipping Co. Ltd.,,,China Communications Construction Group (Limited) ,,2026-06-08,,https://media.defense.gov/2026/Jun/08/2003945537/-1/-1/1/ENTITIES-IDENTIFIED-AS-CHINESE-MILITARY-COMPANIES-OPERATING-IN-THE-UNITED-STATES-IN-ACCORDANCE-WITH-SECTION-1260H.PDF
"ZPMC North America, Inc.","ZPMC North America, Inc.",,,China Communications Construction Group (Limited) ,,2026-06-08,,https://media.defense.gov/2026/Jun/08/2003945537/-1/-1/1/ENTITIES-IDENTIFIED-AS-CHINESE-MILITARY-COMPANIES-OPERATING-IN-THE-UNITED-STATES-IN-ACCORDANCE-WITH-SECTION-1260H.PDF
"China Construction Technology Co., Ltd. (CCTC)","China Construction Technology Co., Ltd.",CCTC,,,CCTC is directly controlled by SASAC (Section 1260H(g)(2)(B)(i)(I)).,2026-06-08,,https://media.defense.gov/2026/Jun/08/2003945537/-1/-1/1/ENTITIES-IDENTIFIED-AS-CHINESE-MILITARY-COMPANIES-OPERATING-IN-THE-UNITED-STATES-IN-ACCORDANCE-WITH-SECTION-1260H.PDF
China COSCO SHIPPING Corporation Limited (COSCO SHIPPING),China COSCO SHIPPING Corporation Limited,COSCO SHIPPING,,,"COSCO SHIPPING is directly owned and controlled by SASAC; it officially acts on
behalf of the PLA; and it is indirectly affiliated with SASTIND (Section
1260H(g)(2)(B)(i)(I)). COSCO SHIPPING is a military-civil fusion contributor to the
Chinese defense industrial base because it knowingly received assistance from the
Government of China through science, technology, research, and industrial efforts
initiated, granted, or created by, or provided under, or related to, the Chinese military
industrial planning apparatus, or in furtherance of Chinese military industrial planning
objectives (Section 1260H(g)(3)(A)).",2026-06-08,,https://media.defense.gov/2026/Jun/08/2003945537/-1/-1/1/ENTITIES-IDENTIFIED-AS-CHINESE-MILITARY-COMPANIES-OPERATING-IN-THE-UNITED-STATES-IN-ACCORDANCE-WITH-SECTION-1260H.PDF
China Ocean Shipping Company Ltd.,China Ocean Shipping Company Ltd.,,,China COSCO SHIPPING Corporation Limited ,,2026-06-08,,https://media.defense.gov/2026/Jun/08/2003945537/-1/-1/1/ENTITIES-IDENTIFIED-AS-CHINESE-MILITARY-COMPANIES-OPERATING-IN-THE-UNITED-STATES-IN-ACCORDANCE-WITH-SECTION-1260H.PDF
COSCO SHIPPING (North America) Inc.,COSCO SHIPPING (North America) Inc.,,,China COSCO SHIPPING Corporation Limited ,,2026-06-08,,https://media.defense.gov/2026/Jun/08/2003945537/-1/-1/1/ENTITIES-IDENTIFIED-AS-CHINESE-MILITARY-COMPANIES-OPERATING-IN-THE-UNITED-STATES-IN-ACCORDANCE-WITH-SECTION-1260H.PDF
"COSCO SHIPPING Logistics Supply Chain Co., Ltd.","COSCO SHIPPING Logistics Supply Chain Co., Ltd.",,,China COSCO SHIPPING Corporation Limited ,,2026-06-08,,https://media.defense.gov/2026/Jun/08/2003945537/-1/-1/1/ENTITIES-IDENTIFIED-AS-CHINESE-MILITARY-COMPANIES-OPERATING-IN-THE-UNITED-STATES-IN-ACCORDANCE-WITH-SECTION-1260H.PDF
Shanghai Ship and Shipping Research,Shanghai Ship and Shipping Research,,,China COSCO SHIPPING Corporation Limited ,,2026-06-08,,https://media.defense.gov/2026/Jun/08/2003945537/-1/-1/1/ENTITIES-IDENTIFIED-AS-CHINESE-MILITARY-COMPANIES-OPERATING-IN-THE-UNITED-STATES-IN-ACCORDANCE-WITH-SECTION-1260H.PDF
China Electronics Corporation (CEC),China Electronics Corporation,CEC,,,CEC is directly owned and controlled by SASAC (Section 1260H(g)(2)(B)(i)(I)).,2026-06-08,,https://media.defense.gov/2026/Jun/08/2003945537/-1/-1/1/ENTITIES-IDENTIFIED-AS-CHINESE-MILITARY-COMPANIES-OPERATING-IN-THE-UNITED-STATES-IN-ACCORDANCE-WITH-SECTION-1260H.PDF
China Information Security Research Institute,China Information Security Research Institute,,,China Electronics Corporation,,2026-06-08,,https://media.defense.gov/2026/Jun/08/2003945537/-1/-1/1/ENTITIES-IDENTIFIED-AS-CHINESE-MILITARY-COMPANIES-OPERATING-IN-THE-UNITED-STATES-IN-ACCORDANCE-WITH-SECTION-1260H.PDF
"IRICO Group Company, Ltd.","IRICO Group Company, Ltd.",,,China Electronics Corporation,,2026-06-08,,https://media.defense.gov/2026/Jun/08/2003945537/-1/-1/1/ENTITIES-IDENTIFIED-AS-CHINESE-MILITARY-COMPANIES-OPERATING-IN-THE-UNITED-STATES-IN-ACCORDANCE-WITH-SECTION-1260H.PDF
"Shenzhen CEC Blue Ocean Holdings Co., Ltd.","Shenzhen CEC Blue Ocean Holdings Co., Ltd.",,,China Electronics Corporation,,2026-06-08,,https://media.defense.gov/2026/Jun/08/2003945537/-1/-1/1/ENTITIES-IDENTIFIED-AS-CHINESE-MILITARY-COMPANIES-OPERATING-IN-THE-UNITED-STATES-IN-ACCORDANCE-WITH-SECTION-1260H.PDF
The 6th Research Institute of CEC,The 6th Research Institute of CEC,,,China Electronics Corporation,,2026-06-08,,https://media.defense.gov/2026/Jun/08/2003945537/-1/-1/1/ENTITIES-IDENTIFIED-AS-CHINESE-MILITARY-COMPANIES-OPERATING-IN-THE-UNITED-STATES-IN-ACCORDANCE-WITH-SECTION-1260H.PDF
China Electronics Technology Group Corporation (CETC),China Electronics Technology Group Corporation,CETC,,,"CETC is directly owned and controlled by SASAC, is directly affiliated with MIIT and
SASTIND and it is indirectly affiliated with MIITand the PLA (Section
1260H(g)(2)(B)(i)(I)). CETC is a military-civil fusion contributor to the Chinese defense
industrial base because it is affiliated with MIIT, SASTIND, and the PLA (Sections
1260H(g)(3)(B)(i), (iii), and (v)).",2026-06-08,,https://media.defense.gov/2026/Jun/08/2003945537/-1/-1/1/ENTITIES-IDENTIFIED-AS-CHINESE-MILITARY-COMPANIES-OPERATING-IN-THE-UNITED-STATES-IN-ACCORDANCE-WITH-SECTION-1260H.PDF
14th Research Institute of CETC,14th Research Institute of CETC,,,China Electronics Technology Group Corporation,,2026-06-08,,https://media.defense.gov/2026/Jun/08/2003945537/-1/-1/1/ENTITIES-IDENTIFIED-AS-CHINESE-MILITARY-COMPANIES-OPERATING-IN-THE-UNITED-STATES-IN-ACCORDANCE-WITH-SECTION-1260H.PDF
15th Research Institute of CETC,15th Research Institute of CETC,,,China Electronics Technology Group Corporation,,2026-06-08,,https://media.defense.gov/2026/Jun/08/2003945537/-1/-1/1/ENTITIES-IDENTIFIED-AS-CHINESE-MILITARY-COMPANIES-OPERATING-IN-THE-UNITED-STATES-IN-ACCORDANCE-WITH-SECTION-1260H.PDF
CETC Research Institute 32,CETC Research Institute 32,,,China Electronics Technology Group Corporation,,2026-06-08,,https://media.defense.gov/2026/Jun/08/2003945537/-1/-1/1/ENTITIES-IDENTIFIED-AS-CHINESE-MILITARY-COMPANIES-OPERATING-IN-THE-UNITED-STATES-IN-ACCORDANCE-WITH-SECTION-1260H.PDF
China General Nuclear Power Corporation (CGN),China General Nuclear Power Corporation,CGN,,,CGN is directly owned and controlled by SASAC (Section 1260H(g)(2)(B)(i)(I)).,2026-06-08,,https://media.defense.gov/2026/Jun/08/2003945537/-1/-1/1/ENTITIES-IDENTIFIED-AS-CHINESE-MILITARY-COMPANIES-OPERATING-IN-THE-UNITED-STATES-IN-ACCORDANCE-WITH-SECTION-1260H.PDF
"China International Marine Containers (Group) Co., Ltd. (CIMC)","China International Marine Containers (Group) Co., Ltd.",CIMC,,,"CIMC is indirectly owned by SASAC and is indirectly affiliated with MIIT (Section
1260H(g)(2)(B)(i)(I)).",2026-06-08,,https://media.defense.gov/2026/Jun/08/2003945537/-1/-1/1/ENTITIES-IDENTIFIED-AS-CHINESE-MILITARY-COMPANIES-OPERATING-IN-THE-UNITED-STATES-IN-ACCORDANCE-WITH-SECTION-1260H.PDF
"China Mobile Communications Group Co., Ltd. (China Mobile Comm)","China Mobile Communications Group Co., Ltd.",China Mobile Comm,,,"China Mobile Comm is directly owned and controlled by SASAC (Section
1260H(g)(2)(B)(i)(I)).",2026-06-08,,https://media.defense.gov/2026/Jun/08/2003945537/-1/-1/1/ENTITIES-IDENTIFIED-AS-CHINESE-MILITARY-COMPANIES-OPERATING-IN-THE-UNITED-STATES-IN-ACCORDANCE-WITH-SECTION-1260H.PDF
Aspire Technologies (Shenzhen) Limited,Aspire Technologies (Shenzhen) Limited,,,"China Mobile Communications Group Co., Ltd.",,2026-06-08,,https://media.defense.gov/2026/Jun/08/2003945537/-1/-1/1/ENTITIES-IDENTIFIED-AS-CHINESE-MILITARY-COMPANIES-OPERATING-IN-THE-UNITED-STATES-IN-ACCORDANCE-WITH-SECTION-1260H.PDF
China Mobile Hong Kong (BVI) Limited,China Mobile Hong Kong (BVI) Limited,,,"China Mobile Communications Group Co., Ltd.",,2026-06-08,,https://media.defense.gov/2026/Jun/08/2003945537/-1/-1/1/ENTITIES-IDENTIFIED-AS-CHINESE-MILITARY-COMPANIES-OPERATING-IN-THE-UNITED-STATES-IN-ACCORDANCE-WITH-SECTION-1260H.PDF
China Mobile Limited (China Mobile),China Mobile Limited,China Mobile,,"China Mobile Communications Group Co., Ltd.",,2026-06-08,,https://media.defense.gov/2026/Jun/08/2003945537/-1/-1/1/ENTITIES-IDENTIFIED-AS-CHINESE-MILITARY-COMPANIES-OPERATING-IN-THE-UNITED-STATES-IN-ACCORDANCE-WITH-SECTION-1260H.PDF
China National Chemical Corporation Ltd. (ChemChina),China National Chemical Corporation Ltd.,ChemChina,,,ChemChina is indirectly owned by SASAC (Section 1260H(g)(2)(B)(i)(I)).,2026-06-08,,https://media.defense.gov/2026/Jun/08/2003945537/-1/-1/1/ENTITIES-IDENTIFIED-AS-CHINESE-MILITARY-COMPANIES-OPERATING-IN-THE-UNITED-STATES-IN-ACCORDANCE-WITH-SECTION-1260H.PDF
China National Chemical Engineering Group Corporation (CNCEC),China National Chemical Engineering Group Corporation,CNCEC,,,CNCEC is directly owned and controlled by SASAC (Section 1260H(g)(2)(B)(i)(I)).,2026-06-08,,https://media.defense.gov/2026/Jun/08/2003945537/-1/-1/1/ENTITIES-IDENTIFIED-AS-CHINESE-MILITARY-COMPANIES-OPERATING-IN-THE-UNITED-STATES-IN-ACCORDANCE-WITH-SECTION-1260H.PDF
China National Nuclear Corporation (CNNC),China National Nuclear Corporation,CNNC,,,"CNNC is directly owned and controlled by SASAC and is affiliated with the PLA and
SASTIND (Section 1260H(g)(2)(B)(i)(I)).",2026-06-08,,https://media.defense.gov/2026/Jun/08/2003945537/-1/-1/1/ENTITIES-IDENTIFIED-AS-CHINESE-MILITARY-COMPANIES-OPERATING-IN-THE-UNITED-STATES-IN-ACCORDANCE-WITH-SECTION-1260H.PDF
China National Offshore Oil Corporation (CNOOC),China National Offshore Oil Corporation,CNOOC,,,CNOOC is directly owned and controlled by SASAC (Section 1260H(g)(2)(B)(i)(I)).,2026-06-08,,https://media.defense.gov/2026/Jun/08/2003945537/-1/-1/1/ENTITIES-IDENTIFIED-AS-CHINESE-MILITARY-COMPANIES-OPERATING-IN-THE-UNITED-STATES-IN-ACCORDANCE-WITH-SECTION-1260H.PDF
China BlueChemical Limited,China BlueChemical Limited,,,China National Offshore Oil Corporation,,2026-06-08,,https://media.defense.gov/2026/Jun/08/2003945537/-1/-1/1/ENTITIES-IDENTIFIED-AS-CHINESE-MILITARY-COMPANIES-OPERATING-IN-THE-UNITED-STATES-IN-ACCORDANCE-WITH-SECTION-1260H.PDF
China North Industries Group Corporation Limited (Norinco Group),China North Industries Group Corporation Limited,Norinco Group,,,"Norinco Group is directly owned and controlled by SASAC and is directly affiliated with
SASTIND and the PLA (Section 1260H(g)(2)(B)(i)(I)). Norinco Group is a military-civil
fusion contributor to the Chinese defense industrial base because it is affiliated with
SASAC (Section 1260H(g)(3)(B)(ii)).",2026-06-08,,https://media.defense.gov/2026/Jun/08/2003945537/-1/-1/1/ENTITIES-IDENTIFIED-AS-CHINESE-MILITARY-COMPANIES-OPERATING-IN-THE-UNITED-STATES-IN-ACCORDANCE-WITH-SECTION-1260H.PDF
"China North Chemical Research Academy Group Co., Ltd.","China North Chemical Research Academy Group Co., Ltd.",,,China North Industries Group Corporation Limited,,2026-06-08,,https://media.defense.gov/2026/Jun/08/2003945537/-1/-1/1/ENTITIES-IDENTIFIED-AS-CHINESE-MILITARY-COMPANIES-OPERATING-IN-THE-UNITED-STATES-IN-ACCORDANCE-WITH-SECTION-1260H.PDF
Chinese Academy of Ordnance Science,Chinese Academy of Ordnance Science,,,China North Industries Group Corporation Limited,,2026-06-08,,https://media.defense.gov/2026/Jun/08/2003945537/-1/-1/1/ENTITIES-IDENTIFIED-AS-CHINESE-MILITARY-COMPANIES-OPERATING-IN-THE-UNITED-STATES-IN-ACCORDANCE-WITH-SECTION-1260H.PDF
Harbin First Machinery Group Ltd.,Harbin First Machinery Group Ltd.,,,China North Industries Group Corporation Limited,,2026-06-08,,https://media.defense.gov/2026/Jun/08/2003945537/-1/-1/1/ENTITIES-IDENTIFIED-AS-CHINESE-MILITARY-COMPANIES-OPERATING-IN-THE-UNITED-STATES-IN-ACCORDANCE-WITH-SECTION-1260H.PDF
"Inner Mongolia First Machinery Group Co., Ltd.","Inner Mongolia First Machinery Group Co., Ltd.",,,China North Industries Group Corporation Limited,,2026-06-08,,https://media.defense.gov/2026/Jun/08/2003945537/-1/-1/1/ENTITIES-IDENTIFIED-AS-CHINESE-MILITARY-COMPANIES-OPERATING-IN-THE-UNITED-STATES-IN-ACCORDANCE-WITH-SECTION-1260H.PDF
Kiekert USA Inc.,Kiekert USA Inc.,,,China North Industries Group Corporation Limited,,2026-06-08,,https://media.defense.gov/2026/Jun/08/2003945537/-1/-1/1/ENTITIES-IDENTIFIED-AS-CHINESE-MILITARY-COMPANIES-OPERATING-IN-THE-UNITED-STATES-IN-ACCORDANCE-WITH-SECTION-1260H.PDF
Merit Automotive Electronics Systems S.L.U,Merit Automotive Electronics Systems S.L.U,,,China North Industries Group Corporation Limited,,2026-06-08,,https://media.defense.gov/2026/Jun/08/2003945537/-1/-1/1/ENTITIES-IDENTIFIED-AS-CHINESE-MILITARY-COMPANIES-OPERATING-IN-THE-UNITED-STATES-IN-ACCORDANCE-WITH-SECTION-1260H.PDF
North Petroleum International Company Limited,North Petroleum International Company Limited,,,China North Industries Group Corporation Limited,,2026-06-08,,https://media.defense.gov/2026/Jun/08/2003945537/-1/-1/1/ENTITIES-IDENTIFIED-AS-CHINESE-MILITARY-COMPANIES-OPERATING-IN-THE-UNITED-STATES-IN-ACCORDANCE-WITH-SECTION-1260H.PDF
"Yunnan Yuanjin Optical Instrument Co., Ltd.","Yunnan Yuanjin Optical Instrument Co., Ltd.",,,China North Industries Group Corporation Limited,,2026-06-08,,https://media.defense.gov/2026/Jun/08/2003945537/-1/-1/1/ENTITIES-IDENTIFIED-AS-CHINESE-MILITARY-COMPANIES-OPERATING-IN-THE-UNITED-STATES-IN-ACCORDANCE-WITH-SECTION-1260H.PDF
China South Industries Group Corporation (CSGC),China South Industries Group Corporation,CSGC,,,CSGC is directly owned and controlled by SASAC (Section 1260H(g)(2)(B)(i)(I)).,2026-06-08,,https://media.defense.gov/2026/Jun/08/2003945537/-1/-1/1/ENTITIES-IDENTIFIED-AS-CHINESE-MILITARY-COMPANIES-OPERATING-IN-THE-UNITED-STATES-IN-ACCORDANCE-WITH-SECTION-1260H.PDF
"Baoding Tianwei Baobian Electric Co., Ltd.","Baoding Tianwei Baobian Electric Co., Ltd.",,,China South Industries Group Corporation,,2026-06-08,,https://media.defense.gov/2026/Jun/08/2003945537/-1/-1/1/ENTITIES-IDENTIFIED-AS-CHINESE-MILITARY-COMPANIES-OPERATING-IN-THE-UNITED-STATES-IN-ACCORDANCE-WITH-SECTION-1260H.PDF
"Beijing Beiji Mechanical and Electrical Industry Co., Ltd.","Beijing Beiji Mechanical and Electrical Industry Co., Ltd.",,,China South Industries Group Corporation,,2026-06-08,,https://media.defense.gov/2026/Jun/08/2003945537/-1/-1/1/ENTITIES-IDENTIFIED-AS-CHINESE-MILITARY-COMPANIES-OPERATING-IN-THE-UNITED-STATES-IN-ACCORDANCE-WITH-SECTION-1260H.PDF
"Changan US R&D Center, Inc.","Changan US R&D Center, Inc.",,,China South Industries Group Corporation,,2026-06-08,,https://media.defense.gov/2026/Jun/08/2003945537/-1/-1/1/ENTITIES-IDENTIFIED-AS-CHINESE-MILITARY-COMPANIES-OPERATING-IN-THE-UNITED-STATES-IN-ACCORDANCE-WITH-SECTION-1260H.PDF
"China South Industries Group Corporation No. 59 Research Institute Co., Ltd.","China South Industries Group Corporation No. 59 Research Institute Co., Ltd.",,,China South Industries Group Corporation,,2026-06-08,,https://media.defense.gov/2026/Jun/08/2003945537/-1/-1/1/ENTITIES-IDENTIFIED-AS-CHINESE-MILITARY-COMPANIES-OPERATING-IN-THE-UNITED-STATES-IN-ACCORDANCE-WITH-SECTION-1260H.PDF
"Heilongjiang Northern Tools Co., Ltd.","Heilongjiang Northern Tools Co., Ltd.",,,China South Industries Group Corporation,,2026-06-08,,https://media.defense.gov/2026/Jun/08/2003945537/-1/-1/1/ENTITIES-IDENTIFIED-AS-CHINESE-MILITARY-COMPANIES-OPERATING-IN-THE-UNITED-STATES-IN-ACCORDANCE-WITH-SECTION-1260H.PDF
"Sichuan Jian’an Industry Co., Ltd.","Sichuan Jian’an Industry Co., Ltd.",,,China South Industries Group Corporation,,2026-06-08,,https://media.defense.gov/2026/Jun/08/2003945537/-1/-1/1/ENTITIES-IDENTIFIED-AS-CHINESE-MILITARY-COMPANIES-OPERATING-IN-THE-UNITED-STATES-IN-ACCORDANCE-WITH-SECTION-1260H.PDF
"China SpaceSat Co., Ltd. (China SpaceSat)","China SpaceSat Co., Ltd.",China SpaceSat,,,"China SpaceSat is indirectly owned by SASAC and is indirectly affiliated with the PLA
(Section 1260H(g)(2)(B)(i)(I)).",2026-06-08,,https://media.defense.gov/2026/Jun/08/2003945537/-1/-1/1/ENTITIES-IDENTIFIED-AS-CHINESE-MILITARY-COMPANIES-OPERATING-IN-THE-UNITED-STATES-IN-ACCORDANCE-WITH-SECTION-1260H.PDF
"Aerospace Star Space Technology Application Co., Ltd.","Aerospace Star Space Technology Application Co., Ltd.",,,"China SpaceSat Co., Ltd.",,2026-06-08,,https://media.defense.gov/2026/Jun/08/2003945537/-1/-1/1/ENTITIES-IDENTIFIED-AS-CHINESE-MILITARY-COMPANIES-OPERATING-IN-THE-UNITED-STATES-IN-ACCORDANCE-WITH-SECTION-1260H.PDF
"Oriental Blue Sky Titanium Technology Co., Ltd.","Oriental Blue Sky Titanium Technology Co., Ltd.",,,"China SpaceSat Co., Ltd.",,2026-06-08,,https://media.defense.gov/2026/Jun/08/2003945537/-1/-1/1/ENTITIES-IDENTIFIED-AS-CHINESE-MILITARY-COMPANIES-OPERATING-IN-THE-UNITED-STATES-IN-ACCORDANCE-WITH-SECTION-1260H.PDF
"Xi’an Aerospace Tianhua Data Technology Co., Ltd.","Xi’an Aerospace Tianhua Data Technology Co., Ltd.",,,"China SpaceSat Co., Ltd.",,2026-06-08,,https://media.defense.gov/2026/Jun/08/2003945537/-1/-1/1/ENTITIES-IDENTIFIED-AS-CHINESE-MILITARY-COMPANIES-OPERATING-IN-THE-UNITED-STATES-IN-ACCORDANCE-WITH-SECTION-1260H.PDF
China State Construction Engineering Corporation Limited (CSCEC),China State Construction Engineering Corporation Limited,CSCEC,,,CSCEC is indirectly owned by SASAC (Section 1260H(g)(2)(B)(i)(I)).,2026-06-08,,https://media.defense.gov/2026/Jun/08/2003945537/-1/-1/1/ENTITIES-IDENTIFIED-AS-CHINESE-MILITARY-COMPANIES-OPERATING-IN-THE-UNITED-STATES-IN-ACCORDANCE-WITH-SECTION-1260H.PDF
"China Construction America, Inc.","China Construction America, Inc.",,,China State Construction Engineering Corporation Limited,,2026-06-08,,https://media.defense.gov/2026/Jun/08/2003945537/-1/-1/1/ENTITIES-IDENTIFIED-AS-CHINESE-MILITARY-COMPANIES-OPERATING-IN-THE-UNITED-STATES-IN-ACCORDANCE-WITH-SECTION-1260H.PDF
China State Shipbuilding Corporation Limited (CSSC),China State Shipbuilding Corporation Limited,CSSC,,,CSSC is indirectly owned by SASAC (Section 1260H(g)(2)(B)(i)(I)).,2026-06-08,,https://media.defense.gov/2026/Jun/08/2003945537/-1/-1/1/ENTITIES-IDENTIFIED-AS-CHINESE-MILITARY-COMPANIES-OPERATING-IN-THE-UNITED-STATES-IN-ACCORDANCE-WITH-SECTION-1260H.PDF
"China Shipbuilding Trading Co., Ltd. (CSTC)","China Shipbuilding Trading Co., Ltd.",CSTC,,China State Shipbuilding Corporation Limited ,,2026-06-08,,https://media.defense.gov/2026/Jun/08/2003945537/-1/-1/1/ENTITIES-IDENTIFIED-AS-CHINESE-MILITARY-COMPANIES-OPERATING-IN-THE-UNITED-STATES-IN-ACCORDANCE-WITH-SECTION-1260H.PDF
"China Telecom Group Co., Ltd. (China Telecom)","China Telecom Group Co., Ltd.",China Telecom,,,"China Telecom is directly owned and controlled by SASAC (Section
1260H(g)(2)(B)(i)(I)).",2026-06-08,,https://media.defense.gov/2026/Jun/08/2003945537/-1/-1/1/ENTITIES-IDENTIFIED-AS-CHINESE-MILITARY-COMPANIES-OPERATING-IN-THE-UNITED-STATES-IN-ACCORDANCE-WITH-SECTION-1260H.PDF
China Telecom Corporation Limited,China Telecom Corporation Limited,,,"China Telecom Group Co., Ltd.",,2026-06-08,,https://media.defense.gov/2026/Jun/08/2003945537/-1/-1/1/ENTITIES-IDENTIFIED-AS-CHINESE-MILITARY-COMPANIES-OPERATING-IN-THE-UNITED-STATES-IN-ACCORDANCE-WITH-SECTION-1260H.PDF
"China Telecom Satellite Communications Co., Ltd.","China Telecom Satellite Communications Co., Ltd.",,,"China Telecom Group Co., Ltd.",,2026-06-08,,https://media.defense.gov/2026/Jun/08/2003945537/-1/-1/1/ENTITIES-IDENTIFIED-AS-CHINESE-MILITARY-COMPANIES-OPERATING-IN-THE-UNITED-STATES-IN-ACCORDANCE-WITH-SECTION-1260H.PDF
"New Guomai Digital Culture Co., Ltd.","New Guomai Digital Culture Co., Ltd.",,,"China Telecom Group Co., Ltd.",,2026-06-08,,https://media.defense.gov/2026/Jun/08/2003945537/-1/-1/1/ENTITIES-IDENTIFIED-AS-CHINESE-MILITARY-COMPANIES-OPERATING-IN-THE-UNITED-STATES-IN-ACCORDANCE-WITH-SECTION-1260H.PDF
"Tianyi Cloud Technology Co., Ltd.","Tianyi Cloud Technology Co., Ltd.",,,"China Telecom Group Co., Ltd.",,2026-06-08,,https://media.defense.gov/2026/Jun/08/2003945537/-1/-1/1/ENTITIES-IDENTIFIED-AS-CHINESE-MILITARY-COMPANIES-OPERATING-IN-THE-UNITED-STATES-IN-ACCORDANCE-WITH-SECTION-1260H.PDF
"Zhongjie Communications Co., Ltd.","Zhongjie Communications Co., Ltd.",,,"China Telecom Group Co., Ltd.",,2026-06-08,,https://media.defense.gov/2026/Jun/08/2003945537/-1/-1/1/ENTITIES-IDENTIFIED-AS-CHINESE-MILITARY-COMPANIES-OPERATING-IN-THE-UNITED-STATES-IN-ACCORDANCE-WITH-SECTION-1260H.PDF
China Three Gorges Corporation (CTG),China Three Gorges Corporation,CTG,,,CTG is directly owned and controlled by SASAC (Section 1260H(g)(2)(B)(i)(I)).,2026-06-08,,https://media.defense.gov/2026/Jun/08/2003945537/-1/-1/1/ENTITIES-IDENTIFIED-AS-CHINESE-MILITARY-COMPANIES-OPERATING-IN-THE-UNITED-STATES-IN-ACCORDANCE-WITH-SECTION-1260H.PDF
"China United Network Communications Group Co., Ltd. (China Unicom)","China United Network Communications Group Co., Ltd.",China Unicom,,,China Unicom is directly controlled by SASAC (Section 1260H(g)(2)(B)(i)(I)).,2026-06-08,,https://media.defense.gov/2026/Jun/08/2003945537/-1/-1/1/ENTITIES-IDENTIFIED-AS-CHINESE-MILITARY-COMPANIES-OPERATING-IN-THE-UNITED-STATES-IN-ACCORDANCE-WITH-SECTION-1260H.PDF
Beijing Telecom Planning and Designing Institute Company Limited,Beijing Telecom Planning and Designing Institute Company Limited,,,"China United Network Communications Group Co., Ltd. ",,2026-06-08,,https://media.defense.gov/2026/Jun/08/2003945537/-1/-1/1/ENTITIES-IDENTIFIED-AS-CHINESE-MILITARY-COMPANIES-OPERATING-IN-THE-UNITED-STATES-IN-ACCORDANCE-WITH-SECTION-1260H.PDF
"China Unicom (BVI) Co., Ltd.","China Unicom (BVI) Co., Ltd.",,,"China United Network Communications Group Co., Ltd. ",,2026-06-08,,https://media.defense.gov/2026/Jun/08/2003945537/-1/-1/1/ENTITIES-IDENTIFIED-AS-CHINESE-MILITARY-COMPANIES-OPERATING-IN-THE-UNITED-STATES-IN-ACCORDANCE-WITH-SECTION-1260H.PDF
China Unicom (Hong Kong) Limited,China Unicom (Hong Kong) Limited,,,"China United Network Communications Group Co., Ltd. ",,2026-06-08,,https://media.defense.gov/2026/Jun/08/2003945537/-1/-1/1/ENTITIES-IDENTIFIED-AS-CHINESE-MILITARY-COMPANIES-OPERATING-IN-THE-UNITED-STATES-IN-ACCORDANCE-WITH-SECTION-1260H.PDF
"China Unicom Group Corporation (BVI) Co., Ltd.","China Unicom Group Corporation (BVI) Co., Ltd.",,,"China United Network Communications Group Co., Ltd. ",,2026-06-08,,https://media.defense.gov/2026/Jun/08/2003945537/-1/-1/1/ENTITIES-IDENTIFIED-AS-CHINESE-MILITARY-COMPANIES-OPERATING-IN-THE-UNITED-STATES-IN-ACCORDANCE-WITH-SECTION-1260H.PDF
"China United Network Communications Co., Ltd.","China United Network Communications Co., Ltd.",,,"China United Network Communications Group Co., Ltd. ",,2026-06-08,,https://media.defense.gov/2026/Jun/08/2003945537/-1/-1/1/ENTITIES-IDENTIFIED-AS-CHINESE-MILITARY-COMPANIES-OPERATING-IN-THE-UNITED-STATES-IN-ACCORDANCE-WITH-SECTION-1260H.PDF
"CloudWalk Technology Co., Ltd. (CloudWalk)","CloudWalk Technology Co., Ltd.",CloudWalk,,,"CloudWalk is indirectly owned by and indirectly affiliated with SASAC (Section
1260H(g)(2)(B)(i)(I)). CloudWalk is a military-civil fusion contributor to the Chinese
defense industrial base because it knowingly received assistance from the Government of
China through science, technology, or industrial efforts initiated, granted, or created by,
or provided under, or related to, the Chinese military planning apparatus or in furtherance
of Chinese military industrial planning objectives through its designation as a “Little
Giant” (Section 1260H(g)(3)(A)).",2026-06-08,,https://media.defense.gov/2026/Jun/08/2003945537/-1/-1/1/ENTITIES-IDENTIFIED-AS-CHINESE-MILITARY-COMPANIES-OPERATING-IN-THE-UNITED-STATES-IN-ACCORDANCE-WITH-SECTION-1260H.PDF
Commercial Aircraft Corporation of China Limited (COMAC),Commercial Aircraft Corporation of China Limited,COMAC,,,"COMAC is directly owned and controlled by SASAC and is directly affiliated with MIIT
(Section 1260H(g)(2)(B)(i)(I)).",2026-06-08,,https://media.defense.gov/2026/Jun/08/2003945537/-1/-1/1/ENTITIES-IDENTIFIED-AS-CHINESE-MILITARY-COMPANIES-OPERATING-IN-THE-UNITED-STATES-IN-ACCORDANCE-WITH-SECTION-1260H.PDF
Beijing Aeronautical Science & Technology Research Institute,Beijing Aeronautical Science & Technology Research Institute,,,Commercial Aircraft Corporation of China Limited,,2026-06-08,,https://media.defense.gov/2026/Jun/08/2003945537/-1/-1/1/ENTITIES-IDENTIFIED-AS-CHINESE-MILITARY-COMPANIES-OPERATING-IN-THE-UNITED-STATES-IN-ACCORDANCE-WITH-SECTION-1260H.PDF
COMAC America Corporation,COMAC America Corporation,,,Commercial Aircraft Corporation of China Limited,,2026-06-08,,https://media.defense.gov/2026/Jun/08/2003945537/-1/-1/1/ENTITIES-IDENTIFIED-AS-CHINESE-MILITARY-COMPANIES-OPERATING-IN-THE-UNITED-STATES-IN-ACCORDANCE-WITH-SECTION-1260H.PDF
Shanghai Aircraft Design and Research Institute,Shanghai Aircraft Design and Research Institute,,,Commercial Aircraft Corporation of China Limited,,2026-06-08,,https://media.defense.gov/2026/Jun/08/2003945537/-1/-1/1/ENTITIES-IDENTIFIED-AS-CHINESE-MILITARY-COMPANIES-OPERATING-IN-THE-UNITED-STATES-IN-ACCORDANCE-WITH-SECTION-1260H.PDF
"Shanghai Aircraft Manufacturing Co., Ltd.","Shanghai Aircraft Manufacturing Co., Ltd.",,,Commercial Aircraft Corporation of China Limited,,2026-06-08,,https://media.defense.gov/2026/Jun/08/2003945537/-1/-1/1/ENTITIES-IDENTIFIED-AS-CHINESE-MILITARY-COMPANIES-OPERATING-IN-THE-UNITED-STATES-IN-ACCORDANCE-WITH-SECTION-1260H.PDF
"Contemporary Amperex Technology Co., Ltd. (CATL)","Contemporary Amperex Technology Co., Ltd.",CATL,,,"CATL is indirectly affiliated with MIIT and is directly and indirectly affiliated with
SASAC (Section 1260H(g)(2)(B)(i)(I)).",2026-06-08,,https://media.defense.gov/2026/Jun/08/2003945537/-1/-1/1/ENTITIES-IDENTIFIED-AS-CHINESE-MILITARY-COMPANIES-OPERATING-IN-THE-UNITED-STATES-IN-ACCORDANCE-WITH-SECTION-1260H.PDF
CRRC Corporation Limited (CRRC),CRRC Corporation Limited,CRRC,,,CRRC is indirectly owned by SASAC (Section 1260H(g)(2)(B)(i)(I)).,2026-06-08,,https://media.defense.gov/2026/Jun/08/2003945537/-1/-1/1/ENTITIES-IDENTIFIED-AS-CHINESE-MILITARY-COMPANIES-OPERATING-IN-THE-UNITED-STATES-IN-ACCORDANCE-WITH-SECTION-1260H.PDF
CSSC Offshore & Marine Engineering (Group) Company Limited (COMEC),CSSC Offshore & Marine Engineering (Group) Company Limited,COMEC,,,"COMEC is indirectly owned by SASAC and is directly affiliated with the PLA (Section
1260H(g)(2)(B)(i)(I)).",2026-06-08,,https://media.defense.gov/2026/Jun/08/2003945537/-1/-1/1/ENTITIES-IDENTIFIED-AS-CHINESE-MILITARY-COMPANIES-OPERATING-IN-THE-UNITED-STATES-IN-ACCORDANCE-WITH-SECTION-1260H.PDF
"Guangzhou Wenchuan Heavy Industry Co., Ltd.","Guangzhou Wenchuan Heavy Industry Co., Ltd.",,,CSSC Offshore & Marine Engineering (Group) Company Limited,,2026-06-08,,https://media.defense.gov/2026/Jun/08/2003945537/-1/-1/1/ENTITIES-IDENTIFIED-AS-CHINESE-MILITARY-COMPANIES-OPERATING-IN-THE-UNITED-STATES-IN-ACCORDANCE-WITH-SECTION-1260H.PDF
"Huacheng (Tianjin) Ship Leasing Co., Ltd.","Huacheng (Tianjin) Ship Leasing Co., Ltd.",,,CSSC Offshore & Marine Engineering (Group) Company Limited,,2026-06-08,,https://media.defense.gov/2026/Jun/08/2003945537/-1/-1/1/ENTITIES-IDENTIFIED-AS-CHINESE-MILITARY-COMPANIES-OPERATING-IN-THE-UNITED-STATES-IN-ACCORDANCE-WITH-SECTION-1260H.PDF
"Dawning Information Industry Co., Ltd. (Sugon)","Dawning Information Industry Co., Ltd. (Sugon)",,,,"Sugon is indirectly affiliated with MIIT, SASAC, and the PLA (Section
1260H(g)(2)(B)(i)(I)).",2026-06-08,,https://media.defense.gov/2026/Jun/08/2003945537/-1/-1/1/ENTITIES-IDENTIFIED-AS-CHINESE-MILITARY-COMPANIES-OPERATING-IN-THE-UNITED-STATES-IN-ACCORDANCE-WITH-SECTION-1260H.PDF
"EVE Energy Co., Ltd.","EVE Energy Co., Ltd.",,,,"EVE Energy is directly and indirectly affiliated with SASAC (Section
1260H(g)(2)(B)(i)(I)). EVE Energy is a military-civil fusion contributor to the Chinese
defense industrial base because it knowingly received assistance from the Government of
China through science, technology, research, or industrial efforts initiated, granted, or
created by, or provided under, or related to, the Chinese military industrial planning
apparatus, or in furtherance of Chinese military industrial planning objectives, through its
selection as a “Single Champion” (Section 1260H(g)(3)(A)).",2026-06-08,,https://media.defense.gov/2026/Jun/08/2003945537/-1/-1/1/ENTITIES-IDENTIFIED-AS-CHINESE-MILITARY-COMPANIES-OPERATING-IN-THE-UNITED-STATES-IN-ACCORDANCE-WITH-SECTION-1260H.PDF
"Global Tone Communication Technology Co., Ltd. (GTCOM)","Global Tone Communication Technology Co., Ltd.",GTCOM,,,"GTCOM is indirectly affiliated with SASAC and MIIT (Section 1260H(g)(2)(B)(i)(I)).
GTCOM is a military-civil fusion contributor to the Chinese defense industrial base
because it knowingly received assistance from the Government of China through science,
technology, or industrial efforts initiated, granted, or created by, or provided under, or
related to, the Chinese military planning apparatus or in furtherance of Chinese military
industrial planning objectives through its designation as a “Little Giant” (Section
1260H(g)(3)(A)).",2026-06-08,,https://media.defense.gov/2026/Jun/08/2003945537/-1/-1/1/ENTITIES-IDENTIFIED-AS-CHINESE-MILITARY-COMPANIES-OPERATING-IN-THE-UNITED-STATES-IN-ACCORDANCE-WITH-SECTION-1260H.PDF
GTCOM Technology Corporation (GTCOM-US),GTCOM Technology Corporation,GTCOM-US,,"Global Tone Communication Technology Co., Ltd.",,2026-06-08,,https://media.defense.gov/2026/Jun/08/2003945537/-1/-1/1/ENTITIES-IDENTIFIED-AS-CHINESE-MILITARY-COMPANIES-OPERATING-IN-THE-UNITED-STATES-IN-ACCORDANCE-WITH-SECTION-1260H.PDF
"Guizhou Aviation Technical Development Co., Ltd. (Guizhou Aviation Tech)","Guizhou Aviation Technical Development Co., Ltd.",Guizhou Aviation Tech,,,"Guizhou Aviation Tech is indirectly affiliated with SASAC (Section
1260H(g)(2)(B)(i)(I)). Guizhou Aviation Tech is a military-civil fusion contributor to the
Chinese defense industrial base because it knowingly received assistance from the
Government of China through science, technology, or industrial efforts initiated, granted,
or created by, or provided under, or related to, the Chinese military planning apparatus or
in furtherance of Chinese military industrial planning objectives through its designations
as a “Little Giant” and a “Single Champion” (Section 1260H(g)(3)(A)).",2026-06-08,,https://media.defense.gov/2026/Jun/08/2003945537/-1/-1/1/ENTITIES-IDENTIFIED-AS-CHINESE-MILITARY-COMPANIES-OPERATING-IN-THE-UNITED-STATES-IN-ACCORDANCE-WITH-SECTION-1260H.PDF
"Hangzhou Hikvision Digital Technology Co., Ltd. (Hikvision)","Hangzhou Hikvision Digital Technology Co., Ltd.",Hikvision,,,"Hikvision is indirectly owned by SASAC and is directly affiliated with the PLA (Section
1260H(g)(2)(B)(i)(I)). Hikvision is a military-civil fusion contributor to the Chinese
defense industrial base because it receives funding from the Government of China
through science, technology, or industrial efforts initiated, granted, or created by, or
provided under, or related to, the Chinese military industrial planning apparatus or in
furtherance of Chinese military industrial planning objectives through its designation as a
“Single Champion” (Section 1260H(g)(3)(A)).",2026-06-08,,https://media.defense.gov/2026/Jun/08/2003945537/-1/-1/1/ENTITIES-IDENTIFIED-AS-CHINESE-MILITARY-COMPANIES-OPERATING-IN-THE-UNITED-STATES-IN-ACCORDANCE-WITH-SECTION-1260H.PDF
"Hangzhou Yushu Technology Co., Ltd. (Unitree)","Hangzhou Yushu Technology Co., Ltd.",Unitree,,,"Unitree is indirectly owned by and indirectly affiliated with SASAC (Section
1260H(g)(2)(B)(i)(I)). Unitree is a military-civil fusion contributor to the Chinese
defense industrial base because it knowingly received assistance from the Government of
China through science, technology, or industrial efforts initiated, granted, or created by,
or provided under, or related to, the Chinese military planning apparatus or in furtherance
of Chinese military industrial planning objectives through its designation as a “Little
Giant” (Section 1260H(g)(3)(A)).",2026-06-08,,https://media.defense.gov/2026/Jun/08/2003945537/-1/-1/1/ENTITIES-IDENTIFIED-AS-CHINESE-MILITARY-COMPANIES-OPERATING-IN-THE-UNITED-STATES-IN-ACCORDANCE-WITH-SECTION-1260H.PDF
"Hesai Group (also known as Hesai Technology Co., Ltd.)",Hesai Group,"Hesai Technology Co., Ltd.",,,"Hesai Group is directly affiliated with MIIT and is indirectly affiliated with SASAC of
the State Council and the PLA (Section 1260H(g)(2)(B)(i)(I)). Hesai Group is a military-
civil fusion contributor to the Chinese defense industrial base because it knowingly
received assistance from the Government of China through science, technology, or
industrial efforts initiated, granted, or created by, or provided under, or related to, the
Chinese military planning apparatus or in furtherance of Chinese military industrial
planning objectives through its designation as a “Little Giant;” it is affiliated with the
MIIT; and it resides in a military-civil fusion enterprise zone (Sections 1260H(g)(3)(A),
(g)(3)(B)(i), and (g)(3)(E)).",2026-06-08,,https://media.defense.gov/2026/Jun/08/2003945537/-1/-1/1/ENTITIES-IDENTIFIED-AS-CHINESE-MILITARY-COMPANIES-OPERATING-IN-THE-UNITED-STATES-IN-ACCORDANCE-WITH-SECTION-1260H.PDF
"Huawei Investment & Holding Co., Ltd. (Huawei Holding)","Huawei Investment & Holding Co., Ltd.",Huawei Holding,,,"Huawei Holding is indirectly affiliated with SASAC and is directly affiliated with MIIT
(Section 1260H(g)(2)(B)(i)(I)).",2026-06-08,,https://media.defense.gov/2026/Jun/08/2003945537/-1/-1/1/ENTITIES-IDENTIFIED-AS-CHINESE-MILITARY-COMPANIES-OPERATING-IN-THE-UNITED-STATES-IN-ACCORDANCE-WITH-SECTION-1260H.PDF
"Huawei Technologies Co., Ltd. (Huawei)","Huawei Technologies Co., Ltd.",Huawei,,"Huawei Investment & Holding Co., Ltd.",,2026-06-08,,https://media.defense.gov/2026/Jun/08/2003945537/-1/-1/1/ENTITIES-IDENTIFIED-AS-CHINESE-MILITARY-COMPANIES-OPERATING-IN-THE-UNITED-STATES-IN-ACCORDANCE-WITH-SECTION-1260H.PDF
"Inspur Group Co., Ltd. (Inspur)","Inspur Group Co., Ltd.",Inspur,,,"Inspur is indirectly affiliated with MIIT and SASTIND (Section 1260H(g)(2)(B)(i)(I)).
Inspur is a military-civil fusion contributor because it is affiliated with MIIT and SASAC
(Sections 1260H(g)(3)(B)(i) and (g)(3)(B)(ii)).",2026-06-08,,https://media.defense.gov/2026/Jun/08/2003945537/-1/-1/1/ENTITIES-IDENTIFIED-AS-CHINESE-MILITARY-COMPANIES-OPERATING-IN-THE-UNITED-STATES-IN-ACCORDANCE-WITH-SECTION-1260H.PDF
"JA Solar Technology Co., Ltd. (JA Solar)","JA Solar Technology Co., Ltd.",JA Solar,,,"JA Solar is a military-civil fusion contributor to the Chinese defense industrial base
because it knowingly received assistance from the Government of China through science,
technology, or industrial efforts initiated, granted, or created by, or provided under, or
related to, the Chinese military planning apparatus or in furtherance of Chinese military
industrial planning objectives through its designation as a “Little Giant” and a “Single
Champion” (Section 1260H(g)(3)(A)).",2026-06-08,,https://media.defense.gov/2026/Jun/08/2003945537/-1/-1/1/ENTITIES-IDENTIFIED-AS-CHINESE-MILITARY-COMPANIES-OPERATING-IN-THE-UNITED-STATES-IN-ACCORDANCE-WITH-SECTION-1260H.PDF
"MGI Tech Co., Ltd. (MGI)","MGI Tech Co., Ltd.",MGI,,,"MGI is directly affiliated with MIIT and indirectly affiliated with SASTIND and the PLA
(Section 1260H(g)(2)(B)(i)(I)). MGI is a military-civil fusion contributor to the Chinese
defense industrial base because it knowingly received assistance from the Government of
China through science, technology, or industrial efforts initiated, granted, or created by,
or provided under, or related to, the Chinese military planning apparatus or in furtherance
of Chinese military industrial planning objectives through its designation as a “Single
Champion” and because it is affiliated with MIIT (Sections 1260H(g)(3)(A) and
(g)(3)(B)(i)).",2026-06-08,,https://media.defense.gov/2026/Jun/08/2003945537/-1/-1/1/ENTITIES-IDENTIFIED-AS-CHINESE-MILITARY-COMPANIES-OPERATING-IN-THE-UNITED-STATES-IN-ACCORDANCE-WITH-SECTION-1260H.PDF
"NetPosa Technologies, Ltd. (NetPosa)","NetPosa Technologies, Ltd.",NetPosa,,,"NetPosa is directly and indirectly affiliated with the Chinese security forces and it is
indirectly affiliated with MIIT (Section 1260H(g)(2)(B)(i)(I)).",2026-06-08,,https://media.defense.gov/2026/Jun/08/2003945537/-1/-1/1/ENTITIES-IDENTIFIED-AS-CHINESE-MILITARY-COMPANIES-OPERATING-IN-THE-UNITED-STATES-IN-ACCORDANCE-WITH-SECTION-1260H.PDF
"NIO, Inc.","NIO, Inc.",,,,"NIO is directly and indirectly affiliated with SASAC (Section 1260H(g)(2)(B)(i)(I)).
NIO is a military-civil fusion contributor to the Chinese defense industrial base because it
is affiliated with MIIT (Section 1260H(g)(3)(B)(i)).",2026-06-08,,https://media.defense.gov/2026/Jun/08/2003945537/-1/-1/1/ENTITIES-IDENTIFIED-AS-CHINESE-MILITARY-COMPANIES-OPERATING-IN-THE-UNITED-STATES-IN-ACCORDANCE-WITH-SECTION-1260H.PDF
Novogene Company Limited (Novogene),Novogene Company Limited,Novogene,,,"Novogene is indirectly owned by SASAC and is indirectly affiliated with MIIT and the
PLA (Section 1260H(g)(2)(B)(i)(I)).",2026-06-08,,https://media.defense.gov/2026/Jun/08/2003945537/-1/-1/1/ENTITIES-IDENTIFIED-AS-CHINESE-MILITARY-COMPANIES-OPERATING-IN-THE-UNITED-STATES-IN-ACCORDANCE-WITH-SECTION-1260H.PDF
"Origincell Technology Co., Ltd. (Origincell)","Origincell Technology Co., Ltd.",Origincell,,,"Origincell is indirectly affiliated with MIIT, SASAC, SASTIND, and the PLA (Section
1260H(g)(2)(B)(i)(I)).",2026-06-08,,https://media.defense.gov/2026/Jun/08/2003945537/-1/-1/1/ENTITIES-IDENTIFIED-AS-CHINESE-MILITARY-COMPANIES-OPERATING-IN-THE-UNITED-STATES-IN-ACCORDANCE-WITH-SECTION-1260H.PDF
Phenix Optical Company Limited (formerly Phoenix Optics Company Limited),Phenix Optical Company Limited,,Phoenix Optics Company Limited,,"Phenix Optical Company Limited is directly controlled by SASAC and is indirectly
owned by SASAC (Section 1260H(g)(2)(B)(i)(I)).",2026-06-08,,https://media.defense.gov/2026/Jun/08/2003945537/-1/-1/1/ENTITIES-IDENTIFIED-AS-CHINESE-MILITARY-COMPANIES-OPERATING-IN-THE-UNITED-STATES-IN-ACCORDANCE-WITH-SECTION-1260H.PDF
"Quectel Wireless Solutions Co., Ltd.","Quectel Wireless Solutions Co., Ltd.",,,,Quectel is indirectly affiliated with MIIT (Section 1260H(g)(2)(B)(i)(I)).,2026-06-08,,https://media.defense.gov/2026/Jun/08/2003945537/-1/-1/1/ENTITIES-IDENTIFIED-AS-CHINESE-MILITARY-COMPANIES-OPERATING-IN-THE-UNITED-STATES-IN-ACCORDANCE-WITH-SECTION-1260H.PDF
"Robosense Technology Co., Ltd.","Robosense Technology Co., Ltd.",,,,"RoboSense is a military-civil fusion contributor to the Chinese defense industrial base
because it is affiliated with the PLA (Section 1260H(g)(3)(B)(v)).",2026-06-08,,https://media.defense.gov/2026/Jun/08/2003945537/-1/-1/1/ENTITIES-IDENTIFIED-AS-CHINESE-MILITARY-COMPANIES-OPERATING-IN-THE-UNITED-STATES-IN-ACCORDANCE-WITH-SECTION-1260H.PDF
"SDIC Intelligence (Xiamen) Information Co., Ltd.","SDIC Intelligence (Xiamen) Information Co., Ltd.",,,,"SDIC Intelligence is indirectly owned and controlled by SASAC and is indirectly
affiliated with Chinese security forces, Chinese law enforcement, and MIIT (Section
1260H(g)(2)(B)(i)(I)).",2026-06-08,,https://media.defense.gov/2026/Jun/08/2003945537/-1/-1/1/ENTITIES-IDENTIFIED-AS-CHINESE-MILITARY-COMPANIES-OPERATING-IN-THE-UNITED-STATES-IN-ACCORDANCE-WITH-SECTION-1260H.PDF
"Beijing Meiya Hongshu Technology Co., Ltd.","Beijing Meiya Hongshu Technology Co., Ltd.",,,"SDIC Intelligence (Xiamen) Information Co., Ltd.",,2026-06-08,,https://media.defense.gov/2026/Jun/08/2003945537/-1/-1/1/ENTITIES-IDENTIFIED-AS-CHINESE-MILITARY-COMPANIES-OPERATING-IN-THE-UNITED-STATES-IN-ACCORDANCE-WITH-SECTION-1260H.PDF
"Xiamen Meiya Zhongmin Electronic Technology Co., Ltd.","Xiamen Meiya Zhongmin Electronic Technology Co., Ltd.",,,"SDIC Intelligence (Xiamen) Information Co., Ltd.",,2026-06-08,,https://media.defense.gov/2026/Jun/08/2003945537/-1/-1/1/ENTITIES-IDENTIFIED-AS-CHINESE-MILITARY-COMPANIES-OPERATING-IN-THE-UNITED-STATES-IN-ACCORDANCE-WITH-SECTION-1260H.PDF
Semiconductor Manufacturing International Corporation (SMIC),Semiconductor Manufacturing International Corporation,SMIC,,,SMIC is indirectly owned by SASAC (Section 1260H(g)(2)(B)(i)(I)).,2026-06-08,,https://media.defense.gov/2026/Jun/08/2003945537/-1/-1/1/ENTITIES-IDENTIFIED-AS-CHINESE-MILITARY-COMPANIES-OPERATING-IN-THE-UNITED-STATES-IN-ACCORDANCE-WITH-SECTION-1260H.PDF
Better Way Enterprises Limited,Better Way Enterprises Limited,,,Semiconductor Manufacturing International Corporation,,2026-06-08,,https://media.defense.gov/2026/Jun/08/2003945537/-1/-1/1/ENTITIES-IDENTIFIED-AS-CHINESE-MILITARY-COMPANIES-OPERATING-IN-THE-UNITED-STATES-IN-ACCORDANCE-WITH-SECTION-1260H.PDF
"China IC Capital Co., Ltd.","China IC Capital Co., Ltd.",,,Semiconductor Manufacturing International Corporation,,2026-06-08,,https://media.defense.gov/2026/Jun/08/2003945537/-1/-1/1/ENTITIES-IDENTIFIED-AS-CHINESE-MILITARY-COMPANIES-OPERATING-IN-THE-UNITED-STATES-IN-ACCORDANCE-WITH-SECTION-1260H.PDF
Magnificent Tower Limited,Magnificent Tower Limited,,,Semiconductor Manufacturing International Corporation,,2026-06-08,,https://media.defense.gov/2026/Jun/08/2003945537/-1/-1/1/ENTITIES-IDENTIFIED-AS-CHINESE-MILITARY-COMPANIES-OPERATING-IN-THE-UNITED-STATES-IN-ACCORDANCE-WITH-SECTION-1260H.PDF
Semiconductor Manufacturing International (Beijing) Corporation (SMIC Beijing),Semiconductor Manufacturing International (Beijing) Corporation,SMIC Beijing,,Semiconductor Manufacturing International Corporation,,2026-06-08,,https://media.defense.gov/2026/Jun/08/2003945537/-1/-1/1/ENTITIES-IDENTIFIED-AS-CHINESE-MILITARY-COMPANIES-OPERATING-IN-THE-UNITED-STATES-IN-ACCORDANCE-WITH-SECTION-1260H.PDF
Semiconductor Manufacturing International (Shenzhen) Corporation (SMIC Shenzhen),Semiconductor Manufacturing International (Shenzhen) Corporation,SMIC Shenzhen,,Semiconductor Manufacturing International Corporation,,2026-06-08,,https://media.defense.gov/2026/Jun/08/2003945537/-1/-1/1/ENTITIES-IDENTIFIED-AS-CHINESE-MILITARY-COMPANIES-OPERATING-IN-THE-UNITED-STATES-IN-ACCORDANCE-WITH-SECTION-1260H.PDF
Semiconductor Manufacturing International (Tianjin) Corporation (SMIC Tianjin),Semiconductor Manufacturing International (Tianjin) Corporation,SMIC Tianjin,,Semiconductor Manufacturing International Corporation,,2026-06-08,,https://media.defense.gov/2026/Jun/08/2003945537/-1/-1/1/ENTITIES-IDENTIFIED-AS-CHINESE-MILITARY-COMPANIES-OPERATING-IN-THE-UNITED-STATES-IN-ACCORDANCE-WITH-SECTION-1260H.PDF
Semiconductor Manufacturing North China (Beijing) Corporation,Semiconductor Manufacturing North China (Beijing) Corporation,,,Semiconductor Manufacturing International Corporation,,2026-06-08,,https://media.defense.gov/2026/Jun/08/2003945537/-1/-1/1/ENTITIES-IDENTIFIED-AS-CHINESE-MILITARY-COMPANIES-OPERATING-IN-THE-UNITED-STATES-IN-ACCORDANCE-WITH-SECTION-1260H.PDF
Semiconductor Manufacturing South China Corporation (SMIC South China),Semiconductor Manufacturing South China Corporation,SMIC South China,,Semiconductor Manufacturing International Corporation,,2026-06-08,,https://media.defense.gov/2026/Jun/08/2003945537/-1/-1/1/ENTITIES-IDENTIFIED-AS-CHINESE-MILITARY-COMPANIES-OPERATING-IN-THE-UNITED-STATES-IN-ACCORDANCE-WITH-SECTION-1260H.PDF
SilTech Semiconductor Corporation,SilTech Semiconductor Corporation,,,Semiconductor Manufacturing International Corporation,,2026-06-08,,https://media.defense.gov/2026/Jun/08/2003945537/-1/-1/1/ENTITIES-IDENTIFIED-AS-CHINESE-MILITARY-COMPANIES-OPERATING-IN-THE-UNITED-STATES-IN-ACCORDANCE-WITH-SECTION-1260H.PDF
SMIC Holdings Limited (SMIC Holdings),SMIC Holdings Limited,SMIC Holdings,,Semiconductor Manufacturing International Corporation,,2026-06-08,,https://media.defense.gov/2026/Jun/08/2003945537/-1/-1/1/ENTITIES-IDENTIFIED-AS-CHINESE-MILITARY-COMPANIES-OPERATING-IN-THE-UNITED-STATES-IN-ACCORDANCE-WITH-SECTION-1260H.PDF
"SMIC Semiconductor Manufacturing (Shanghai) Co., Ltd (SMIC Shanghai)","SMIC Semiconductor Manufacturing (Shanghai) Co., Ltd",SMIC Shanghai,,Semiconductor Manufacturing International Corporation,,2026-06-08,,https://media.defense.gov/2026/Jun/08/2003945537/-1/-1/1/ENTITIES-IDENTIFIED-AS-CHINESE-MILITARY-COMPANIES-OPERATING-IN-THE-UNITED-STATES-IN-ACCORDANCE-WITH-SECTION-1260H.PDF
"SMIC, Americas","SMIC, Americas",,,Semiconductor Manufacturing International Corporation,,2026-06-08,,https://media.defense.gov/2026/Jun/08/2003945537/-1/-1/1/ENTITIES-IDENTIFIED-AS-CHINESE-MILITARY-COMPANIES-OPERATING-IN-THE-UNITED-STATES-IN-ACCORDANCE-WITH-SECTION-1260H.PDF
"SenseTime Group, Inc. (SenseTime)","SenseTime Group, Inc.",SenseTime,,,"SenseTime is indirectly affiliated with SASAC (Section 1260H(g)(2)(B)(i)(I)).
SenseTime is a military-civil fusion contributor to the Chinese defense industrial base
because it is affiliated with MIIT (Section 1260H(g)(3)(B)(i)).",2026-06-08,,https://media.defense.gov/2026/Jun/08/2003945537/-1/-1/1/ENTITIES-IDENTIFIED-AS-CHINESE-MILITARY-COMPANIES-OPERATING-IN-THE-UNITED-STATES-IN-ACCORDANCE-WITH-SECTION-1260H.PDF
"Shanghai Yitu Network Technology Co., Ltd. (Yitu)","Shanghai Yitu Network Technology Co., Ltd.",Yitu,,,"Yitu is indirectly owned by SASAC and is indirectly affiliated with MIIT, SASAC,
SASTIND, and the PLA (Section 1260H(g)(2)(B)(i)(I)).",2026-06-08,,https://media.defense.gov/2026/Jun/08/2003945537/-1/-1/1/ENTITIES-IDENTIFIED-AS-CHINESE-MILITARY-COMPANIES-OPERATING-IN-THE-UNITED-STATES-IN-ACCORDANCE-WITH-SECTION-1260H.PDF
"Shenzhen DJI Technology Co., Ltd. (DJI)","Shenzhen DJI Technology Co., Ltd.",DJI,,,"DJI is indirectly affiliated with SASAC and is directly affiliated with MIIT and the
People’s Armed Police (PAP) (Section 1260H(g)(2)(B)(i)(I)). DJI is a military-civil
fusion contributor to the Chinese defense industrial base because it knowingly received
assistance from the Government of China through science, technology, research, and
industrial efforts initiated, granted, or created by, or provided under, or related to, the
Chinese military industrial planning apparatus, or in furtherance of Chinese military
industrial planning objectives through multiple designations, such as a “Single
Champion” designation; it is affiliated with MIIT, and it resides in or is affiliated with a
military-civil fusion enterprise zone (Sections 1260H(g)(3)(A), (g)(3)(B)(i), and
(g)(3)(E)).",2026-06-08,,https://media.defense.gov/2026/Jun/08/2003945537/-1/-1/1/ENTITIES-IDENTIFIED-AS-CHINESE-MILITARY-COMPANIES-OPERATING-IN-THE-UNITED-STATES-IN-ACCORDANCE-WITH-SECTION-1260H.PDF
"Shenzhen Dajiang Baiwang Technology Co., Ltd.","Shenzhen Dajiang Baiwang Technology Co., Ltd.",,,"Shenzhen DJI Technology Co., Ltd.",,2026-06-08,,https://media.defense.gov/2026/Jun/08/2003945537/-1/-1/1/ENTITIES-IDENTIFIED-AS-CHINESE-MILITARY-COMPANIES-OPERATING-IN-THE-UNITED-STATES-IN-ACCORDANCE-WITH-SECTION-1260H.PDF
"Sinotrans & CSC Holdings Co., Ltd. (SinoTrans)","Sinotrans & CSC Holdings Co., Ltd.",SinoTrans,,,"Sinotrans is indirectly owned by SASAC and is directly affiliated with the PLA (Section
1260H(g)(2)(B)(i)(I)).",2026-06-08,,https://media.defense.gov/2026/Jun/08/2003945537/-1/-1/1/ENTITIES-IDENTIFIED-AS-CHINESE-MILITARY-COMPANIES-OPERATING-IN-THE-UNITED-STATES-IN-ACCORDANCE-WITH-SECTION-1260H.PDF
Tencent Holdings Limited (Tencent),Tencent Holdings Limited,Tencent,,,Tencent is indirectly affiliated with the PLA (Section 1260H(g)(2)(B)(i)(I)).,2026-06-08,,https://media.defense.gov/2026/Jun/08/2003945537/-1/-1/1/ENTITIES-IDENTIFIED-AS-CHINESE-MILITARY-COMPANIES-OPERATING-IN-THE-UNITED-STATES-IN-ACCORDANCE-WITH-SECTION-1260H.PDF
"Tianma Microelectronics Co., Ltd. (Tianma)","Tianma Microelectronics Co., Ltd.",Tianma,,,"Tianma is indirectly owned by SASAC (Section 1260H(g)(2)(B)(i)(I)). Tianma is a
military-civil fusion contributor to the Chinese defense industrial base because it
knowingly received assistance from the Government of China through science,
technology, or industrial efforts initiated, granted or created by, or provided under, or
related to, the Chinese military industrial planning apparatus or in furtherance of Chinese
military industrial planning objectives through its designation as a “Single Champion”
(Section 1260H(g)(3)(A)).",2026-06-08,,https://media.defense.gov/2026/Jun/08/2003945537/-1/-1/1/ENTITIES-IDENTIFIED-AS-CHINESE-MILITARY-COMPANIES-OPERATING-IN-THE-UNITED-STATES-IN-ACCORDANCE-WITH-SECTION-1260H.PDF
"TP-Link Technologies Co., Ltd. (TP-Link)","TP-Link Technologies Co., Ltd.",TP-Link,,,"TP-Link is directly affiliated with the PLA (Section 1260H(g)(2)(B)(i)(I)). TP-Link is a
military-civil fusion contributor to the Chinese defense industrial base because it
knowingly received assistance from the Government of China through science,
technology, or industrial efforts initiated, granted, or created by, or provided under, or
related to, the Chinese military planning apparatus or in furtherance of Chinese military
industrial planning objectives through its designation as a “Single Champion” (Section
1260H(g)(3)(A)).",2026-06-08,,https://media.defense.gov/2026/Jun/08/2003945537/-1/-1/1/ENTITIES-IDENTIFIED-AS-CHINESE-MILITARY-COMPANIES-OPERATING-IN-THE-UNITED-STATES-IN-ACCORDANCE-WITH-SECTION-1260H.PDF
"Trina Solar Co., Ltd. (Trina Solar)","Trina Solar Co., Ltd.",Trina Solar,,,"TrinaSolar is indirectly affiliated with SASAC (Section 1260H(g)(2)(B)(i)(I)).
TrinaSolar is a military-civil fusion contributor to the Chinese defense industrial base
because it knowingly received assistance through science, technology, research or
industrial efforts initiated, granted, or created by, or provided under, or related to, the
Chinese military industrial planning apparatus or in furtherance of Chinese military
industrial planning objectives through its designation as a “Single Champion” and it
resides in a military-civil fusion enterprise zone (Sections 1260H(g)(3)(A) and (g)(3)(E)).",2026-06-08,,https://media.defense.gov/2026/Jun/08/2003945537/-1/-1/1/ENTITIES-IDENTIFIED-AS-CHINESE-MILITARY-COMPANIES-OPERATING-IN-THE-UNITED-STATES-IN-ACCORDANCE-WITH-SECTION-1260H.PDF
"Wuhan Geosun Navigation Technology Co., Ltd. (Geosun)","Wuhan Geosun Navigation Technology Co., Ltd.",Geosun,,,"Geosun is indirectly affiliated with SASAC, SASTIND, and the PLA (Section
1260H(g)(2)(B)(i)(I)). Geosun is a military civil fusion contributor to the Chinese
defense industrial base because it received a military production license (Section
1260H(g)(3)(F)).",2026-06-08,,https://media.defense.gov/2026/Jun/08/2003945537/-1/-1/1/ENTITIES-IDENTIFIED-AS-CHINESE-MILITARY-COMPANIES-OPERATING-IN-THE-UNITED-STATES-IN-ACCORDANCE-WITH-SECTION-1260H.PDF
"WuXi AppTec Co., Ltd. (WuXi AppTec)","WuXi AppTec Co., Ltd.",WuXi AppTec,,,"WuXi AppTec is indirectly owned by SASAC and is indirectly affiliated with SASTIND
and the PLA (Section 1260H(g)(2)(B)(i)(I)).",2026-06-08,,https://media.defense.gov/2026/Jun/08/2003945537/-1/-1/1/ENTITIES-IDENTIFIED-AS-CHINESE-MILITARY-COMPANIES-OPERATING-IN-THE-UNITED-STATES-IN-ACCORDANCE-WITH-SECTION-1260H.PDF
"Yangtze Memory Technologies Co., Ltd. (YMTC)","Yangtze Memory Technologies Co., Ltd.",YMTC,,,"YMTC is indirectly owned by SASAC and is indirectly affiliated with MIIT and
SASTIND (Section 1260H(g)(2)(B)(i)(I)).",2026-06-08,,https://media.defense.gov/2026/Jun/08/2003945537/-1/-1/1/ENTITIES-IDENTIFIED-AS-CHINESE-MILITARY-COMPANIES-OPERATING-IN-THE-UNITED-STATES-IN-ACCORDANCE-WITH-SECTION-1260H.PDF
"Zhejiang Dahua Technology Co., Ltd. (Dahua)","Zhejiang Dahua Technology Co., Ltd.",Dahua,,,"Dahua is indirectly owned by SASAC and is directly and indirectly affiliated with MIIT
(Section 1260H(g)(2)(B)(i)(I)).",2026-06-08,,https://media.defense.gov/2026/Jun/08/2003945537/-1/-1/1/ENTITIES-IDENTIFIED-AS-CHINESE-MILITARY-COMPANIES-OPERATING-IN-THE-UNITED-STATES-IN-ACCORDANCE-WITH-SECTION-1260H.PDF
"Chengdu Dahua Wisdom Information Technology Co., Ltd.","Chengdu Dahua Wisdom Information Technology Co., Ltd.",,,"Zhejiang Dahua Technology Co., Ltd. ",,2026-06-08,,https://media.defense.gov/2026/Jun/08/2003945537/-1/-1/1/ENTITIES-IDENTIFIED-AS-CHINESE-MILITARY-COMPANIES-OPERATING-IN-THE-UNITED-STATES-IN-ACCORDANCE-WITH-SECTION-1260H.PDF
"Zhongji Innolight Co., Ltd. (Innolight)","Zhongji Innolight Co., Ltd.",Innolight,,,"InnoLight is indirectly owned by SASAC and directly affiliated with MIIT (Section
1260H(g)(2)(B)(i)(I)).",2026-06-08,,https://media.defense.gov/2026/Jun/08/2003945537/-1/-1/1/ENTITIES-IDENTIFIED-AS-CHINESE-MILITARY-COMPANIES-OPERATING-IN-THE-UNITED-STATES-IN-ACCORDANCE-WITH-SECTION-1260H.PDF