amendedCelex,amendmentCelex,recordId,programKey,annex,measure,startDate,reason,schema,name,alias,weakAlias,previousName,country,nationality,jurisdiction,birthDate,birthPlace,position,passportNumber,gender,appearance,ethnicity,fatherName,motherName,incorporationDate,legalForm,sector,registrationNumber,taxNumber,idNumber,innCode,ogrnCode,kppCode,okpoCode,leiCode,swiftBic,ticker,imoNumber,mmsi,flag,address,phone,email,website,notes
32014R0269,32026R1843,2057,EU-UKR,I.PERSONS,Asset freeze,23.7.2026,"Andrey Doronin is the General Director and co-owner of Limited liability company Scientific and technical centre Vostok (LLC NTT VOSTOK). LLC NTT VOSTOK is part of the Russian arms industry, a sector of strategic importance for the Russian Federation. LLC NTT VOSTOK specialises in the manufacture of weapons and ammunition. It supplies semi-finished electronics and other components to JSC IEMZ Kupol. It specifically supplies components used in the production of warheads of the Garpiya-A1 one-way attack UAVs. These UAVs are used by the Russian Armed Forces during Russia’s war of aggression against Ukraine. Therefore, Andrey Doronin is materially supporting Russia’s military and industrial complex, including by being involved in the development, production or supply of military technology and equipment.",Person,Andrey Nikolaevich DORONIN,Андрей Николаевич ДОРОНИН,,,,Russian,,,,General Director and co-owner of LLC NTT VOSTOK,,male,,,,,,,,,165201193063,,,,,,,,,,,,,,,,
32014R0269,32026R1843,2058,EU-UKR,I.PERSONS,Asset freeze,23.7.2026,"Rimma Falaleyeva is the General Director and owner of LLC TEXTILTECHSNAB. LLC TEXTILTECHSNAB is part of the Russian arms industry, a sector of strategic importance for the Russian Federation. LLC TEXTILTECHSNAB specialises in the wholesale of textile products. It supplies chemical materials to JSC IEMZ Kupol. It specifically supplies raw chemical components used in the production of the solid rocket booster used to launch the Garpiya-A1 one-way attack UAVs. These UAVs are used by the Russian Armed Forces during Russia’s war of aggression against Ukraine. Therefore, Rimma Falaleyeva is materially supporting Russia’s military and industrial complex, including by being involved in the development, production or supply of military technology and equipment.",Person,Rimma Vladimirovna FALALEYEVA,Римма Владимировна ФАЛАЛЕЕВА,,,,Russian,,,,General Director and owner of LLC TEXTILTECHSNAB,,female,,,,,,,,,462002313932,,,,,,,,,,,,,,,,
32014R0269,32026R1843,2059,EU-UKR,I.PERSONS,Asset freeze,23.7.2026,"Evgeniy Savlev is the General Director of CJSC TECHNOSVYAZ. CJSC TECHNOSVYAZ is part of the Russian arms industry, a sector of strategic importance for the Russian Federation. CJSC TECHNOSVYAZ specialises in the manufacture of electrical and optical equipment. It supplies electronics to JSC IEMZ Kupol. It specifically provides JSC IEMZ Kupol with semi-finished electronics and components used in the production of the Garpiya-A1 one-way attack UAV. These UAVs are used by the Russian Armed Forces during Russia’s war of aggression against Ukraine. Therefore, Evgeniy Savlev is materially supporting Russia’s military and industrial complex, including by being involved in the development, production or supply of military technology and equipment.",Person,Evgeniy Vasilievich SAVLEV,Евгений Васильевич САВЛЕВ,,,,Russian,,,,General Director of CJSC TECHNOSVYAZ,,male,,,,,,,,,665893469807,,,,,,,,,,,,,,,,
32014R0269,32026R1843,2060,EU-UKR,I.PERSONS,Asset freeze,23.7.2026,"Oleg Gusarovsky is the General Director of LLC ARMORGRUPP. LLC ARMORGRUPP is part of the Russian arms industry, a sector of strategic importance for the Russian Federation. LLC ARMORGRUPP specialises in the manufacture, sale and repair of vehicles and semi-trailers. It is a supplier to the entity JSC IEMZ Kupol. It supplies materials and services for the production of the support and maintenance vehicle of the Garpiya one way attack UAV. These UAVs are used by the Russian Armed Forces during Russia’s war of aggression against Ukraine. Therefore, Oleg Gusarovsky is materially supporting Russia’s military and industrial complex, including by being involved in the development, production or supply of military technology and equipment.",Person,Oleg Nikolaevich GUSAROVSKY,Олег Николаевич ГУСАРОВСКИЙ,,,,Russian,,,,General Director of LLC ARMORGRUPP,,male,,,,,,,,,526303596830,,,,,,,,,,,,,,,,
32014R0269,32026R1843,2061,EU-UKR,I.PERSONS,Asset freeze,23.7.2026,"Insaf Fakhrutdinov is the General Director and owner of LLC LK AUTOLIFE. LLC LK AUTOLIFE is part of the Russian arms industry, a sector of strategic importance for the Russian Federation. LLC LK AUTOLIFE is one of the main logistics companies in Russia with offices in several cities. It conducts transport and communications, supporting and auxiliary transport activities. It provides logistical services to JSC IEMZ Kupol. It is entrusted with the transportation and delivery of the Garpiya-A1 UAVs and its main components to military airfields near the frontline between Russia and Ukraine. These UAVs are used by the Russian Armed Forces during Russia’s war of aggression against Ukraine. Therefore, Insaf Fakhrutdinov is materially supporting Russia’s military and industrial complex, including by being involved in the development, production or supply of military technology and equipment.",Person,Insaf Dulfnurovich FAKHRUTDINOV,Инсаф Дульфнурович ФАХРУТДИНОВ,,,,Russian,,,,General Director and owner of LLC LK AUTOLIFE,,male,,,,,,,,,183209712425,,,,,,,,,,,,,,,,
32014R0269,32026R1843,2062,EU-UKR,I.PERSONS,Asset freeze,23.7.2026,"Rishat Bashirov is the director and owner of LLC AUTOLIFE LOGISTIK. LLC AUTOLIFE LOGISTIK is part of the Russian arms industry, a sector of strategic importance for the Russian Federation. LLC AUTOLIFE LOGISTIK is one of the main logistics companies in Russia with offices in several cities. It conducts transport and communications, supporting and auxiliary transport activities. It supplies logistical services to JSC IEMZ Kupol. It is entrusted with the transportation and delivery of the Garpiya-A1 UAVs and its main components to military airfields near the frontline between Russia and Ukraine. These UAVs are used by the Russian Armed Forces during Russia’s war of aggression against Ukraine. Therefore, Rishat Bashirov is materially supporting Russia’s military and industrial complex, including by being involved in the development, production or supply of military technology and equipment.",Person,Rishat Ilfatovich BASHIROV,Ришат Ильфатович БАШИРОВ,,,,Russian,,,,Director and owner of LLC AUTOLIFE LOGISTIK,,male,,,,,,,,,183209712425,,,,,,,,,,,,,,,,
32014R0269,32026R1843,2063,EU-UKR,I.PERSONS,Asset freeze,23.7.2026,"Andrey Shubin is the general director and co-owner of LLC DELMOT. LLC DELMOT is part of the Russian arms industry, a sector of strategic importance for the Russian Federation. LLC DELMOT specialises in the production, research and development the field of aircraft engines. It participates in the development of the engine for Garpiya-A1 one-way attack UAV. In the production process of this UAV, it supplies its services to the main manufacturer JSC IEMZ Kupol. These UAVs are used by the Russian Armed Forces during Russia’s war of aggression against Ukraine. Therefore, Andrey Shubin is materially supporting Russia’s military and industrial complex, including by being involved in the development, production or supply of military technology and equipment.",Person,Andrey Sergeevich SHUBIN,Андрей Сергеевич ШУБИН,,,,Russian,,,,General Director and co-owner of LLC DELMOT,,male,,,,,,,,,245206682357,,,,,,,,,,,,,,,,
32014R0269,32026R1843,2064,EU-UKR,I.PERSONS,Asset freeze,23.7.2026,"Ivan Gaichenya is the General Director of Federal State Unitary Enterprise “Main Center for Special Communications”.Federal State Unitary Enterprise “Main Center for Special Communications” is part of the Russian arms industry, a sector of strategic importance for the Russian Federation. Federal State Unitary Enterprise “Main Center for Special Communications” is a logistics company that specialises in high-value and sensitive cargo transportation. It provides logistical services to JSC IEMZ Kupol. It is entrusted with the transportation and delivery of the Garpiya-A1 UAVs and its main components to military airfields near the frontline between Russia and Ukraine. These UAVs are used by the Russian Armed Forces during Russia’s war of aggression against Ukraine. Therefore, Ivan Gaichenya is materially supporting Russia’s military and industrial complex, including by being involved in the development, production or supply of military technology and equipment.",Person,Ivan Alekseievich GAICHENYA,Иван Алексеевич ГАЙЧЕНЯ,,,,Russian,,9.10.1967,,General Director of Federal State Unitary Enterprise “Main Center for Special Communications” (FGUP GCSS),,male,,,,,,,,,772914217910,,,,,,,,,,,,,,,,
32014R0269,32026R1843,2065,EU-UKR,I.PERSONS,Asset freeze,23.7.2026,"Mikhail Ambarov is the general director and co-owner of LLC GRUPPA PROMAVTO. LLC GRUPPA PROMAVTO is part of the Russian arms industry, a sector of strategic importance for the Russian Federation. Limited liability company GRUPPA PROMAVTO (LLC GRUPPA PROMAVTO) specialises in the manufacture of vehicles and semi-trailers. It is one of the sub-contractors of JSC IEMZ Kupol. Specifically, it supplies specialised escort vehicles of the Garpiya one-way attack UAV. These UAVs are used by the Russian Armed Forces during Russia’s war of aggression against Ukraine. Therefore, Mikhail Ambarov is materially supporting Russia’s military and industrial complex, including by being involved in the development, production or supply of military technology and equipment.",Person,Mikhail Andreevich AMBAROV,Михаил Андреевич АМБАРОВ,,,,Russian,,,,General director of LLC GRUPPA PROMAVTO,,male,,,,,,,,,526097794778,,,,,,,,,,,,,,,,
32014R0269,32026R1843,2066,EU-UKR,I.PERSONS,Asset freeze,23.7.2026,"Sergey Liskovich is the General Director and majority owner of LLC LAGGAR PRO. LLC LAGGAR PRO is part of the Russian arms industry, a sector of strategic importance for the Russian Federation. Limited Liability Company LAGGAR PRO (LLC LAGGAR PRO) specialises in the manufacture of vehicles and semi-trailers. It is a supplier to JSC IEMZ Kupol. It supplies materials and services used in the production of the launch vehicle of the Garpiya one way attack UAV. These UAVs are used by the Russian Armed Forces during Russia’s war of aggression against Ukraine. Therefore, Sergey Liskovich is materially supporting Russia’s military and industrial complex, including by being involved in the development, production or supply of military technology and equipment.",Person,Sergey Dmitrievich LISKOVICH,Сергей Дмитриевич ЛИСКОВИЧ,,,,Russian,,,,General Director and majority owner of LLC LAGGAR PRO,,male,,,,,,,,,525902757940,,,,,,,,,,,,,,,,
32014R0269,32026R1843,2067,EU-UKR,I.PERSONS,Asset freeze,23.7.2026,"Sergey Kondrashin is the General Director and owner of LLC MSKA ENGINEERING. LLC MSKA ENGINEERING is part of the Russian arms industry, a sector of strategic importance for the Russian Federation. LLC MSKA ENGINEERING specialises in the electrical installation. It also supplies chemical materials to JSC IEMZ Kupol. It specifically supplies raw chemical components used in the production of the solid rocket booster used to launch the Garpiya-A1 one-way attack UAVs. These UAVs are used by the Russian Armed Forces during Russia’s war of aggression against Ukraine. Therefore, Sergey Kondrashin is materially supporting Russia’s military and industrial complex, including by being involved in the development, production or supply of military technology and equipment.",Person,Sergey Viktorovich KONDRASHIN,Сергей Викторович КОНДРАШИН,,,,Russian,,,,General Director and owner of LLC MSKA ENGINEERING,,male,,,,,,,,,772471315256,,,,,,,,,,,,,,,,
32014R0269,32026R1843,2068,EU-UKR,I.PERSONS,Asset freeze,23.7.2026,"Sergey Sychkov is the General Director of open joint stock company “Oborontest”. Joint stock comapny “Oborontest” is part of the Russian arms industry, a sector of strategic importance for the Russian Federation. Joint Stock Company “Oborontest” is a Russian company active in the field of technical testing, specifically testing the resistance of technological products against electronic interference, magnetic field pulse and the influence of other electromagnetic factors. It acts as a supplier to the Russian Ministry of Defence and provides its services to several Russian military aircraft manufacturers, in particular to PJSC Aviation Complex Ilyushin, JSC TUPOLEV and JSC SUKHOI. It also assists during the field trials of the Garpiya one-way attack UAVs by providing the tools that enable flight test measurements. These UAVs are used by the Russian Armed Forces during Russia’s war of aggression against Ukraine. Therefore, Sergey Sychkov is materially supporting Russia’s military and industrial complex, including by being involved in the development, production or supply of military technology and equipment.",Person,Sergey Anatolievich SYCHKOV,Сергей Анатольевич СЫЧКОВ,,,,Russian,,,,General Director of open joint stock company “Oborontest”,,male,,,,,,,,,772486575828,,,,,,,,,,,,,,,,
32014R0269,32026R1843,2069,EU-UKR,I.PERSONS,Asset freeze,23.7.2026,"Aleksander Garmashov is the General Director of JSC ORBITA. JSC ORBITA is part of the Russian arms industry, a sector of strategic importance for the Russian Federation. JSC ORBITA specialises in manufacture of electrical and optical equipment. It supplies electronic components to JSC IEMZ Kupol. It specifically supplies components used in the production of warheads of the Garpiya-A1 one-way attack UAVs. These UAVs are used by the Russian Armed Forces during Russia’s war of aggression against Ukraine. Therefore, Aleksander Garmashov is materially supporting Russia’s military and industrial complex, including by being involved in the development, production or supply of military technology and equipment.",Person,Aleksander Vladimirovich GARMASHOV,Александр Владимирович ГАРМАШОВ,,,,Russian,,,,General Director of JSC ORBITA,,male,,,,,,,,,132600464578,,,,,,,,,,,,,,,,
32014R0269,32026R1843,2070,EU-UKR,I.PERSONS,Asset freeze,23.7.2026,"Elena Sergeeva is the General Director and co-owner of LLC POLKOVODETS. LLC POLKOVODETS is part of the Russian arms industry, a sector of strategic importance for the Russian Federation. LLC POLKOVODETS specialises in the manufacture of plastic products for packaging goods. It acts as a supplier to JSC IEMZ Kupol. It specifically supplies materials and components used to transport the warheads of the Garpiya one-way attack UAVs. These UAVs are used by the Russian Armed Forces during Russia’s war of aggression against Ukraine. Therefore, Elena Sergeeva is materially supporting Russia’s military and industrial complex, including by being involved in the development, production or supply of military technology and equipment.",Person,Elena Evgenievna SERGEEVA,Елена Евгеньевна СЕРГЕЕВА,,,,Russian,,,,General Director and co-owner of LLC POLKOVODETS,,female,,,,,,,,,502209295762,,,,,,,,,,,,,,,,
32014R0269,32026R1843,2071,EU-UKR,I.PERSONS,Asset freeze,23.7.2026,"Aleksander Shvetsov is the general director and majority owner of LLC SYSTEM INDUSTRIAL GROUP. LLC SYSTEM INDUSTRIAL GROUP is part of the Russian arms industry, a sector of strategic importance for the Russian Federation. LLC SYSTEM INDUSTRIAL GROUP specialises in wholesale trade and commission trade. It acts as a supplier to JSC IEMZ Kupol. It specifically supplies materials and components used to transport the warheads of the Garpiya one-way attack UAVs. These UAVs are used by the Russian Armed Forces during Russia’s war of aggression against Ukraine. Therefore, Aleksander Shvetsov is materially supporting Russia’s military and industrial complex, including by being involved in the development, production or supply of military technology and equipment.",Person,Aleksander Nikolaevich SHVETSOV,Александр Николаевич ШВЕЦОВ,,,,Russian,,,,General director and majority owner of LLC SYSTEM INDUSTRIAL GROUP,,male,,,,,,,,,471508359527,,,,,,,,,,,,,,,,
32014R0269,32026R1843,2072,EU-UKR,I.PERSONS,Asset freeze,23.7.2026,"Evgenyi Malakhov is the General Director of JSC NPK SEVERNAYA ZARYA. JSC NPK SEVERNAYA ZARYA is part of the Russian arms industry, a sector of strategic importance for the Russian Federation. JSC NPK SEVERNAYA ZARYA specialises in the manufacture of electrical and optical equipment. It supplies electronic components to JSC IEMZ Kupol. It specifically supplies components used in the production of warheads of the Garpiya-A1 one-way attack UAVs. These UAVs are used by the Russian Armed Forces during Russia’s war of aggression against Ukraine. Therefore, Evgenyi Malakhov is materially supporting Russia’s military and industrial complex, including by being involved in the development, production or supply of military technology and equipment.",Person,Evgenyi Dmitrievich MALAKHOV,Евгений Дмитриевич МАЛАХОВ,,,,Russian,,7.4.1967,,General Director of JSC NPK SEVERNAYA ZARYA,,male,,,,,,,,,782609628028,,,,,,,,,,,,,,,,
32014R0269,32026R1843,2073,EU-UKR,I.PERSONS,Asset freeze,23.7.2026,"Konstantin Migalin is the General Director and co-owner of LLC NPF ROTOR. LLC NPF ROTOR is part of the Russian arms industry, a sector of strategic importance for the Russian Federation. LLC NPF ROTOR specialises in the manufacture and supply of pneumatic catapults, scientific research and development in the field of natural and technical sciences. It produces and supplies pneumatic catapults installed on the launch vehicles for the Garpiya-A1 one-way attack UAVs. These UAVs are used by the Russian Armed Forces during Russia’s war of aggression against Ukraine. Therefore, Konstantin Migalin is materially supporting from Russia’s military and industrial complex, including by being involved in the development, production or supply of military technology and equipment.",Person,Konstantin Valentinovich MIGALIN,Константин Валентинович МИГАЛИН,,,,Russian,,7.10.1956,,General Director and co-owner of LLC NPF ROTOR,,male,,,,,,,,,632126749291,,,,,,,,,,,,,,,,
32014R0269,32026R1843,2074,EU-UKR,I.PERSONS,Asset freeze,23.7.2026,"Evgenyi Slodkevich is the General Director and co-owner of Limited Liability Company RADIAL FIRM that is part of the Russian arms industry, a sector of strategic importance for the Russian Federation. Limited Liability Company RADIAL FIRM specialises in the design and manufacture of antenna-filter equipment for professional and HAM-radio HF, VHF, UHF bands, radio and TV broadcasting, antenna-mast constructions and manufacture of communication equipment. It supplies software services to JSC IEMZ Kupol. It specifically provides on-board software for the flight control of the one-way attack Garpiya-A1 UAV. These UAVs are used by the Russian Armed Forces during Russia’s war of aggression against Ukraine. Therefore, Evgenyi Slodkevich is materially supporting Russia’s military and industrial complex, including by being involved in the development, production or supply of military technology and equipment.",Person,Evgenyi Yakovlevich SLODKEVICH,Евгений Яковлевич СЛОДКЕВИЧ,,,,Russian,,,,General Director and co-owner of Limited Liability Company RADIAL FIRM,,male,,,,,,,,,772003632171,,,,,,,,,,,,,,,,
32014R0269,32026R1843,2075,EU-UKR,I.PERSONS,Asset freeze,23.7.2026,"Ruslan Arefiev is a Russian banking executive serving as President-Chairman of the Management Board of CMRBank, a financial institution active in the occupied Ukrainian territories subject to Union restrictive measures, and as a member of the Board of Directors of CMRBank Abkhazia. He previously held senior positions at the Russian National Commercial Bank (RNCB). Ruslan Arefiev plays a key role in integrating the illegally occupied Ukrainian territories into Russia’s financial system. From 2014 onward, through his leadership roles at RNCB and later CMRBank, he is accused of organising and expanding bank branches in the occupied Crimea, Donetsk, Luhansk, Kherson, and Zaporizhzhya. As head of banks supervised by the Central Bank of Russia, he has overseen institutions implementing Kremlin-directed financial measures, including “rublisation”, as well as the replacement of Ukrainian banking infrastructure and the integration of occupied territories into Russian payment and settlement systems. These actions enabled Russian authorities to consolidate their administrative, economic, and military control over the occupied regions of Ukraine. Therefore, Ruslan Arefiev is supporting the Government of the Russian Federation, which is responsible for the annexation of Crimea and the destabilisation of Ukraine. Furthermore he is responsible for implementing actions or policies which undermine or threaten the territorial integrity, sovereignty and independence of Ukraine, or stability or security in Ukraine.",Person,Ruslan Georgievich AREFIEV,Ruslan Georgievich AREFYEV; Руслан Георгиевич АРЕФЬЕВ,,,,Russian,,20.3.1974,,President-Chairman of the Management Board of CMRBank; Member of the Board of Directors of CMRBank Abkhazia,4518402005,male,,,,,,,,,502770344505,,,,,,,,,,,,,,,,
32014R0269,32026R1843,2076,EU-UKR,I.PERSONS,Asset freeze,23.7.2026,"Sergey Belov is the Deputy Governor of the Central Bank of the Russian Federation (Bank of Russia). Within the Bank of Russia, he oversees the Cash Circulation Department, the Field Institutions Department, the Administrative Department, and the Russian Union of Cash Collection Divisions (ROSINKAS). As Deputy Governor, he manages field institutions near front-line areas that provide banking services to Russian forces and occupied territories, facilitating the forced transfer to the Russian rouble. Furthermore, the Central Bank opened branches in annexed Ukrainian regions and facilitated the expansion of state-linked banks, integrating occupied territories into Russia’s financial system. Therefore, Sergey Belov is responsible for implementing actions and policies which undermine or threaten the territorial integrity, sovereignty and independence of Ukraine.",Person,Sergey Vladimirovich BELOV,Сергей Владимирович БЕЛОВ,,,,Russian,,14.9.1970,"Tambov, USSR (now Russian Federation)",Deputy Governor of the Central Bank of Russia,,male,,,,,,,,,,,,,,,,,,,,,,,,,
32014R0269,32026R1843,2077,EU-UKR,I.PERSONS,Asset freeze,23.7.2026,"Alexander Arzamastsev is the sole owner of LLC “ECOPROM”, a Russian company which manufactures first person view (FPV) unmanned aerial vehicles (UAVs) of the Bekas series, including the models Bekas-700, Bekas-2500, Bekas-3500, Bekas-4500 and which holds the right to the “Bekas” trademark. All of these UAVs are used in Russia’s war of aggression against Ukraine. LLC “ECOPROM” also manufactures special kits for its Bekas series UAVs. Therefore, Alexander Arzamastsev, as the sole owner of LLC “ECOPROM”, is supporting actions which undermine and threaten the territorial integrity, sovereignty and independence of Ukraine. Since the company is a military equipment supplier to the Armed forces of Russian Federation, Alexander Arzamastsev is supporting materially Russia’s military and industrial complex.",Person,Alexander Viktorovich ARZAMASTSEV,Aleksandr Viktorovich ARZAMASTSEV; Александр Викторович АРЗАМАСЦЕВ,,,,Russian,,23.9.1961,,Owner of the LLC “ECOPROM”,,male,,,,,,,,,,,,,,,,,,,,,,,,,
32014R0269,32026R1843,2078,EU-UKR,I.PERSONS,Asset freeze,23.7.2026,"Alexander Rudik is the General Director of LLC “ECOPROM”, a Russian company which manufactures first person view (FPV) unmanned aerial vehicles (UAVs) of the Bekas series, including the models Bekas-700, Bekas-2500, Bekas-3500, Bekas-4500 and which holds the right to the “Bekas” trademark. All of these UAVs are used in Russia’s war of aggression against Ukraine. LLC “ECOPROM” also manufactures special kits for its Bekas series UAVs. Therefore, Alexander Rudik, as the General Director of LLC “ECOPROM”, is supporting actions which undermine and threaten the territorial integrity, sovereignty and independence of Ukraine. Since the company is a military equipment supplier to the Armed forces of Russian Federation, Alexander Rudik is supporting materially Russia’s military and industrial complex.",Person,Aleksander Viktorovich RUDIK,Aleksandr Viktorovich RUDIK; Александр Викторович РУДИК,,,,Russian,,11.4.1966,,General Director of the LLC “ECOPROM”,,male,,,,,,,,,,,,,,,,,,,,,,,,,
32014R0269,32026R1843,2079,EU-UKR,I.PERSONS,Asset freeze,23.7.2026,"Andrey Schneider is a Russian entrepreneur, the co-founder and co-owner of the Svetofor Group, which runs over 2 200 discount stores in Russia and abroad under brands such as Svetofor, Mere, and MyPrice. The family-owned business involves his brother Sergey and mother Valentina. The company is structured through hundreds of LLCs under the Torgservice Group of Companies brand. Andrey Schneider is also the co-founder of Torgservice Group of Companies, which runs the Svetofor discount chain. The Svetofor chain is one of the top 5 grocery chains in Russia. Schneider’s retail empire plays a significant role in supporting Russia’s domestic economy. The Svetofor Group, part of the Torgservice Group of Companies, has operated in occupied Crimea since 2014 and continues to run its Svetofor and Mayak discount stores across occupied Ukrainian territories including Crimea, Kherson, Luhansk, Donetsk. The official Svetofor website lists Crimea as part of Russia, aligning with the Kremlin’s narrative, and confirms that stores there were active as of May 2024. Therefore, Andrey Schneider is a leading businessperson operating in Russia. Therefore, Andrey Schneider is a natural person supporting, materially or financially, actions which undermine or threaten the territorial integrity, sovereignty and independence of Ukraine.",Person,Andrey Ivanovich SCHNEIDER,Andrey SCHNEIDER; Андрей Иванович ШНАЙДЕР; Андрей ШНАЙДЕР,,,,Russian,,9.2.1974,Germany,Co-founder and co-owner of the “Svetofor Group”,,male,,,,,,,,,246403033635,,,,,,,,,,,,,,,,
32014R0269,32026R1843,2080,EU-UKR,I.PERSONS,Asset freeze,23.7.2026,"Sergey Schneider is a Russian billionaire, enterpreneur, co-founder and co-owner of the Svetofor Group, which runs over 2 200 discount stores in Russia and abroad under brands such as Svetofor, Mere, and MyPrice. The family-owned business also involves his mother Valentina and brother Andrey. The company is structured through hundreds of LLCs under the Torgservice Group of Companies brand. Sergey Schneider is also the co-founder of Torgservice Group of Companies, which runs the Svetofor discount chain. The Svetofor’s chain is one of the top 5 grocery chains in Russia. Schneider’s retail empire plays a significant role in supporting Russia’s domestic economy. The Svetofor Group, part of the Torgservice Group of Companies, has operated in occupied Crimea since 2014 and continues to run its Svetofor and Mayak discount stores across occupied Ukrainian territories including Crimea, Kherson, Luhansk, Donetsk. The official Svetofor website lists Crimea as part of Russia, aligning with the Kremlin’s narrative, and confirms that stores there were active as of May 2024. Therefore, Sergey Schneider is a leading businessperson operating in Russia. Therefore, Sergey Schneider is a natural person supporting, materially or financially, actions which undermine or threaten the territorial integrity, sovereignty and independence of Ukraine.",Person,Sergey Ivanovich SCHNEIDER,Sergey SCHNEIDER; Сергей Иванович ШНАЙДЕР; Сергей ШНАЙДЕР,,,,Russian,,16.6.1966,Germany,Co-founder and co-owner of the “Svetofor Group”,,male,,,,,,,,,246000069678,,,,,,,,,,,,,,,,
32014R0269,32026R1843,2081,EU-UKR,I.PERSONS,Asset freeze,23.7.2026,"Valentina Schneider is a Russian enterpreneur, the co-founder and co-owner of the Svetofor Group, which runs over 2 200 discount stores in Russia and abroad under brands such as Svetofor, Mere, and MyPrice. The family-owned business also involves Valentina’s sons Andrey and Sergey Schneider. The company is structured through hundreds of LLCs under the Torgservice Group of Companies brand. Valentina Schneider is also the co-founder of Torgservice Group of Companies, which runs the Svetofor discount chain. The Svetofor’s chain is one of the top 5 grocery chains in Russia. Schneider’s retail empire plays a significant role in supporting Russia’s domestic economy. The Svetofor Group, part of the Torgservice Group of Companies, has operated in occupied Crimea since 2014 and continues to run its Svetofor and Mayak discount stores across occupied Ukrainian territories including Crimea, Kherson, Luhansk, Donetsk. The official Svetofor website lists Crimea as part of Russia, aligning with the Kremlin’s narrative, and confirms that stores there were active as of May 2024. Therefore, Valentina Schneider is a leading businessperson operating in Russia. Therefore, Valentina Schneider is a natural person supporting, materially or financially, actions which undermine or threaten the territorial integrity, sovereignty and independence of Ukraine.",Person,Valentina Emmanuiovna SCHNEIDER,Valentina SCHNEIDER; Валентина Эммануиовна ШНАЙДЕР; Валентина ШНАЙДЕР,,,,Russian,,,,Co-founder and co-owner of the “Svetofor Group”,,female,,,,,,,,,244200947887,,,,,,,,,,,,,,,,
32014R0269,32026R1843,2082,EU-UKR,I.PERSONS,Asset freeze,23.7.2026,"Mikhail Gutseriev is a prominent businessperson in Russia. As the founder and ultimate owner of the Safmar Group, he holds business interests in the oil and gas sectors, as well as in the real estate, media, and construction sectors and implements large-scale projects. The energy sector, in particular the oil and gas sectors, is a sector providing a substantial source of revenue to the Government of the Russian Federation. Therefore, Mikhail Gutseriev is a leading businessperson operating in Russia who is furthermore involved in an economic sector providing a substantial source of revenue to the Government of the Russian Federation. Through his investment projects, he is also supporting the Government of the Russian Federation which is responsible for the annexation of Crimea and the destabilisation of Ukraine.",Person,Mikhail Safarbekovich GUTSERIEV,Михаил Сафарбекович ГУЦЕРИЕВ,,,,Russian,,9.3.1958,"Akmolinsk, Kazakh SSR, Soviet Union (now Kazakhstan)","Co-owner of SAFMAR GROUP, JSC RDV S, LLC; Shareholder of BALTIKMEDIA, LLC LAV RADIO NETWORK, LLC LITERARY COLLECTION, LLC FAVORITE CITY, LLC MASTERSKAYA MUSYKI, LLC; MEDIA HOLD, LLC ON-MEDIA, LLC RADIO NOSTALGIE SPB, LLC RADIO-DACHA, LLC RADIO-LOVE, LLC REPUBLIC, LLC RU FM, LLC STOLITSA MEDIA, LLC TZ RUSSIAN HIT, LLC",,male,,,,,,,,,772342802484,,,,,,,,,,,,,,,,
32014R0269,32026R1843,2083,EU-UKR,I.PERSONS,Asset freeze,23.7.2026,"Leonid Shumakov is the project director for the A7A5 cryptocurrency project, which is part-owned by PSB and part-owned by A7, both entities subject to restrictive measures. The cryptocurrency project is a component in crypto stablecoin A7 and its sanction circumvention routines. Therefore, Leonid Shumakov is supporting and benefitting from the Government of the Russian Federation, which is responsible for the annexation of Crimean and the destabilisation of Ukraine. In addition, Leonid Shumakov is associated with PSB Bank, a legal person conducting transactions with the separatist groups in the Donbas region of Ukraine.",Person,Leonid Vladimirovich SHUMAKOV,Леонид Владимирович ШУМАКОВ,,,,Russian,,8.2.1985,,A7A5 project director,,,,,,,,,,,,,772775578257,,,,,,,,,,,,,,
32014R0269,32026R1843,2084,EU-UKR,I.PERSONS,Asset freeze,23.7.2026,"Mikhail Degtyarev is the Minister of Sport of Russia and the President of the Russian Olympic Committee. In his role, he has pledged to support the rehabilitation through sport of Russian soldiers who have fought in the war of aggression against Ukraine, noting that he is implementing the priorities set by Russian president Vladimir Putin, also describing himself as “Putin’s soldier”. He has said that one of his priorities is developing sports infrastructure in territories that are part of Ukraine and illegally occupied by Russia. In his former role as the governor of Khabarovsk Krai, he also supported Russian soldiers and veterans who have fought in the war of aggression against Ukraine. In both his former and current roles, he has made working visits to occupied Ukrainian territories. Therefore, Mikhail Degtyarev is responsible for and implementing policies which undermine and threaten the territorial integrity, sovereignty and independence of Ukraine.",Person,Mikhail Vladimirovich DEGTYAREV,Mikhail Vladimirovich DEGTYARYOV; Михаил Владимирович ДЕГТЯРЁВ,,,,Russian,,10.7.1981,"Kuibyshev, Russia",Minister of Sport of Russia; President of the Russian Olympic Committee,,male,,,,,,,,,,,,,,,,,,,,,,,,,
32014R0269,32026R1843,2085,EU-UKR,I.PERSONS,Asset freeze,23.7.2026,"Mikhail Dorofeev is the Deputy Chairman of PSB Bank, a systemically important financial institution. PSB is a Russian state-owned bank which supports the Russian military-industrial complex and is the co-owner of the A7 network, a service enabling cross-border payments. Mikhail Dorofeev has implemented major projects of PSB Bank, including expanding the operations of the A7 network within Russia and abroad, specifically to Nigeria and Zimbabwe. The banking sector is a sector providing substantial revenue to the Government of the Russian Federation. Therefore, Mikhail Dorofeev is involved in an economic sector providing a substantial source of revenue to the Government of the Russian Federation, which is responsible for the annexation of Crimea and the destabilisation of Ukraine. Moreover, Mikhail Dorofeev is associated with PSB Bank, which is supporting materially and financially Russian decision-makers responsible for the annexation of Crimea and the destabilisation of Ukraine, and which is conducting transactions with the separatist groups in the Donbas region of Ukraine.",Person,Mikhail DOROFEEV,,,,,,,,,Deputy Chairman of PSB Bank,,,,,,,,,,,,,,,,,,,,,,,,,,,
32014R0269,32026R1843,2086,EU-UKR,I.PERSONS,Asset freeze,23.7.2026,"Maxim Grigoryev is a key figure in Russian state propaganda, responsible for justifying the Russian invasion and undermining Ukraine’s sovereignty. He is a prominent member of the Civic Chamber of the Russian Federation appointed by the President of the Russian Federation. He is the Director of the non-profit foundation “Research on Democracy”. In this role, he functions as a prominent publicist and frequent representative of Russian state narratives on the international stage. Maxim Grigoryev chairs a sham “International Public Tribunal on the Crimes of Ukrainian Neo-Nazis” designed to mimic legal proceedings to produce propaganda for domestic and international consumption. He authored the book “Ukraine’s Crimes Against Humanity (2022-2023)”. His activities are heavily promoted by the Russian Ministry of Foreign Affairs and are used by Russian officials to justify the so called “special military operation”. Therefore, Maxim Grigoryev is a natural person supporting actions or policies which undermine or threaten the territorial integrity, sovereignty and independence of Ukraine, or stability or security in Ukraine.",Person,Maxim Sergeevich GRIGORYEV,Максим Сергеевич ГРИГОРЬЕВ,,,,Russian,,18.8.1975,"Leningrad, RSFSR, USSR (now Russian Federation)",Member of the Civic Chamber of the Russian Federation; Director of the non-profit foundation “Research on Democracy”,,male,,,,,,,,,,,,,,,,,,,,,,,,,
32014R0269,32026R1843,2087,EU-UKR,I.PERSONS,Asset freeze,23.7.2026,"Aleksandr Minkov is a Russian musician, composer, singer and songwriter. He actively supports and justifies Russia’s military aggression against Ukraine, spreading narratives of Kremlin propaganda. He visits the temporarily occupied territories of Ukraine carrying out concerts in support to the Russian military. He also declared a desire to personally fight against Ukraine. Aleksandr Minkov is a member of the Public Council under the Ministry of Defence of the Russian Federation. In 2025, President Vladimir Putin awarded Alexander Minkov the Order “For Merit in Culture and Art”. Therefore, Aleksandr Minkov is a natural person supporting actions or policies which undermine or threaten the territorial integrity, sovereignty and independence of Ukraine, or stability or security in Ukraine.",Person,Aleksandr Vitalyevich MINKOV,Александр Витальевич МИНЬКОВ; MARSHAL Alexander; МАРШАЛ Александр,,,,Russian,,7.6.1957,"Korenovsk, Krasnodar Kray, RSFSR, USSR (now Russian Federation)","Russian musician, composer, singer, songwriter and TV presenter; Member of the Public Council under the Ministry of Defence of the Russian Federation",,male,,,,,,,,,,,,,,,,,,,,,,,,,
32014R0269,32026R1843,2088,EU-UKR,I.PERSONS,Asset freeze,23.7.2026,"Alexander Zharov is the CEO of Gazprom-Media Holding, a state-controlled media conglomerate in Russia, which acts as a primary tool for Kremlin war propaganda and information operations. Under his leadership, Gazprom-Media Holding has become a primary vehicle for the Kremlin’s “ideological task” of shaping public perception regarding Russia’s war of aggression against Ukraine. He is also a member of the Council for Culture and Art under the President of the Russian Federation. Therefore, Alexander Zharov is responsible for, supporting or implementing actions or policies which undermine or threaten the territorial integrity, sovereignty and independence of Ukraine, or stability or security in Ukraine.",Person,Alexander Alexandrovich ZHAROV,Александр Александрович ЖАРОВ,,,,Russian,,11.8.1964,"Chelyabinsk, RSFSR, USSR (now Russian Federation)","CEO of Gazprom-Media Holding; Member of the Council under the President of the Russian Federation for Culture and Art; Former Head of the Federal Service for Supervision of Communications, Information Technology and Mass Media (Roskomnadzor)",,male,,,,,,,,,772455243692,,,,,,,,,,,,,,,,
32014R0269,32026R1843,2089,EU-UKR,I.PERSONS,Asset freeze,23.7.2026,"Vladimir Tabak is the Director General of ANO “Dialog”, which is listed by the Union, and of ANO “Dialog of Regions”, pro-Kremlin organisations that are linked to Russian government influence operations, disinformation campaigns and that support Russian military information activities. ANO “Dialog” and its subsidiary ANO “Dialog of Regions” are funded by the Government of the Russian Federation. Under Vladimir Tabak’s leadership, ANO “Dialog” produces and disseminates propaganda that supports Russia’s war of aggression against Ukraine. This includes disinformation aimed at discrediting Ukraine, justifying the invasion and undermining Ukraine’s sovereignty and territorial integrity. ANO “Dialog” is linked to Doppelgänger, a Russia-linked influence operation network identified in 2022, that used deep fake content to develop Russian disinformation campaigns. ANO “Dialog” and Vladimir Tabak have been identified as responsible for leasing and running the Recent Reliable News (RRN) campaign, which served as a multilingual platform for disseminating pro-Russian and anti-Ukrainian news content in the aftermath of restrictive measures against the established Russian state media brands. Therefore, Vladimir Tabak is a natural person supporting actions or policies which undermine or threaten the territorial integrity, sovereignty and independence of Ukraine, or stability or security in Ukraine.",Person,Vladimir Grigorievich TABAK,Владимир Григорьевич ТАБАК,,,,Russian,,2.12.1986,"Moscow, RSFSR, USSR (now Russian Federation)",Director General of ANO “Dialog” and of ANO “Dialog of Regions”,,male,,,,,,,,,772589320839,,,,,,,,,,,,,,,,
32014R0269,32026R1843,2090,EU-UKR,I.PERSONS,Asset freeze,23.7.2026,"Yuri Kushnerov is the Chairman of the Board of Directors of JSC Neftechemservis, a Russian company which owns and operates the Yaya oil refinery in the Kemerovo Oblast. Yuri Kushnerov is also the co-owner of LLC “Anzhersky Oil and Gas Company LLC”, LLC “Anzhersky Oil Refinery” and LLC “Oil Refinery ‘North Kuzbass’”, which are companies involved in the production of petroleum products on the Yaya refining site. The energy sector, in particular the oil and gas sector, is a sector providing a substantial source of revenue to the Governement of the Russian Federation. Therefore, Yuri Kushnerov is involved in an economic sector providing a substantial source of revenue to the Government of the Russian Federation, which is responsible for the annexation of Crimea and the destabilisation of Ukraine.",Person,Yuri Petrovich KUSHNEROV,Юрий Петрович КУШНЕРОВ,,,,Russian,,19.12.1954,,Chairman of the Board of Directors of JSC Neftechemservis,,male,,,,,,,,,421700459395,,,,,,,,,,,,,,,,
32014R0269,32026R1843,2091,EU-UKR,I.PERSONS,Asset freeze,23.7.2026,"Arkady Dvorkovich has held senior positions in the Government of the Russian Federation. He was the assistant to the President of the Russian Federation Dmitry Medvedev (2008-2012), Deputy Prime Minister of the Russian Federation (2012-2018). Since 2018, he has been the President of the International Chess Federation (FIDE). His reelection to this position in 2022 was welcomed by the Kremlin as a “victory” for Moscow. In his position as President of FIDE Arkady Dvorkovich has publicly supported the annexation of Crimea and called occupied Ukrainian cities “new territories” of the Russian Federation. Arkady Dvorkovich is also a member of the Board of Trustees of the Chess Federation of Russia, together with the several individuals listed by the Union, including from the Government of the Russian Federation. Chess Federation of Russia organised and operated tournaments in Russian-occupied Ukrainian territories, including Crimea, Donetsk, Luhansk, Zaporizhzhya, and Kherson regions. Arkady Dvorkovich plays one of the key roles in the Board of Trustees. Therefore, Arkady Dvorkovich is supporting actions or policies which undermine or threaten the territorial integrity, sovereignty and independence of Ukraine, or stability or security in Ukraine.",Person,Arkady Vladimirovich DVORKOVICH,Аркадий Владимирович ДВОРКОВИЧ,,,,Russian,,7.5.1956,"Moscow, Russian Federation",President of the International Chess Federation (FIDE); Member of the Board of Trustees of the Chess Federation of Russia,,male,,,,,,,,,771800845193,,,,,,,,,,,,,,,,
32014R0269,32026R1843,2092,EU-UKR,I.PERSONS,Asset freeze,23.7.2026,"Mikhail Mamiashvili is the President of the Russian Wrestling Federation, Vice-President of the Executive Committee of the International Federation of Sports Wrestling (UWW) and member of the Executive Board of the Russian Olympic Committee. On 5 October 2023, the Executive Board of the Russian Olympic Committee (ROC) made a unilateral decision to include the regional sports organisations under the Ukrainian National Olympic Committee’s authority as its members, namely the so-called Donetsk and LuhanskPeople’s Republics, the Zaporizhzhya region, and the Kherson region. This resulted in suspension of the Russian Olympic Committee by the International Olympic Committee (IOC). Mikhail Mamiashvili publicly supports Russia’s war of aggression against Ukraine. He is a vocal proponent of Kremlin narratives and actively participates in efforts aimed at justifying the invasion. His public statements and political affiliations contribute to legitimising and sustaining actions that undermine the sovereignty and territorial integrity of Ukraine. He is a prominent figure within Russia’s state-controlled sports system and is closely affiliated with key representatives of the Government of the Russian Federation. He maintains close personal and professional ties with the highest levels of Russian leadership, including President Vladimir Putin. Therefore, Mikhail Mamiashvili is supporting actions or policies which undermine or threaten the territorial integrity, sovereignty and independence of Ukraine, or stability or security in Ukraine.",Person,Mikhail Gerazievich MAMIASHVILI,Михаил Геразиевич МАМИАШВИЛИ,,,,Russian,,21.11.1963,"Konotop, Sumy region, Ukraine",President of the Russian Wrestling Federation (FSBR); Vice-President of the Executive Committee of the International Federation of Sports Wrestling (UWW); Member of the Executive Board of the Russian Olympic Committee (ROC); Colonel,,male,,,,,,,,,773117804958,,,,,,,,,,,,,,,,
32014R0269,32026R1843,2093,EU-UKR,I.PERSONS,Asset freeze,23.7.2026,"Stanislav Pozdnyakov, acting in the capacity of President of the Olympic Committee of the Russian Federation, has supported Russia’s invasion of Ukraine and endorsed the mobilisation of Russian athletes to go to war. Under his presidency, on 5 October 2023, the Executive Board of the Russian Olympic Committee (ROC) made a unilateral decision to include the regional sports organisations under the Ukrainian National Olympic Committee’s authority as its members, namely the so-called Donetsk and Luhansk People’s Republics, the Zaporizhzhya region, and the Kherson region. This resulted in suspension of the Russian Olympic Committee by the International Olympic Committee (IOC). Stanislav Pozdnyakov is a member of the Board of Russian Central Sports Club of the Army (CSKA) and a Lieutenant Colonel of the Armed Forces of the Russian Federation. CSKA is a department of Ministry of Defence of the Russian Federation. Therefore, Stanislav Pozdnyakov is supporting actions or policies which undermine or threaten the territorial integrity, sovereignty and independence of Ukraine, or stability or security in Ukraine.",Person,Stanislav Alekseyevich POZDNYAKOV,Станислав Алексеевич ПОЗДНЯКОВ,,,,Russian,,27.9.1973,"Novosibirsk, RSFSR, USSR (now Russian Federation)",Former President of the Olympic Committee of the Russian Federation (2018-2024); Member of the Board of Russian Central Sports Club of the Army (CSKA); Lieutenant Colonel of the Armed Forces of the Russian Federation,,male,,,,,,,,,540696245433,,,,,,,,,,,,,,,,
32014R0269,32026R1843,2094,EU-UKR,I.PERSONS,Asset freeze,23.7.2026,"Oleg Belozerov is the Director General and Chairman of the Executive Board of Russian Railways, a state-owned company. Prior to his appointment to this position in 2015, he served as First Deputy Minister of Transport of the Russian Federation (2015), Deputy Minister of Transport of the Russian Federation (2009-2015) and the head of the Russian Federal Road Agency (2004-2009). Russian Railways is a state-owned company that operates one of the world’s largest railway networks, serving as the critical backbone for Russia’s economy and military. It has been facilitating deliveries of military equipment and personnel to the zone of the so-called “special military operation” in Ukraine. The organisational structure of Russian Railways is intertwined with Russia’s political and military elites, as well as the state and military apparatus. In his position as the Director General Russian Railways Oleg Belozerov has publicly supported the so-called “special military operation” in Ukraine. He was present at the meeting of businessmen in the Kremlin with President of the Russian Federation Vladimir Putin on the day of the launch of Russia’s invasion of Ukraine on 24 February 2022. Oleg Belozerov maintains close ties with the Government of the Russian Federation and the President of the Russian Federation Vladimir Putin. Therefore, Oleg Belozerov is supporting or implementing actions or policies which undermine or threaten the territorial integrity, sovereignty and independence of Ukraine, as well as stability and security in Ukraine.",Person,Oleg Valentinovich BELOZEROV,Олег Валентинович БЕЛОЗЁРОВ,,,,Russian,,26.9.1969,"Ventspils, Latvia",Director General and Chairman of the Executive Board of Russian Railways,,male,,,,,,,,,,,,,,,,,,,,,,,,,
32014R0269,32026R1843,2095,EU-UKR,I.PERSONS,Asset freeze,23.7.2026,"Vladimir Medinsky is a Russian historian and longtime aide to Vladimir Putin. In 2025, he headed the Russian delegation in negotiations between Russia and Ukraine in Turkey. He is a central figure of the government propaganda. He has authored textbooks presenting Ukraine as being part of a “Russian world”, defended the “special military operation” in Ukraine, and denied the abduction of Ukrainian children by Russia. Therefore, Vladimir Medinsky supports actions or policies which undermine or threaten the territorial integrity, sovereignty and independence of Ukraine, or stability or security in Ukraine, or which obstruct the work of international organisations in Ukraine, through the use of coordinated information manipulation and interference.",Person,Vladimir Rostislavovich MEDINSKY,Владимир Ростиславович МЕДИНСКИЙ,,,,Russian,,18.7.1970,"Smila, Ukraine","politician, political scientist, historian, writer, and Aide to Vladimir Putin",,male,,,,,,,,,,,,,,,,,,,,,,,,,
32014R0269,32026R1843,2096,EU-UKR,I.PERSONS,Asset freeze,23.7.2026,"Roman Demurchiev is a Major General of the Russian Armed Forces. He has held senior command roles during Russia’s war of aggression against Ukraine, including commander of the 42nd Guards Motor Rifle Division, which is part of the 58th Combined Arms Army of the Southern Military District, and Deputy Commander of the 20th Combined Arms Army within the Western Group of Forces of the Russian Armed Forces, which is a part of the Russian Ground Forces and directly participates in Russia’s war against Ukraine. He engages in torture, executions, and the desecration of the bodies of Ukrainian military personnel, including prisoners of war. He has received an award from the governor of the Moscow region, as well as one of the highest state decorations of the Chechen Republic. In 2023, the President of the Russian Federation Vladimir Putin awarded him the rank of Major General. Therefore, Roman Demurchiev is a natural person supporting or implementing actions or policies which undermine or threaten the territorial integrity, sovereignty and independence of Ukraine, or stability or security in Ukraine.",Person,Roman Geradotovich DEMURCHIEV,Роман Герадотович ДЕМУРЧИЕВ,,,,Russian,,30.8.1976,"Tatarstan, Russian Federation",Major General; Deputy commander of the 20th Combined Arms Army within the Western Group of Forces of the Russian Armed Forces,9204926737,male,,,,,,,,,,,,,,,,,,,,,"Russian Federation, Tatarstan,. Kazan, st. Karbysheva, 13, sq. 39; Russian Federation, Volgograd region, Kamyshin, st. Gorokhovskaya, territory in / h 74507",,,,
32014R0269,32026R1843,2097,EU-UKR,I.PERSONS,Asset freeze,23.7.2026,"Denis Merzlikin is the founder and director of the LLC “ASFPV”, a Russian company that manufactures drones (“Veterok 7”, “Veterok10”, and “Veterok 13”), drone detectors (Gorn), and fibre-optic spools for the Russian Armed Forces. These drones, drone detectors and fibre-optic spools are used in Russia’s war of aggression against Ukraine. Therefore, Denis Merzlikin is supporting actions that undermine and threaten the territorial integrity, sovereignty and independence of Ukraine. Additionally, though his position he is supporting Russia’s military and industrial complex by being involved in the development, production and supply of military technology.",Person,Denis Aleksandrovich MERZLIKIN,Денис Александрович МЕРЗЛИКИН,,,,Russian,,11.1.1981,Saint Petersburg,Founder and director of Limited Liability Company “ASFPV”,,male,,,,,,,,,,,780430431672,,,,,,,,,,"Saint Petersburg, Vavilovykh street, 15–3",+79522801101,merzlikind2009@yandex.ru; merzlikind2009@ya.ru,https://vk.com/merzlikind,
32014R0269,32026R1843,2098,EU-UKR,I.PERSONS,Asset freeze,23.7.2026,"Olga Korchagina is the founder of the Simbirsk Design Bureau “Piranya” (SDB “Piranya”) a Russia-based company that manufactures drones used by Russia in its war of aggression against Ukraine. SDB “Piranya” manufactures First Person View (FPV) drones and specifically the models “Piranya-7”, “Piranya-10” and “Piranya-13”. The company manufactures up to 10 000 drones monthly and the Russian Army views its products as being extremely valuable in its military operations. Therefore, Olga Korchagina, as founder of a Simbirsk Design Bureau “Piranya” (SDB “Piranya”), is supporting actions which undermine and threaten the territorial integrity, sovereignty and independence of Ukraine. Additionally, she also supporting and benefitting from Russia’s military and industrial complex.",Person,Olga Aleksandrovna KORCHAGINA,Ольга Александровна КОРЧАГИНА,,,,Russian,,25.4.1972,,Founder of SDB “Piranya”,7317205966,female,,,,,,,,,,,732703148651,,,,,,,,,,,,,,
32014R0269,32026R1843,2099,EU-UKR,I.PERSONS,Asset freeze,23.7.2026,"Pavel Chernyshov is the director and founder of the Simbirsk Design Bureau “Piranya” (SDB “Piranya”) a Russia-based company that manufactures drones used by Russia in its war of aggression against Ukraine. SDB “Piranya” manufactures First Person View (FPV) drones and specifically the models “Piranya-7”, “Piranya-10” and “Piranya-13”. The company manufactures up to 10 000 drones monthly and the Russian Army views its products as being extremely valuable in its military operations. Therefore, Pavel Chernyshov, as director and founder of a Simbirsk Design Bureau “Piranya” (SDB “Piranya”), is supporting actions which undermine and threaten the territorial integrity, sovereignty and independence of Ukraine. Additionally, he is also supporting and benefitting from Russia’s military and industrial complex.",Person,Pavel Alekseevich CHERNYSHOV,Павел Алексеевич ЧЕРНЫШОВ,,,,Russian,,9.5.1984,,Director and founder of SDB “Piranya”,,male,,,,,,,,,,,732508747179 Passport number: 7304202860,,,,,,,,,,,,,,
32014R0269,32026R1843,2100,EU-UKR,I.PERSONS,Asset freeze,23.7.2026,"Suniel Kumar Sharma is a businessperson involved in setting up ship registries in various countries. Many of the governments of those countries have later rejected his involvement and accused him or companies linked to him of operating without proper authority, issuing invalid certificates, or continuing registry activities after approvals were revoked. Several governments have reported that entities connected to him have registered vessels fraudulently. He is the managing director of Oceaniek Technologies, which is the administrative hub for various maritime enterprises, including MSTA-International Maritime Registries & Regulatory Inc and Aruba Maritime Administration & Offshore Company Registry. Therefore, Suniel Kumar Sharma is associated with MSTA-International Maritime Registries & Regulatory Inc and Aruba Maritime Administration & Offshore Company Registry, both listed under Council Regulation (EU) No 269/2014 for providing material support to vessels transporting crude oil or petroleum products from Russia while practicing irregular and high-risk shipping practices as set out in the International Maritime Organisation General Assembly resolution A.1192(33).",Person,Suniel Kumar SHARMA,,,,,India,,7.10.1979,,Managing director of Oceaniek International,,male,,,,,,,,,,,,,,,,,,,,,"Chandigarh, India",,,,
32014R0269,32026R1843,2101,EU-UKR,I.PERSONS,Asset freeze,23.7.2026,"Aleksei Manikin is the beneficial owner and co-owner of “Beget” LLC and is one of those who decide company business strategy. Since 2014, “Beget” LLC has knowingly provided services to Russian backed illegal authorities, militarised organisations and propagandist projects in illegally annexed Crimea, Donetsk and Luhansk, as well as to a significant number of Russian defence companies relevant for Russia’s efforts in continuing the war of aggression against Ukraine. Aleksei Manikin is therefore supporting actions which undermine or threaten the territorial integrity, sovereignty and independence of Ukraine, and is associated with legal persons that support such policies and actions. He is supporting and benefitting from the Government of the Russian Federation, which is responsible for the annexation of Crimea and the destabilisation of Ukraine. He is also supporting Russia’s military and industrial complex and is significantly frustrating the provisions of Decision 2014/512/CFSP and Regulation (EU) No 833/2014.",Person,Aleksei Yuryevich MANIKIN,Алексей Юрьевич МАНИКИН,,,,Russian,,12.7.1986,,Beneficial owner and co-owner of “Beget” LLC,,male,,,,,,,,,470607765800,,,,,,,,,,,,,,,,
32014R0269,32026R1843,2102,EU-UKR,I.PERSONS,Asset freeze,23.7.2026,"Aleksandr Iljin is the beneficial owner and co-owner of the “Beget” LLC and is one of those who decide company business strategy.Since 2014, “Beget” LLC has knowingly delivered services to Russian backed illegal authorities, militarised organisations and propagandist projects in illegally annexed Crimea, Donetsk and Luhansk, as well as to a significant number of Russian defence companies relevant for Russia’s efforts in continuing the war of aggression against Ukraine. Aleksandr Iljin is therefore supporting actions which undermine or threaten the territorial integrity, sovereignty and independence of Ukraine, and is associated with legal persons that support such policies and actions. He is supporting and benefitting from the Government of the Russian Federation, which is responsible for the annexation of Crimea and the destabilisation of Ukraine. He is also supporting Russia’s military and industrial complex and is significantly frustrating the provisions of Decision 2014/512/CFSP and Regulation (EU) No 833/2014.",Person,Aleksandr Yuryevich ILJIN,Александр Юрьевич ИЛЬИН,,,,Russian,,2.1.1987,,Beneficial owner and co-owner of “Beget” LLC,,male,,,,,,,,,470316093695,,,,,,,,,,,,,,,,
32014R0269,32026R1843,2103,EU-UKR,I.PERSONS,Asset freeze,23.7.2026,"Aleksandr Klukov is the founder and General Director of “Beget” LLC is one of those who decide company business strategy. Since 2014, “Beget” LLC has knowingly delivered services to Russian backed illegal authorities, militarised organisations and propagandist projects in Crimea, Donetsk and Luhansk, occupied by the Russian Federation. Aleksandr Klukov is therefore supporting actions which undermine or threaten the territorial integrity, sovereignty and independence of Ukraine, and is associated with legal persons that support such policies and actions. He is supporting and benefitting from the Government of the Russian Federation, which is responsible for the annexation of Crimea and the destabilisation of Ukraine. He is also supporting Russia’s military and industrial complex and is significantly frustrating the provisions of Decision 2014/512/CFSP and Regulation (EU) No 833/2014.",Person,Aleksandr Evgenievich KLUKOV,Александр Евгеньевич КЛЮКОВ,,,,Russian,,,,Founder and General Director of “Beget” LLC and “Beget Kazakhstan” LLC,,male,,,,,,,,,781430645940,,,,,,,,,,,,,,,,
32014R0269,32026R1843,2104,EU-UKR,I.PERSONS,Asset freeze,23.7.2026,"Felix Yevtushenkov has been part of the management of PJSC AFK Sistema since 2008. He is a member of the board of Directors and a 15,2 % shareholder of PJSC AFK Sistema. In 2018, he became the Deputy Chairman of the Board of Directors of PJSC AFK Sistema. At that time the Board was chaired by his father Vladimir Petrovich Yevtushenkov. PJSC AFK Sistema is a conglomerate with business interests in various sectors of the Russian economy.It owns and controls companies including Agroholding Steppe (agriculture), BESK (energy), Binnofarm (pharmaceutics), Cosmos Hotel Group (tourism), Element (electronics), Intourist (tourism), Medsi (healthcare), Ozon (e-commerce), JSC Region (military industry) and Segezha (forest, woodworking, pulp and paper industry). PJSC AFK Sistema is also involved in the information, communications and digital technologies sectors, including through its share in the PJSC Mobile TeleSystems (MTS), as well as in banking, as MTS-Bank is owned by the PJSC MTS via Mobile TeleSystems B.V. Through BESK and its subsidiaries Bashkirenergo, BSK and Besk Engineering, PJSC AFK Sistema is involved in the energy sector which provides substantial revenues to the Government of the Russian Federation. Vladimir Yevtushenkov was a majority owner of PJSC AFK Sistema until April 2022 when he transferred part of his shares to his son Felix Vladimirovich Yevtushenkov. As family members and business partners, the two still hold a controlling share, with Vladimir Petrovich Yevtushenkov, who is listed by the Union, holding a 49,2 % share and Felix Vladimirovich Yevtushenkov holding a 15,2 % share of PJSC AFK Sistema’s stocks. Therefore, Felix Yevtushenkov is a leading businessperson operating in Russia and a businessperson involved in economic sectors providing a substantial source of revenue to the Government of the Russian Federation. He is also associated with Vladimir Petrovich Yevtushenkov.",Person,Felix Vladimirovich YEVTUSHENKOV,Felix Vladimirovich EVTUSHENKOV; Felix Vladimirovič JEVTUŠENKOV; Феликс Владимирович ЕВТУШЕНКОВ,,,,Russian,,14.11.1978,"Moscow, Russian Federation","Board of Directors member and 15,2 % shareholder of PJSC AFK Sistema",513519275; 514841480,male,,,,,,,,,,,,,,,,,,,,,"Apartment 34, 52 3-YA, Tverskaya Yamska, Russia, Moscow, 125047",,,,
32014R0269,32026R1843,820,EU-UKR,I.ENTITIES,Asset freeze,23.7.2026,"Joint Stock Company “Bank DOM.RF” is a Russian bank that is included in the list of systemically important credit institutions by the Central Bank of the Russian Federation. The bank is active in state-backed SME financing tools, promoted by the President of the Russian Federation Vladimir Putin. Joint Stock Company “Bank DOM.RF” is included in the list of the most important banks on the payment services market by the Central Bank of Russia. The banking sector is a sector providing substantial revenue to the Government of the Russian Federation. Therefore, Joint Stock Company “Bank DOM.RF” is involved in an economic sector providing a substantial source of revenue to the Government of the Russian Federation, which is responsible for the annexation of Crimea and the destabilisation of Ukraine.",Company,Joint Stock Company “Bank DOM.RF”,Акционерное Общество “Банк ДOM.РФ”,,,,,,,,,,,,,,,23.4.1993,Joint Stock Company,,,7725038124,,,,770401001,,,,,,,,"10, Vozdvizhenka Street, Moscow, 125009, Russian Federation; Russian Federation",+7 (495) 956-68-26; +7 (495) 775-86-86; +7 (495) 775-47-40; +7 (495) 203-86-06,"aleksandr.babuchin@domrf.ru, isb@domrf.ru",https://domrfbank.ru/,
32014R0269,32026R1843,821,EU-UKR,I.ENTITIES,Asset freeze,23.7.2026,"JSC Commercial Bank “Lanta-Bank” is a universal Russian bank focusing on commercial and retail banking operations, operations with securities, foreign currency and precious metals. The banking sector is a sector providing substantial revenue to the Government of the Russian Federation. Therefore, JSC Commercial Bank “Lanta-Bank” is involved in an economic sector providing a substantial source of revenue to the Government of the Russian Federation, which is responsible for the annexation of Crimea and the destabilisation of Ukraine.",Company,Joint Stock Company Commercial Bank “Lanta-Bank”,Акционерное Общество Коммерческий Банк “Ланта-Банк”,,,,,,,,,,,,,,,24.6.1992,Joint Stock Company,,,7705260427,,,,770501001,,,,,,,,"9 Novokuznetskaya Street, building 2, Moscow, 115184, Russia; Russian Federation",+7 (495) 957-00-00; +7 (495) 959-36-57; +7 (495) 959-29-59,,http://www.Lanta.ru,
32014R0269,32026R1843,822,EU-UKR,I.ENTITIES,Asset freeze,23.7.2026,"PJSC “AK BARS” Bank is one of Russia’s top 20 financial institutions by asset size. The bank is active in state-backed SME financing tools, promoted by the President of the Russian Federation Vladimir Putin. PJSC “AK BARS” Bank is included in the list of most important banks on the payment services market by the Central Bank of Russia. The banking sector is a sector providing substantial revenue to the Government of the Russian Federation. Therefore, PJSC “AK BARS” Bank is involved in an economic sector providing a substantial source of revenue to the Government of the Russian Federation, which is responsible for the annexation of Crimea and the destabilisation of Ukraine.",Company,PJSC “AK BARS” Bank,ПАО “АК БАРС” Банк,,,,,,,,,,,,,,,29.11.1993,Public Joint Stock Company,,,1653001805,,,,165601001,,,,,,,,"1 Dekabristov Street, Kazan, Republic of Tatarstan, 420066, Russia; Russian Federation",+7 (843) 519-39-74; +7 (843) 222-83-33,"canc@akbars.ru, www.akbars.ru, kanc@akbars.ru",quickweb.akbars.ru,
32014R0269,32026R1843,823,EU-UKR,I.ENTITIES,Asset freeze,23.7.2026,"PJSC “Bank Uralsib” is among the leading Russian banks. The bank is active in state-backed SME financing tools, promoted by the President of the Russian Federation Vladimir Putin. The banking sector is a sector providing substantial revenue to the Government of the RussianFederation. Therefore, PJSC “Bank Uralsib” is involved in an economic sector providing a substantial source of revenue to the Government of the Russian Federation, which is responsible for the annexation of Crimea and the destabilisation of Ukraine.",Company,Public Joint Stock Company “Bank Uralsib”,Публичное Акционерное Общество “Банк Уралсиб”,,,,,,,,,,,,,,,28.1.1993,Public Joint Stock Company,,,0274062111,,,,770401001,,,,,,,,"119048, City Of Moscow, St. D. Efremova 8; Russian Federation",+7 (800) 250-57-57; +7 (800) 200-55-20; +7 (495) 785-12-12; +7 (495) 372-39-14; +7 (495) 651-81-09; +7 (495) 609-26-97; +7 (495) 745-70-10,bank@uralsib.ru,https://www.uralsib.ru,
32014R0269,32026R1843,824,EU-UKR,I.ENTITIES,Asset freeze,23.7.2026,"PJSC “Bank ZENIT” is a Moscow-based credit institution which is among the top 40 Russian banks by asset size. It is a subsidiary of Tatneft, which holds a majority stake. The bank is active in state-backed SME financing tools, promoted by the President of the Russian Federation Vladimir Putin. The banking sector is a sector providing substantial revenue to the Government of the RussianFederation. Therefore, PJSC “Bank ZENIT” is involved in an economic sector providing a substantial source of revenue to the Government of the Russian Federation, which is responsible for the annexation of Crimea and the destabilisation of Ukraine.",LegalEntity,PJSC Bank ZENIT,ПАО Банк ЗЕНИТ,,,,,,,,,,,,,,,22.6.1995,Public Joint Stock Company,,,7729405872 KPP: 772701001,,,,,,,,,,,,"Odesskaya Street, 2, Moscow, Russia, 117638; Russian Federation",+7 (495) 937-07-37; +7 (495) 937-07-36,info@ZENIT.ru,http://www.ZENIT.ru,
32014R0269,32026R1843,825,EU-UKR,I.ENTITIES,Asset freeze,23.7.2026,"Public Joint Stock Company Commercial Bank “Primorye” is a leading financial institution in the Russian Far East. The banking sector is a sector providing substantial revenue to the Government of the Russian Federation. Therefore, Public Joint Stock Company Commercial Bank “Primorye” is involved in an economic sector providing a substantial source of revenue to the Government of the Russian Federation, which is responsible for the annexation of Crimea and the destabilisation of Ukraine.",Company,Public Joint Stock Company Commercial Bank “Primorye”,Публичное Акционерное Общество Акционерный Коммерческий Банк “Приморье”; PJSC AKB “Primorye”; ПАО АКБ “Приморье”,,,,,,,,,,,,,,,27.7.1994,Public Joint Stock Company,,,2536020789,,,,253601001,,,,,,,,"47 Svetlanskaya St., Vladivostok, Primorsky Krai, 690091, Russia; Russian Federation",+7 (423) 222-12-55; +7 (423) 222-39-21; +7 (95) 292-87-52,"mail@primbank.ru, zno@primbank.ru",http://www.primbank.ru,
32014R0269,32026R1843,826,EU-UKR,I.ENTITIES,Asset freeze,23.7.2026,"Public Joint Stock Company “Metallinvestbank” is a Russian universal credit institution with strong market positions in serving large metallurgical enterprises and enterprises of related industries. The banking sector is a sector providing substantial revenue to the Government of the Russian Federation. Therefore, Public Joint Stock Company “Metallinvestbank” is involved in an economic sector providing a substantial source of revenue to the Government of the Russian Federation, which is responsible for the annexation of Crimea and the destabilisation of Ukraine.",Company,Public Joint Stock Company “Metallinvestbank”,Public Joint Stock Company “Metalurgical Investment Bank”; Публичное Акционерное Общество “Металлинвестбанк”; Публичное Акционерное Общество “Металлургический Инвестиционный Банк”,,,,,,,,,,,,,,,2.8.1993,Public Joint Stock Company,,,7709138570,,,,770601001,,,,,,,,"47 Bolshaya Polyanka St, Bldg 2, Moscow, 119180; Russian Federation",+7 (495) 784-69-05; +7 (495) 727-97-97,smev@metib.ru,http://www.metallinvestbank.ru,
32014R0269,32026R1843,827,EU-UKR,I.ENTITIES,Asset freeze,23.7.2026,"Public Joint Stock Company “MTS-Bank” is a major Russian universal commercial bank. It carries out banking operations as well as depositary, dealership and brokerage activities. The banking sector is a sector providing substantial revenue to the Government of the RussianFederation. Therefore, Public Joint Stock Company “MTS-Bank” is involved in an economic sector providing a substantial source of revenue to the Government of the Russian Federation, which is responsible for the annexation of Crimea and the destabilisation of Ukraine.",Company,Public Joint Stock Company “MTS-Bank”,Публичное Акционерное Общество “МТС-Банк”,,,,,,,,,,,,,,,29.1.1993,Public Joint Stock Company,,,770202045051,,,,772501001,,,,,,,,"115432, Moscow city, Andropov Avenue, 18 k. 1; Russian Federation",+7 (495) 101-28-00; +7 (495) 921-28-00; +7 (495) 232-27-54,gosuslugi@mtsbank.ru,https://www.mtsbank.ru/,
32014R0269,32026R1843,828,EU-UKR,I.ENTITIES,Asset freeze,23.7.2026,"PJSC Bank Sinara is a Russian bank based in the Sverdlovsk Region. It is ranked among the top 50 Russian banks by asset size. It is active in the pilot project for operations with real digital roubles launched by the Central Bank of Russia. The banking sector is a sector providing substantial revenue to the Government of the Russian Federation. Therefore, PJSC Bank Sinara is involved in an economic sector providing a substantial source of revenue to the Government of the Russian Federation, which is responsible for the annexation of Crimea and the destabilisation of Ukraine.",Company,PJSC Bank Sinara,АО Банк Синара,,,,,,,,,,,,,,,2.11.1990,Public Joint Stock Company,,,6608003052,,,,667101001,,,,,,,,"Kuybysheva St., 75, Yekaterinburg, Sverdlovsk Region, Russia, 620026; Russian Federation",8 (343) 355-75-75; 8-800-1000-600; 8 (343) 251-42-22,clients@skbbank.ru; digital@sinara.ru,https://sinara.ru/chastnym-licam,
32014R0269,32026R1843,829,EU-UKR,I.ENTITIES,Asset freeze,23.7.2026,"Public Joint Stock Company “SDM-Bank” is a Russian commercial bank, focusing primarily on small and medium-sized enterprises. The banking sector is a sector providing substantial revenue to the Government of the Russian Federation. Therefore, Public Joint Stock Company “SDM-Bank” is involved in an economic sector providing a substantial source of revenue to the Government of the Russian Federation, which is responsible for the annexation of Crimea and the destabilisation of Ukraine.",Company,Public Joint Stock Company “SDM-Bank”,Публичное Акционерное Общество “СДМ-Банк”,,,,,,,,,,,,,,,29.11.1991,Public Joint Stock Company,,,7733043350,,,,773301001,,,,,,,,"73 Volokolamskoye Shosse, Moscow, 125424, Russia; Russian Federation",+7 (495) 490-15-45; +7 (495) 705-90-90; +7 (495) 490-65-09,post@sdm.ru,http://www.sdm.ru,
32014R0269,32026R1843,830,EU-UKR,I.ENTITIES,Asset freeze,23.7.2026,"Public Joint Stock Company “Transkapitalbank” is a Moscow-based credit institution which is among the top 30 Russian banks by asset size. It is active in the pilot project for operations with real digital roubles launched by the Central Bank of Russia. The banking sector is a sector providing substantial revenue to the Government of the Russian Federation. Therefore, Public Joint Stock Company “Transkapitalbank” is involved in an economic sector providing a substantial source of revenue to the Government of the Russian Federation, which is responsible for the annexation of Crimea and the destabilisation of Ukraine.",Company,Public Joint Stock Company “Transkapitalbank”,TKB Bank PJSC; Публичное Акционерное Общество “Транскапиталбанк”; ТКБ Банк ПАО,,,,,,,,,,,,,,,24.12.1992,Public Joint Stock Company,,,7709129705,,,,770901001,,,,,,,,"27/35 Vorontsovskaya Street, Moscow, 109147, Russia; Russian Federation",,info@tkbbank.ru,www.tkbbank.ru,
32014R0269,32026R1843,831,EU-UKR,I.ENTITIES,Asset freeze,23.7.2026,"PJSC KB “Center-Invest” is the leading regional bank in Southern Russia, headquartered in Rostov-on-Don. It is active in the pilot project for operations with real digital roubles launched by the Central Bank of Russia. The banking sector is a sector providing substantial revenue to the Government of the Russian Federation. Therefore, PJSC KB “Center-Invest” is involved in an economic sector providing a substantial source of revenue to the Government of the Russian Federation, which is responsible for the annexation of Crimea and the destabilisation of Ukraine.",Company,PJSC KB “Center-Invest”,ПАО КБ “Центр-инвест”,,,,,,,,,,,,,,,28.12.1992,Public Joint Stock Company,,,6163011391,,,,616301001,,,,,,,,"62 Sokolova Ave, Rostov-on-Don, Russia, 344000; Russian Federation",+7 (863) 2-000-000; +7 (863) 267-47-37,welcome@centrinvest.ru,https://www.centrinvest.ru/,
32014R0269,32026R1843,832,EU-UKR,I.ENTITIES,Asset freeze,23.7.2026,"JSC “Auto Finance Bank” is a Russian bank owned by the country’s largest car manufacturer JSC AvtoVAZ, an entity listed by the Union. The bank plays a central role in implementing the preferential and subsidised car loan program launched by the Government of the RussianFederation. The banking sector is a sector providing substantial revenue to the Government of the Russian Federation. Therefore, JSC “Auto Finance Bank” is involved in an economic sector providing a substantial source of revenue to the Government of the Russian Federation, which is responsible for the annexation of Crimea and the destabilisation of Ukraine.",Company,JSC “Auto Finance Bank”,АО “Авто Финанс Банк”,,,,,,,,,,,,,,,20.9.1989,Joint Stock Company,,,5503067018,,,,770901001,,,,,,,,"29 Serebryanicheskaya Embankment, Moscow, 109028, Russia; Russian Federation",,,https://autofinancebank.ru/,
32014R0269,32026R1843,833,EU-UKR,I.ENTITIES,Asset freeze,23.7.2026,"Joint Stock Commercial Bank “Absolut Bank” is a Moscow-based credit institution which is among the top 30 Russian banks by asset size. The bank is active in state-backed SME financing tools, promoted by the President of the Russian Federation Vladimir Putin. The banking sector is a sector providing substantial revenue to the Government of the Russian Federation. Therefore, Joint Stock Commercial Bank “Absolut Bank” is involved in an economic sector providing a substantial source of revenue to the Government of the Russian Federation, which is responsible for the annexation of Crimea and the destabilisation of Ukraine.",Company,Joint Stock Commercial Bank “Absolut Bank” (Public Joint-Stock Company),Акционерный Коммерческий Банк “Абсолют Банк” (Публичное Акционерное Общество),,,,,,,,,,,,,,,22.4.1993,Public Joint Stock Company,,,7703023696,,,,772901001,,,,,,,,"Leningradsky Avenue, 31A, Building 1, Moscow, Russia, 125284; Russian Federation",+7 (495) 777-71-71,info@absolutbank.ru,https://absolutbank.ru/,
32014R0269,32026R1843,834,EU-UKR,I.ENTITIES,Asset freeze,23.7.2026,"Limited Liability Company “Bank Tochka” is a major Russian digital bank focusing on rendering banking services to small and medium-sized enterprises. The banking sector is a sector providing substantial revenue to the Government of the Russian Federation. Therefore, Limited Liability Company “Bank Tochka”is involved in an economic sector providing a substantial source of revenue to the Government of the Russian Federation, which is responsible for the annexation of Crimea and the destabilisation of Ukraine.",Company,Limited Liability Company “Bank Tochka”,Общество с Ограниченной Ответственностью “Банк Точка”,,,,,,,,,,,,,,,10.1.2023,Limited Liability Company,,,9721194461,,,,772301001,,,,,,,,"109044, Moscow, 3rd Krutitsky per., 11, room 7N 109456, Moscow, Proezd 1-I Veshnyakovskii, Building 1, Structure 8; Russian Federation",7 (495) 258 33 50; 8 (495) 787-89-55; 8 (800) 200 00 24; 8 (800) 600 46 57,banktochka@tochka.com,,
32014R0269,32026R1843,835,EU-UKR,I.ENTITIES,Asset freeze,23.7.2026,"Limited Liability Company “OZON Bank” is a large Russian bank focusing on digital services. The Central Bank of Russia has officially included Limited Liability Company “OZON Bank” in the list of most important banks on the payment services market. The banking sector is a sector providing substantial revenue to the Government of the Russian Federation. Therefore, Limited Liability Company “OZON Bank” is involved in an economic sector providing a substantial source of revenue to the Government of the Russian Federation, which is responsible for the annexation of Crimea and the destabilisation of Ukraine.",Company,Limited Liability Company “OZON Bank”,Общество с Ограниченной Ответственностью “ОЗОН Банк”,,,,,,,,,,,,,,,11.3.2022,Limited Liability Company,,,9703077050,,,,770301001,,,,,,,,"10, Presnenskaya Embankment, Floor 19, Moscow, 123112, Russia; Russian Federation",,,https://finance.ozon.ru/,
32014R0269,32026R1843,836,EU-UKR,I.ENTITIES,Asset freeze,23.7.2026,"JSC “Rosselkhozbank” is one of the largest banks in Russia. It is included in the list of systemically important credit institutions and in the list of most important banks on the payment services market by the Central Bank of the Russian Federation. The banking sector is a sector providing substantial revenue to the Government of the Russian Federation. Therefore, JSC “Rosselkhozbank” is involved in an economic sector providing a substantial source of revenue to the Government of the Russian Federation, which is responsible for the annexation of Crimea and the destabilisation of Ukraine.",Company,JSC “Rosselkhozbank”,RSHB; JSC Russian Agricultural Bank; АО “Россельхозбанк”; РСХБ,,,,,,,,,,,,,,,24.4.2000,Joint Stock Company,,,7725114488,,,,770401001,,,,,,,,"3 Gagarinsky Pereulok, Moscow, 119034, Russia; Russian Federation",+7 (800) 100-01-00; +7 (495) 363-06-45; +7 (495) 363-02-90; +7 (495) 787-77-87; +7 (495) 777-11-00; +7 (495) 363-02-76,,https://www.rshb.ru,
32014R0269,32026R1843,837,EU-UKR,I.ENTITIES,Asset freeze,23.7.2026,"LLC Commercial Bank “Kuban Credit” is the largest financial institution in the Krasnodar Krai of the Russian Federation. The banking sector is a sector providing substantial revenue to the Government of the RussianFederation. Therefore, LLC Commercial Bank “Kuban Credit” is involved in an economic sector providing a substantial source of revenue to the Government of the Russian Federation, which is responsible for the annexation of Crimea and the destabilisation of Ukraine.",Company,LLC Commercial Bank “Kuban Credit”,ООО КБ “Кубань Кредит”,,,,,,,,,,,,,,,28.9.1993,Limited Liability Company,,,2312016641,,,,231001001,,,,,,,,"46 Ordzhonikidze St / 32 Krasnoarmeyskaya St, Krasnodar, Russia, 350000; Russian Federation",,bank@kk.bank,https://kk.ru/,
32014R0269,32026R1843,838,EU-UKR,I.ENTITIES,Asset freeze,23.7.2026,"JSC “Yandex Bank” is a Russian bank that is included in the list of the most important banks on the payment services market by the Central Bank of Russia. JSC “Yandex Bank” signed an agreement with the Central Bank of Russia to participate in the pilot project for the digital rouble. The banking sector is a sector providing substantial revenue to the Government of the Russian Federation. Therefore, JSC “Yandex Bank” is involved in an economic sector providing a substantial source of revenue to the Government of the Russian Federation, which is responsible for the annexation of Crimea and the destabilisation of Ukraine.",Company,JSC “Yandex Bank”,АО “Яндекс Банк”,,,,,,,,,,,,,,,4.8.1994,Joint Stock Company,,,7750004168,,,,770301001,,,,,,,,"10 Gruzinsky Val St, Building 4, Moscow, Russia, 123557; Russian Federation",+7 495 787-37-96,,https://yabank.yandex.ru,
32014R0269,32026R1843,839,EU-UKR,I.ENTITIES,Asset freeze,23.7.2026,"JSC Russian Bank for Small and Medium Enterprises Support is a specialised Russian state owned bank focused on supporting small and medium-sized enterprises. The bank is active in state-backed SME financing tools, promoted by the President of the Russian Federation Vladimir Putin. The banking sector is a sector providing substantial revenue to the Government of the Russian Federation. Therefore, JSC Russian Bank for Small and Medium Enterprises Support is involved in an economic sector providing a substantial source of revenue to the Government of the Russian Federation, which is responsible for the annexation of Crimea and the destabilisation of Ukraine.",Company,JSC Russian Bank for Small and Medium Enterprises Support,JSC SME Bank; Акционерное общество “Российский Банк поддержки малого и среднего предпринимательства”; АО “МСП Банк”,,,,,,,,,,,,,,,7.7.1999,Joint Stock Company,,,7703213534,,,,770501001,,,,,,,,"79 Sadovnicheskaya Street, Moscow, 115035, Russia; Russian Federation",8 (800) 100-11-00,,www.mspbank.ru,
32014R0269,32026R1843,840,EU-UKR,I.ENTITIES,Asset freeze,23.7.2026,"JSC Roseximbank is a state owned specialised Russian export-import bank that is important to Russia’s foreign trade policy and economic infrastructure. JSC Roseximbank is the specialised lender for the Russian Export Center (REC), which is a subsidiary of the state corporation VEB.RF which is subject to Union restrictive measures. The banking sector is a sector providing substantial revenue to the Government of the Russian Federation. Therefore, JSC Roseximbank is involved in an economic sector providing a substantial source of revenue to the Government of the Russian Federation, which is responsible for the annexation of Crimea and the destabilisation of Ukraine.",Company,JSC Roseximbank,АО Росэксимбанк,,,,,,,,,,,,,,,18.4.1994,Joint Stock Company,,,7704001959,,,,770301001,,,,,,,,"12 Krasnopresnenskaya Embankment, Moscow, 123610, Russian Federation; Russian Federation",+7 (495) 967-07-67,mailbox@eximbank.ru,,
32014R0269,32026R1843,841,EU-UKR,I.ENTITIES,Asset freeze,23.7.2026,"Joint Stock Company “Pochta Bank” is a major Russian retail bank created as a joint venture between VTB Group and Russian Post. It has an extensive regional network based in post offices. The Central Bank of Russia has officialy included Joint Stock Company “Pochta Bank” in the list of most important banks on the payment services market. The banking sector is a sector providing substantial revenue to the Government of the Russian Federation. Therefore, JSC “Pochta Bank” is involved in an economic sector providing a substantial source of revenue to the Government of the Russian Federation, which is responsible for the annexation of Crimea and the destabilisation of Ukraine.",Company,Joint Stock Company “Pochta Bank”,Акционерное Общество “Почта Банк”; Joint Stock Company “Post Bank”,,,,,,,,,,,,,,,31.10.1990,Joint Stock Company,,,3232005484,,,,771801001,,,,,,,,"8, Preobrazhenskaya Square, Moscow, Russia, 107061; Russian Federation",,,https://www.pochtabank.ru/,
32014R0269,32026R1843,842,EU-UKR,I.ENTITIES,Asset freeze,23.7.2026,"JSC “Genbank” is a Russian commercial bank that operates extensively in the temporarily occupied territory of Ukraine. The bank is active in state-backed SME financing tools, promoted by the President of the Russian Federation Vladimir Putin. The banking sector is a sector providing substantial revenue to the Government of the RussianFederation. Therefore, JSC “Genbank” is involved in an economic sector providing a substantial source of revenue to the Government of the Russian Federation, which is responsible for the annexation of Crimea and the destabilisation of Ukraine. Furthermore, JSC “Genbank” is supporting, materially or financially, actions which undermine or threaten the territorial integrity, sovereignty and independence of Ukraine.",Company,JSC “Genbank”,АО “Генбанк”,,,,,,,,,,,,,,,13.9.1993,Joint Stock Company,,,7750005820,,,,910201001,,,,,,,,"12 Ozerkovskaya Naberezhnaya, Moscow, 115184, Russia; 13 Sevastopolskaya Street, Simferopol, 295011; Russian Federation; Russian Federation, Temporarily occupied territory of Ukraine (Simferopol)",,,www.genbank.ru,
32014R0269,32026R1843,843,EU-UKR,I.ENTITIES,Asset freeze,23.7.2026,"JSC “LOCKO-Bank” is a Russian bank that ranks among the top 40 by assets. The banking sector is a sector providing substantial revenue to the Government of the RussianFederation. Therefore, JSC “LOCKO-Bank” is involved in an economic sector providing a substantial source of revenue to the Government of the Russian Federation, which is responsible for the annexation of Crimea and the destabilisation of Ukraine.",Company,JSC “LOCKO-Bank”,LOKO; АО “ЛОКО-Банк”; ЛОКО,,,,,,,,,,,,,,,21.2.1994,Joint Stock Company,,,771401001,,,,771401001,,,,,,,,"39 bldg. 80, Leningradsky Avenue, Moscow, Russia, 125167; Russian Federation",8 (800) 250-50-50; 8 (495) 739-55-55,info@lockobank.ru,https://www.lockobank.ru/,
32014R0269,32026R1843,844,EU-UKR,I.ENTITIES,Asset freeze,23.7.2026,"Joint Stock Commercial Bank “FORA-BANK” is a Moscow-based credit institution which is among the top 50 Russian banks by asset size. The banking sector is a sector providing substantial revenue to the Government of the Russian Federation. Therefore, Joint Stock Commercial Bank “FORA-BANK” is involved in an economic sector providing a substantial source of revenue to the Government of the Russian Federation, which is responsible for the annexation of Crimea and the destabilisation of Ukraine.",Company,Joint-Stock Commercial Bank “FORA-BANK” (Joint-Stock Company),Акционерный Коммерческий Банк “ФОРА-БАНК” (Акционерное Общество),,,,,,,,,,,,,,,27.5.1992,Joint Stock Company,,,7704113772,,,,770401001,,,,,,,,"Zubovsky Boulevard, 25, Moscow, Russia, 119021; Russian Federation",+7 (495) 775-65-55,,https://www.forabank.ru,
32014R0269,32026R1843,845,EU-UKR,I.ENTITIES,Asset freeze,23.7.2026,"JSC “Expobank” is a Moscow-based credit institution which is among the top 40 Russian banks by asset size. It is an active participant in major Russian government-led and central bank initiatives designed to support small and medium size enterprises. The banking sector is a sector providing substantial revenue to the Government of the Russian Federation. Therefore, JSC “Expobank” is involved in an economic sector providing a substantial source of revenue to the Government of the Russian Federation, which is responsible for the annexation of Crimea and the destabilisation of Ukraine.",Company,JSC “Expobank”,АО “Экспобанк”,,,,,,,,,,,,,,,27.7.1994,Joint Stock Company,,,7708397772,,,,770501001,,,,,,,,"29, Kalanchevskaya Street, Building 2, Moscow, 107078, Russia; Russian Federation",+7 (495) 228-31-31,info@expobank.ru,https://expobank.ru/,
32014R0269,32026R1843,846,EU-UKR,I.ENTITIES,Asset freeze,23.7.2026,"JSC Bank “Avers” is a strategically important large regional bank headquartered in Kazan, Republic of Tatarstan, Russian Federation. It serves as a key financial hub for the TAIF Group, one of Russia’s largest industrial and petrochemical conglomerates. The banking sector is a sector providing substantial revenue to the Government of the Russian Federation. Therefore, JSC Bank “Avers” is involved in an economic sector providing a substantial source of revenue to the Government of the Russian Federation, which is responsible for the annexation of Crimea and the destabilisation of Ukraine.",Company,JSC Bank “Avers”,АО Банк “Аверс”,,,,,,,,,,,,,,,25.9.1990,Joint Stock Company,,,,,1655500084,,165501001,,,,,,,,"3 Musa Jalilya St, Kazan, Republic of Tatarstan, Russia, 420111; Russian Federation",+7 (843) 5-672-641; +7 (843)5-672-672; +7 (843)5-672-672-670; 8-800-700-43-21,,https://aversbank.ru/,
32014R0269,32026R1843,847,EU-UKR,I.ENTITIES,Asset freeze,23.7.2026,"PJS SCBP “Primsotsbank” is an important Russian regional bank headquarted in Vladivostok. It is ranked among top 50 Russian banks by assets. PJS SCBP “Primsotsbank” signed an agreement with the Central Bank of Russia to participate in the pilot project for the digital rouble. The banking sector is a sector providing substantial revenue to the Government of the Russian Federation. Therefore, PJS SCBP “Primsotsbank” is involved in an economic sector providing a substantial source of revenue to the Government of the Russian Federation, which is responsible for the annexation of Crimea and the destabilisation of Ukraine.",Company,PJS SCBP “Primsotsbank”,Public Joint-Stock Social Commercial Bank of Primorye “Primsotsbank”; ПАО СКБ Приморья “Примсоцбанк”; Публичное Акционерное Общество Социальный Коммерческий Банк Приморья “Примсоцбанк”,,,,,,,,,,,,,,,4.3.1994,Public Joint Stock Company,,,2539013067,,,,253601001,,,,,,,,"Partizansky Prospekt 44, Vladivostok, Russia; Russian Federation",+7 (423) 242-42-42; +7 (423) 242-20-7,bank@pskb.com,,
32014R0269,32026R1843,848,EU-UKR,I.ENTITIES,Asset freeze,23.7.2026,"Joint Stock Company Surgutneftegasbank is a major regional Russian bank supporting energy infrastructure. The bank is a subsidiary of PJSC Surgutneftegas, one of Russia’s largest oil producers, which is listed by the Union. The banking sector is a sector providing substantial revenue to the Government of the Russian Federation. Therefore, Joint Stock Company Surgutneftegasbank is involved in an economic sector providing a substantial source of revenue to the Government of the Russian Federation, which is responsible for the annexation of Crimea and the destabilisation of Ukraine.",Company,Joint Stock Company Surgutneftegasbank,JSC BANK SNGB; Акционерное Общество Сургутнефтегазбанк; АО БАНК СНГБ,,,,,,,,,,,,,,,25.10.1990,Joint Stock Company,,,8602190258,,,,860201001,,,,,,,,"19 Grigoriya Kukuyevitskogo Street, Surgut, Khanty-Mansi Autonomous Okrug – Yugra, 628400, Russia; Russian Federation",+7 (3462) 39-83-00; +7 (3462) 39-88-04,,https://www.surgutneftegas.ru/,
32014R0269,32026R1843,849,EU-UKR,I.ENTITIES,Asset freeze,23.7.2026,"JSC BBR Bank is a Russian commercial bank that ranks among the top 50 by asset size. The banking sector is a sector providing substantial revenue to the Government of the Russian Federation. Therefore, JSC BBR Bank is involved in an economic sector providing a substantial source of revenue to the Government of the Russian Federation, which is responsible for the annexation of Crimea and the destabilisation of Ukraine.",Company,JSC BBR Bank,АО ББР Банк,,,,,,,,,,,,,,,27.6.1994,Joint Stock Company,,,3900001002,,,,770401001,,,,,,,,"6, bldg. 1, 1st Nikoloshchepovskiy Lane, Moscow, 121099, Russia; Russian Federation",+7 (495) 363-91-62; 8 (800) 220-40-00,post@bbr.ru,https://bbr.ru/,
32014R0269,32026R1843,850,EU-UKR,I.ENTITIES,Asset freeze,23.7.2026,"JSC JSCB CentroCredit Bank is a major commercial Russian bank that specialises in investment banking and stock market operations. JSC JSCB CentroCredit Bank signed an agreement with the Central Bank of Russia to participate in the pilot project for the digital rouble. The banking sector is a sector providing substantial revenue to the Government of the Russian Federation. Therefore, JSC JSCB CentroCredit Bank is involved in an economic sector providing a substantial source of revenue to the Government of the Russian Federation, which is responsible for the annexation of Crimea and the destabilisation of Ukraine.",Company,JSC JSCB CentroCredit Bank,АО АКБ ЦентроКредит,,,,,,,,,,,,,,,23.6.1989,Joint Stock Company,,,7707025725,,,,770501001,,,,,,,,"31/2 Pyatnitskaya Street, Building 1, Moscow, 119017, Russia.; Russian Federation",+7 495 956-86-26,info@ccb.ru,www.ccb.ru,
32014R0269,32026R1843,851,EU-UKR,I.ENTITIES,Asset freeze,23.7.2026,"JSC Gazenergobank is the leading bank in Kaluga region of the Russian Federation. The banking sector is a sector providing substantial revenue to the Government of the Russian Federation. Therefore, JSC Gazenergobank is involved in an economic sector providing a substantial source of revenue to the Government of the Russian Federation, which is responsible for the annexation of Crimea and the destabilisation of Ukraine.",Company,JSC Gazenergobank,АО Газэнергобанк,,,,,,,,,,,,,,,19.5.1995,Joint Stock Company,,,4026006420,,,,402801001,,,,,,,,"4 Plekhanova Street, Kaluga, Russia, 248030; Russian Federation",+7 (4842) 55-77-55; +7 (495) 725-63-95,info@gebank.ru,https://www.genbank.ru,
32014R0269,32026R1843,852,EU-UKR,I.ENTITIES,Asset freeze,23.7.2026,"PJSC Russian Public Joint-Stock Commercial Roads Bank is a specialised, industry-focused bank. It is active in the pilot project for operations with real digital roubles launched by the Central Bank of Russia. The banking sector is a sector providing substantial revenue to the Government of the Russian Federation. Therefore, PJSC Russian Public Joint-Stock Commercial Roads Bank is involved in an economic sector providing a substantial source of revenue to the Government of the Russian Federation, which is responsible for the annexation of Crimea and the destabilisation of Ukraine.",Company,PJSC Russian Public Joint-Stock Commercial Roads Bank,PJSC RosDorBank; ПАО Российский акционерный коммерческий дорожный банк; ПАО РосДорБанк,,,,,,,,,,,,,,,25.9.1991,Public Joint Stock Company,,,7718011918,,,,772501001,,,,,,,,"Dubininskaya Ulitsa, 86, Moscow, 115093, Russia; Russian Federation",+7 (495) 276-00-22,,https://www.rdb.ru/,
32014R0269,32026R1843,853,EU-UKR,I.ENTITIES,Asset freeze,23.7.2026,"PJSC National Bank “TRUST” is a state-owned non-core assets bank. The Central Bank of the Russian Federation is its majority shareholder. The banking sector is a sector providing substantial revenue to the Government of the Russian Federation. Therefore, PJSC National Bank “TRUST” is involved in an economic sector providing a substantial source of revenue to the Government of the Russian Federation, which is responsible for the annexation of Crimea and the destabilisation of Ukraine.",Company,PJSC National Bank “TRUST”,ПАО Национальный Банк “ТРАСТ”,,,,,,,,,,,,,,,27.11.1995,Public Joint Stock Company,,,7831001567,,,,773001001,,,,,,,,"121151, Moscow, Mozhaisky Val street, 8; Russian Federation",+7 (495) 647-90-21; +7 (495) 735-48-85,secretar@trust.ru,www.trust.ru,
32014R0269,32026R1843,854,EU-UKR,I.ENTITIES,Asset freeze,23.7.2026,"Joint Stock Commercial Bank “National Reserve Bank” (JSC) is among the top 30 Russian banks by assets. The banking sector is a sector providing substantial revenue to the Government of the Russian Federation. Therefore, Joint Stock Commercial Bank “National Reserve Bank” (JSC) is involved in an economic sector providing a substantial source of revenue to the Government of the Russian Federation, which is responsible for the annexation of Crimea and the destabilisation of Ukraine.",Company,Joint Stock Commercial Bank “National Reserve Bank” (JSC),JSCB “NRBank”; Aкционерный Коммерческий Банк “Национальный Резервный Банк” (AO); AO AКБ “НРБанк”,,,,,,,,,,,,,,,26.11.1992,Joint Stock Company,,,7703211482,,,,772801001,,,,,,,,"10A, 60-letiya Oktyabrya Avenue, Moscow, Russia, 117292; Russian Federation",+7 (495) 213-32-20,info@nrb.ru,www.nrb.ru,
32014R0269,32026R1843,855,EU-UKR,I.ENTITIES,Asset freeze,23.7.2026,"PJSC Chelindbank is a major regional bank in Russia. The banking sector is a sector providing substantial revenue to the Government of the Russian Federation. Therefore, PJSC Chelindbank is involved in an economic sector providing a substantial source of revenue to the Government of the Russian Federation, which is responsible for the annexation of Crimea and the destabilisation of Ukraine.",Company,PJSC Chelindbank,ПАО Челиндбанк,,,,,,,,,,,,,,,16.10.1990,Public Joint Stock Company,,,7453002182,,,,745301001,,,,,,,,"80 Karla Marksa St, Chelyabinsk, 454091, Russia; Russian Federation",,mail@chelindbank.ru,https://chelind.ru/,
32014R0269,32026R1843,856,EU-UKR,I.ENTITIES,Asset freeze,23.7.2026,"PJSC Chelyabinvestbank is a major regional universal bank in Russia. The banking sector is a sector providing substantial revenue to the Government of the RussianFederation. Therefore, PJSC Chelyabinvestbank is involved in an economic sector providing a substantial source of revenue to the Government of the Russian Federation, which is responsible for the annexation of Crimea and the destabilisation of Ukraine.",Company,PJSC Chelyabinvestbank,ПАО Челябинвестбанк,,,,,,,,,,,,,,,17.10.1990,Public Joint Stock Company,,,7453001560,,,,745301001,,,,,,,,"8 Ploshchad Revolyutsii, Chelyabinsk, 454113, Russia; Russian Federation",+7 (351) 268-00-88,,https://chelinvest.ru/,
32014R0269,32026R1843,857,EU-UKR,I.ENTITIES,Asset freeze,23.7.2026,"JSC Ingo Bank is a Moscow based Russian commercial bank. It is a subsidiary of the Authoritale Group, one of Russia’s largest car dealership networks, and a partner of the GAZ Group. The bank is active in the pilot project for operations with real digital roubles launched by the Central Bank of Russia. The banking sector is a sector providing substantial revenue to the Government of the RussianFederation. Therefore, JSC Ingo Bank is involved in an economic sector providing a substantial source of revenue to the Government of the Russian Federation, which is responsible for the annexation of Crimea and the destabilisation of Ukraine.",Company,JSC Ingo Bank,АО Банк Инго,,,,,,,,,,,,,,,23.4.1993,Joint Stock Company,,,7714056040,,,,770701001,,,,,,,,"Sushchevskaya street, 27, bld. 1, Moscow, 127030, Russia; Russian Federation",+7 (495) 729-55-55,info@ingobank.ru,https://ingobank.ru/,
32014R0269,32026R1843,858,EU-UKR,I.ENTITIES,Asset freeze,23.7.2026,"JSC CB Energotransbank is a regional Russian commercial bank headquarted in the Kaliningrad exclave. It is ranked among top 20 in the North-Western Federal District of the Russian Federation. The bank signed an agreement with the Central Bank of Russia to participate in the pilot project for the digital rouble. The banking sector is a sector providing substantial revenue to the Government of the RussianFederation. Therefore, JSC CB Energotransbank is involved in an economic sector providing a substantial source of revenue to the Government of the Russian Federation, which is responsible for the annexation of Crimea and the destabilisation of Ukraine.",Company,JSC CB Energotransbank,AO КБ Энерготрансбанк,,,,,,,,,,,,,,,27.12.1990,Joint Stock Company,,,3906098008,,,,390601001,,,,,,,,"Klinicheskaya st., 83а, Kaliningrad, 236016; Russian Federation",+7 (4012) 59-00-99; 8 (800) 100-22-48,mail@energotransbank.com,www.etbank.ru,
32014R0269,32026R1843,859,EU-UKR,I.ENTITIES,Asset freeze,23.7.2026,"JSC Commercial Bank Solidarnost is a major regional universal bank headquarted in Samara region of the Russian Federation. The banking sector is a sector providing substantial revenue to the Government of the RussianFederation. Therefore, JSC Commercial Bank Solidarnost is involved in an economic sector providing a substantial source of revenue to the Government of the Russian Federation, which is responsible for the annexation of Crimea and the destabilisation of Ukraine.",Company,JSC Commercial Bank Solidarnost,Акционерное Общество Коммерческий Банк “Солидарность”,,,,,,,,,,,,,,,23.10.1990,Joint Stock Company,,,6316028910,,,,631601001,,,,,,,,"Proyezd Georgy Mityrev, 11, Samara, 443079, Russia; Russian Federation",,info@solid.ru,https://solid.ru/,
32014R0269,32026R1843,860,EU-UKR,I.ENTITIES,Asset freeze,23.7.2026,"PJSC Bank Avangard is a Moscow based major universal bank ranked among most profitable Russian banks. The bank signed an agreement with the Central Bank of Russia to participate in the pilot project for the digital rouble. The banking sector is a sector providing substantial revenue to the Government of the Russian Federation. Therefore, PJSC Bank Avangard is involved in an economic sector providing a substantial source of revenue to the Government of the Russian Federation, which is responsible for the annexation of Crimea and the destabilisation of Ukraine.",Company,PJSC Bank Avangard,ПАО Банк Авангард,,,,,,,,,,,,,,,9.6.1994,Public Joint Stock Company,,,7702021163,,,,770501001,,,,,,,,"12 Sadovnicheskaya St., Bldg. 1, Moscow, 115035, Russia; Russian Federation",+7 (495) 737-73-73; +7 (495) 234-23-24,info@avangard.ru,www.avangard.ru,
32014R0269,32026R1843,861,EU-UKR,I.ENTITIES,Asset freeze,23.7.2026,"PJSC Metkombank is a leading regional bank in the Ural Federal District of the Russian Federation. The banking sector is a sector providing substantial revenue to the Government of the Russian Federation. Therefore, PJSC Metkombank is involved in an economic sector providing a substantial source of revenue to the Government of the Russian Federation, which is responsible for the annexation of Crimea and the destabilisation of Ukraine.",Company,PJSC Metkombank,ПАО Меткомбанк,,,,,,,,,,,,,,,2.8.1993,Public Joint Stock Company,,,6612010782,,,,661201001,,,,,,,,"36 Oktyabrskaya St. Kamensk-Uralsky, Sverdlovsk Region, 623406, Russia; Russian Federation",+7 (3439) 37-80-00; +7 (495) 937-97-27,info@metcom.ru,www.metcom.ru,
32014R0269,32026R1843,862,EU-UKR,I.ENTITIES,Asset freeze,23.7.2026,"JSC Econombank is a major regional Russian bank headquarted in the Saratov region. It is ranked among the top 50 Russian banks with a record increase in assets. The banking sector is a sector providing substantial revenue to the Government of the Russian Federation. Therefore, JSC Econombank is involved in an economic sector providing a substantial source of revenue to the Government of the Russian Federation, which is responsible for the annexation of Crimea and the destabilisation of Ukraine.",Company,JSC Econombank,АО Экономбанк,,,,,,,,,,,,,,,29.12.1990,Joint Stock Company,,,6450013459,,,,645001001,,,,,,,,"28 Radishcheva Street, Bldg. 1, Saratov, 410031, Russia; Russian Federation",+7 (8452) 22-87-06,mail@econombank.ru,https://econombank.ru/,
32014R0269,32026R1843,863,EU-UKR,I.ENTITIES,Asset freeze,23.7.2026,"JSC Bank “National Standard” is a Russian bank focused on small-to-medium enterprises and private client services. It is included in the list of most reliable Russian banks. The banking sector is a sector providing substantial revenue to the Government of the Russian Federation. Therefore, JSC Bank “National Standard” is involved in an economic sector providing a substantial source of revenue to the Government of the Russian Federation, which is responsible for the annexation of Crimea and the destabilisation of Ukraine.",Company,JSC Bank “National Standard”,АО Банк “Национальный стандарт”,,,,,,,,,,,,,,,2.10.2002,Joint Stock Company,,,7750056688,,,,772501001,,,,,,,,"115093, Russian Federation, Moscow, Partiynyy Lane, 1, building 57, structures 2, 3; Russian Federation",,info@ns-bank.ru,https://ns-bank.ru/,
32014R0269,32026R1843,864,EU-UKR,I.ENTITIES,Asset freeze,23.7.2026,"PJSC Bank Derzhava is a specialised commercial bank that plays a critical role in Russia’s state infrastructure and capital markets. It is a major player in the public procurement system, providing bank guarantees for Russian government contracts. PJSC Bank Derzhava is a major market maker on the Moscow Exchange for Russian government debt. The banking sector is a sector providing substantial revenue to the Government of the RussianFederation. Therefore, PJSC Bank Derzhava is involved in an economic sector providing a substantial source of revenue to the Government of the Russian Federation, which is responsible for the annexation of Crimea and the destabilisation of Ukraine.",Company,PJSC Bank Derzhava,ПАО Банк Держава,,,,,,,,,,,,,,,5.3.1994,Public Joint Stock Company,,,7729003482,,,,770401001,,,,,,,,"2 Bolshoy Savvinskiy Lane, Bldg. 9, Moscow, 119435, Russia; Russian Federation",+7 (495) 380-04-80,dp@derzhava.ru,https://derzhava.ru/,
32014R0269,32026R1843,865,EU-UKR,I.ENTITIES,Asset freeze,23.7.2026,"JSC Commercial Bank “Modulbank” is a specialised Russian digital-only bank. It is active in the pilot project for operations with real digital roubles launched by the Central Bank of Russia. The banking sector is a sector providing substantial revenue to the Government of the RussianFederation. Therefore, JSC Commercial Bank “Modulbank” is involved in an economic sector providing a substantial source of revenue to the Government of the Russian Federation, which is responsible for the annexation of Crimea and the destabilisation of Ukraine.",Company,JSC Commercial Bank “Modulbank”,АО КБ “Модульбанк”,,,,,,,,,,,,,,,23.6.1992,Joint Stock Company,,,2204000595,,,,440101001,,,,,,,,"1 Oktyabrskaya Square, Kostroma, 156005, Russian Federation; Russian Federation",,info@modulbank.ru,https://modulbank.ru/,
32014R0269,32026R1843,866,EU-UKR,I.ENTITIES,Asset freeze,23.7.2026,"PJSC “BystroBank” is is the leading regional bank in the Udmurt Republic of the Russian Federation. The bank is involved in implementing the preferential car loan program launched by the Government of the Russian Federation. The banking sector is a sector providing substantial revenue to the Government of the Russian Federation. Therefore, PJSC “BystroBank” is involved in an economic sector providing a substantial source of revenue to the Government of the Russian Federation, which is responsible for the annexation of Crimea and the destabilisation of Ukraine.",Company,PJSC “BystroBank”,ПАО “БыстроБанк”,,,,,,,,,,,,,,,2.4.1992,Public Joint Stock Company,,,1831002591,,,,183101001,,,,,,,,"426008, Udmurt Republic, Izhevsk, Pushkinskaya St, 268, Russian Federation; Russian Federation",+7 (3412) 90-80-90; +7 (3412) 72-39-69,,https://www.bystrobank.ru/,
32014R0269,32026R1843,867,EU-UKR,I.ENTITIES,Asset freeze,23.7.2026,"JSC Bank “Khlynov” is a leading regional commercial bank headquartered in Kirov region of the Russian Federation. It is active in the pilot project for operations with real digital roubles launched by the Central Bank of Russia. The banking sector is a sector providing substantial revenue to the Government of the Russian Federation. Therefore, JSC Bank “Khlynov” is involved in an economic sector providing a substantial source of revenue to the Government of the Russian Federation, which is responsible for the annexation of Crimea and the destabilisation of Ukraine.",Company,JSC Bank “Khlynov”,АО КБ “Хлынов”,,,,,,,,,,,,,,,6.3.1990,Joint Stock Company,,,4346013603,,,,434501001,,,,,,,,"40 Uritskogo Street, Kirov, Kirov Oblast, 610002, Russian Federation; Russian Federation",+7 (8332) 25-27-77,bank@bank-hlynov.ru,https://www.bank-hlynov.ru/,
32014R0269,32026R1843,868,EU-UKR,I.ENTITIES,Asset freeze,23.7.2026,"JSC Severgazbank is a major financial institution and leading regional bank in the Northwest Russia. The bank signed an agreement with the Central Bank of Russia to participate in the pilot project for the digital rouble. The banking sector is a sector providing substantial revenue to the Government of the Russian Federation. Therefore, JSC Severgazbank is involved in an economic sector providing a substantial source of revenue to the Government of the Russian Federation, which is responsible for the annexation of Crimea and the destabilisation of Ukraine.",Company,JSC Severgazbank,JSC SGB Bank; АO Севергазбанк; АО Банк СГБ,,,,,,,,,,,,,,,29.4.1994,Joint Stock Company,,,3525023780,,,,352501001,,,,,,,,"3, Blagoveschenskaya Street, Vologda, 160001, Russian Federation; Russian Federation",+7 (8172) 57-35-73; +7 (8172) 57-36-00,welcome@severgazbank.ru,www.severgazbank.ru,
32014R0269,32026R1843,869,EU-UKR,I.ENTITIES,Asset freeze,23.7.2026,"LLC CB “Renaissance Credit” is a Russian commercial bank providing retail banking services and headquartered in Moscow. The bank is owned by ONEXIM Group, a major private investment fund. LLC CB “Renaissance Credit” is ranked among the top 50 Russian banks by asset size. The bank signed an agreement with the Central Bank of Russia to participate in the pilot project for the digital rouble. The banking sector is a sector providing substantial revenue to the Government of the Russian Federation. Therefore, LLC CB “Renaissance Credit” is involved in an economic sector providing a substantial source of revenue to the Government of the Russian Federation, which is responsible for the annexation of Crimea and the destabilisation of Ukraine.",Company,LLC CB “Renaissance Credit”,ООО КБ “Ренессанс Кредит”,,,,,,,,,,,,,,,24.11.2000,Limited Liability Company,,,7744000126,,,,772501001,,,,,,,,"14, Kozhevnicheskaya Street, Moscow, 115114, Russia; Russian Federation",+7 (495) 783-46-00,consultant@rencredit.ru,https://rencredit.ru/,
32014R0269,32026R1843,870,EU-UKR,I.ENTITIES,Asset freeze,23.7.2026,"JSC “Bank Finservice” is a medium-sized Russian commercial bank. The Government of the RussianFederation, through Rosimushchestvo, the Federal Agency for State Property Management, holds a blocking stake in the bank. The banking sector is a sector providing substantial revenue to the Government of the Russian Federation. Therefore, JSC “Bank Finservice” is involved in an economic sector providing a substantial source of revenue to the Government of the Russian Federation, which is responsible for the annexation of Crimea and the destabilisation of Ukraine.",Company,JSC “Bank Finservice”,АО “Банк Финсервис”,,,,,,,,,,,,,,,5.11.2001,Joint Stock Company,,,7750004270,,,,773001001,,,,,,,,"2nd Floor, Office 1, Room No. 1, 23A, Tarasa Shevchenko Embankment, Moscow, 121151, Russian Federation; Russian Federation",+7 (495) 777-6-777,bank@finsb.ru,https://www.finsb.ru/,
32014R0269,32026R1843,871,EU-UKR,I.ENTITIES,Asset freeze,23.7.2026,"JSC Kuznetskbusinessbank is a regional commercial bank based in the Kemerovo region of the Russian Federation. The bank operates in the temporarily occupied territory of Ukraine. The banking sector is a sector providing substantial revenue to the Government of the Russian Federation. Therefore, JSC Kuznetskbusinessbank is involved in an economic sector providing a substantial source of revenue to the Government of the Russian Federation, which is responsible for the annexation of Crimea and the destabilisation of Ukraine. Furthermore, JSC Kuznetskbusinessbank is supporting actions which undermine or threaten the territorial integrity, sovereignty and independence of Ukraine.",Company,JSC Kuznetskbusinessbank,АО “Кузнецкбизнесбанк”,,,,,,,,,,,,,,,12.12.1990,Joint Stock Company,,,4216004076,,,,421701001,,,,,,,,"89a Kirova St, Novokuznetsk, Kemerovo Region, 654080, Russian Federation; Russian Federation",+7 (3843) 703-888,kbb@kbb.ru,https://kbb.ru/,
32014R0269,32026R1843,872,EU-UKR,I.ENTITIES,Asset freeze,23.7.2026,"JSC “BCS Bank” is a Russian financial institution headquartered in Moscow. It is a core subsidiary of BCS Financial Group, a major Russian financial conglomerate. The banking sector is a sector providing substantial revenue to the Government of the Russian Federation. Therefore, JSC “BCS Bank” is involved in an economic sector providing a substantial source of revenue to the Government of the Russian Federation, which is responsible for the annexation of Crimea and the destabilisation of Ukraine.",Company,JSC “BCS Bank”,АО “БКС Банк”,,,,,,,,,,,,,,,1.6.1989,Joint Stock Company,,,5460000016,,,,770301001,,,,,,,,"123242, Moscow, Presnenskiy Municipal District, Konyushkovskaya St., 31, bldg. 1, Russian Federation; Russian Federation",,,https://bcs-bank.ru/,
32014R0269,32026R1843,873,EU-UKR,I.ENTITIES,Asset freeze,23.7.2026,"JSC Bank Accept is a leading regional Russian commercial bank headquartered in Novosibirsk. The banking sector is a sector providing substantial revenue to the Government of the Russian Federation. Therefore, JSC Bank Accept is involved in an economic sector providing a substantial source of revenue to the Government of the Russian Federation, which is responsible for the annexation of Crimea and the destabilisation of Ukraine.",Company,JSC Bank Accept,АО “Банк Акцепт”,,,,,,,,,,,,,,,24.10.1990,Joint Stock Company,,,5405114781,,,,540601001,,,,,,,,"14 Sovetskaya Street, Novosibirsk, 630099, Russia; Russian Federation",+7 (383) 37-37-000,mail@akcept.ru,www.akcept.ru,
32014R0269,32026R1843,874,EU-UKR,I.ENTITIES,Asset freeze,23.7.2026,"LLC Bank ITURUP is an important regional commercial bank based in the Russian Far East. The banking sector is a sector providing substantial revenue to the Government of the Russian Federation. Therefore, LLC Bank ITURUP is involved in an economic sector providing a substantial source of revenue to the Government of the Russian Federation, which is responsible for the annexation of Crimea and the destabilisation of Ukraine.",Company,LLC Bank ITURUP,OOO Банк ИТУРУП,,,,,,,,,,,,,,,18.6.1993,Limited Liability Company,,,6501021443,,,,650101001,,,,,,,,"32 Kommunisticheskii Prospekt, Yuzhno-Sakhalinsk, Sakhalin Oblast, 693020, Russian Federation; Russian Federation",,office@iturupbank.ru,https://www.iturupbank.ru/,
32014R0269,32026R1843,875,EU-UKR,I.ENTITIES,Asset freeze,23.7.2026,"JSC JSCB Evrofinance Mosnarbank is a specialised financial institution that serves as the primary economic bridge between Russia and Venezuela. State-owned Rostec State Corporation is the controlling shareholder of JSC JSCB Evrofinance Mosnarbank. The banking sector is a sector providing substantial revenue to the Government of the Russian Federation. Therefore, JSC JSCB Evrofinance Mosnarbank is involved in an economic sector providing a substantial source of revenue to the Government of the Russian Federation, which is responsible for the annexation of Crimea and the destabilisation of Ukraine.",Company,JSC JSCB Evrofinance Mosnarbank,АО АКБ Еврофинанс Моснарбанк,,,,,,,,,,,,,,,29.6.1993,Joint Stock Company,,,7703115760,,,,770401001,,,,,,,,"29 Novy Arbat Street, Moscow, 121099, Russian Federation; Russian Federation",,info@evrofinance.ru,www.evrofinance.ru,
32014R0269,32026R1843,876,EU-UKR,I.ENTITIES,Asset freeze,23.7.2026,"JSC Mir Business Bank is a Moscow-based financial institution in Russia, acting as the primary gateway for economic cooperation between Russia and Iran. It is a wholly-owned subsidiary of Bank Melli Iran, the largest state-owned bank in Iran. The banking sector is a sector providing substantial revenue to the Government of the Russian Federation. Therefore, JSC Mir Business Bank is involved in an economic sector providing a substantial source of revenue to the Government of the Russian Federation, which is responsible for the annexation of Crimea and the destabilisation of Ukraine.",Company,JSC Mir Business Bank,JSC MB Bank; AO Мир Бизнес Банк; АО МБ Банк,,,,,,,,,,,,,,,30.1.2002,Joint Stock Company,,,7744002363,,,,770401001,,,,,,,,"36, Prechistenka Street, Building 1, Moscow, 119034, Russia; 9/1 Mashkova Street, Moscow, 105062, Russia; Russian Federation",,info@mbbru.ru,www.mbbru.ru,
32014R0269,32026R1843,877,EU-UKR,I.ENTITIES,Asset freeze,23.7.2026,"JSC Investtorgbank is a Russian commercial bank headquarted in Moscow. The bank is a part of the TKB (Transkapitalbank) Banking Group. The banking sector is a sector providing substantial revenue to the Government of the Russian Federation. Therefore, JSC Investtorgbank is involved in an economic sector providing a substantial source of revenue to the Government of the Russian Federation, which is responsible for the annexation of Crimea and the destabilisation of Ukraine.",Company,JSC Investtorgbank,JSC Investtradebank; АO Инвестторгбанк,,,,,,,,,,,,,,,28.3.1994,Joint Stock Company,,,7717002773,,,,770501001,,,,,,,,"45 Dubininskaya St., Moscow, 115054, Russian Federation; Russian Federation",,info@itb.ru,www.itb.ru,
32014R0269,32026R1843,878,EU-UKR,I.ENTITIES,Asset freeze,23.7.2026,"JSC Petersburg Social Commercial Bank is one of the largest banks in the Northwest Federal District of the Russian Federation. It is one of the leading banks in Saint-Petersburg in the area of international business. The banking sector is a sector providing substantial revenue to the Government of the Russian Federation. Therefore, JSC Petersburg Social Commercial Bank is involved in an economic sector providing a substantial source of revenue to the Government of the Russian Federation, which is responsible for the annexation of Crimea and the destabilisation of Ukraine.",Company,JSC Petersburg Social Commercial Bank,JSC PSCB Russian: АO Петербургский Социальный Коммерческий Банк; АО ПСКБ,,,,,,,,,,,,,,,29.10.1993,Joint Stock Company,,,7831000965,,,,784201001,,,,,,,,"42 liter A Shpalernaya str., Saint-Petersburg, 191123, Russian Federation; Russian Federation",,Info@pscb.ru,https://pscb.ru/,
32014R0269,32026R1843,879,EU-UKR,I.ENTITIES,Asset freeze,23.7.2026,"LLC Commercial Bank RostFinance is a Russian financial institution headquartered in Rostov-on-Don. It operates extensively in the temporarily occupied territories of Ukraine. The banking sector is a sector providing revenue to the Government of the Russian Federation. Therefore, LLC Commercial Bank RostFinance is involved in an economic sector providing a source of revenue to the Government of the Russian Federation, which is responsible for the annexation of Crimea and the destabilisation of Ukraine. Furthermore, LLC Commercial Bank RostFinance is supporting actions which undermine or threaten the territorial integrity, sovereignty and independence of Ukraine.",Company,LLC Commercial Bank RostFinance,ОOO Коммерческий Банк РостФинанс,,,,,,,,,,,,,,,15.10.1990,Limited Liability Company,,,2332006024,,,,616701001,,,,,,,,"1st Mayskaya Street, 13a/11a, Rostov-on-Don, 344019, Russian Federation; Russian Federation",,fvv@rostfinance.ru,https://www.rostfinance.ru/,
32014R0269,32026R1843,880,EU-UKR,I.ENTITIES,Asset freeze,23.7.2026,"LLC Bank Round is a Moscow based Russian commercial bank. Metalloinvest Group, a major Russian mining and mettalurgy company fully owned by USM Holding is one of the bank’s customers. The banking sector is a sector providing substantial revenue to the Government of the Russian Federation. Therefore, LLC Bank Round is involved in an economic sector providing a substantial source of revenue to the Government of the Russian Federation, which is responsible for the annexation of Crimea and the destabilisation of Ukraine.",Company,LLC Bank Round,ООО Банк Раунд,,,,,,,,,,,,,,,21.9.1993,Limited Liability Company,,,7712002554,,,,773101001,,,,,,,,"Rublevskoe Highway 28, Moscow, 121609, Russian Federation; Russian Federation",+7 (495) 980-19-24,info@round.ru,,
32014R0269,32026R1843,881,EU-UKR,I.ENTITIES,Asset freeze,23.7.2026,"JSC Transstroybank is a Moscow-based commercial bank. The bank signed an agreement with the Central Bank of Russia to participate in the pilot project for the digital rouble. The banking sector is a sector providing substantial revenue to the Government of the Russian Federation. Therefore, JSC Transstroybank is involved in an economic sector providing a substantial source of revenue to the Government of the Russian Federation, which is responsible for the annexation of Crimea and the destabilisation of Ukraine.",Company,JSC Transstroybank,AO Трансстройбанк,,,,,,,,,,,,,,,28.4.1994,Joint Stock Company,,,7730059592,,,,772501001,,,,,,,,"94 Dubininskaya Street, Moscow, 115093, Russia; Russian Federation",,,https://www.transstroybank.ru/,
32014R0269,32026R1843,882,EU-UKR,I.ENTITIES,Asset freeze,23.7.2026,"JSC Moskommertsbank is a Moscow-based commercial bank. The bank signed an agreement with the Central Bank of Russia to participate in the pilot project for the digital rouble. The banking sector is a sector providing substantial revenue to the Government of the Russian Federation. Therefore, JSC Moskommertsbank is involved in an economic sector providing a substantial source of revenue to the Government of the Russian Federation, which is responsible for the annexation of Crimea and the destabilisation of Ukraine.",Company,JSC Moskommertsbank,AO Москоммерцбанк,,,,,,,,,,,,,,,11.4.2001,Joint Stock Company,,,7750005612,,,,770501001,,,,,,,,"20, Malaya Ordynka Str., Bldg. 1, Moscow, 119017, Russia; Russian Federation",,,https://www.moskb.ru/,
32014R0269,32026R1843,883,EU-UKR,I.ENTITIES,Asset freeze,23.7.2026,"JSCB Energobank (JSC) is a regional commercial bank headquartered in the Republic of Tatarstan of the Russian Federation. It is one of the top five largest local banks by assets. The bank signed an agreement with the Central Bank of Russia to participate in the pilot project for the digital rouble. The banking sector is a sector providing substantial revenue to the Government of the Russian Federation. Therefore, JSCB Energobank (JSC) is involved in an economic sector providing a substantial source of revenue to the Government of the Russian Federation, which is responsible for the annexation of Crimea and the destabilisation of Ukraine.",Company,JSCB Energobank (JSC),АКБ Энергобанк (АО),,,,,,,,,,,,,,,2.3.1989,Joint Stock Company,,,1653011835,,,,165501001,,,,,,,,"13/52 Pushkina Street, Kazan, Republic of Tatarstan, 420111, Russian Federation; Russian Federation",+7 (843) 2316001; +7 (843) 2316004,post@energobank.ru,https://energobank.ru/,
32014R0269,32026R1843,884,EU-UKR,I.ENTITIES,Asset freeze,23.7.2026,"JSC Togliattikhimbank is a regional commercial bank headquartered in Samara region of the Russian Federation. The bank is owned by TogliattiAzot (TOAZ), one of the world’s largest producers of ammonia. TogliattiAzot (TOAZ) is a part of Uralchem Group controlled by Dmitry Mazepin, an individual listed by the Union. The banking sector is a sector providing substantial revenue to the Government of the Russian Federation. Therefore, JSC Togliattikhimbank is involved in an economic sector providing a substantial source of revenue to the Government of the Russian Federation, which is responsible for the annexation of Crimea and the destabilisation of Ukraine.",Company,JSC Togliattikhimbank,АО Тольяттихимбанк,,,,,,,,,,,,,,,21.9.1993,Joint Stock Company,,,6320007246,,,,632401001,,,,,,,,"96 Maksima Gorkogo St., Tolyatti, Samara Oblast, 445009, Russian Federation; Russian Federation",,,https://www.thbank.ru/,
32014R0269,32026R1843,885,EU-UKR,I.ENTITIES,Asset freeze,23.7.2026,"LLC “Mobile Card” is a specialised Russian non-banking credit organisation that holds an official licence from the Central Bank of the Russian Federation to conduct banking operations. It is included in the list of most important credit institutions on the payment services market by the Central Bank of the Russian Federation. LLC “Mobile Card” signed an agreement with the Central Bank of the Russian Federation to participate in the pilot project for the digital rouble. The banking sector is a sector providing substantial revenue to the Government of the Russian Federation. Therefore, LLC “Mobile Card” is involved in an economic sector providing a substantial source of revenue to the Government of the Russian Federation, which is responsible for the annexation of Crimea and the destabilisation of Ukraine.",Company,LLC “Mobile Card”,Non-Banking financial company “Mobile card” Limited; ООО НКО “Мобильная карта”,,,,,,,,,,,,,,,30.7.2013,Limited Liability Company,,,7835905228,,,,780601001,,,,,,,,"Room 23N, Floor 8, House 64, Letter B, Malookhtinsky Prospekt, Saint Petersburg, 195112, Russian Federation; 2nd Sovetskaya Street, 27/2, Liter A, Saint Petersburg, 191024, Russian Federation; Russian Federation",,,https://www.mcplat.ru/,
32014R0269,32026R1843,886,EU-UKR,I.ENTITIES,Asset freeze,23.7.2026,"LLC RNCO “Payment Center” is a major non-banking credit organisation based in Novosibirsk, Russian Federation. It holds a specialised banking licence issued by the Central Bank of the Russian Federation which authorises it to conduct banking operations. It is a subsidiary of the Center for Financial Technologies Group, a leading software provider for the banking sector in Russia. LLC RNCO “Payment Center” is the operator and settlement centre for several payment systems. The banking sector is a sector providing substantial revenue to the Government of the Russian Federation. Therefore, LLC RNCO “Payment Center” is involved in an economic sector providing a substantial source of revenue to the Government of the Russian Federation, which is responsible for the annexation of Crimea and the destabilisation of Ukraine.",Company,LLC RNCO “Payment Center”,Credit Union “Payment Center” Ltd; ООО РНКО “Платежный Центр”,,,,,,,,,,,,,,,2.12.1994,Limited Liability Company,,,2225031594,,,,540501001,,,,,,,,"Kirova Str., 86, Novosibirsk, 630102, Russia; Russian Federation",,mail@rnko.ru,https://rnko.ru/,
32014R0269,32026R1843,887,EU-UKR,I.ENTITIES,Asset freeze,23.7.2026,"JSC FINAM Bank is a Moscow-based Russian commercial bank that is a part the FINAM Holding, one of Russia’s largest investment groups. The banking sector is a sector providing substantial revenue to the Government of the Russian Federation. Therefore, JSC FINAM Bank is involved in an economic sector providing a substantial source of revenue to the Government of the Russian Federation, which is responsible for the annexation of Crimea and the destabilisation of Ukraine.",Company,JSC FINAM Bank,JSC FINAM Investment Bank; АО Банк ФИНАМ; АO Инвестиционный Банк “ФИНАМ”,,,,,,,,,,,,,,,19.4.1994,Joint Stock Company,,,7709315684,,,,771001001,,,,,,,,"7 Nastasiinsky Lane, Building 2, Moscow, 127006, Russian Federation; Russian Federation",,info@finambank.ru,https://www.finambank.ru/,
32014R0269,32026R1843,888,EU-UKR,I.ENTITIES,Asset freeze,23.7.2026,"JSC Koshelev-Bank is a regional commercial bank headquartered in the Samara region of the Russian Federation. The bank is controlled by Vladimir Koshelev, an individual listed by the Union, via the Koshelev Corporation. The banking sector is a sector providing substantial revenue to the Government of the Russian Federation. Therefore, JSC Koshelev-Bank is involved in an economic sector providing a substantial source of revenue to the Government of the Russian Federation, which is responsible for the annexation of Crimea and the destabilisation of Ukraine.",Company,JSC Koshelev-Bank,AO Кошелев-Банк,,,,,,,,,,,,,,,30.7.1996,Joint Stock Company,,,5260059340,,,,631501001,,,,,,,,"14 Mayakovskogo St., Samara, 443100, Russian Federation; Russian Federation",,,https://www.koshelev-bank.ru/,
32014R0269,32026R1843,889,EU-UKR,I.ENTITIES,Asset freeze,23.7.2026,"PJSC Prio-Vneshtorgbank is a regional commercial bank headquartered in the Ryazan region of the Russian Federation. It is active in the pilot project for operations with real digital roubles launched by the Central Bank of Russia. The banking sector is a sector providing substantial revenue to the Government of the Russian Federation. Therefore, PJSC Prio-Vneshtorgbank is involved in an economic sector providing a substantial source of revenue to the Government of the Russian Federation, which is responsible for the annexation of Crimea and the destabilisation of Ukraine.",Company,PJSC Prio-Vneshtorgbank,Prio-bank; ПАО Прио-Внешторгбанк; Прио-банк,,,,,,,,,,,,,,,6.12.1989,Public Joint Stock Company,,,6227001779,,,,623401001,,,,,,,,"82/26 Esenina St., Ryazan, 390023, Russian Federation; Russian Federation",,,https://priovtb.com/,
32014R0269,32026R1843,890,EU-UKR,I.ENTITIES,Asset freeze,23.7.2026,"LLC Cifra bank is a Moscow-based Russian commercial bank. It is included in the list of most important banks on the payment services market by the Central Bank of Russia. LLC Cifra bank signed an agreement with the Central Bank of Russia to participate in the pilot project for the digital rouble. The banking sector is a sector providing substantial revenue to the Government of the Russian Federation. Therefore, LLC Cifra bank is involved in an economic sector providing a substantial source of revenue to the Government of the Russian Federation, which is responsible for the annexation of Crimea and the destabilisation of Ukraine.",Company,LLC Cifra bank,LLC Digital Bank; OOO Цифра банк,,,,,,,,,,,,,,,10.12.1990,Limited Liability Company,,,6506000327,,,,770301001,,,,,,,,"15 1st Krasnogvardeyskiy proyezd, Tower “Mercury”, Floor 17, Room 1, Moscow, 123112, Russia; Russian Federation",,info@cifra-bank.ru,https://cifra-bank.ru/,
32014R0269,32026R1843,891,EU-UKR,I.ENTITIES,Asset freeze,23.7.2026,"JSC Belgorodsocbank is a regional commercial bank headquartered in Belgorod region of the Russian Federation. The bank signed an agreement with the Central Bank of Russia to participate in the pilot project for the digital rouble. The banking sector is a sector providing substantial revenue to the Government of the Russian Federation. Therefore, JSC Belgorodsocbank is involved in an economic sector providing a substantial source of revenue to the Government of the Russian Federation, which is responsible for the annexation of Crimea and the destabilisation of Ukraine.",Company,JSC Belgorodsocbank,Joint Stock Company Universal Commercial Bank Of Social Development And Reconstruction “Belgorodsocbank”; АO УКБ Белгородсоцбанк; Акционерное Общество Универсальный Коммерческий Банк Социального Развития И Реконструкции “Белгородсоцбанк”,,,,,,,,,,,,,,,31.10.1990,Joint Stock Company,,,3123004233,,,,312301001,,,,,,,,"38 Svyato-Troitsky Boulevard, Belgorod, 308015, Russian Federation; Russian Federation",+7 (4722) 35-30-79,mail@belsocbank.ru,https://belsocbank.ru/,
32014R0269,32026R1843,892,EU-UKR,I.ENTITIES,Asset freeze,23.7.2026,"JSC Bank Orenburg is a regional commercial bank headquartered in the Orenburg region of the Russian Federation. It is active in the pilot project for operations with real digital roubles launched by the Central Bank of Russia. The banking sector is a sector providing substantial revenue to the Government of the Russian Federation. Therefore, JSC Bank Orenburg is involved in an economic sector providing a substantial source of revenue to the Government of the Russian Federation, which is responsible for the annexation of Crimea and the destabilisation of Ukraine.",Company,JSC Bank Orenburg,АО Банк Оренбург,,,,,,,,,,,,,,,22.9.1995,Joint Stock Company,,,5612031491,,,,561201001,,,,,,,,"25 Marshal Zhukov Street, Orenburg, 460024, Russian Federation; Russian Federation",+7 (3532) 34-30-00,info@orbank.ru,https://orbank.ru/,
32014R0269,32026R1843,893,EU-UKR,I.ENTITIES,Asset freeze,23.7.2026,"JSC Bank “United Capital” is a Russian commercial bank based in Saint Petersburg. It is ranked fifth among the top 20 North-Western Federal District banks. The banking sector is a sector providing substantial revenue to the Government of the Russian Federation. Therefore, JSC Bank “United Capital” is involved in an economic sector providing a substantial source of revenue to the Government of the Russian Federation, which is responsible for the annexation of Crimea and the destabilisation of Ukraine.",Company,JSC Bank “United Capital”,AO Банк “Объединенный капитал”,,,,,,,,,,,,,,,13.12.1993,Joint Stock Company,,,7831001013,,,,780401001,,,,,,,,"21 Gzhatskaya Street, Building 2, Saint Petersburg, 195220, Russian Federation; Russian Federation",+7 (812) 325-94-95; +7 (812) 309-21-65,,https://www.okbank.ru/,
32014R0269,32026R1843,894,EU-UKR,I.ENTITIES,Asset freeze,23.7.2026,"JSC Commercial Bank “Forshtadt” is a regional commercial bank headquartered in Orenburg region of the Russian Federation. The bank signed an agreement with the Central Bank of Russia to participate in the pilot project for the digital rouble. The banking sector is a sector providing substantial revenue to the Government of the Russian Federation. Therefore, JSC Commercial Bank “Forshtadt” is involved in an economic sector providing a substantial source of revenue to the Government of the Russian Federation, which is responsible for the annexation of Crimea and the destabilisation of Ukraine.",Company,JSC Commercial Bank “Forshtadt”,АО АКБ “Форштадт”,,,,,,,,,,,,,,,15.12.1992,Joint Stock Company,,,5610032972,,,,561001001,,,,,,,,"35/1 Chkalova St., Orenburg, Orenburg Oblast, 460058, Russian Federation; Russian Federation",,bank@forshtadt.ru,https://forshtadt.ru/,
32014R0269,32026R1843,895,EU-UKR,I.ENTITIES,Asset freeze,23.7.2026,"JSC Tatsotsbank is a regional commercial bank headquartered in Kazan, Republic of Tatarstan, Russian Federation. The banking sector is a sector providing substantial revenue to the Government of the Russian Federation. Therefore, JSC Tatsotsbank is involved in an economic sector providing a substantial source of revenue to the Government of the Russian Federation, which is responsible for the annexation of Crimea and the destabilisation of Ukraine.",Company,JSC Tatsotsbank,JSC Bank of Social Development of Tatarstan “Tatsotsbank”; АО Татсоцбанк; АO “Банк Социального Развития Татарстана ‘Татсоцбанк’”,,,,,,,,,,,,,,,12.10.1990,Joint Stock Company,,,,,1653003834,,165501001,,,,,,,,"18/23 Chernyshevskogo Street, Kazan, Republic of Tatarstan, 420111, Russian Federation; Russian Federation",,tsb@tatsotsbank.ru,https://tatsotsbank.ru/,
32014R0269,32026R1843,896,EU-UKR,I.ENTITIES,Asset freeze,23.7.2026,"PJSC “NBD-Bank” is a regional Russian commercial bank headquartered in Nizhny Novgorod. The bank signed an agreement with the Central Bank of Russia to participate in the pilot project for the digital rouble. PJSC “NBD-Bank” is among top 20 Russian banks for the issuance of loans for small and medium-sized enterprises (SMEs). The banking sector is a sector providing substantial revenue to the Government of the Russian Federation. Therefore, PJSC “NBD-Bank” is involved in an economic sector providing a substantial source of revenue to the Government of the Russian Federation, which is responsible for the annexation of Crimea and the destabilisation of Ukraine.",Company,PJSC “NBD-Bank”,ПAO “НБД-Банк”,,,,,,,,,,,,,,,27.7.1992,Public Joint Stock Company,,,5200000222,,,,526001001,,,,,,,,"6 Maxim Gorky Square, Nizhny Novgorod, 603000, Russian Federation; Russian Federation",+7 (831) 220-00-22,info@nbdbank.ru,https://nbdbank.ru/,
32014R0269,32026R1843,897,EU-UKR,I.ENTITIES,Asset freeze,23.7.2026,"Joint Stock Company “Credit Ural Bank” is a major regional universal bank in Russia. It is a part of JSC Gazprombank Group. The bank is a primary financial partner for the PJSC Magnitogorsk Iron and Steel Works (MMK), one of the world’s largest steel producers. The banking sector is a sector providing substantial revenue to the Government of the Russian Federation. Therefore, JSC “Credit Ural Bank” is involved in an economic sector providing a substantial source of revenue to the Government of the Russian Federation, which is responsible for the annexation of Crimea and the destabilisation of Ukraine.",Company,Joint Stock Company “Credit Ural Bank”,JSC Bank “KUB”; АO “Кредит Урал Банк”; AO Банк “КУБ”,,,,,,,,,,,,,,,25.11.1993,Joint Stock Company,,,7414006722,,,,745601001,,,,,,,,"17 Gagarina Street, Magnitogorsk, Chelyabinsk Region, 455044, Russian Federation; Russian Federation",+7 (3519) 24-89-33,office@creditural.ru,https://creditural.ru/,
32014R0269,32026R1843,898,EU-UKR,I.ENTITIES,Asset freeze,23.7.2026,"JSC Almazergienbank is the leading regional bank in the Republic of Sakha (Yakutia) of the Russian Federation. The banking sector is a sector providing substantial revenue to the Government of the Russian Federation. Therefore, JSC Almazergienbank is involved in an economic sector providing a substantial source of revenue to the Government of the Russian Federation, which is responsible for the annexation of Crimea and the destabilisation of Ukraine.",Company,JSC Almazergienbank,AO Алмазэргиэнбанк,,,,,,,,,,,,,,,6.12.1993,Joint Stock Company,,,1435138944,,,,143501001,,,,,,,,"1 Prospekt Lenina, Yakutsk, Republic of Sakha (Yakutia), 677000, Russian Federation; Russian Federation",,,https://albank.ru/ru/,
32014R0269,32026R1843,899,EU-UKR,I.ENTITIES,Asset freeze,23.7.2026,"LLC Sibsotsbank is a state-controlled regional commercial bank headquartered in Altai Krai region of the Russian Federation. The banking sector is a sector providing substantial revenue to the Government.of the Russian Federation Therefore, LLC Sibsotsbank is involved in an economic sector providing a substantial source of revenue to the Government of the Russian Federation, which is responsible for the annexation of Crimea and the destabilisation of Ukraine.",Company,LLC Sibsotsbank,LLC Regional Commercial Siberian Social Bank; ООО Сибсоцбанк; OOO Краевой Коммерческий Сибирский Социальный Банк,,,,,,,,,,,,,,,21.8.1992,Limited Liability Company,,,2224009042,,,,222101001,,,,,,,,"61A Prospekt Lenina, Barnaul, Altai Krai, 656049, Russian Federation; Russian Federation",+7 (921) 563-35-05,mail@baudit.spb.ru,https://www.sibsoc.ru/,
32014R0269,32026R1843,900,EU-UKR,I.ENTITIES,Asset freeze,23.7.2026,"PJSC Yug-invest Bank is a regional commercial bank headquartered in Krasnodar region of the Russian Federation. The bank signed an agreement with the Central Bank of Russia to participate in the pilot project for the digital rouble. The banking sector is a sector providing substantial revenue to the Government of the RussianFederation. Therefore, PJSC Yug-invest Bank is involved in an economic sector providing a substantial source of revenue to the Government of the Russian Federation, which is responsible for the annexation of Crimea and the destabilisation of Ukraine.",Company,PJSC Yug-invest Bank,PJSC South-Investbank; ПАО Юг-Инвестбанк,,,,,,,,,,,,,,,5.4.1994,Public Joint Stock Company,,,0106000547,,,,230801001,,,,,,,,"113 Krasnaya Street, Krasnodar, Krasnodar Krai, 350000, Russian Federation; Russian Federation",,main@invb.ru,https://invb.ru/,
32014R0269,32026R1843,901,EU-UKR,I.ENTITIES,Asset freeze,23.7.2026,"JSC Nokssbank is a regional commercial bank headquartered in the Volgograd region of the Russian Federation. The bank signed an agreement with the Central Bank of Russia to participate in the pilot project for the digital rouble. The banking sector is a sector providing substantial revenue to the Government of the Russian Federation. Therefore, JSC Nokssbank is involved in an economic sector providing a substantial source of revenue to the Government of the Russian Federation, which is responsible for the annexation of Crimea and the destabilisation of Ukraine.",Company,JSC Nokssbank,"Development Bank of production of oil and gas extractive equipment, conversion, shipbuilding and construction (joint-stock company); JSC Noxsbank; АО “НОКССБАНК”; Банк развития производства нефтегазодобывающего оборудования, конверсии, судостроения и строительства (акционерное общество)",,,,,,,,,,,,,,,25.1.1995,Joint Stock Company,,,3444053335,,,,344401001,,,,,,,,"2, 7th Gvardeyskaya Street, Volgograd, Volgograd Oblast, 400005, Russian Federation; Russian Federation",,,https://nokss.ru/,
32014R0269,32026R1843,902,EU-UKR,I.ENTITIES,Asset freeze,23.7.2026,"Limited Liability Company ARMORGRUPP specialises in the manufacture, sale and repair of vehicles and semi-trailers. It is a supplier to the entity JSC IEMZ Kupol. It supplies material and services for the production of the support and maintenance vehicle of the Garpiya one way attack UAV. These UAVs are used by the Russian Armed Forces during Russia’s war of aggression against Ukraine. Therefore, Limited Liability Company ARMORGRUPP is a legal person materially supporting Russia’s military and industrial complex, including by being involved in the development, production or supply of military technology and equipment.",LegalEntity,Limited Liability Company ARMORGRUPP,LLC ARMORGRUPP; ООО АРМОРГРУПП,,,,,,,,,,,,,,,27.9.2006,Limited liability company,,,,,5263056732,1065263037597,,,,,,,,,"603107, Nizhny Novgorod Oblast, Nizhniy Novgorod, 82 Molodezhny Avenue; Russian Federation",,,https://armor-gr.ru/,
32014R0269,32026R1843,903,EU-UKR,I.ENTITIES,Asset freeze,23.7.2026,"Limited Liability Company AUTOLIFE LOGISTIK is one of the main logistics companies in Russia with offices in several cities. It conducts transport and communications, supporting and auxiliary transport activities. It supplies logistical services to JSC IEMZ Kupol. It is entrusted with the transportation and deliveries of the Garpiya-A1 UAVs and its main components to military airfields near the frontline between Russia and Ukraine. These UAVs are used by the Russian Armed Forces during Russia’s war of aggression against Ukraine. Therefore, Limited Liability Company AUTOLIFE LOGISTIK is a legal person materially supporting Russia’s military and industrial complex, including by being involved in the development, production or supply of military technology and equipment.",LegalEntity,Limited Liability Company AUTOLIFE LOGISTIK,LLC AUTOLIFE LOGISTIK; ООО АВТОЛАЙФ ЛОГИСТИК,,,,,,,,,,,,,,,,Limited liability company,,,,,7727467841,1217700292072,,,,,,,,,"117461, Moscow, Zuzino Municipal District, 5 Khersnskaya Street, Building 5; Russian Federation",,ricsat@mail.ru,,
32014R0269,32026R1843,904,EU-UKR,I.ENTITIES,Asset freeze,23.7.2026,"LLC LK AUTOLIFE is one of the main logistical companies in Russia with offices in several cities. It conducts transport and communication activities, supporting and auxiliary transport activities. It supplies logistical services to JSC IEMZ Kupol. It is entrusted with the transportation and deliveries of the Garpiya-A1 UAVs and its main components to military airfields near the frontline between Russia and Ukraine. These UAVs are used by the Russian Armed Forces during Russia’s war of aggression against Ukraine. Therefore, LLC LK AUTOLIFE is a legal person materially supporting Russia’s military and industrial complex, including by being involved in the development, production or supply of military technology and equipment.",LegalEntity,LLC LK AUTOLIFE,ООО ЛК АВТОЛАЙФ,,,,,,,,,,,,,,,6.12.2013,Limited liability company,,,,,1832114178,1131832006657,,,,,,,,,"617760, Perm Kray, Chaykovskiy, 1A Mira Street, Room 13; Russian Federation",,autolife18@mail.ru,http://www.autolife18.ru/,
32014R0269,32026R1843,905,EU-UKR,I.ENTITIES,Asset freeze,23.7.2026,"LLC DELMOT specialises in the production, research and development in fields of aircraft engines. It participates in the development of the engine for Garpiya-A1 one-way attack UAV. In the production process of this UAV, it supplies its services to main manufacturer which is JSC IEMZ Kupol. These UAVs are used by the Russian Armed Forces during Russia’s war of aggression against Ukraine. Therefore, LLC DELMOT is a legal person materially supporting Russia’s military and industrial complex, including by being involved in the development, production or supply of military technology and equipment.",LegalEntity,LLC DELMOT,ООО ДЕЛМОТ,,,,,,,,,,,,,,,14.1.2022,Limited liability company,,,,,2465344488,1222400000481,,,,,,,,,"660077, Krasnoyarsk Kray, Krasnoyarsk, 1 78th Dobrovolcheskoy Brigady Street, office 65; Russian Federation",,info@delmot-motors.ru,https://delmot-motors.ru/,
32014R0269,32026R1843,906,EU-UKR,I.ENTITIES,Asset freeze,23.7.2026,"Federal State Unitary Enterprise “Main Center for Special Communications” (FGUP GCSS) is a logistics company that specialises in high-value and sensitive cargo transportation. It supplies logistical services to JSC IEMZ Kupol. It is entrusted with the transportation and deliveries of the Garpiya-A1 UAVs and its main components to military airfields near the frontline between Russia and Ukraine. These UAVs are used by the Russian Armed Forces during Russia’s war of aggression against Ukraine. Therefore, FGUP GCSS is a legal person materially supporting Russia’s military and industrial complex, including by being involved in the development, production or supply of military technology and equipment.",LegalEntity,Federal State Unitary Enterprise “Main Center for Special Communications”,ФГУП Главный Центр Специальной Связи,,,,,,,,,,,,,,,19.7.2002,Federal State Unitary Enterprise,,,,,7717043113,1027700041830,,,,,,,,,"129626, Moscow, 17 1st Mytishchninskaya Street; Russian Federation",,,https://www.cccb.ru/,
32014R0269,32026R1843,907,EU-UKR,I.ENTITIES,Asset freeze,23.7.2026,"(LLC GRUPPA PROMAVTO specialises in the manufacture of vehicle and semi-trailers. It is one of the sub-contractors of JSC IEMZ Kupol. Specifically, it supplies specialised escort vehicles of the Garpiya one-way attack UAV. These UAVs are used by the Russian Armed Forces during Russia’s war of aggression against Ukraine. Therefore, LLC GRUPPA PROMAVTO is a legal person materially supporting Russia’s military and industrial complex, including by being involved in the development, production or supply of military technology and equipment.",LegalEntity,LLC GRUPPA PROMAVTO,Limited liability company GRUPPA PROMAVTO; ООО ГРУППА ПРОМАВТО,,,,,,,,,,,,,,,3.7.2012,Limited liability company,,,,,5263093100,1125263004162,,,,,,,,,"603107, Nizhny Novgorod Oblast, Nizhniy Novgorod, 7A Zaovrazhnaya Street; Russian Federation",,info@promavto.net,https://promavto.net,
32014R0269,32026R1843,908,EU-UKR,I.ENTITIES,Asset freeze,23.7.2026,"LLC Industrial Company YUMEX specialises in wholesale of chemical products. It supplies chemical materials to JSC IEMZ Kupol. It specifically supplies raw chemical components used in the production of the solid rocket booster used to launch the Garpiya-A1 one-way attack UAVs. These UAVs are used by the Russian Armed Forces during Russia’s war of aggression against Ukraine. Therefore, LLC Industrial Company YUMEX is a legal person materially supporting Russia’s military and industrial complex, including by being involved in the development, production or supply of military technology and equipment.",LegalEntity,LLC Industrial Company YUMEX,Limited Liability Company IC YUMEX; PROMYSHLENNAYA KOMPANIYA YUMEKS; ООО ПК ЮМЭКС,,,,,,,,,,,,,,,6.12.2019,Limited liability company,,,,,0274952499,1190280078812,,,,,,,,,"450077, Republic of Bashkortostan, Ufa, 100 Dostoyevsky Street, Office 10/3; Russian Federation",,buh@umeks.ru,www.umeks.ru,
32014R0269,32026R1843,909,EU-UKR,I.ENTITIES,Asset freeze,23.7.2026,"Limited Liability Company LAGGAR PRO specialises in manufacture of vehicles and semi-trailers. It is a supplier to the JSC IEMZ Kupol. It supplies material and services used in the production of the launch vehicle of the Garpiya one way attack UAV. These UAVs are used by the Russian Armed Forces during Russia’s war of aggression against Ukraine. Therefore, Limited Liability Company LAGGAR PRO is a legal person materially supporting Russia’s military and industrial complex, including by being involved in the development, production or supply of military technology and equipment.",LegalEntity,Limited Liability Company LAGGAR PRO,LLC LAGGAR PRO; ООО ЛАГГАР ПРО,,,,,,,,,,,,,,,15.6.2018,Limited liability company,,,,,5250070144,1185275034218,,,,,,,,,"607680, Nizhny Novgorod Oblast, Kstovsky District, Afonino, 190B Ovrazhnaya Street, Building 19; Russian Federation",,,https://www.laggar-pro.ru/,
32014R0269,32026R1843,910,EU-UKR,I.ENTITIES,Asset freeze,23.7.2026,"LLC MSKA ENGINEERING specialises in production of electrical installation works. It also supplies chemical materials to JSC IEMZ Kupol. It specifically supplies raw chemical components used in the production of the solid rocket booster used to launch the Garpiya-A1 one-way attack UAVs. These UAVs are used by the Russian Armed Forces during Russia’s war of aggression against Ukraine. Therefore, LLC MSKA ENGINEERING is a legal person materially supporting Russia’s military and industrial complex, including by being involved in the development, production or supply of military technology and equipment.",LegalEntity,LLC MSKA INGENEERING,Limited liability company MSKA ENGINEERING; ООО МСКА ИНЖИНИРИНГ,,,,,,,,,,,,,,,24.7.2018,Limited liability company,,,,,772471315256,1187746699800,,,,,,,,,"107589, Moscow, Golyanovo Municipal District, 4 Habarovskaya Street; 111033, Moscow, 32 Zolotrogozhsky Val Street, Office 35; Russian Federation",,info@mskagroup.ru,,
32014R0269,32026R1843,911,EU-UKR,I.ENTITIES,Asset freeze,23.7.2026,"JSC NPK SEVERNAYA ZARYA specialises in manufacture of electrical and optical equipment. It supplies electronic components to JSC IEMZ Kupol. It specifically supplies components used in the production of warheads of the Garpiya-A1 one-way attack UAVs. These UAVs are used by the Russian Armed Forces during Russia’s war of aggression against Ukraine. Therefore, JSC NPK SEVERNAYA ZARYA is a legal person materially supporting Russia’s military and industrial complex, including by being involved in the development, production or supply of military technology and equipment.",LegalEntity,JSC NPK SEVERNAYA ZARYA,Joint-Stock Company “Research and Production Complex ‘Severnaya Zarya’”; АО НПК СЕВЕРНАЯ ЗАРЯ; Акционерное Общество Научно-Производственный Комплекс “Северная Заря”,,,,,,,,,,,,,,,25.10.2002,Joint stock company,,,,,7802064795,1027801543626,,,,,,,,,"194100, Saint-Petersburg, 7 Kantemirovskaya Street; Russian Federation",,general@relays.ru,https://relays.ru/,
32014R0269,32026R1843,912,EU-UKR,I.ENTITIES,Asset freeze,23.7.2026,"Open joint stock company “Oborontest” is a Russian company active in the field of technical testing, specifically of testing the resistance of technological products against outer forces such as electronic interference, magnetic field pulse and other influence of electromagnetic factors. It acts as a supplier to the Russian ministry of defence and provides its services to several Russian military aircraft manufacturers, notably to PJSC Aviation Complex Ilyushin, JSC TUPOLEV and JSC SUKHOI. It also assists during the field trials of the Garpiya one-way attack UAVs by providing the tools enabling flight test measurements. These UAVs are used by the Russian Armed Forces during Russia’s war of aggression against Ukraine. Therefore, Open joint stock company “Oborontest” is a legal person materially supporting Russia’s military and industrial complex, including by being involved in the development, production or supply of military technology and equipment.",LegalEntity,Open joint stock company “Oborontest”,Открытое Акционерное Общество “ОБОРОНТЕСТ”,,,,,,,,,,,,,,,12.11.2020,Joint stock company,,,,,7717686763,1107746923008,,,,,,,,,"ul. 3-ya mytishchinskaya d. 16, str. 37, 129626 Moscow; Moscow, Russian Federation; Russian Federation",,,oborontest.ru,
32014R0269,32026R1843,913,EU-UKR,I.ENTITIES,Asset freeze,23.7.2026,"JSC ORBITA specialises in manufacture of electrical and optical equipment. It supplies electronic components to JSC IEMZ Kupol. It specifically supplies components used in the production of warheads of the Garpiya-A1 one-way attack UAVs. These UAVs are used by the Russian Armed Forces during Russia’s war of aggression against Ukraine. Therefore, JSC ORBITA is a legal person materially supporting Russia’s military and industrial complex, including by being involved in the development, production or supply of military technology and equipment.",LegalEntity,JSC ORBITA,АО ОРБИТА,,,,,,,,,,,,,,,23.7.2002,Joint stock company,,,,,1325029808,1021301112667,,,,,,,,,"430904, Republic of Mordoviya, Saransk, 12 Pionerskaya Street; Russian Federation",,,https://www.orbita.su/,
32014R0269,32026R1843,914,EU-UKR,I.ENTITIES,Asset freeze,23.7.2026,"LLC POLKOVODETS specialises in manufacture of plastic products for packaging goods. It acts as a supplier to JSC IEMZ Kupol. It specifically supplies materials and components used to transport the warheads of the Garpiya one-way attack UAVs. These UAVs are used by the Russian Armed Forces during Russia’s war of aggression against Ukraine. Therefore, LLC POLKOVODETS is a legal person materially supporting Russia’s military and industrial complex, including by being involved in the development, production or supply of military technology and equipment.",LegalEntity,LLC POLKOVODETS,Limited liability company Polkovodets; ООО ПОЛКОВОДЕЦ,,,,,,,,,,,,,,,,Limited liability company,,,,,7719447520,1167746504771,,,,,,,,,"141091, Moscow, Yubileiny Municipal District, Korolyov, 28 Geroev Kursantov Street, Building 11; Russian Federation",,info@polkovodets.com,https://polkovodets.com/,
32014R0269,32026R1843,915,EU-UKR,I.ENTITIES,Asset freeze,23.7.2026,"Limited Liability Company RADIAL FIRM specialises in design and manufacture of antenna-filter equipment for professional and HAM-radio HF, VHF, UHF bands, radio and TV broadcasting, antenna-mast constructions and manufacture of communication equipment. It supplies software service to s JSC IEMZ Kupol. It specifically provides an on-board software for the flight control of the one-way attack Garpiya-A1 UAV. These UAVs are used by the Russian Armed Forces during Russia’s war of aggression against Ukraine. Therefore, Limited Liability Company RADIAL FIRM is a legal person materially supporting Russia’s military and industrial complex, including by being involved in the development, production or supply of military technology and equipment.",LegalEntity,Limited Liability Company RADIAL FIRM,LLC RADIAL FIRM; ООО ФИРМА РАДИАЛ,,,,,,,,,,,,,,,,Limited liability company,,,,,7701156496,1027739772081,,,,,,,,,"111524, Moscow, 2 Elektrodnaya Street, Building 24; Russian Federation",,radial@radial.ru,https://radial.ru/,
32014R0269,32026R1843,916,EU-UKR,I.ENTITIES,Asset freeze,23.7.2026,"LLC NPF ROTOR specialises in the manufacture and supply of pneumatic catapults, scientific research and development in the field of natural and technical sciences. It produces and supplies pneumatic catapults installed on the launch vehicles for the Garpiya-A1 one-way attack UAVs. These UAVs are used by the Russian Armed Forces during Russia’s war of aggression against Ukraine. Therefore, LLC NPF ROTOR is a legal person materially supporting Russia’s military and industrial complex, including by being involved in the development, production or supply of military technology and equipment.",LegalEntity,LLC NPF ROTOR,Limited liability company Research and production firm Rotor; ООО НПФ РОТОР; Общество с Ограниченной Ответственностью Научно-производственная Фирма “Ротор”,,,,,,,,,,,,,,,22.5.2007,Limited liability company,,,,,6382053330,1076382006282,,,,,,,,,"445143, Samara Oblast, Stavropol district, Podstepki village, 93A Lugovaya Street; Russian Federation",,lebed74.1@mail.ru,,
32014R0269,32026R1843,917,EU-UKR,I.ENTITIES,Asset freeze,23.7.2026,"LLC SYSTEM INDUSTRIAL GROUP specialises in wholesale trade and commission trade. It acts as a supplier to JSC IEMZ Kupol. It specifically supplies materials and components used to transport the warheads of the Garpiya one-way attack UAVs. These UAVs are used by the Russian Armed Forces during Russia’s war of aggression against Ukraine. Therefore, LLC SYSTEM INDUSTRIAL GROUP is a legal person materially supporting Russia’s military and industrial complex, including by being involved in the development, production or supply of military technology and equipment.",LegalEntity,LLC SYSTEM INDUSTRIAL GROUP,LLC SISTEMA PG; ООО СИСТЕМА ПРОМЫШЛЕННАЯ ГРУППА,,,,,,,,,,,,,,,25.10.2015,Limited liability company,,,,,7811563590,1137847410403,,,,,,,,,"192148, Saint-Petersburg, Nevvskaya Zastava Municipal District, 13A Sedova Street, Room 14; Russian Federation",,sale@ttksistema.ru,https://ttksistema.ru/,
32014R0269,32026R1843,918,EU-UKR,I.ENTITIES,Asset freeze,23.7.2026,"CJSC TECHNOSVYAZ specialises in manufacture of electrical and optical equipment. It supplies electronics to JSC IEMZ Kupol. It specifically provides it with semi-finished electronics and components used in the production of the Garpiya-A1 one-way attack UAV. These UAVs are used by the Russian Armed Forces during Russia’s war of aggression against Ukraine. Therefore, CJSC TECHNOSVYAZ is a legal person materially supporting Russia’s military and industrial complex, including by being involved in the development, production or supply of military technology and equipment.",LegalEntity,CJSC TECHNOSVYAZ,Closed joint stock company Technosvyaz; ЗАО ТЕХНОСВЯЗЬ,,,,,,,,,,,,,,,22.10.2002,Closed joint stock company,,,,,,1026605240199,,,,,,,,,"620014, Sverdlovskaya Oblast, Ekaterinburg, 8 Marta Street; Russian Federation",,tssavlev@mail.ru,https://techno-svyaz.ru/,
32014R0269,32026R1843,919,EU-UKR,I.ENTITIES,Asset freeze,23.7.2026,"LLC TEXTILTECHSNAB specialises in wholesale of textile products. It supplies chemical materials to JSC IEMZ Kupol. It specifically supplies raw chemical components used in the production of the solid rocket booster used to launch the Garpiya-A1 one-way attack UAVs. These UAVs are used by the Russian Armed Forces during Russia’s war of aggression against Ukraine. Therefore, LLC TEXTILTECHSNAB is a legal person materially supporting Russia’s military and industrial complex, including by being involved in the development, production or supply of military technology and equipment.",LegalEntity,LLC TEXTILTECHSNAB,ООО ТЕКСТИЛЬТЕХСНАБ,,,,,,,,,,,,,,,12.2.2019,Limited liability company,,,,,9721075295,1197746099517,,,,,,,,,"109428, Moscow, Ryazanskiy Municipal District, Ryazanskiy, 16 Street; Russian Federation",,textiltehsnab@yandex.ru,https://textiltehsnab.ru/,
32014R0269,32026R1843,920,EU-UKR,I.ENTITIES,Asset freeze,23.7.2026,"LLC NTTs VOSTOKspecialises in manufacture of weapons and ammunition. It supplies semi-finished electronics and other components to JSC IEMZ Kupol. It specifically supplies components used in the production of warheads of the Garpiya-A1 one-way attack UAVs. These UAVs are used by the Russian Armed Forces during Russia’s war of aggression against Ukraine. Therefore, LLC NTTs VOSTOK is a legal person materially supporting Russia’s military and industrial complex, including by being involved in the development, production or supply of military technology and equipment.",LegalEntity,LLC NTTs VOSTOK,Limited liability company Scientific and technical centre Vostok; ООО НТЦ ВОСТОК; Научно-Технический Центр ВОСТОК,,,,,,,,,,,,,,,1.7.2002,Limited liability company,,,,,1652006060,1021607556772,,,,,,,,,"422981, Republic of Tatarstan, Chistopol, 127F/1 Engels Street, Room N/2; Russian Federation",,,https://www.ntc-vostok.ru/,
32014R0269,32026R1843,921,EU-UKR,I.ENTITIES,Asset freeze,23.7.2026,"Uralmash NGO Holding LLC is a Russian company producing oil and gas equipment. The company is in particular specialised in manufacturing drilling rigs for oil production and exploration. The energy sector, especially oil and gas, provide a substantial source of revenue to the Government of the Russian Federation. Therefore, Uralmash NGO Holding LLC is involved in an economic sector providing a substantial source of revenue to the Government of the Russian Federation, which is responsible for the annexation of Crimea and the destabilisation of Ukraine.",LegalEntity,Uralmash NGO Holding LLC,Uralmash Oil and Gas Equipment Holding LLC; ООО Уралмаш Нефтегазовое оборудование Холдинг,,,,,,,,,,,,,,,16.10.2010,Limited liability company; Holding company,,,7707727918,,,,,,,,,,,,"117292, Moscow, 60-letiya Oktyabrya pr. 21/4",+7(495) 783-05-69; +7(495) 783-05-68,info@uralmash-ngo.com,www.uralmash-ngo.com,
32014R0269,32026R1843,922,EU-UKR,I.ENTITIES,Asset freeze,23.7.2026,"Baikit Oil and Gas Exploration Expedition LLC is a company active in the Russian energy sector. Baikit Oil and Gas Exploration Expedition LLC is part of Slavneft and engages in oil extraction, transport and production in the Krasnoyarsk region. The energy sector, especially the oil and gas sectors, provides a substantial source of revenue to the Government of the Russian Federation. Therefore, Baikit Oil and Gas Exploration Expedition LLC is involved in an economic sector providing a substantial source of revenue to the Government of the Russian Federation, which is responsible for the annexation of Crimea and the destabilisation of Ukraine.",LegalEntity,Baikit Oil and Gas Exploration Expedition LLC,LLC “Bngre”; ООО “Байкитская нефтегазоразведочная экспедиция”,,,,,,,,,,,,,,,,,,,561700638113,,,,,,,,,,,,"660135, Krasnoyarsk, Vesny St., 3a, Russian Federation",(391) 274-86-81,priemnaya@bngre.ru,,
32014R0269,32026R1843,923,EU-UKR,I.ENTITIES,Asset freeze,23.7.2026,"LLC Megion Drilling Operations Department is a company active in the Russian energy sector. As part of Slavneft, an important Russian oil and gas company, LLC Megion Drilling Operations Department engages in oil extraction, transport and production, exploiting in particular oir fields in Western Siberia. The energy sector, especially the oil and gas sectors, provides substantial revenues to the Government of the Russian Federation. Therefore, LLC Megion Drilling Operations Department is involved in an economic sector providing a substantial source of revenue to the Government of the Russian Federation, which is responsible for the annexation of Crimea and the destabilisation of Ukraine.",LegalEntity,LLC Megion Drilling Operations Department,ООО “Мегионское управление буровых работ”,,,,,,,,,,,,,,,,,,,8605016650,,,,,,,,,,,,"628680, Khanty-Mansi Autonomous Okrug - Yugra, Megion, V.A. Abazarov St., bldg. 7, Russian Federation",(34643) 47-970,uubr@mng.slavneft.ru,,
32014R0269,32026R1843,924,EU-UKR,I.ENTITIES,Asset freeze,23.7.2026,"LLC Slavneft-Nizhnevartovsk is a company active in the Russian energy sector and a part of Slavneft. LLC Slavneft-Nizhnevartovsk engages in oil production. The energy sector, especially the oil and gas sectors, provides substantial revenues to the Government of the Russian Federation. Therefore, LLC Slavneft-Nizhnevartovsk is involved in an economic sector providing a substantial source of revenue to the Government of the Russian Federation, which is responsible for the annexation of Crimea and the destabilisation of Ukraine.",LegalEntity,LLC Slavneft-Nizhnevartovsk,ООО “Славнефть-Нижневартовск”,,,,,,,,,,,,,,,,,,,890507541060,,,,,,,,,,,,"628680, Khanty-Mansi Autonomous Okrug – Yugra, Megion, ul. Nefterazvedochnaia, 2, pomeshch. 17, Russian Federation",(3466) 31-10-95,snnv@gazprom-neft.ru,,
32014R0269,32026R1843,925,EU-UKR,I.ENTITIES,Asset freeze,23.7.2026,"PJSC Obneftegazgeologiya is a company active in the Russian energy sector and is a part of Slavneft. PJSC Obneftegazgeologiya engages in oil extraction, transport and production. The energy sector, especially the oil and gas sectors, provides substantial revenues to the Government of the Russian Federation. Therefore, PJSC Obneftegazgeologiya is involved in an economic sector providing a substantial source of revenue to the Government of the Russian Federation, which is responsible for the annexation of Crimea and the destabilisation of Ukraine.",LegalEntity,PJSC Obneftegazgeologiya,ПАО “Обьнефтегазгеология”,,,,,,,,,,,,,,,,,,,8602016394,,,,,,,,,,,,"628684, Khanty-Mansi Autonomous Okrug – Yugra district, Megion, Neftyanikov st., bldg. 14, room 12, Russian Federation",(3462) 37-75-08,info@ongg.ru,,
32014R0269,32026R1843,926,EU-UKR,I.ENTITIES,Asset freeze,23.7.2026,"PJSC Levoberezhny Bank is an important regional bank in Russia. It holds a range of licenses, including accepting deposits and brokering. The bank is active in state-backed SME financing tools, promoted by the President of the Russian Federation Vladimir Putin. The banking sector is a sector providing substantial revenue to the Government of the Russian Federation. Therefore, PJSC Levoberezhny Bank is involved in an economic sector providing a substantial source of revenue to the Government of the Russian Federation, which is responsible for the annexation of Crimea and the destabilisation of Ukraine.",LegalEntity,PJSC Levoberezhny Bank,ПАО “Левобережный банк”,,,,,,,,,,,,,,,19.7.2002,Public Joint Stock Company,,5404154492 / 540501001,,,,,,,,,,,,,"630102, Novosibirsk Region, Novosibirsk, 48 Kirova Street, Russian Federation; Russian Federation",,root@nskbl.ru,www.nskbl.ru,
32014R0269,32026R1843,927,EU-UKR,I.ENTITIES,Asset freeze,23.7.2026,"JSC Bank Russian Standard is a leading private Russian bank. It conducts banking operations as well as securities management, depository, dealer and brokerage activities. The banking sector is a sector providing substantial revenue to the Government of the RussianFederation. Therefore, JSC Bank Russian Standard is involved in an economic sector providing a substantial source of revenue to the Government of the Russian Federation, which is responsible for the annexation of Crimea and the destabilisation of Ukraine.",LegalEntity,JSC Bank Russian Standard,RSB; АО “Банк Русский Стандарт”,,,,,,,,,,,,,,,3.10.2002,Joint Stock Company,,7707056547 / 771901001,,,,,,,,,,,,,"105187, Moscow, Tkatskaya St., Building 36, Russian Federation; Russian Federation",,bank@rsb.ru,https://www.rsb.ru/,
32014R0269,32026R1843,928,EU-UKR,I.ENTITIES,Asset freeze,23.7.2026,"PJSC Ural Bank for Reconstruction and Development is the largest bank in Ural region and is listed within 25 Russia’s largest commercial banks. It carries out banking operations as well as depositary, securities management, dealer and brokerage activities. The banking sector is a sector providing substantial revenue to the Government of the Russian Federation. Therefore, PJSC Ural Bank for Reconstruction and Development is involved in an economic sector providing a substantial source of revenue to the Government of the Russian Federation, which is responsible for the annexation of Crimea and the destabilisation of Ukraine.",LegalEntity,PJSC Ural Bank For Reconstruction And Development,UBRR; ПАО “Уральский банк реконструкции и развития”; ПАО “УБРиР”,,,,,,,,,,,,,,,23.8.2002,Public Joint Stock Company,,6608008004 / 667101001,,,,,,,,,,,,,"620063, Sverdlovsk Region, Yekaterinburg, 8 March Street, Building 51, Floor 11, Russian Federation; Russian Federation",,broker@ubrr.ru,http://reg.ubrr.ru/,
32014R0269,32026R1843,929,EU-UKR,I.ENTITIES,Asset freeze,23.7.2026,"Wildberries Bank LLC is a Russian bank. It has a range of licences, including for accepting deposit and brokering. The bank is active in state-backed SME financing tools, promoted by the President of the Russian Federation Vladimir Putin. The banking sector is a sector providing substantial revenue to the Government of the Russian Federation. Therefore, Wildberries Bank LLC is involved in an economic sector providing a substantial source of revenue to the Government of the Russian Federation, which is responsible for the annexation of Crimea and the destabilisation of Ukraine.",LegalEntity,Wildberries Bank LLC,WB Bank; ОOO “Вайлдберриз Банк” (ООО “ВБ Банк”),,,,,,,,,,,,,,,22.10.2002,Limited Liability Company,,0102000578 / 770701001,,,,,,,,,,,,,"Moscow, Bolshaya Ordynka, 40, building 4, 119017, Russian Federation; Russian Federation",,info@wb-bank.ru,https://wb-bank.ru,
32014R0269,32026R1843,930,EU-UKR,I.ENTITIES,Asset freeze,23.7.2026,"Blanc Bank LLC is a Russian bank. It belongs to Moscow Credit Bank group. The Credit Bank of Moscow is included in the list of systemically important credit institutions in Russia. Blanc Bank LLC specialises in banking, brokerage, and depository services. The banking sector is a sector providing substantial revenue to the Government of the Russian Federation. Therefore, Blanc Bank LLC is involved in an economic sector providing a substantial source of revenue to the Government of the Russian Federation, which is responsible for the annexation of Crimea and the destabilisation of Ukraine.",LegalEntity,Blanc Bank LLC,ООО “Бланк банк”,,,,,,,,,,,,,,,6.8.2002,Limited Liability Company,,6027006032 / 770301001,,,,,,,,,,,,,"123112, Moscow, 1st Krasnogvardeisky Passage, 22, Russian Federation; Russian Federation",(495) 637-80-70,,https://blanc.ru/,
32014R0269,32026R1843,931,EU-UKR,I.ENTITIES,Asset freeze,23.7.2026,"JSC “IRZ” is a Russian holding company, who owns LLC “Irz-Svyaz”, which is a manufacturer of communication systems that perform the function of switching, mostly for navigation receivers and has licenses for production and repair of weapons and military equipment. As a subsidiary of JSC “IRZ”, LLC “Irz-Svyaz” supplies components to the military-industrial complex of the Russian Federation, as its manufactured products are used in UAVs “Orlan-10” and “Tachion”, used by Russian armed forces in Ukraine. Moreover, LLC “Irz-Svyaz” is one of systemically important enterprises in Russia, in the field of manufacturing navigation receivers for GPS and GLONASS, which is a Russian satellite navigation system designed for operational navigation and time support for an unlimited number of land, sea, air and space-based users. Therefore, as the only shareholder and owner of LLC “Irz-Svyaz”, JSC “IRZ” is supporting materially actions which undermine and threaten the territorial integrity, sovereignty and independence of Ukraine and is benefitting from Russia’s military-industrial complex.",LegalEntity,English: JSC “IRZ”,JOINT-STOCK COMPANY “IZHEVSK RADIO PLANT”; АО “ИРЗ” АКЦИОНЕРНОЕ ОБЩЕСТВО “ИЖЕВСКИЙ РАДИОЗАВОД”,,,,,,,,,,,,,,,19.8.2002,,,,,,1833013253,1021801502183,,,,,,,,,"426034, Udmurt Republic. Izhevsk, ul. Bazisnaya, zd. 19, Russian Federation; Russian Federation",,,,
32014R0269,32026R1843,932,EU-UKR,I.ENTITIES,Asset freeze,23.7.2026,"LLC “Tatneft-Samara” is a company active in the Russian energy sector and a subsidiary of PJSC TATNEFT, one of Russia’s largest oil producers. It is involved in geological exploration, drilling, development and operation of oil and gas fields, oil and gas treatment, and petroleum gas processing. LLC “Tatneft-Samara” is expanding into new regions, increasing its resource base outside Tatarstan. The energy sector, especially oil and gas sectors, provides a substantial source of revenue to the Government of the Russian Federation. Therefore, LLC “Tatneft-Samara” is involved in an economic sector providing a substantial source of revenue to the Government of the Russian Federation, which is responsible for the annexation of Crimea and the destabilisation of Ukraine.",LegalEntity,LLC “Tatneft-Samara”,ООО “Татнефть-Самара”,,,,,,,,,,,,,,,8.12.2009.,,,1091644003725,,,,,,,,,,,,,"423462, Russian Federation, Republic of Tatarstan, Almetyevsk, R. Fakhretdina, str. 43.; Russian Federation",8(8553) 38-79-02,tnsamara@tatneft.ru,https://tatneft-samara.ru/,
32014R0269,32026R1843,933,EU-UKR,I.ENTITIES,Asset freeze,23.7.2026,"Sistema is a vast business conglomerate which controls companies in various sectors of the Russian economy including BESK (energy), Agroholding Steppe (agriculture), Binnofarm (pharmaceutics), Cosmos Hotel Group (tourism), Element (electronics), Intourist (tourism), Medsi (healthcare), Ozon (e-commerce), Region AO (military industry) and Segezha (forest, woodworking, pulp and paper industry). Sistema is also involved in the information, communications and digital technologies sectors, including through its share in the Mobile TeleSystems (MTS) Public Joint Stock Company. Sistema is jointly controlled by Vladimir Petrovich Yevtushenkov, a businessman listed by the Union and his son Felix Vladimirovich Yevtushenkov. Through BESK and its subsidiaries Bashkirenergo, BSK and Besk Engineering, Sistema is involved in the energy sector. Therefore, Sistema is a legal person involved in an economic sector providing a substantial source of revenue to the Government of the Russian Federation. It is also associated with Vladimir Petrovich Yevtushenkov.",LegalEntity,Sistema,Sistema PJSFC; Sistema Public Joint Stock Financial Corporation; PJSFC Sistema; JSFC Sistema; Sistema JSFC; Sistema Joint-Stock Financial Corporation; Public Joint Stock Company Financial Corporation Sistema; AFK Sistema; Публичное акционерное общество Акционерная финансовая корпорация “Система”; ПАО АФК “Система”; АФК Система,,,,,,,,,,,,,,,16.7.1993,Public Joint Stock Company,,,,,,1027700003891,,,,,,,,,"13 Mokhovaya Str., Building 1, Moscow City, Russian Federation; Moscow; Russian Federation",,,https://sistema.com,
32014R0269,32026R1843,934,EU-UKR,I.ENTITIES,Asset freeze,23.7.2026,"LLC Finist is a supplier of high-precision CNC lathes, milling centers, equipment for the production of hardware products. The company supplies metal-cutting CNC machines for manufacturing enterprises of the Russian Federation, including enterprises of the military-industrial complex. Therefore, LLC Finist materially supports Russia’s military and industrial complex, including by being involved in the supply of military technology and equipment. In addition, LLC Finist is supplying European metalworking equipment to Russia and therefore is significantly frustrating provisions of the (EU) No 833/2014.",Company,LLC Finist,TL TECHNOLOGY; ООО “Финист”,,,,,,,,,,,,,,,16.11.2016,Limited Liability Company,,5167746333057,,,7726391413,,772401001,,,,,,,,"Russian Federation, 115304, Moscow, Kaspiyskaya str., 22, bldg. 1, bld. 5, floor 5, pom. IX, room 17A, of. 76; Russian Federation",,finiststanko@gmail.com,finist.pro,
32014R0269,32026R1843,935,EU-UKR,I.ENTITIES,Asset freeze,23.7.2026,"Limited Liability Company “Southern Mining and Metallurgical Complex” is a leading company in the steel and mining industries, producing cast iron, steel and ferroalloys in Russia’s occupied part of the Donbass region. The company generates huge volumes of revenue from Russia’s occupied part of the Donbass region and in 2024 paid more than 3,7 billion roubles in taxes to Russia. Additionally, Limited Liability Company “Southern Mining and Metallurgical Complex” supplies raw materials to Russia’s military-industrial complex. Therefore Limited Liability Company “Southern Mining and Metallurgical Complex” is supporting, materially and financially, actions which undermine or threaten the territorial integrity and independence of Ukraine and it is benefitting from the Government of the Russian Federation. Furthermore, Limited Liability Company “Southern Mining and Metallurgical Complex” is involved in an economic sector providing a substantial source of revenue to the Government of the Russian Federation, and, as raw material supplier, Limited Liability Company “Southern Mining and Metallurgical Complex” is supporting materially and benefitting from Russia’s military and industrial complex.",LegalEntity,Limited Liability Company “Southern Mining and Metallurgical Complex”,LLC UGMK; Общество с Ограниченной Ответственностью “Южный Горно-Металлургический Комплекс”; ООО “ЮГМК”,,,,,,,,,,,,,,,24.10.2022.,,,,,,9403000070,1229400000158,,,,,,,,,"294201, Rep. Luganskaya Narodnaya, Alchevsk, Shmidta St. 4, room 20; Russia’s occupied part of the Donbass region",+7 (495) 103-12-93,ygmkl@smetalls.com; info@smetalls.com; inform@ygmk.ru,https://info.ygmk.ru,
32014R0269,32026R1843,936,EU-UKR,I.ENTITIES,Asset freeze,23.7.2026,"Areal International JSC is a Russian mining and metallurgical company engaged in the development of deposits of non-ferrous and precious metals in Siberia, in the Far East of Russia and in the Arctic, which provides substantial revenue to the Government of the Russian Federation. Therefore, Areal International JSC is involved in an economic sector providing a substantial source of revenue to the Government of the Russian Federation.",LegalEntity,Areal International JSC (formerly “Hylende Gold” or “Highland Gold”),,,,,,,,,,,,,,,,26.5.2026,Joint-Stock Company,,,,,2540277272,1232500014405,,,,,,,,,"123112, Moscow, Presnenskaya nab., house 10, 34 floor, room I; Russian Federation",,,,
32014R0269,32026R1843,937,EU-UKR,I.ENTITIES,Asset freeze,23.7.2026,"Seligdar PJSC is a Russian gold mining company operating in the Russian gold sector, which is a sector that provides substantial revenue. Therefore, Seligdar PJSC is involved in an economic sector providing a substantial source of revenue to the Government of the Russian Federation.",LegalEntity,Seligdar PSJC,,,,,,,,,,,,,,,,,Public Joint-Stock Company,,,,,1402047184,1071402000438,,,,,,,,,"12 Piket-26 ulitsa, Aldan, Aldan ulus, Republic of Sakha (Yakutia), Russian Federation, 678900; Park Pobedy business centre, 1 Vasilisa Kozhina ulitsa, Moscow, Russia, 121096; 12 26-y Piket, Aldan, Aldanskiy Ulus, Republic of Sakha (Yakutia), 678900 (Russia); Russian Federation",,,,
32014R0269,32026R1843,938,EU-UKR,I.ENTITIES,Asset freeze,23.7.2026,"Peninsular Maritime India Private Limited is a shipping company based in India and specialised in providing technical support. The company is the technical manager of the vessels Marabella Sun and Sinar G. These vessels lack adequate liability insurance and engage in ship-to-ship transfers as well as AIS manipulation while transporting crude oil or petroleum products exported from Russia. Therefore, Peninsular Maritime India Private Limited manages vessels that transport crude oil or petroleum products exported from Russia, while practicing irregular and high-risk shipping practices as set out in the International Maritime Organization General Assembly resolution A.1192(33).",LegalEntity,Peninsular Maritime India Private Limited,,,,,,,,,,,,,,,,,,,6038735 (IMO-number),,,,,,,,,,,,,"Office B-405, B Wing, Mahavir Icon, Plot 89/90, Sector 15, CBD Belapur, Navi Mumbai, Maharashtra, India, 400614; India",,,,
32014R0269,32026R1843,939,EU-UKR,I.ENTITIES,Asset freeze,23.7.2026,"Joint Stock Company “Neftechemservis” is a Russian company involved in the production of petroleum products. It owns and operates the Yaya oil refinery in the Kemerovo Oblast. The energy sector, in particular the oil sector, is a sector providing a substantial source of revenue to the Government of the Russian Federation. Therefore, Joint Stock Company “Neftechemservis” is involved in an economic sector providing a substantial source of revenue to the Government of the Russian Federation, which is responsible for the annexation of Crimea and the destabilisation of Ukraine",LegalEntity,Joint Stock Company “Neftechemservis”,JSC Neftekhimservis; Акционерное общество “Нефтехимсервис”; АО “НХС”,,,,,,,,,,,,,,,13.3.2008,Joint Stock Company,,1084217001990,4217102358,,,,,,,,,,,,"654080, Kemerovo region, Novokuznetsk city, Pioneer Avenue (Central R-N), 58, premises. 133, Russian Federation; Russian Federation",,,,
32014R0269,32026R1843,940,EU-UKR,I.ENTITIES,Asset freeze,23.7.2026,"Limited Liability Company “Anzhersky Oil and Gas Company” is a Russian company involved in the production of petroleum products and operates on the Yaya oil refining site in the Kemerovo Oblast. Its ultimate co-owner controls JSC Neftechemservis, the Russian company which owns the Yaya oil refinery. The energy sector, in particular the oil and gas sector, is a sector providing a substantial source of revenue to the Governement of the Russian Federation. Therefore, Limited Liability Company “Anzhersky Oil and Gas Company” is involved in an economic sector providing a substantial source of revenue to the Government of the Russian Federation, which is responsible for the annexation of Crimea and the destabilisation of Ukraine.",LegalEntity,Limited Liability Company “Anzhersky Oil and Gas Company”,Общество с ограниченной ответственностью “Анжерская Нефтегазовая Компания”; LLC “Anzhersky Oil and Gas Company”; ООО “Ангк”; LLC “Angk”; LLC “Anzherskaya Oil and Gas Company”; LLC “Angers Oil and Gas Company”,,,,,,,,,,,,,,,4.3.2005,Limited Liability Company,,1054246003305,4246004891,,,,,,,,,,,,"652104, Kemerovo region, Anzhero-Sudzhensk, Yaisk Oil Refinery Industrial Site District; Russian Federation",,,,
32014R0269,32026R1843,941,EU-UKR,I.ENTITIES,Asset freeze,23.7.2026,"Limited Liability Company “Anzhersky Oil Refinery” is a Russian holding that owns LLC “Anzhersky Oil and Gas Company LLC” and LLC “Oil Refinery “North Kuzbass”, two Russian companies involved in the production of petroleum products and operating on the Yaya oil refining site in the Kemerovo Oblast. Limited Liability Company “Anzhersky Oil Refinery” is co-owned by Yuri Kushnerov, the Chairman of the Board of Directors of JSC Neftechemservis which owns the Yaya oil refinery. The energy sector, in particular the oil and gas sector, is a sector providing a substantial source of revenue to the Government of the Russian Federation. Therefore, Limited Liability Company “Anzhersky Oil Refinery” is involved in an economic sector providing a substantial source of revenue to the Government of the Russian Federation, which is responsible for the annexation of Crimea and the destabilisation of Ukraine.",LegalEntity,Limited Liability Company “Anzhersky Oil Refinery”,Общество с ограниченной ответственностью “Анжерский Нефтеперерабатывающий Завод”; LLC “Anzhersky Oil Refinery”; LLC “ANZ”,,,,,,,,,,,,,,,20.9.2021,Limited Liability Company,,1214200013862,4217203067,,,,,,,,,,,,"654080, Kemerovo region, Novokuznetsk, Central district, Pionersky prospect, house 58, room 133, office 2.6, Russian Federation; Russian Federation",,,,
32014R0269,32026R1843,942,EU-UKR,I.ENTITIES,Asset freeze,23.7.2026,"Limited Liability Company “Oil Refinery ‘North Kuzbass’” is a Russian company involved in the production of petroleum products and operates on the Yaya oil refining site in the Kemerovo Oblast. Its ultimate co-owner controls JSC Neftechemservis, a Russian company which owns and operates the Yaya oil refinery. The energy sector, in particular the oil and gas sector, is a sector providing a substantial source of revenue to the Government of the Russian Federation. Therefore, Limited Liability Company “Oil Refinery ‘North Kuzbass’” is involved in an economic sector providing a substantial source of revenue to the Government of the Russian Federation, which is responsible for the annexation of Crimea and the destabilisation of Ukraine.",LegalEntity,Limited Liability Company “Oil Refinery ‘North Kuzbass’”,Общество с ограниченной ответственностью “Нефтеперерабатывающий Завод ‘Северный Кузбасс’”; LLC “Oil Refinery ‘North Kuzbass’”; LLC “Northern Kusbass Oil Refinery”; ООО “НПЗ ‘Северный Кузбасс’”; Severny Kuzbass Oil Refinery LLC; LLC “Oil Refinery ‘Northern Kuzbass’”,,,,,,,,,,,,,,,25.2.2004,Limited Liability Company,,1044246000590,4246003993,,,,,,,,,,,,"652104, Kemerovo region, Anzhero-Sudzhensk, Yaisk Oil Refinery Industrial Site District, Russian Federation",,,,
32014R0269,32026R1843,943,EU-UKR,I.ENTITIES,Asset freeze,23.7.2026,"Redwood Global Supply FZ-LLC is a company registered in the UAE. Since December 2025, it has become one of the main traders of Russian seaborne crude oil and petroleum products. The energy sector, in particular oil sector, is a sector providing a substantial source of revenue to the Government of the Russian Federation. Therefore, Redwood Global Supply FZ-LLC is involved in an economic sector providing a substantial source of revenue to the Government of the Russian Federation, which is responsible for the annexation of Crimea and the destabilisation of Ukraine.",LegalEntity,Redwood Global Supply FZ-LLC,ريدوود جلوبال سبلاي ش.م.ح- ذ.م.م,,,,,,,,,,,,,,,22.11.2024,,,4120000000005031026,,,,,,,,,,,,,"Compass Building, Al-Hulaila Industrial Zone – FZ, Ras Al-Khaimah, United Arab Emirates; United Arab Emirates",,,,
32014R0269,32026R1843,944,EU-UKR,I.ENTITIES,Asset freeze,23.7.2026,"First Diamond Company is a Russian-registered company exporting rough and polished diamonds. It was established in May 2022, shortly after US restrictive measures targeted Alrosa, and is led by former Alrosa employees, including its founder from the sales division and its first CEO, a former deputy sales director. First Diamond Company has rapidly become significant in the Russian diamond trade, exporting large volumes of diamonds to foreign markets, frequently through intermediary jurisdictions. The diamond industry represents one of the main non-energy sources of export revenue for the Russian Federation. As such, activity within this sector contributes substantially to the financial resources available to the Government of the Russian Federation. Therefore, First Diamond Company is involved in an economic sector providing a substantial source of revenue to the Government of the Russian Federation, which is responsible for the annexation of Crimea and the destabilisation of Ukraine.",LegalEntity,First Diamond Company,OOO Первая Алмазная Компания; “First Diamond Company LLC”,,,,,,,,,,,,,,,May 2022,Limited Liability Company,,,,,,,,,,,,,,,"121099, Russian Federation, Moscow, Karmanitskiy per., 4, bld. 2, office 5; Russian Federation",,,,
32014R0269,32026R1843,945,EU-UKR,I.ENTITIES,Asset freeze,23.7.2026,"Joint Stock Company Rusneftegaz is a significant company in the Russian energy sector. As one of Russia’s privately owned oil and gas producers, Joint Stock Company Rusneftegaz plays an important role in the exploration, production, and export of the country’s hydrocarbon resources. The energy sector, especially oil and gas, provides substantial revenues to the Government of the Russian Federation. Therefore, Joint Stock Company Rusneftegaz is involved in an economic sector that provides a substantial source of revenue to the Government of the Russian Federation, which is responsible for the annexation of Crimea and the destabilisation of Ukraine.",LegalEntity,Joint Stock Company RUSNEFTEGAZ,AO Руснeфтeгаз; JSC RUSNEFTEGAZ,,,,,,,,,,,,,,,16.3.2025,Joint Stock Company,,1057746440212,7715557441,,,,,,,,,,,,"Russian Federation Moscow, Intracity Territory Municipal Okrug Nizhegorodsky, Nizhegorodskaya Street, House 70, Block 1, Premises 5/1; Russian Federation, 121087, Moscow, Intracity Territory Municipal Okrug Filevsky Park, Bagrationovsky Drive, House 70, Block 2; Russian Federation",,,,
32014R0269,32026R1843,946,EU-UKR,I.ENTITIES,Asset freeze,23.7.2026,"Joint Stock Company “Kuibyshevsk Oil Refinery” is a Russian entity operating an oil refinery in the Samara Region. The energy sector, in particular the oil sector, is a sector providing a substantial source of revenue to the Russian Federation. Therefore, Joint Stock Company “Kuibyshevsk Oil Refinery” is an entity involved in economic sectors providing a substantial source of revenue to the Government of the Russian Federation, which is responsible for the annexation of Crimea and the destabilisation of Ukraine.",LegalEntity,Joint Stock Company “Kuibyshevsk Oil Refinery”,Акционерное общество “Куйбышевский Нефтеперерабатывающий Завод”; JSC “Kuibyshevsk Oil Refinery”; JSC “KNPZ”; АО “КНПЗ”,,,,,,,,,,,,,,,1.9.1993,Joint Stock Company,,1026300894179,6314006396,,,,,,,,,,,,"25 Groznenskaya str., Samara region, 443004, Russian Federation; Russian Federation",,,,
32014R0269,32026R1843,947,EU-UKR,I.ENTITIES,Asset freeze,23.7.2026,"Joint Stock Company “Novokuybyshevsk Oil Refinery” is a Russian entity operating an oil refinery in the Samara region. The energy sector, in particular the oil sector, is a sector providing a substantial source of revenue to the Russian Federation. Therefore, Joint Stock Company “Novokuybyshevsk Oil Refinery” is an entity involved in economic sectors providing a substantial source of revenue to the Government of the Russian Federation, which is responsible for the annexation of Crimea and the destabilisation of Ukraine.",LegalEntity,Joint Stock Company “Novokuybyshevsk Oil Refinery”,Акционерное общество “Новокуйбышевский Нефтеперерабатывающий Завод”; JSC “Novokuybyshevsk Oil Refinery”,,,,,,,,,,,,,,,6.5.1994,Joint Stock Company,,1026303118126,6330000553,,,,,,,,,,,,"446207, Samara region, city of Novokuibyshevsk, Osipenko street, building 12, structure 1, Russian Federation; Russian Federation",,,,
32014R0269,32026R1843,948,EU-UKR,I.ENTITIES,Asset freeze,23.7.2026,"Limited Liability Company “Soyuzmetallservis” manages the companies LLC “Southern Mining and Metallurgical Complex” and LLC “Southern Mining and Metallurgical Complex Donetsk”. Both companies are leading in the steel and mining industries, producing cast iron, steel and ferroalloys in Russia’s occupied part of the Donbass region. The companies generate huge volumes of revenue and resources from Russia’s occupied part of the Donbass region. Additionally, Limited Liability Company “Southern Mining and Metallurgical Complex” supplies raw materials to Russia’s military-industrial complex. Therefore, Limited Liability Company “Soyuzmetallservis”, as managing company of LLC “Southern Mining and Metallurgical Complex” and LLC “Southern Mining and Metallurgical Complex Donetsk”, is involved in an economic sector providing a substantial source of revenue to the Government of the Russian Federation and it is supporting, materially and financially, actions which undermine or threaten the territorial integrity and independence of Ukraine, additionally LLC “Soyuzmetallservis” is benefitting from the Government of the Russian Federation. Furthermore, Limited Liability Company “Soyuzmetallservis” as managing company of LLC “Southern Mining and Metallurgical Complex”, a raw material supplier to Russia’s military-industrial complex, is also supporting materially and benefitting from Russia’s military and industrial complex.",LegalEntity,Limited Liability Company “Soyuzmetallservis”,Общество с ограниченной ответственностью “Союзметаллсервис”,,,,,,,,,,,,,,,25.1.2021,,,1217800006610,7802888337,,,,,,,,,,,,"119002, Moscow, ext. ter. Arbat municipal district, st. Arbat, 36/2, building 6, premises. 2/1, Russian Federation; Russian Federation",,,,
32014R0269,32026R1843,949,EU-UKR,I.ENTITIES,Asset freeze,23.7.2026,"PJSC Moscow Exchange MICEX-RTS is a Russian financial institution and Russia’s largest public exchange group. It plays an essential role in the functioning of Russia’s financial system, thus directly and indirectly enabling the Government of the Russian Federation in its activities, policies and resources. PJSC Moscow Exchange MICEX-RTS constitutes the central platform for domestic financing and trading, notably for investments into Russian military corporations and government bonds (OFZs) issued by the Ministry of Finance. The mission of the Moscow Exchange is to provide exhaustive access to the Russian financial markets, and it is under a high degree of control of the Government of the Russian Federation through its role and shareholders, including the Central Bank of Russia. Two PJSC Moscow Exchange MICEX-RTS subsidiaries, the National Settlement Depository (NSD) and the National Clearing Centre (NCC) have been recognised as systemically important financial markets infrastructure institutions by the Central Bank of Russia. The NSD has been listed by the Union. PJSC Moscow Exchange MICEX-RTS therefore supports, materially or financially, and benefits from the Government of the Russian Federation, which is responsible for the annexation of Crimea and the destabilisation of Ukraine.",LegalEntity,PJSC Moscow Exchange MICEX-RTS,ПАО Московская Биржа; Moscow Exchange; MOEX,,,,,,,,,,,,,,,19.12.2011,"Public Joint-Stock Company, exchange",,1027739387411,7702077840,,,,,,,,,,,,"13 Bolshoy Kislovsky, Moscow 125009, Russian Federation; Russian Federation",,,,
32014R0269,32026R1843,950,EU-UKR,I.ENTITIES,Asset freeze,23.7.2026,"Limited Liability Company “Lukoil-Marinbunker” is a shipping company based in Russia and the commercial operator of the vessels Aginskoye, G. Rossini and G. Puccini. Those vessels lack adequate liability insurance and engage in ship-to-ship transfers and manipulation of Automatic Identification Systems while transporting crude oil or petroleum products exported from Russia. Therefore, Limited Liability Company “Lukoil-Marinbunker” operates vessels that transport crude oil or petroleum products exported from Russia and practice irregular and high-risk shipping practices as set out in the International Maritime Organization General Assembly resolution A.1192(33).",Company,Limited Liability Company “Lukoil-Marinbunker”,,,,,,,,,,,,,,,,,,,,,,,,,,,,,6132673,,,"Lit A, Naberezhnaya Aptekarskaya 8, St. Petersburg, 197022, Russian Federation; Russian Federation",,,,
32014R0269,32026R1843,951,EU-UKR,I.ENTITIES,Asset freeze,23.7.2026,"JSC Susuman Mining and Processing Plant “Susumanzoloto” is a mining and metallurgical company in Russia, involved in the mining and processing of gold. It operates multiple goldmines in Russia. The export of precious metals is one of the most significant sources of revenue to the Government of the Russian Federation after oil and gas revenue. As of 2025, Russia is the second largest gold producing country in the world. Therefore, JSC Susuman Mining and Processing Plant “Susumanzoloto” is involved in economic sectors providing a substantial source of revenue to the Government of the Russian Federation, which is responsible for the annexation of Crimea and the destabilisation of Ukraine.",LegalEntity,JSC Susuman Mining and Processing Plant “Susumanzoloto”,JSC Susumanzoloto; Susumanzoloto; АО “СУСУМАНЗОЛОТО”; АКЦИОНЕРНОЕ ОБЩЕСТВО “СУСУМАНСКИЙ ГОРНО-ОБОГАТИТЕЛЬНЫЙ КОМБИНАТ ‘СУСУМАНЗОЛОТО’”; СУСУМАНЗОЛОТО,,,,,,,,,,,,,,,21.6.1994,Joint stock company,,,,,4905001978,1024900950480,,,,,,,,,"Karl Marx avenue 19/17, Magadan, Russian Federation; Russian Federation",,,,
32014R0269,32026R1843,952,EU-UKR,I.ENTITIES,Asset freeze,23.7.2026,"A7 Agent Limited Liability Company is a subsidiary of Limited Liability Company A7 sharing the same address. Limited Liability Company A7 is a Russian company which is partially owned by PSB Bank, a Russian State-owned enterprise. Limited Liability Company A7 was co-created by PSB Bank to launch A7A5, a stablecoin which is backed by fiat rouble deposits in the bank accounts of PSB Bank. For every rouble spent on A7A5, an equivalent sum is deposited into PSB Bank, thereby increasing the State-owned institution’s capital. A7 Agent Limited Liability Company contributes to maintaining the financial flow of the A7 network disguised as legitimate trade and to evading restrictive measures. Therefore, A7 Agent Limited Liability Company is an entity financially supporting the Government of the Russian Federation. In addition, it significantly frustrates the implementation of restrictive measures.",LegalEntity,A7 Agent Limited Liability Company,A7 AGENT LLC; Общество с ограниченной ответственностью “А7-Агент”,,,,,,,,,,,,,,,26.9.2024,Limited Liability Company,,1247700638570,,,,,,,,,,,,,"Ul. Lesnaya D. 9 Pomeshch. 2/10 Moscow, 125196, Russian Federation; Russian Federation",,,,
32014R0269,32026R1843,953,EU-UKR,I.ENTITIES,Asset freeze,23.7.2026,"Limited Liability Company A71 is a subsidiary of Limited Liability Company A7 sharing the same address. Limited Liability Company A7 is a Russian company which is partially owned by PSB Bank, a Russian State-owned enterprise. Limited Liability Company A7 was co-created by PSB Bank to launch A7A5, a stablecoin which is backed by fiat rouble deposits in the bank accounts of PSB Bank. For every rouble spent on A7A5, an equivalent sum is deposited into PSB Bank, thereby increasing the State-owned institution’s capital. Limited Liability Company A71 contributes to maintaining the financial flow of the A7 network disguised as legitimate trade and to evading restrictive measures. Therefore, Limited Liability Company A71 is an entity financially supporting the Government of the Russian Federation. In addition, it significantly frustrates the implementation of restrictive measures.",LegalEntity,Limited Liability Company A71,Общество с ограниченной ответственностью “А71”,,,,,,,,,,,,,,,26.9.2024,Limited Liability Company,,1247700638514,,,,,,,,,,,,,"Ul. Lesnaya D. 9 Pomeshch. 2/10 Moscow, 125196 Russia; Russian Federation",,,,
32014R0269,32026R1843,954,EU-UKR,I.ENTITIES,Asset freeze,23.7.2026,"White Agate Marine SPC is a shipping company which manages tankers transporting Russian crude oil, including for export purposes. The company is the registered owner of several vessels which are subject to Union restrictive measures and which are transporting crude oil or petroleum products, originating in Russia or exported from Russia, and practice irregular and high-risk shipping practices as set out in the International Maritime Organisation General Assembly resolution A.1192(33). Therefore, White Agate Marine SPC is an entity that owns vessels that transport crude oil or petroleum products, originating in Russia or exported from Russia, and practice irregular and high-risk shipping practices as set out in the International Maritime Organisation General Assembly resolution A.1192(33).",Company,White Agate Marine SPC,,,,,,,,,,,,,,,,,Segregated portfolio company – shipping industry,,,,,,,,,,,,0138702,,,"Duqm Special Economic Zone, Duqm, Oman, Sultanate of Oman; C/O: Dreamer Shipmanagement LLC-FZ 6th Floor, Meydan Grandstand, Al Meydan Road, Nad Al Sheba, Dubai, United Arab Emirates; Oman",,,,
32014R0269,32026R1843,955,EU-UKR,I.ENTITIES,Asset freeze,23.7.2026,"Zulu Ships Management is a shipping company based in the United Arab Emirates, which manages tankers transporting Russian crude oil, including for export purposes. The company manages 8 oil tankers subject to Union restrictive measures, out of which at least one has transported crude oil or petroleum products, originating in Russia or exported from Russia, while practicing irregular and high-risk shipping practices as set out in the International Maritime Organisation General Assembly resolution A.1192(33). Therefore, Zulu Ships Management is an entity that provides material support to vessels that transport crude oil or petroleum products, originating in Russia or exported from Russia, and practice irregular and high-risk shipping practices as set out in the International Maritime Organisation General Assembly resolution A.1192(33).",Company,Zulu Ships Management,,,,,,,,,,,,,,,,,,,,,,,,,,,,,6509771,,,"Office 105, Madinat Zayed Tower, Muroor Road, Abu Dhabi, United Arab Emirates; Abu Dhabi, United Arab Emirates",,,,
32014R0269,32026R1843,956,EU-UKR,I.ENTITIES,Asset freeze,23.7.2026,"LLC “Design Bureau Aviatekhnolab” is a Russian company involved in the development and serial production of unmanned aerial systems, including First Person View (FPV) attack drones, heavy hexacopters, ground control stations, communication equipment, and aerial relay platforms. The company claims to operate a full in-house production cycle, with its systems evaluated by the ONF Technical Council and combat-tested by the Russian Ministry of Defence before being recommended for procurement. Its product portfolio includes the Ikar FPV drones, the Gorgona heavy hexacopter for mining, strike, and logistics missions, the Perseus aerial relay for extended-range operations, and the Helios ground control station, all of which are reported to have been deployed by Russian military units in the war against Ukraine. LLC “Design Bureau Aviatekhnolab”also provides operator training and technical support and reports ongoing development of AI-enabled target recognition and autonomous reconnaissance-strike capabilities. Therefore, through the development, production, supply, and operational support of combat-capable UAV systems used by the Russian military, LLC “Design Bureau Aviatekhnolab” provides material and technological support to the Russian Armed Forces, thereby supporting actions which undermine the territorial integrity, sovereignty and independence of Ukraine.",LegalEntity,LLC “Design Bureau Aviatekhnolab”,LLC “KB ATL”; ООО “Конструкторское бюро Aвиатехнолаб”; LLC “DB ATL”; ООО “КБ АТЛ”,,,,,,,,,,,,,,,23.10.2024,,,,,,7743459220,1247700699949,,,,,,,,,"125080, Moscow, ext. ter. Sokol municipal district, Volokolamskoe highway, 2, premises. 1/1; Russian Federation",+7 495 143 60 70; +7 900 147 41 96,Sales@kb-atl.ru,https://t.me/KB_ATL_FPV; https://kb-atl.ru/,
32014R0269,32026R1843,957,EU-UKR,I.ENTITIES,Asset freeze,23.7.2026,"JSC “Elektroavtomatika” is the prime contractor for government contracts on military products with the Russian Ministry of Defence. The company is a critical part of the Russian military and industrial complex, developing and manufacturing automated charging units, mobile charging bases, power units and plants, fire control equipment, command and staff vehicles. JSC “Electroavtomatika” provides comprehensive capabilities for secure communication and control, which makes it an integral part of the automated control and communication systems of the “Polyana-D4M1” ACS for coordinating the actions of S-400 divisions. JSC “Elektroavtomatika”, is therefore, materially supporting Russia’s military and industrial complex.",Company,JSC “Electroavtomatika”,АО “Электроавтоматика,,,,,,,,,,,,,,,30.11.1992,Joint-stock сompany,,,2636008464,,,1022601979894,631201001,,,,,,,,"355008, Russian Federation, Stavropol region, Stavropol, Zavodskaya St., 9; Russian Federation",,,,
32014R0269,32026R1843,958,EU-UKR,I.ENTITIES,Asset freeze,23.7.2026,"Joint Stock Company “Pergam Engineering” is a Russian company that trades machines, devices, apparatuses, and equipment for general industrial and specialised purposes. The company manufactures security systems for monitoring large areas, including the thermal imaging system “Pergam RTR-150”, as well as surveillance and radar systems designed for special operations. “Pergam-Engineering” also trades in quadcopters, such as the DJI Matrice 30T quadcopter. JSC “Pergam Engineering” has procured DJI Mavic 3 drones to support the needs of the Russian Armed Forces. “Pergam-Engineering” is a trusted partner of Russia’s law enforcement agencies such as the FSO, FSB, Ministry of Internal Affairs, and enterprises within the Russian military and industrial complex, including the Main Intelligence Directorate. Therefore, Joint Stock Company “Pergam Engineering”, is a manufacturer and trader of thermal imaging systems, quadcopters, drones, surveillance and radar systems, and is part of the military and industrial complex of the Russian Federation. As a supplier of First Person View (FPV) drones, quadcopters, surveillance systems, thermal imaging systems and radar systems to the Armed Forces of the Russian Federation, Joint Stock Company “Pergam Engineering” is materially supporting actions which undermine and threaten the territorial integrity, sovereignty, and independence of Ukraine.",LegalEntity,Joint Stock Company “Pergam Engineering”,Акционерное общество “Пергам Инжиниринг”,,,,,,,,,,,,,,,7.10.2002,,,,,,7713226814,1027700285612,,,,,,,,,"Moscow, Olminskogo prospect, 3 A, Office 830; 127254, Moscow, Ogorodny Prospekt, Building 5, Structure 4, Floor 3, Room 305; Russian Federation",,,,
32014R0269,32026R1843,959,EU-UKR,I.ENTITIES,Asset freeze,23.7.2026,"Joint Stock Company “Aluminium Metallurg Rus” is a major Russian enterprise producing specialised aluminum alloy forgings and profiles for high-load structural applications critical to Russia’s military and industrial complex. The company maintains major direct supply contracts exceeding USD 166,8 million with Russian defence manufacturers subject to restrictive measures including Tupolev JSC, JSC Production Association “Strela”, JSC Rocket and Space Centre “Progress”, Stupinsky Trade House LLC, JSC Khrunichev Center, and the All-Russian Scientific Research Institute of Aviation Materials. Since the full-scale invasion of Ukraine, Russia has fired more than 1 846 Kh-101 missiles, 211 Onyx missiles, and 3 008 S-300/S-400 missiles at Ukraine. These weapons systems directly rely on Joint Stock Company “Aluminium Metallurg Rus”aluminum components. The company’s supplies to Russia’s missile manufacturers directly enable attacks against Ukraine’s territorial integrity and civilian population. Joint Stock Company “Aluminium Metallurg Rus”, therefore, materially supports Russia’s military and industrial complex.",Company,Joint Stock Company “Aluminium Metallurg Rus”,AMR JSC; Акционерное общество “Алюминий Металлург Рус”; АО “АМР”,,,,,,,,,,,,,,,15.3.2004,Joint-stock company,,,7709534220,,,1047796161830,614201001,,,,,,,,"347045, Russian Federation, Rostov region, Belokalitvinsky district, Belaya Kalitva, Zavodskaya street, 1; Russian Federation",,,,
32014R0269,32026R1843,960,EU-UKR,I.ENTITIES,Asset freeze,23.7.2026,"Joint-Stock Company “RESEARCH AND PRODUCTION COMPANY ‘MICRAN’” is one of the largest Russian manufacturers of telecommunications and radio relay equipment, communication equipment, UAV-detection systems, navigation equipment, microwave components and microelectronics, operating both in the civilian market and under state defence orders. As such, the company supplied products for the S-400 in the amount of USD 6,1 million to the PJSC “Saturn” between the 3rd quarter of 2024 to the 2nd quarter of 2025. PJSC “Saturn” specialises in the production of products for antiaircraft missile systems and complexes. The plant has installed a robotic line for the production of radio-electronic equipment for S-400 anti-aircraft missile systems. Since the beginning of the full-scale invasion in 2022, Russia has systematically employed S-300 and S-400 air defence systems in missile attacks against civilian infrastructure. Joint-Stock Company “RESEARCH AND PRODUCTION COMPANY ‘MICRAN’”, is therefore, materially supporting Russia’s military and industrial complex.",Company,Joint-Stock Company “RESEARCH AND PRODUCTION COMPANY ‘MICRAN’”,АО “НАУЧНО-ПРОИЗВОДСТВЕННАЯ ФИРМА ‘МИКРАН’”,,,,,,,,,,,,,,,30.4.2008,"Joint-Stock Company; Place of registration 634041, Russian Federation, Tomsk region, Tomsk, Kirov avenue, Building 51D",,,7017211757,,,1087017011113,701701001,,,,,,,,"634041, Russian Federation, Tomsk region, Tomsk, Kirov avenue, Building 51D; Russian Federation",,,,
32014R0269,32026R1843,961,EU-UKR,I.ENTITIES,Asset freeze,23.7.2026,"Joint-Stock Company “KNG-MASHINOSTROYTELNY ZAVOD SERVICE” is a Russian company active in the energy sector, producing and repairing equipment in the oil and gas field. Joint-Stock Company “KNG-MASHINOSTROYTELNY ZAVOD SERVICE” is a subsidiary of ROSNEFT and is managed by LLC “RN-Remont NPO”. The energy sector, especially oil and gas, provide substantial revenues to the Government of the Russian Federation. Therefore, Joint-Stock Company “KNG-MASHINOSTROYTELNY ZAVOD SERVICE”is involved in an economic sector providing a substantial source of revenue to the Government of the Russian Federation, which is responsible for the annexation of Crimea and the destabilisation of Ukraine.",LegalEntity,Joint-Stock Company “KNG-MASHINOSTROYTELNY ZAVOD SERVICE”,AO “KNG MashZavodServis”; Акционерное Общество “КНГ-МАШИНОСТРОИТЕЛЬНЫЙ ЗАВОД СЕРВИС”; AO КНГ-Машзаводсервис,,,,,,,,,,,,,,,22.4.1994,Joint Stock Company,,,2348007263,,,,,,,,,,,,"353265 Krasnodarskiy Krai, Severskiy Rayon, Chernomorskiy, ul. Sovietskaya 38",+7 (495) 229-47-21; +7 (861) 201-77-78,kng-mzs@rn-npo.ru,,
32014R0269,32026R1843,962,EU-UKR,I.ENTITIES,Asset freeze,23.7.2026,"LLC “KB LIS”, also known as the “Hydrangea” Design Bureau, is a Russian UAV manufacturer. Its main products are the “Hydrangea” FPV combat drones – Hydrangea-7 and Hydrangea-10, which have been widely deployed by Russian forces in Ukraine since 2022. These systems are mass-produced at a capacity of up to 3 000 units per month. The company’s operations are closely tied to Russia’s military and industrial complex, with Hydrangea drones designed for reconnaissance, kamikaze strikes, bombing, and remote mining, with features such as modular payloads, and resistance to electronic warfare. LLC “KB LIS” also supports Russian forces by providing battlefield services such as localised assembly, technical support, and training teams operating near the front. The development and deployment of “Hydrangea” drones, equipped with payloads like RPG-26 grenade launchers and resistant fibre-optic control systems, underscore the synergy between the company and the Government of the Russian Federation push to expand unmanned warfare capabilities. Therefore, LLC “KB LIS” is supporting materially Russia’s military and industrial complex, including by being involved in the development, production or supply of military technology and equipment.",Company,LLC “KB LIS”,Limited Liability Company “KB LIS”; Design Bureau; “Hydrangea” Design Bureau; Hydrangea; “Hortensia” Design Bureau; Hortensia; Gortensia; Gortenziya; ООО “КБ ЛИС”; Общество с Ограниченной Ответственностью “КБ ЛИС”,,,,,,,,,,,,,,,14.4.2023,Limited Liability Companies,,1234700008982,,,4706059162,,470601001,,,,,,,,"188640, Leningrad Region, Vsevolozhsk, Vsevolozhsky Ave. 17, room. 511; Russian Federation",,,,
32014R0269,32026R1843,963,EU-UKR,I.ENTITIES,Asset freeze,23.7.2026,"Limited Liability Company “Russian Air Transport Laboratory” is a Russian developer and manufacturer of drones, including attack drones. Its products include first-person view (FPV) drones Ovod (Gadfly). These drones have been documented in combat operations, including strikes of the South group of troops of the Russian Armed Forces on Ukrainian positions near Avdiivka on 4 July 2023, with video evidence confirming their battlefield use. Limited Liability Company “Russian Air Transport Laboratory” therefore is forming part of Russia’s military and industrial complex.",Company,Limited Liability Company “Russian Air Transport Laboratory”,"RLVT LLC, LLC Russkaya Laboratoriya Vozdushnogo Transporta; Общество с ограниченной ответственностью “Русская лаборатория воздушного транспорта”; ООО “РЛВТ”",,,,,,,,,,,,,,,28.9.2022,Limited Liability Company,,1227100012369,,,7100027464,,710001001,,,,,,,,"Russian Federation, 300026, Tula region, Tula city district, Tula, Ryazanskaya street, 3D, office 3; Russian Federation",,,,
32014R0269,32026R1843,964,EU-UKR,I.ENTITIES,Asset freeze,23.7.2026,"LLC Engels Instrumentation Association “Signal” is a developer and manufacturer of components, including for weapons and the aircraft industry. In particular, the company is involved in the production of the opto-electronic guidance system “Otblesk-U” of the Kh-101 missile. Those missiles are used by the Russian military to attack targets in Ukraine. Therefore, LLC Engels Instrumentation Association “Signal” is materially supporting Russia’s military and industrial complex.",Company,LLC Engels Instrumentation Association “Signal”,EPO Signal LLC; Engelsskoe Priborostroitelnoe Obyedinenie Signal; Общество с ограниченной ответственностью Энгельсское приборостроительное объединение “Сигнал”; ЭПО “Сигнал”,,,,,,,,,,,,,,,25.7.2002,Limited Liability Company,,1026401974972,,,6449042991,,644901001,,,,,,,,"413119, Russian Federation, Saratov region, Engels district, Privolzhsky settlement, Engels-19; Russian Federation",,,,
32014R0269,32026R1843,965,EU-UKR,I.ENTITIES,Asset freeze,23.7.2026,"LLC ETS ELECTRONICS is a Russian supplier of electronic components and printed circuit boards. The Moscow-based LLC ETS ELECTRONICS imports components, including printed circuit boards, from foreign manufacturers through Chinese company ETC ELECTRONICS Limited. The company supplies those components for many industries, including for the military and industrial complex. LLC ETS ELECTRONICS therefore materially supports Russia’s military and industrial complex.",Company,LLC ETS ELECTRONICS,LLC “Ets Electronics”; ООО “Етс Электроникс”; ООО “ЕТС ЭЛЕКТРОНИКС”,,,,,,,,,,,,,,,8.4.2021,Limited Liability Company,,1217700168267,,,9731077911,,773101001,,,,,,,,"Russian Federation, 121354, Moscow, Dorogobuzhskaya str., 14 building 40, floor 2 office 104; Russian Federation",,,https://etcelectronics.ru/; https://www.etcelectronics.net/,
32014R0269,32026R1843,966,EU-UKR,I.ENTITIES,Asset freeze,23.7.2026,"Joint-stock Company IPK FINVAL is Russia’s largest importer of foreign CNC machine tools, a critical enabler of Russia’s military and industrial complex and weapons production capabilities used against Ukraine. Russian weapons production is critically dependent on imported CNC machine tools due to the absence of domestic precision manufacturing capabilities. All Russian weapons, from drone components to ballistic missile nozzles, are manufactured on foreign-controlled machinery that Joint-stock Company IPK FINVAL systematically supplies to defence enterprises subject to restrictive measures. The company maintains supply contracts exceeding USD 27 million with Russia’s most critical weapons manufacturers. Joint-stock Company IPK FINVAL’s systematic supply of Western precision equipment directly enables Russia’s ongoing military production and attacks against Ukraine’s territorial integrity. Joint-stock Company IPK FINVAL, is therefore materially supporting Russia’s military and industrial complex.",Company,Joint-stock Company IPK FINVAL,IPK FINVAL JSC; Акционерное Общество “ИПК ‘Финвал’”; АО “ИПК ‘ФИНВАЛ’”,,,,,,,,,,,,,,,28.10.2014,Joint-stock company,,,7722860417,,,5147746279621,770801001,,,,,,,,"107140, Moscow, Moskovsko-Kazansky Lane, 11-15, floor/room 1/7; Russian Federation",,,,
32014R0269,32026R1843,967,EU-UKR,I.ENTITIES,Asset freeze,23.7.2026,"Joint Stock Company “Red October Corporation” is one of Russia’s largest producers of specialty steel, accounting for 40 % of the country’s total stainless steel production. The company controls up to two-thirds of Russian production of special steels and alloys used in weapons systems, including armor steel. Joint Stock Company “Red October Corporation” holds licences from the Ministry of Industry and Trade of the Russian Federation authorising the development, production, testing, maintenance and sale of weapons, military equipment and ammunition, as well as the development, production, testing and repair of aviation equipment. The company developed armor steel for Russia’s T-14 Armata tank platform and supplied specialised steel to Russian Aircraft Corporation MiG for military aircraft production. Joint Stock Company “Red October Corporation” is therefore materially supporting Russia’s military and industrial complex.",Company,Joint Stock Company “Red October Corporation”,АО “Корпорация Красный Октябрь”,,,,,,,,,,,,,,,8.6.2020,Joint-Stock Company,,,3459080648,,,11203400006072,345901001,,,,,,,,"400007, Russian Federation, Volgograd Region, Volgograd, Lenin Avenue, 110, Room 4.20; Russian Federation; Volgograd, Russian Federation",,,,
32014R0269,32026R1843,968,EU-UKR,I.ENTITIES,Asset freeze,23.7.2026,"PJSC “Bank ‘Saint Petersburg’” is the largest privately owned universal bank in Russia. It plays an important role in the development of the Russian banking system. PJSC “Bank ‘Saint Petersburg’” is included in the list of most important banks on the payment services market by the Central Bank of Russia. The bank is active in state-backed SME financing tools, promoted by the President of the Russian Federation Vladimir Putin. The banking sector is a sector providing substantial revenue to the Government of the Russian Federation. Therefore, PJSC “Bank ‘Saint Petersburg’” is involved in an economic sector providing a substantial source of revenue to the Government of the Russian Federation, which is responsible for the annexation of Crimea and the destabilisation of Ukraine.",Company,PJSC “Bank ‘Saint Petersburg’”,ПАО “Банк ‘Санкт-Петербург’”,,,,,,,,,,,,,,,3.10.1990,Public Joint Stock Company,,,7831000027,,,,780601001,,,,,,,,"195112, St. Petersburg, Malokhtinsky Ave., 64A; Russian Federation",+7 (812) 339-50-79; +7 (812) 329-50-00,natalya.s.goncharenko@bspb.ru,http://www.bspb.ru,
32014R0269,32026R1843,969,EU-UKR,I.ENTITIES,Asset freeze,23.7.2026,"Astute Maritime Services Private Limited is a shipping company based in Singapore and specialised in providing technical support. The company is registered as the Technical Manager of a vessel that transports crude oil or petroleum products, originating in Russia or exported from Russia, and practices irregular and high-risk shipping practices as set out in the International Maritime Organization General Assembly resolution A.1192(33).",Company,Astute Maritime Services Private Limited,,,,,,,,,,,,,,,,,Shipping company,,,,,,,,,,,,6266269,,,"03-32, Nordic European Centre 3, International Business Park Singapore, Republic of Singapore, 609927; Singapore",,,,
32014R0269,32026R1843,970,EU-UKR,I.ENTITIES,Asset freeze,23.7.2026,"Hua Xia Shipmanagement Company Limited is a shipping company based in the People’s Republic of China and specialised in providing technical support. The company is registered as the Technical Manager of a vessel that transports crude oil or petroleum products, originating in Russia or exported from Russia, and practices irregular and high-risk shipping practices as set out in the International Maritime Organization General Assembly resolution A.1192(33).",Company,Hua Xia Shipmanagement Company Limited,,,,,,,,,,,,,,,,,Shipping company,,,,,,,,,,,,0011791,,,"Room 2-502, Building 140, 130, Minjiang Lu, Shinan Qu, Qingdao, Shandong, People’s Republic of China; People’s Republic of China",,,,
32014R0269,32026R1843,971,EU-UKR,I.ENTITIES,Asset freeze,23.7.2026,"GV Gold is a Russian gold mining company, which is ranked among the top 10 gold mining companies in the Russian Federation. It operates multiple goldmines in Russia. The export of precious metals is one of the most significant sources of revenue to the Government of the Russian Federation. As of 2025, Russia is the second largest gold producing country in the world. Therefore, GV Gold is involved in economic sector providing a substantial source of revenue to the Government of the Russian Federation, which is responsible for the annexation of Crimea and the destabilisation of Ukraine.",LegalEntity,GV Gold,JSC Vysochaishy; АО “Высочайший”; Акционерное Общество “Высочайший”,,,,,,,,,,,,,,,19.11.2002,Joint Stock Company,,,,,3802008553,1023800732878,,,,,,,,,"Berezovaya st 17, Bodaibo, Russian Federation; Uritskogo st 97, Bodaibo, Russian Federation; Russian Federation",,,,
32014R0269,32026R1843,972,EU-UKR,I.ENTITIES,Asset freeze,23.7.2026,"JSC Pavlik is one of the largest Russian gold mining companies in the Far East, which is ranked among the top 10 gold mining companies in the Russian Federation It holds a licence for prospecting, exploration, and mining of gold ore at the Pavlik deposit in the Magadan Region. The export of precious metals is one of the most significant sources of revenue to the Government of the Russian Federation. As of 2025, Russia is the second largest gold producing country in the world. Therefore, JSC Pavlik is involved in economic sector providing a substantial source of revenue to the Government of the Russian Federation, which is responsible for the annexation of Crimea and the destabilisation of Ukraine.",LegalEntity,JSC Pavlik,JSC Gold Mining Company “Pavlik”; Pavlik; АО “Павлик”; Акционерное Общество “Золоторудная Компания Павлик”,,,,,,,,,,,,,,,16.10.2002,Joint Stock Company,,,,,4900000681,1024900957399,,,,,,,,,"Lenin st 12, Magadan, Russia; Magadan, Russia; Russian Federation",,,,
32014R0269,32026R1843,973,EU-UKR,I.ENTITIES,Asset freeze,23.7.2026,"PJSC Yuzhuralzoloto Group of Companies is one of the largest gold mining companies in the Russian Federation. It operates multiple goldmines in Russia. The export of precious metals is one of the most significant sources of revenue to the Government of the Russian Federation. As of 2025, Russia is the second largest gold producing country in the world. Therefore, PJSC Yuzhuralzoloto Group of Companies is involved in economic sector providing a substantial source of revenue to the Government of the Russian Federation, which is responsible for the annexation of Crimea and the destabilisation of Ukraine.",LegalEntity,PJSC Yuzhuralzoloto Group of Companies,Yuzhuralzoloto; UGC; ПАО “ЮГК”; Публичное Акционерное Общество “Южуралзолото Группа Компаний”; Южуралзолото,,,,,,,,,,,,,,,19.6.2007,Public Joint Stock Company,,,,,7424024375,1077424000686,,,,,,,,,"Central Mine, Plast, Russian Federation; Plast, Russia; Russian Federation",,,,
32014R0269,32026R1843,974,EU-UKR,I.ENTITIES,Asset freeze,23.7.2026,"JSC Kalmneftegaz is a Russian company active in the energy sector. JSC Kalmneftegaz is a subsidiary of PJSC Tatneft and is involved, in particular, in search and exploration of oil and gas fields in Kalmykia and in the Caspian region. PSJC Tatneft is one of the largest companies involved in the Russian energy sector and, as one of Russia’s largest oil producers, plays an important role in the development and export of the country’s oil resources. The energy sector, especially oil and gas sector, provides substantial revenues to the Government of the Russian Federation. Therefore, JSC Kalmneftegaz is involved in an economic sector providing a substantial source of revenue to the Government of the Russian Federation, which is responsible for the annexation of Crimea and the destabilisation of Ukraine.",LegalEntity,JSC Kalmneftegaz,Non-Public Joint-Stock Company “Kalmyk Oil and Gas Company”; АО “Калмнефтегаз”; Непубличное Акционерное общество “Калмыцкая Нефтегазовая Компания”,,,,,,,,,,,,,,,17.12.2002; 11.3.2001,,,,0814135906),,,1020800767371,,,,,,,,,"358009, Republic of Kalmykia, Elista, 3rd microdistrict, 18V, Russian Federation; Russian Federation",+7 (495) 988-17-93; +7 (927) 590-30-59; 988-17-94,,,
32014R0269,32026R1843,975,EU-UKR,I.ENTITIES,Asset freeze,23.7.2026,"Upravlyayushchaya Kompaniya UZTM KARTEKS is a leading manufacturer of equipment for the mining, construction, energy and metallurgy industries. It manages Uralmashplant OJSC and IZ-KARTEX named after P.G. Korobkov Ltd. The mining and metallurgy sectors provide a substantial source of revenue to the Government of the Russian Federation. Therefore, Upravlyayushchaya Kompaniya UZTM KARTEKS is involved in an economic sector providing a substantial source of revenue to the Government of the Russian Federation, which is responsible for the annexation of Crimea and the destabilisation of Ukraine.",LegalEntity,Upravlyayushchaya Kompaniya UZTM KARTEKS,UK UZTM KARTEX LLC; ОБ УЗТМ-КАРТЭКС,,,,,,,,,,,,,,,30.8.2016,Limited Liability Company,,,7727298791,,,,,,,,,,,,"123112, Moscow, 1st Krasnogvardeysky Ave., floor 34, Mercury Tower, Russian Federation",,,,
32014R0269,32026R1843,976,EU-UKR,I.ENTITIES,Asset freeze,23.7.2026,"Uralmashplant JSC is a leading manufacturer of equipment for the mining, metallurgy, construction, and energy industries. The mining and metallurgy sectors provide a substantial source of revenue to the Government of the Russian Federation. Therefore, Uralmashplant JSC is involved in economic sectors providing a substantial source of revenue to the Government of the Russian Federation, which is responsible for the annexation of Crimea and the destabilisation of Ukraine.",LegalEntity,Uralmashplant JSC,Uralmashzavod JSC; UZTM; ПАО Уралмашзавод; УЗТМ,,,,,,,,,,,,,,,19.11.2002,Joint Stock Company,,,6663005798,,,,,,,,,,,,"620012, Ekaterinburg, Pervoy pyatiletki sq., Russian Federation",+7 (343) 336-65-81; +7 (343) 336-68-40; +7 (343) 336-68-38; +7 (343) 336-63-58; +7 (343) 327-12-77,mail@uralmash.ru,www.uralmash.ru; www.uralmash-kartex.ru,
32014R0269,32026R1843,977,EU-UKR,I.ENTITIES,Asset freeze,23.7.2026,"P.G. Korobkov IZ-KARTEX LLC (and its branch, “IZ-KARTEX named after P.G. Korobkov – Foundry Production LLC”) is Russia’s largest manufacturer of equipment for the mining and metallurgy industries. These sectors provide substantial sources of revenue to the Government of the Russian Federation. Therefore, P.G. Korobkov IZ-KARTEX LLC is involved in economic sectors providing a substantial source of revenue to the Government of the Russian Federation, which is responsible for the annexation of Crimea and the destabilisation of Ukraine.",LegalEntity,P.G. Korobkov IZ-KARTEX LLC,ООО ИЗ-КАРТЭКС имени П.Г. Коробкова,,,,,,,,,,,,,,,7.12.2004,Limited Liability Company,,,7817301375,,,,,,,,,,,,"196650 St. Petersburg, Izhora Plant ter., b. 40 c. 2, Russian Federation; Ulitsa Brat’yev Radchenko, St. Petersburg, Russian Federation, 196653",,,,
32014R0269,32026R1843,978,EU-UKR,I.ENTITIES,Asset freeze,23.7.2026,"Joint Stock Company “Aerodrommash” is a Russian company specialised in the production and maintenance of aircraft launching system, in particular ballons and airships. It also holds a licence for the maintenance of weapons. Joint Stock Company “Aerodromash” is leading a project for the development of an unmanned stratospheric platform, the “Barrier-1”, under the auspices of the Russian Foundation for Advanced Research. This Foundation has been established under Russian law and with funding from the Russian federal budget to foster innovation in the Russian military and industrial sector to the benefit of the Russian national defence. The “Barrier-1” unmanned stratospheric platform will ultimately benefit the Russian armed forces by providing access to Internet connection in Ukraine and enabling unmanned aerial vehicle attacks. Therefore, Joint Stock Company “Aerodrommash” is supporting the Government of the Russian Federation, which is responsible for the annexation of Crimea and the destabilisation of Ukraine.",LegalEntity,Joint Stock Company “Aerodrommash”,JSC “Aerodrommash”; Joint Stock Company “Airdrome Machines”; Акционерное общество “Аэродроммаш”; Акционерное общество “Аэродромные Машины”,,,,,,,,,,,,,,,3.10.2002,Joint Stock Company,,1025300785234,5321089063,,,,,,,,,,,,"173526, Novgorod region, Novgorod district, RP. Pankovka, Industrialnaya str., d. 18, Russian Federation; Russian Federation",,,,
32014R0269,32026R1843,979,EU-UKR,I.ENTITIES,Asset freeze,23.7.2026,"Limited Liability Company “Aquamarine Ship Management” is a Russian recruitment agency specialised in the recruitment of seafarers, in particular for oil tankers. It has recruited seafarers for the operation of vessels involved in dangerous practices while transporting Russian oil, such as not maintaining adequate liability insurance, carrying out unsafe operations, intentionally taking measures to avoid ship detection such as switching off their Automatic Identification Systems or not operating under a transparent corporate governance policy that assures the welfare and safety of those on board and the protection of the marine environment. Therefore, Limited Liability Company “Aquamarine Ship Management” is providing support to the operations of vessels that transport crude oil or petroleum products or mineral products originating in Russia or exported from Russia and practice irregular and high-risk shipping practices as set out in the International Maritime Organisation General Assembly resolution A.1192(33).",LegalEntity,Limited Liability Company “Aquamarine Ship Management”,LLC “Aquamarine Ship Management”; Общество с ограниченной ответственностью “Аквамарин Шип Менеджмент”,,,,,,,,,,,,,,,17.1.2022,Limited Liability Company,,1222300001208; 20122231458,2315223822,,,,,,,,,,,,"353924, Krasnodar region, Novorossiysk, Lenin Ave., 95g, room. 9, Russian Federation; Russian Federation",,,,
32014R0269,32026R1843,980,EU-UKR,I.ENTITIES,Asset freeze,23.7.2026,"Nordgold Management LLC is a leading gold producing company in Russia, operating a global asset portfolio. It operates multiple goldmines in Russia. The export of precious metals is one of the most significant sources of revenue for the Government of the Russian Federation, after oil and gas revenue. As of 2025, Russia is the second largest gold producing country in the world. Therefore, Nordgold Management LLC is involved in economic sectors providing a substantial source of revenue to the Government of the Russian Federation, which is responsible for the annexation of Crimea and the destabilisation of Ukraine.",LegalEntity,Nordgold Management LLC,Nordgold; ООО “Нордголд Менеджмент”; Нордголд,,,,,,,,,,,,,,,1.7.2009,Limited Liability Company,,,,,7713688946,1097746381820,,,,,,,,,"Leningradskoe 39, Moscow, Russian Federation; Russian Federation",,,,
32014R0269,32026R1843,981,EU-UKR,I.ENTITIES,Asset freeze,23.7.2026,"JSC “Realist Bank” is a Moscow-based Russian commercial bank. It is ranked among the top 60 Russian banks by asset size. The banking sector is a sector providing substantial revenue to the Government of the Russian Federation. Therefore, JSC “Realist Bank” is involved in an economic sector providing a substantial source of revenue to the Government of the Russian Federation, which is responsible for the annexation of Crimea and the destabilisation of Ukraine.",Company,JSC “Realist Bank”,AO “Реалист Банк”,,,,,,,,,,,,,,,5.12.1990,Joint Stock Company,,,3801002781,,,,770901001,,,,,,,,"4 Stanislavskogo st., Building 1, Moscow, 109004, Russian Federation; Russian Federation",,,https://realistbank.ru/,
32014R0269,32026R1843,982,EU-UKR,I.ENTITIES,Asset freeze,23.7.2026,"JSC “Bank ‘Agroros’” is a regional Russian commercial bank headquartered in the Saratov region. It is ranked among top 30 banks in the region by assets size. The banking sector is a sector providing substantial revenue to the Government of the Russian Federation. Therefore, JSC “Bank ‘Agroros’” is involved in an economic sector providing a substantial source of revenue to the Government of the Russian Federation, which is responsible for the annexation of Crimea and the destabilisation of Ukraine.",Company,JSC “Bank ‘Agroros’”,АО “Банк ‘Агророс’”,,,,,,,,,,,,,,,23.5.1994,Joint Stock Company,,,6453033870,,,,645401001,,,,,,,,"Chernyshevskogo Street 90, Saratov, Saratov Oblast, 410017, Russian Federation; Russian Federation",,info@agroros.ru,,
32014R0269,32026R1843,983,EU-UKR,I.ENTITIES,Asset freeze,23.7.2026,"JSC Coalmetbank is a regional commercial bank headquartered in the Chelyabinsk region of the Russian Federation. The banking sector is a sector providing substantial revenue to the Government of the Russian Federation. Therefore, JSC Coalmetbank is involved in an economic sector providing a substantial source of revenue to the Government of the Russian Federation, which is responsible for the annexation of Crimea and the destabilisation of Ukraine.",Company,JSC Coalmetbank,JSC Uglemetbank; АО Углеметбанк,,,,,,,,,,,,,,,27.7.1994,Joint Stock Company,,,4214005204,,,,744801001,,,,,,,,"17B Molodogvardeytsev Street, Chelyabinsk, Chelyabinsk Oblast, 454138, Russian Federation; Russian Federation",+7 (351) 220-53-82,,https://www.coalmetbank.ru/,
32014R0269,32026R1843,984,EU-UKR,I.ENTITIES,Asset freeze,23.7.2026,"JSC Royal Credit Bank is a regional commercial bank based in the Primorsky Krai of the Russian Federation. The bank operates in the temporarily occupied territory of Ukraine. The banking sector is a sector providing substantial revenue to the Government of the Russian Federation. Therefore, JSC Royal Credit Bank is involved in an economic sector providing a substantial source of revenue to the Government of the Russian Federation, which is responsible for the annexation of Crimea and the destabilisation of Ukraine. Furthermore, JSC Royal Credit Bank is supporting actions which undermine or threaten the territorial integrity, sovereignty and independence of Ukraine.",Company,JSC Royal Credit Bank,AO Роял Кредит Банк,,,,,,,,,,,,,,,14.11.1990,Joint Stock Company,,,2703006553,,,,254301001,,,,,,,,"100-letiya Vladivostoku Avenue, House 155, 3rd Floor, Letter B, Vladivostok, Primorsky Krai, 690068, Russian Federation; Russian Federation",,,https://www.royal-bank.ru/,
32014R0269,32026R1843,985,EU-UKR,I.ENTITIES,Asset freeze,23.7.2026,"PJSC AKIBANK is a regional commercial bank headquartered in the Republic of Tatarstan, Russian Federation. The banking sector is a sector providing substantial revenue to the Government of the Russian Federation. Therefore, PJSC AKIBANK is involved in an economic sector providing a substantial source of revenue to the Government of the Russian Federation, which is responsible for the annexation of Crimea and the destabilisation of Ukraine.",Company,PJSC AKIBANK,Joint-Stock Commercial Mortgage Bank “AKIBANK” (Public Joint-Stock Company); ПАО “АКИБАНК”; Акционерный Коммерческий Ипотечный Банк “АКИБАНК” (Публичное Акционерное Общество),,,,,,,,,,,,,,,25.11.1993,Public Joint Stock Company,,,1650002455,,,,165001001,,,,,,,,"88A Mira Avenue, Naberezhnye Chelny, Republic of Tatarstan, 423827, Russian Federation; Russian Federation",,office@akibank.ru,https://www.akibank.ru/,
32014R0269,32026R1843,986,EU-UKR,I.ENTITIES,Asset freeze,23.7.2026,"PJSC “Inter RAO UES” is one of Russia’s largest energy companies, with revenue in 2023 reaching 1,36 trillion rubles, the company has around 19 million consumers. It is controlled by the Government of the Russian Federation. Shareholders of PJSC “Inter RAO UES” include state-owned companies “Rosseti” and “Rosneftegaz”, one of the largest dividend payers to the budget of the Russian Federation. Members of the board of directors of the company include listed persons Igor Ivanovich Sechin, CEO of “Rosneft” and close ally of Vladimir Putin, and Dmitry Evgenevich Shugaev, director of the Federal Service for Military-Technical Cooperation of the Russian Federation. Due to the high revenue, importance in Russia’s energy sector and government control, PJSC “Inter RAO UES” plays a significant role in an important economic sector in Russia and the Government of the Russian Federation collects part of PJSC “Inter RAO UES”’s revenue through taxes and dividends paid out by its owners. PJSC “Inter RAO UES” is therefore financially supporting the Government of the Russian Federation, which is responsible for the annexation of Crimea and the destabilisation of Ukraine.",LegalEntity,PJSC “Inter RAO UES”,“Inter RAO”; Публичное Акционерное Общество “Интер РАО ЕС”,,,,,,,,,,,,,,,1.11.2002,,,1022302933630,,,,,,,,,,,,,"Ul. Bolshaya Pirogovskaya, D.27, K.2, Moscow, Moscow Oblast, 119435; Russian Federation",,,interrao.ru,
32014R0269,32026R1843,987,EU-UKR,I.ENTITIES,Asset freeze,23.7.2026,"“Beget” LLC is a well-known Russian cloud and web hosting provider. Since 2014, “Beget” LLC has knowingly provided services, such as hosting and domain services, to Russian backed illegal authorities, militarised organisations and propagandist projects, in illegally annexed Crimea, Donetsk and Luhansk, as well as to a significant number of Russian defence companies, including some listed entities subject to Union restrictive measures, relevant for Russia’s efforts in continuing the war of aggression against Ukraine. “Beget” LLC provides the lease for the TLD domain “.su” (Internet country code top-level domain that was designated for the Soviet Union on 19 September 1990 and is still active and used). Therefore, “Beget” LLC is materially supporting actions which undermine or threaten the territorial integrity, sovereignty and independence of Ukraine. Furthermore, it is supporting Russia’s military and industrial complex and is significantly frustrating the provisions of Decision 2014/512/CFSP and Regulation (EU) No 833/2014.",LegalEntity,“Beget” LLC,,,,,,,,,,,,,,,,22.10.2007,,,1077847645590,,,,,,,,,,,,,"Pl. Karla Faberge, 8B, office 726A, St. Petersburg, Russian Federation",,,https://beget.com; beget.ru; beget.pro; beget-kz.com; бегет.рф; beserver.ru; beget.tech; beget.hosting; beget.de,
